url_length,is_https,subdomain_count,has_ip_address,hyphen_count,dot_count,is_suspicious_tld,domain_length,longest_numeric_sequence,numeric_ratio,domain_entropy,is_punycode,suspicious_keyword_count,path_length,query_length,non_standard_port,brand_detected,brand_domain_match,brand_domain_mismatch,ssl_chain_valid,ssl_expired,ssl_self_signed,ssl_recognized_ca,dom_element_count,dom_form_count,dom_iframe_count,dom_script_count,password_input_count,email_input_count,card_input_count,otp_input_count,hidden_input_count,login_keyword_count,external_form_action_count,cross_domain_form_action_count,has_credential_harvesting_form,network_request_count,network_https_ratio,network_unique_domains_count,network_external_domains_count,js_script_count,js_dom_modifications,js_external_api_calls,has_screenshot,viewport_width,viewport_height,image_count,threat_intelligence_flag,is_phishing
46.0,1.0,1.0,0.0,0.0,2.0,0.0,16.0,0.0,0.0,2.1755086958186594,0.0,0.0,23.0,0.0,0.0,0.0,0.0,0.0,1.0,0.0,0.0,1.0,1295.0,3.0,0.0,13.0,0.0,0.0,0.0,0.0,1.0,0.0,0.0,0.0,0.0,105.0,0.9689482315777904,10.0,2.0,13.0,368.0,19.0,1.0,1920.0,1080.0,4.0,0.0,0
24.0,1.0,0.0,0.0,1.0,1.0,0.0,18.0,0.0,0.0,2.601041453301891,0.0,0.0,1.0,0.0,0.0,0.0,0.0,0.0,1.0,0.0,0.0,1.0,855.0,0.0,0.0,5.0,0.0,0.0,0.0,0.0,3.0,1.0,0.0,0.0,0.0,20.0,0.9366353330294551,4.0,3.0,5.0,481.0,17.0,1.0,1280.0,800.0,35.0,0.0,0
53.0,1.0,1.0,0.0,0.0,2.0,0.0,13.0,0.0,0.0,3.3495236316541535,0.0,0.0,17.0,0.0,0.0,1.0,1.0,0.0,1.0,0.0,0.0,1.0,572.0,0.0,0.0,10.0,0.0,0.0,0.0,0.0,0.0,1.0,0.0,0.0,0.0,22.0,0.9204417693698882,11.0,2.0,10.0,85.0,7.0,1.0,1280.0,800.0,34.0,0.0,0
22.0,1.0,1.0,0.0,1.0,2.0,0.0,15.0,0.0,0.0,2.5301674323084438,0.0,0.0,22.0,0.0,0.0,1.0,1.0,0.0,1.0,0.0,0.0,1.0,1650.0,1.0,0.0,15.0,1.0,1.0,0.0,0.0,1.0,3.0,0.0,0.0,1.0,23.0,0.976853031174863,10.0,9.0,15.0,384.0,12.0,1.0,1920.0,1080.0,33.0,0.0,0
49.0,1.0,0.0,0.0,0.0,1.0,0.0,21.0,0.0,0.0,2.3974376151391095,0.0,0.0,21.0,5.0,0.0,1.0,1.0,0.0,1.0,0.0,0.0,1.0,875.0,2.0,0.0,24.0,1.0,1.0,0.0,0.0,2.0,2.0,0.0,0.0,1.0,117.0,0.9925462753236604,1.0,0.0,24.0,287.0,19.0,1.0,1920.0,1080.0,4.0,0.0,0
25.0,1.0,1.0,0.0,0.0,2.0,0.0,16.0,0.0,0.0,3.3257826150862746,0.0,0.0,31.0,0.0,0.0,0.0,0.0,0.0,1.0,0.0,0.0,1.0,643.0,0.0,0.0,18.0,0.0,0.0,0.0,0.0,2.0,0.0,1.0,0.0,0.0,73.0,0.9687651467183918,2.0,1.0,18.0,347.0,4.0,1.0,1920.0,1080.0,2.0,0.0,0
19.0,1.0,1.0,0.0,0.0,2.0,0.0,13.0,0.0,0.0,3.0901054999273327,0.0,0.0,23.0,0.0,0.0,1.0,1.0,0.0,1.0,0.0,0.0,1.0,2271.0,2.0,0.0,20.0,1.0,1.0,0.0,0.0,3.0,1.0,0.0,0.0,1.0,33.0,0.9478932789833384,7.0,3.0,20.0,493.0,0.0,1.0,1920.0,1080.0,40.0,0.0,0
18.0,1.0,1.0,0.0,0.0,2.0,0.0,21.0,0.0,0.0,2.4353241160297023,0.0,0.0,25.0,20.0,0.0,1.0,1.0,0.0,1.0,0.0,0.0,0.0,2381.0,2.0,0.0,20.0,0.0,0.0,0.0,0.0,0.0,1.0,0.0,0.0,0.0,17.0,0.9885059433502474,6.0,5.0,20.0,165.0,19.0,1.0,1920.0,1080.0,9.0,0.0,0
37.0,1.0,0.0,0.0,1.0,1.0,0.0,15.0,0.0,0.0,2.3090504668427485,0.0,0.0,34.0,0.0,0.0,0.0,0.0,0.0,1.0,0.0,0.0,1.0,477.0,1.0,1.0,4.0,0.0,0.0,0.0,0.0,3.0,0.0,0.0,0.0,0.0,47.0,0.9634032184443919,11.0,2.0,4.0,474.0,13.0,1.0,1920.0,1080.0,39.0,0.0,0
25.0,1.0,1.0,0.0,0.0,2.0,0.0,18.0,0.0,0.0,3.223417834593474,0.0,0.0,18.0,0.0,0.0,0.0,0.0,0.0,1.0,0.0,0.0,1.0,1323.0,1.0,0.0,10.0,0.0,0.0,0.0,0.0,1.0,0.0,1.0,0.0,0.0,107.0,0.9542547318653851,5.0,2.0,10.0,192.0,0.0,1.0,1920.0,1080.0,22.0,0.0,0
20.0,1.0,1.0,0.0,1.0,2.0,0.0,16.0,1.0,0.0625,2.1915409701044073,0.0,0.0,21.0,0.0,0.0,1.0,1.0,0.0,1.0,0.0,0.0,1.0,325.0,1.0,0.0,25.0,1.0,0.0,0.0,0.0,2.0,2.0,0.0,0.0,1.0,21.0,0.9601213035749759,13.0,3.0,25.0,325.0,7.0,1.0,1280.0,800.0,17.0,0.0,0
29.0,1.0,0.0,0.0,0.0,1.0,0.0,13.0,0.0,0.0,2.5265984677171516,0.0,0.0,21.0,0.0,0.0,0.0,0.0,0.0,1.0,0.0,0.0,1.0,917.0,1.0,0.0,22.0,0.0,0.0,0.0,0.0,0.0,0.0,0.0,0.0,0.0,19.0,0.9565812129290983,6.0,3.0,22.0,354.0,14.0,1.0,1920.0,1080.0,41.0,0.0,0
33.0,1.0,1.0,0.0,0.0,2.0,0.0,7.0,0.0,0.0,2.6635769588549647,0.0,0.0,25.0,0.0,0.0,0.0,0.0,0.0,1.0,0.0,0.0,1.0,2011.0,1.0,0.0,23.0,0.0,0.0,0.0,0.0,0.0,0.0,0.0,0.0,0.0,118.0,0.9947691197871767,1.0,0.0,23.0,196.0,4.0,1.0,1920.0,1080.0,4.0,0.0,0
43.0,1.0,1.0,0.0,0.0,2.0,0.0,20.0,0.0,0.0,2.222404084749128,0.0,0.0,4.0,0.0,0.0,0.0,0.0,0.0,1.0,0.0,0.0,1.0,630.0,1.0,0.0,11.0,0.0,0.0,0.0,0.0,0.0,0.0,1.0,0.0,0.0,114.0,0.9236243207817636,10.0,9.0,11.0,151.0,0.0,1.0,1920.0,1080.0,5.0,0.0,0
45.0,1.0,1.0,0.0,0.0,2.0,0.0,8.0,0.0,0.0,2.2670504592040834,0.0,0.0,11.0,0.0,0.0,1.0,1.0,0.0,1.0,0.0,0.0,1.0,91.0,0.0,0.0,24.0,0.0,0.0,0.0,0.0,2.0,0.0,0.0,0.0,0.0,22.0,0.9508317296772453,10.0,9.0,24.0,422.0,18.0,1.0,1920.0,1080.0,5.0,0.0,0
28.0,1.0,1.0,0.0,0.0,2.0,0.0,15.0,0.0,0.0,2.650512225000554,0.0,0.0,34.0,20.0,0.0,1.0,1.0,0.0,1.0,0.0,0.0,1.0,1767.0,2.0,1.0,26.0,0.0,0.0,1.0,0.0,2.0,0.0,0.0,0.0,1.0,44.0,0.9922042325343653,14.0,3.0,26.0,372.0,12.0,1.0,1280.0,800.0,37.0,0.0,0
36.0,1.0,0.0,0.0,2.0,1.0,0.0,10.0,0.0,0.0,2.9213883758207393,0.0,0.0,34.0,0.0,0.0,0.0,0.0,0.0,1.0,0.0,0.0,1.0,1247.0,2.0,2.0,15.0,0.0,0.0,0.0,0.0,1.0,0.0,0.0,0.0,0.0,19.0,0.9789628445432808,13.0,1.0,15.0,243.0,11.0,1.0,1920.0,1080.0,18.0,0.0,0
24.0,1.0,0.0,0.0,0.0,1.0,0.0,17.0,0.0,0.0,2.20575341483447,0.0,0.0,18.0,0.0,0.0,0.0,0.0,0.0,1.0,0.0,0.0,1.0,1760.0,2.0,0.0,29.0,0.0,0.0,0.0,0.0,3.0,1.0,0.0,0.0,0.0,75.0,0.9502390072097804,7.0,6.0,29.0,350.0,18.0,1.0,1920.0,1080.0,4.0,0.0,0
30.0,1.0,1.0,0.0,0.0,2.0,0.0,14.0,0.0,0.0,2.9439733927508827,0.0,0.0,12.0,0.0,0.0,0.0,0.0,0.0,1.0,0.0,0.0,1.0,903.0,1.0,0.0,14.0,0.0,0.0,0.0,0.0,1.0,0.0,0.0,0.0,0.0,35.0,0.9234720626638538,5.0,4.0,14.0,168.0,2.0,1.0,1920.0,1080.0,19.0,0.0,0
31.0,1.0,2.0,0.0,0.0,3.0,0.0,9.0,1.0,0.1111111111111111,2.1590802944438954,0.0,0.0,31.0,0.0,0.0,1.0,1.0,0.0,1.0,0.0,0.0,1.0,1225.0,0.0,0.0,29.0,0.0,0.0,0.0,0.0,1.0,0.0,0.0,0.0,0.0,55.0,0.940795989028341,11.0,5.0,29.0,451.0,16.0,1.0,1920.0,1080.0,21.0,0.0,0
45.0,1.0,0.0,0.0,0.0,1.0,0.0,12.0,1.0,0.08333333333333333,3.043435360904868,0.0,0.0,1.0,0.0,0.0,0.0,0.0,0.0,1.0,0.0,0.0,1.0,1108.0,0.0,0.0,16.0,0.0,0.0,0.0,0.0,0.0,0.0,0.0,0.0,0.0,99.0,0.9799662639980857,9.0,5.0,16.0,319.0,16.0,1.0,1280.0,800.0,35.0,0.0,0
52.0,1.0,0.0,0.0,0.0,1.0,0.0,18.0,0.0,0.0,3.3996329752719694,0.0,1.0,22.0,0.0,0.0,1.0,1.0,0.0,1.0,0.0,0.0,1.0,1981.0,0.0,0.0,18.0,0.0,0.0,0.0,0.0,3.0,0.0,0.0,0.0,0.0,48.0,0.9486530174426273,8.0,6.0,18.0,158.0,1.0,1.0,1920.0,1080.0,4.0,0.0,0
29.0,1.0,2.0,0.0,0.0,3.0,0.0,17.0,0.0,0.0,2.274219796985833,0.0,0.0,14.0,0.0,0.0,1.0,1.0,0.0,1.0,0.0,0.0,1.0,843.0,3.0,1.0,21.0,0.0,0.0,0.0,0.0,2.0,0.0,0.0,0.0,0.0,111.0,0.9826922410192914,12.0,6.0,21.0,110.0,18.0,1.0,1920.0,1080.0,30.0,0.0,0
27.0,1.0,1.0,0.0,0.0,2.0,0.0,14.0,0.0,0.0,2.9070473897487186,0.0,0.0,10.0,0.0,0.0,0.0,0.0,0.0,1.0,0.0,0.0,1.0,2222.0,1.0,0.0,25.0,0.0,0.0,0.0,0.0,3.0,0.0,0.0,0.0,0.0,110.0,0.9579169312210298,13.0,1.0,25.0,65.0,18.0,1.0,1920.0,1080.0,6.0,0.0,0
45.0,1.0,0.0,0.0,0.0,1.0,0.0,11.0,0.0,0.0,2.36823383392753,0.0,0.0,13.0,0.0,0.0,1.0,1.0,0.0,1.0,0.0,0.0,1.0,2341.0,0.0,0.0,18.0,0.0,0.0,0.0,0.0,2.0,1.0,0.0,0.0,0.0,15.0,0.9267613606144546,3.0,2.0,18.0,211.0,14.0,1.0,1920.0,1080.0,23.0,0.0,0
43.0,1.0,1.0,0.0,0.0,2.0,0.0,16.0,0.0,0.0,2.428168027647227,0.0,0.0,22.0,0.0,0.0,0.0,0.0,0.0,1.0,0.0,0.0,1.0,1986.0,0.0,0.0,8.0,0.0,0.0,0.0,0.0,0.0,0.0,0.0,0.0,0.0,117.0,0.9271363462969645,14.0,8.0,8.0,149.0,12.0,1.0,1920.0,1080.0,5.0,0.0,0
20.0,1.0,1.0,0.0,0.0,2.0,0.0,12.0,0.0,0.0,3.069071316439629,0.0,0.0,18.0,0.0,0.0,1.0,1.0,0.0,1.0,0.0,0.0,1.0,2055.0,1.0,0.0,7.0,0.0,0.0,0.0,0.0,0.0,0.0,0.0,0.0,0.0,18.0,0.9880654014268917,14.0,7.0,7.0,315.0,8.0,1.0,1920.0,1080.0,32.0,0.0,0
53.0,0.0,1.0,0.0,0.0,2.0,0.0,17.0,0.0,0.0,3.162193692234064,0.0,0.0,1.0,0.0,0.0,0.0,0.0,0.0,0.0,0.0,0.0,0.0,1538.0,2.0,0.0,20.0,0.0,0.0,0.0,0.0,1.0,0.0,0.0,0.0,0.0,34.0,0.19696389296603212,1.0,0.0,20.0,146.0,5.0,1.0,1920.0,1080.0,12.0,0.0,0
30.0,1.0,0.0,0.0,0.0,1.0,0.0,16.0,0.0,0.0,2.8135985738556704,0.0,0.0,1.0,0.0,0.0,0.0,0.0,0.0,1.0,0.0,0.0,1.0,2074.0,1.0,0.0,18.0,0.0,0.0,0.0,0.0,2.0,0.0,0.0,0.0,0.0,74.0,0.997202152853321,14.0,4.0,18.0,380.0,10.0,1.0,1280.0,800.0,13.0,0.0,0
52.0,1.0,1.0,0.0,0.0,2.0,0.0,19.0,0.0,0.0,3.133847505417857,0.0,0.0,29.0,5.0,0.0,0.0,0.0,0.0,1.0,0.0,0.0,1.0,211.0,1.0,0.0,7.0,1.0,1.0,0.0,0.0,3.0,3.0,0.0,0.0,1.0,77.0,0.9602176312073983,9.0,0.0,7.0,229.0,14.0,1.0,1920.0,1080.0,15.0,0.0,0
23.0,1.0,1.0,0.0,0.0,2.0,0.0,10.0,0.0,0.0,2.9060945827070674,0.0,0.0,26.0,0.0,0.0,0.0,0.0,0.0,1.0,0.0,0.0,1.0,1030.0,0.0,1.0,28.0,0.0,0.0,0.0,0.0,1.0,0.0,0.0,0.0,0.0,52.0,0.9629185081187676,4.0,3.0,28.0,440.0,14.0,1.0,1280.0,800.0,6.0,0.0,0
21.0,1.0,1.0,0.0,0.0,2.0,0.0,9.0,0.0,0.0,3.0310327971528377,0.0,0.0,19.0,0.0,0.0,0.0,0.0,0.0,1.0,0.0,0.0,1.0,791.0,1.0,0.0,14.0,0.0,0.0,0.0,0.0,2.0,0.0,0.0,0.0,0.0,96.0,0.9689163388347718,8.0,3.0,14.0,328.0,4.0,1.0,1280.0,800.0,9.0,0.0,0
45.0,1.0,0.0,0.0,0.0,1.0,0.0,20.0,1.0,0.05,3.303239066778809,0.0,0.0,20.0,0.0,0.0,0.0,0.0,0.0,1.0,0.0,0.0,1.0,646.0,0.0,0.0,10.0,0.0,0.0,0.0,0.0,2.0,0.0,0.0,0.0,0.0,71.0,0.9203705618403683,9.0,2.0,10.0,67.0,19.0,1.0,1920.0,1080.0,12.0,0.0,0
19.0,1.0,1.0,0.0,1.0,2.0,0.0,17.0,0.0,0.0,3.2865743017428675,0.0,0.0,24.0,0.0,0.0,0.0,0.0,0.0,1.0,0.0,0.0,1.0,2304.0,2.0,0.0,22.0,0.0,0.0,0.0,0.0,1.0,0.0,0.0,0.0,0.0,95.0,0.9968856253975564,1.0,0.0,22.0,122.0,7.0,1.0,1920.0,1080.0,2.0,0.0,0
47.0,1.0,0.0,0.0,1.0,1.0,0.0,20.0,0.0,0.0,2.1475145682025234,0.0,0.0,18.0,0.0,0.0,0.0,0.0,0.0,1.0,0.0,0.0,1.0,273.0,1.0,0.0,5.0,0.0,0.0,0.0,0.0,1.0,0.0,0.0,0.0,0.0,43.0,0.9260402691043111,3.0,2.0,5.0,462.0,18.0,1.0,1920.0,1080.0,34.0,0.0,0
49.0,1.0,1.0,0.0,0.0,2.0,0.0,13.0,0.0,0.0,2.3549470296014885,0.0,0.0,7.0,0.0,0.0,0.0,0.0,0.0,1.0,0.0,0.0,1.0,1367.0,0.0,0.0,15.0,0.0,0.0,0.0,0.0,1.0,0.0,0.0,0.0,0.0,82.0,0.9955527780461819,6.0,4.0,15.0,402.0,15.0,1.0,1920.0,1080.0,11.0,0.0,0
40.0,1.0,0.0,0.0,1.0,1.0,0.0,19.0,0.0,0.0,3.260473224400067,0.0,0.0,19.0,0.0,0.0,1.0,1.0,0.0,1.0,0.0,0.0,1.0,1635.0,1.0,1.0,4.0,1.0,1.0,0.0,0.0,1.0,1.0,1.0,0.0,1.0,100.0,0.9823807019830425,1.0,0.0,4.0,162.0,13.0,1.0,1920.0,1080.0,33.0,0.0,0
34.0,1.0,1.0,0.0,0.0,2.0,0.0,13.0,0.0,0.0,2.938570418100128,0.0,0.0,25.0,0.0,0.0,0.0,0.0,0.0,1.0,0.0,0.0,1.0,2255.0,0.0,0.0,6.0,0.0,0.0,0.0,0.0,1.0,0.0,0.0,0.0,0.0,90.0,0.9365137017408482,10.0,5.0,6.0,473.0,5.0,1.0,1280.0,800.0,35.0,0.0,0
24.0,1.0,1.0,0.0,0.0,2.0,0.0,20.0,0.0,0.0,2.1610557568075714,0.0,0.0,0.0,0.0,0.0,0.0,0.0,0.0,1.0,0.0,0.0,1.0,228.0,2.0,1.0,8.0,0.0,0.0,0.0,0.0,3.0,0.0,0.0,0.0,0.0,68.0,0.958084032175928,8.0,5.0,8.0,410.0,4.0,1.0,1920.0,1080.0,37.0,0.0,0
36.0,1.0,0.0,0.0,0.0,1.0,0.0,19.0,0.0,0.0,2.910332316176488,0.0,0.0,8.0,0.0,0.0,0.0,0.0,0.0,1.0,0.0,0.0,1.0,1018.0,1.0,1.0,6.0,0.0,0.0,0.0,0.0,2.0,0.0,0.0,0.0,0.0,65.0,0.941771610978397,2.0,1.0,6.0,105.0,11.0,1.0,1280.0,800.0,18.0,0.0,0
29.0,1.0,1.0,0.0,0.0,2.0,0.0,11.0,0.0,0.0,3.04133432805508,0.0,0.0,7.0,0.0,0.0,1.0,1.0,0.0,1.0,0.0,0.0,0.0,1641.0,0.0,2.0,27.0,0.0,0.0,0.0,0.0,2.0,0.0,0.0,0.0,0.0,21.0,0.922715678286864,5.0,4.0,27.0,141.0,18.0,1.0,1280.0,800.0,24.0,0.0,0
35.0,1.0,0.0,0.0,0.0,1.0,0.0,17.0,0.0,0.0,2.1481099251301403,0.0,0.0,34.0,0.0,0.0,0.0,0.0,0.0,1.0,0.0,0.0,1.0,1274.0,1.0,0.0,25.0,0.0,0.0,0.0,0.0,3.0,0.0,0.0,0.0,0.0,107.0,0.9729324140064434,13.0,1.0,25.0,165.0,15.0,1.0,1920.0,1080.0,3.0,0.0,0
51.0,1.0,1.0,0.0,0.0,2.0,0.0,9.0,0.0,0.0,2.1123310637170474,0.0,0.0,28.0,0.0,0.0,1.0,1.0,0.0,1.0,0.0,0.0,1.0,345.0,0.0,1.0,18.0,0.0,0.0,0.0,0.0,3.0,0.0,0.0,0.0,0.0,28.0,0.9437602301163907,2.0,1.0,18.0,150.0,4.0,1.0,1920.0,1080.0,2.0,0.0,0
32.0,1.0,0.0,0.0,0.0,1.0,0.0,18.0,1.0,0.05555555555555555,3.1373861187863983,0.0,0.0,5.0,20.0,0.0,0.0,0.0,0.0,1.0,0.0,0.0,1.0,1165.0,1.0,0.0,9.0,0.0,0.0,0.0,0.0,3.0,0.0,1.0,0.0,0.0,77.0,0.9384455356644016,3.0,2.0,9.0,111.0,1.0,1.0,1920.0,1080.0,42.0,0.0,0
20.0,1.0,1.0,0.0,0.0,2.0,0.0,13.0,0.0,0.0,3.306077968153777,0.0,1.0,34.0,0.0,0.0,1.0,1.0,0.0,1.0,0.0,0.0,1.0,860.0,0.0,1.0,6.0,0.0,0.0,0.0,0.0,0.0,0.0,0.0,0.0,0.0,119.0,0.9512935812864304,11.0,8.0,6.0,199.0,1.0,1.0,1280.0,800.0,10.0,0.0,0
22.0,1.0,0.0,0.0,0.0,1.0,0.0,12.0,0.0,0.0,3.0404461477951603,0.0,0.0,5.0,20.0,0.0,0.0,0.0,0.0,1.0,0.0,0.0,0.0,1217.0,1.0,0.0,9.0,1.0,0.0,0.0,0.0,1.0,3.0,0.0,0.0,1.0,105.0,0.9891594304245879,1.0,0.0,9.0,220.0,18.0,1.0,1280.0,800.0,29.0,0.0,0
30.0,1.0,1.0,0.0,0.0,2.0,0.0,21.0,0.0,0.0,2.3459880017205075,0.0,0.0,30.0,5.0,0.0,0.0,0.0,0.0,1.0,0.0,0.0,1.0,2209.0,2.0,0.0,14.0,0.0,0.0,0.0,0.0,2.0,0.0,0.0,0.0,0.0,119.0,0.9705450821613335,2.0,1.0,14.0,369.0,2.0,1.0,1920.0,1080.0,20.0,0.0,0
24.0,1.0,2.0,0.0,0.0,3.0,0.0,18.0,0.0,0.0,3.079808484265675,0.0,0.0,19.0,0.0,0.0,0.0,0.0,0.0,1.0,0.0,0.0,1.0,1120.0,2.0,0.0,27.0,0.0,0.0,0.0,0.0,1.0,0.0,0.0,0.0,0.0,96.0,0.9897229444921901,13.0,3.0,27.0,255.0,2.0,1.0,1920.0,1080.0,13.0,0.0,0
28.0,1.0,0.0,0.0,0.0,1.0,0.0,17.0,0.0,0.0,2.679673518289773,0.0,0.0,28.0,5.0,0.0,0.0,0.0,0.0,1.0,0.0,0.0,1.0,966.0,2.0,0.0,15.0,0.0,0.0,0.0,0.0,3.0,0.0,0.0,0.0,0.0,89.0,0.9418607621598568,1.0,0.0,15.0,96.0,14.0,1.0,1920.0,1080.0,21.0,0.0,0
36.0,1.0,2.0,0.0,0.0,3.0,0.0,18.0,0.0,0.0,3.0695881156402534,0.0,0.0,24.0,0.0,0.0,0.0,0.0,0.0,1.0,0.0,0.0,1.0,1687.0,0.0,1.0,16.0,0.0,0.0,0.0,0.0,0.0,0.0,0.0,0.0,0.0,64.0,0.9808819192754399,3.0,2.0,16.0,28.0,2.0,1.0,1920.0,1080.0,16.0,0.0,0
47.0,1.0,0.0,0.0,0.0,1.0,0.0,10.0,0.0,0.0,2.393202185176856,0.0,0.0,21.0,0.0,0.0,1.0,1.0,0.0,1.0,0.0,0.0,1.0,151.0,1.0,0.0,12.0,0.0,0.0,0.0,0.0,2.0,0.0,0.0,0.0,0.0,47.0,0.9962118910430974,9.0,7.0,12.0,271.0,18.0,1.0,1920.0,1080.0,18.0,0.0,0
49.0,1.0,1.0,0.0,0.0,2.0,0.0,7.0,0.0,0.0,2.1127021016449388,0.0,0.0,1.0,0.0,0.0,0.0,0.0,0.0,1.0,0.0,0.0,1.0,2243.0,1.0,0.0,15.0,0.0,0.0,0.0,0.0,1.0,0.0,0.0,0.0,0.0,29.0,0.9360120195395848,7.0,0.0,15.0,364.0,10.0,1.0,1920.0,1080.0,7.0,0.0,0
23.0,1.0,1.0,0.0,0.0,2.0,0.0,18.0,0.0,0.0,3.028313011772156,0.0,0.0,6.0,0.0,0.0,1.0,1.0,0.0,1.0,0.0,0.0,1.0,974.0,1.0,1.0,13.0,1.0,1.0,0.0,0.0,2.0,2.0,0.0,0.0,1.0,27.0,0.958342314286103,3.0,2.0,13.0,151.0,13.0,1.0,1920.0,1080.0,9.0,0.0,0
49.0,1.0,1.0,0.0,0.0,2.0,0.0,12.0,0.0,0.0,2.805222226435178,0.0,0.0,27.0,0.0,0.0,0.0,0.0,0.0,1.0,0.0,0.0,1.0,2062.0,0.0,1.0,27.0,0.0,0.0,0.0,0.0,0.0,1.0,0.0,0.0,0.0,34.0,0.9703011854564756,12.0,3.0,27.0,448.0,17.0,1.0,1280.0,800.0,33.0,0.0,0
53.0,1.0,0.0,0.0,0.0,1.0,0.0,21.0,1.0,0.047619047619047616,2.648237204935492,0.0,0.0,11.0,0.0,0.0,1.0,1.0,0.0,1.0,0.0,0.0,1.0,873.0,1.0,0.0,3.0,0.0,0.0,0.0,0.0,3.0,0.0,0.0,0.0,0.0,83.0,0.9255306228949296,9.0,5.0,3.0,320.0,14.0,1.0,1920.0,1080.0,40.0,0.0,0
37.0,1.0,0.0,0.0,0.0,1.0,0.0,15.0,0.0,0.0,3.2153821300995173,0.0,0.0,0.0,0.0,0.0,0.0,0.0,0.0,1.0,0.0,0.0,1.0,709.0,0.0,0.0,10.0,0.0,0.0,0.0,0.0,1.0,0.0,0.0,0.0,0.0,34.0,0.967030749688831,12.0,0.0,10.0,317.0,19.0,1.0,1920.0,1080.0,44.0,0.0,0
54.0,1.0,1.0,0.0,0.0,2.0,0.0,14.0,0.0,0.0,3.228752664667236,0.0,0.0,19.0,0.0,0.0,0.0,0.0,0.0,1.0,0.0,0.0,1.0,1123.0,0.0,0.0,22.0,0.0,0.0,0.0,0.0,2.0,0.0,0.0,0.0,0.0,47.0,0.9605787846950714,14.0,9.0,22.0,280.0,17.0,1.0,1280.0,800.0,44.0,0.0,0
51.0,1.0,2.0,0.0,0.0,3.0,0.0,14.0,0.0,0.0,2.735500554333996,0.0,0.0,19.0,0.0,0.0,0.0,0.0,0.0,1.0,0.0,0.0,1.0,2049.0,0.0,0.0,24.0,0.0,0.0,0.0,0.0,1.0,0.0,0.0,0.0,0.0,110.0,0.9387649034667863,6.0,1.0,24.0,197.0,10.0,1.0,1920.0,1080.0,19.0,0.0,0
43.0,1.0,1.0,0.0,0.0,2.0,0.0,14.0,0.0,0.0,3.2942811360915556,0.0,0.0,30.0,0.0,0.0,1.0,1.0,0.0,1.0,0.0,0.0,1.0,1089.0,1.0,1.0,10.0,1.0,0.0,0.0,0.0,0.0,1.0,0.0,0.0,1.0,45.0,0.9790759367401062,4.0,1.0,10.0,385.0,5.0,1.0,1920.0,1080.0,39.0,0.0,0
23.0,1.0,1.0,0.0,0.0,2.0,0.0,19.0,0.0,0.0,2.256271771981791,0.0,0.0,24.0,0.0,0.0,1.0,1.0,0.0,1.0,0.0,0.0,1.0,1576.0,1.0,0.0,15.0,1.0,0.0,0.0,1.0,2.0,2.0,0.0,0.0,1.0,60.0,0.9600356247304593,5.0,4.0,15.0,332.0,15.0,1.0,1280.0,800.0,29.0,0.0,0
46.0,1.0,0.0,0.0,0.0,1.0,0.0,11.0,0.0,0.0,2.719704117553507,0.0,0.0,22.0,5.0,0.0,0.0,0.0,0.0,1.0,0.0,0.0,1.0,1084.0,2.0,0.0,29.0,0.0,0.0,0.0,0.0,3.0,0.0,1.0,0.0,0.0,50.0,0.9941627635837045,4.0,3.0,29.0,145.0,18.0,1.0,1920.0,1080.0,5.0,0.0,0
44.0,1.0,1.0,0.0,0.0,2.0,0.0,16.0,0.0,0.0,3.0309958764901515,0.0,0.0,3.0,5.0,0.0,0.0,0.0,0.0,1.0,0.0,0.0,1.0,1142.0,1.0,1.0,11.0,0.0,0.0,0.0,0.0,3.0,0.0,0.0,0.0,0.0,98.0,0.958683651737594,7.0,5.0,11.0,389.0,11.0,1.0,1920.0,1080.0,43.0,0.0,0
30.0,1.0,1.0,0.0,1.0,2.0,0.0,15.0,0.0,0.0,2.9405876874497183,0.0,0.0,7.0,0.0,0.0,1.0,1.0,0.0,1.0,0.0,0.0,1.0,225.0,2.0,1.0,3.0,1.0,0.0,0.0,1.0,0.0,2.0,0.0,0.0,1.0,35.0,0.927657164441613,5.0,2.0,3.0,480.0,6.0,1.0,1920.0,1080.0,11.0,0.0,0
31.0,1.0,0.0,0.0,0.0,1.0,0.0,9.0,0.0,0.0,2.978593618613589,0.0,0.0,10.0,20.0,0.0,0.0,0.0,0.0,1.0,0.0,0.0,1.0,2415.0,0.0,0.0,5.0,0.0,0.0,0.0,0.0,3.0,0.0,0.0,0.0,0.0,22.0,0.949356486336384,6.0,5.0,5.0,491.0,3.0,1.0,1920.0,1080.0,3.0,0.0,0
22.0,1.0,1.0,0.0,0.0,2.0,0.0,14.0,0.0,0.0,2.792845122516736,0.0,0.0,2.0,0.0,0.0,0.0,0.0,0.0,1.0,0.0,0.0,1.0,1312.0,3.0,0.0,13.0,0.0,0.0,0.0,0.0,3.0,0.0,0.0,0.0,0.0,83.0,0.9340242353886128,9.0,6.0,13.0,212.0,9.0,1.0,1920.0,1080.0,17.0,0.0,0
34.0,1.0,2.0,0.0,0.0,3.0,0.0,20.0,0.0,0.0,2.6191106905521004,0.0,0.0,4.0,0.0,0.0,0.0,0.0,0.0,1.0,0.0,0.0,1.0,365.0,1.0,1.0,2.0,0.0,0.0,0.0,0.0,1.0,0.0,0.0,0.0,0.0,90.0,0.9825622470136308,2.0,1.0,2.0,485.0,17.0,1.0,1920.0,1080.0,42.0,0.0,0
19.0,1.0,1.0,0.0,0.0,2.0,0.0,10.0,0.0,0.0,3.325103124832903,0.0,0.0,5.0,5.0,0.0,0.0,0.0,0.0,1.0,0.0,0.0,0.0,323.0,0.0,0.0,14.0,0.0,0.0,0.0,0.0,1.0,1.0,0.0,0.0,0.0,102.0,0.9625984954047541,14.0,5.0,14.0,71.0,15.0,1.0,1920.0,1080.0,15.0,0.0,0
32.0,1.0,0.0,0.0,0.0,1.0,0.0,8.0,1.0,0.125,2.844953857610104,0.0,0.0,1.0,0.0,0.0,1.0,1.0,0.0,1.0,0.0,0.0,1.0,1213.0,2.0,0.0,26.0,0.0,0.0,0.0,0.0,2.0,0.0,0.0,0.0,0.0,112.0,0.9254537847508395,2.0,1.0,26.0,29.0,14.0,1.0,1280.0,800.0,13.0,0.0,0
30.0,1.0,1.0,0.0,0.0,2.0,0.0,21.0,0.0,0.0,2.3808496372624797,0.0,0.0,22.0,0.0,0.0,0.0,0.0,0.0,1.0,0.0,0.0,1.0,2472.0,0.0,0.0,16.0,0.0,0.0,0.0,0.0,0.0,1.0,1.0,0.0,0.0,97.0,0.9336531806839999,5.0,4.0,16.0,160.0,13.0,1.0,1920.0,1080.0,17.0,0.0,0
50.0,1.0,2.0,0.0,0.0,3.0,0.0,13.0,0.0,0.0,2.325878374360983,0.0,0.0,34.0,0.0,0.0,0.0,0.0,0.0,1.0,0.0,0.0,1.0,1844.0,1.0,0.0,28.0,0.0,0.0,0.0,0.0,2.0,1.0,0.0,0.0,0.0,116.0,0.9407850566996028,10.0,6.0,28.0,318.0,6.0,1.0,1920.0,1080.0,14.0,0.0,0
43.0,1.0,2.0,0.0,0.0,3.0,0.0,19.0,0.0,0.0,2.582831137945183,0.0,0.0,10.0,0.0,0.0,0.0,0.0,0.0,1.0,0.0,0.0,1.0,1811.0,2.0,0.0,10.0,0.0,0.0,0.0,0.0,1.0,0.0,0.0,0.0,0.0,43.0,0.956755741472479,5.0,4.0,10.0,401.0,16.0,1.0,1280.0,800.0,18.0,0.0,0
18.0,1.0,0.0,0.0,0.0,1.0,0.0,8.0,0.0,0.0,3.2722905897760506,0.0,0.0,10.0,0.0,0.0,1.0,1.0,0.0,1.0,0.0,0.0,1.0,935.0,2.0,0.0,14.0,1.0,1.0,0.0,0.0,2.0,1.0,0.0,0.0,1.0,101.0,0.9773058710450145,13.0,2.0,14.0,412.0,2.0,1.0,1920.0,1080.0,6.0,0.0,0
38.0,1.0,1.0,0.0,2.0,2.0,0.0,10.0,0.0,0.0,2.9597817943915388,0.0,0.0,4.0,0.0,0.0,0.0,0.0,0.0,1.0,0.0,0.0,1.0,2265.0,0.0,1.0,9.0,0.0,0.0,0.0,0.0,3.0,0.0,0.0,0.0,0.0,39.0,0.9980792679679034,2.0,1.0,9.0,53.0,3.0,1.0,1920.0,1080.0,15.0,0.0,0
42.0,1.0,0.0,0.0,2.0,1.0,0.0,11.0,0.0,0.0,2.716636942878078,0.0,0.0,12.0,0.0,0.0,1.0,1.0,0.0,1.0,0.0,0.0,1.0,602.0,0.0,0.0,26.0,0.0,0.0,0.0,0.0,1.0,0.0,0.0,0.0,0.0,92.0,0.9551523991755562,9.0,1.0,26.0,282.0,19.0,1.0,1920.0,1080.0,22.0,0.0,0
49.0,1.0,0.0,0.0,2.0,1.0,0.0,16.0,0.0,0.0,3.2197809952724668,0.0,0.0,17.0,0.0,0.0,0.0,0.0,0.0,1.0,0.0,0.0,1.0,381.0,1.0,0.0,23.0,0.0,0.0,0.0,0.0,3.0,0.0,0.0,0.0,0.0,103.0,0.9949910453197696,13.0,1.0,23.0,262.0,14.0,1.0,1920.0,1080.0,32.0,0.0,0
40.0,1.0,1.0,0.0,0.0,2.0,0.0,19.0,0.0,0.0,2.8955226569385304,0.0,0.0,22.0,0.0,0.0,1.0,1.0,0.0,1.0,0.0,0.0,1.0,1214.0,0.0,0.0,6.0,0.0,0.0,0.0,0.0,3.0,0.0,0.0,0.0,0.0,18.0,0.9279342479669773,10.0,1.0,6.0,495.0,9.0,1.0,1280.0,800.0,40.0,0.0,0
44.0,1.0,0.0,0.0,0.0,1.0,0.0,10.0,0.0,0.0,3.089287988036522,0.0,0.0,16.0,0.0,0.0,1.0,1.0,0.0,1.0,0.0,0.0,1.0,1858.0,2.0,0.0,21.0,1.0,0.0,0.0,1.0,2.0,1.0,0.0,0.0,1.0,113.0,0.9310258319327389,6.0,4.0,21.0,314.0,7.0,1.0,1920.0,1080.0,11.0,0.0,0
21.0,1.0,0.0,0.0,0.0,1.0,0.0,13.0,0.0,0.0,2.9350231836767957,0.0,0.0,15.0,0.0,0.0,0.0,0.0,0.0,1.0,0.0,0.0,1.0,241.0,1.0,1.0,18.0,0.0,0.0,0.0,0.0,3.0,0.0,0.0,0.0,0.0,97.0,0.9246840743395184,13.0,9.0,18.0,490.0,3.0,1.0,1920.0,1080.0,37.0,0.0,0
50.0,1.0,0.0,0.0,0.0,1.0,0.0,17.0,0.0,0.0,3.0537005790550062,0.0,0.0,32.0,0.0,0.0,0.0,0.0,0.0,1.0,0.0,0.0,1.0,2090.0,1.0,0.0,10.0,0.0,0.0,0.0,0.0,3.0,1.0,1.0,0.0,0.0,83.0,0.9347581002506912,13.0,9.0,10.0,54.0,2.0,1.0,1920.0,1080.0,31.0,0.0,0
23.0,1.0,0.0,0.0,1.0,1.0,0.0,16.0,0.0,0.0,2.3932037289034525,0.0,0.0,19.0,5.0,0.0,0.0,0.0,0.0,1.0,0.0,0.0,1.0,1705.0,0.0,1.0,25.0,0.0,0.0,0.0,0.0,1.0,0.0,0.0,0.0,0.0,84.0,0.9245824200862099,14.0,8.0,25.0,35.0,19.0,1.0,1920.0,1080.0,37.0,0.0,0
47.0,1.0,0.0,0.0,0.0,1.0,0.0,13.0,0.0,0.0,3.278130954677348,0.0,0.0,15.0,0.0,0.0,0.0,0.0,0.0,1.0,0.0,0.0,1.0,661.0,0.0,0.0,19.0,0.0,0.0,0.0,0.0,3.0,0.0,0.0,0.0,0.0,71.0,0.9476736358001355,2.0,0.0,19.0,479.0,6.0,1.0,1920.0,1080.0,16.0,0.0,0
49.0,1.0,2.0,0.0,0.0,3.0,0.0,13.0,0.0,0.0,3.1762288879188247,0.0,0.0,13.0,0.0,0.0,1.0,1.0,0.0,1.0,0.0,0.0,1.0,1833.0,0.0,2.0,13.0,0.0,0.0,0.0,0.0,2.0,0.0,0.0,0.0,0.0,55.0,0.9217628128238003,5.0,3.0,13.0,387.0,9.0,1.0,1920.0,1080.0,23.0,0.0,0
34.0,0.0,0.0,0.0,0.0,1.0,0.0,17.0,0.0,0.0,3.0201856263986993,0.0,0.0,5.0,0.0,0.0,1.0,1.0,0.0,0.0,0.0,0.0,0.0,1617.0,1.0,0.0,8.0,1.0,1.0,0.0,0.0,3.0,2.0,0.0,0.0,1.0,102.0,0.41478805396706653,6.0,5.0,8.0,103.0,18.0,1.0,1280.0,800.0,33.0,0.0,0
37.0,1.0,1.0,0.0,0.0,2.0,0.0,21.0,0.0,0.0,3.2411791015976528,0.0,0.0,27.0,0.0,0.0,0.0,0.0,0.0,1.0,0.0,0.0,1.0,960.0,0.0,0.0,13.0,0.0,0.0,0.0,0.0,1.0,0.0,0.0,0.0,0.0,113.0,0.9284378959965305,4.0,3.0,13.0,93.0,17.0,1.0,1920.0,1080.0,6.0,0.0,0
28.0,1.0,1.0,0.0,0.0,2.0,0.0,18.0,0.0,0.0,2.459374197758415,0.0,0.0,8.0,0.0,0.0,1.0,1.0,0.0,1.0,0.0,0.0,1.0,547.0,1.0,0.0,9.0,1.0,1.0,0.0,0.0,2.0,3.0,0.0,0.0,1.0,106.0,0.9361612534721993,8.0,4.0,9.0,420.0,15.0,1.0,1920.0,1080.0,5.0,0.0,0
23.0,1.0,1.0,0.0,0.0,2.0,0.0,17.0,0.0,0.0,3.3572645998369213,0.0,0.0,20.0,0.0,0.0,0.0,0.0,0.0,1.0,0.0,0.0,0.0,1609.0,1.0,0.0,4.0,0.0,0.0,0.0,0.0,2.0,0.0,0.0,0.0,0.0,39.0,0.9858366756977189,10.0,4.0,4.0,231.0,8.0,1.0,1280.0,800.0,7.0,0.0,0
28.0,1.0,1.0,0.0,0.0,2.0,0.0,14.0,0.0,0.0,3.1767240281683837,0.0,0.0,25.0,0.0,0.0,0.0,0.0,0.0,1.0,0.0,0.0,1.0,1778.0,0.0,0.0,12.0,0.0,0.0,0.0,0.0,2.0,0.0,0.0,0.0,0.0,62.0,0.9661799784614891,1.0,0.0,12.0,112.0,10.0,1.0,1280.0,800.0,28.0,0.0,0
50.0,1.0,1.0,0.0,0.0,2.0,0.0,14.0,0.0,0.0,2.986170327122106,0.0,0.0,19.0,0.0,0.0,1.0,1.0,0.0,1.0,0.0,0.0,1.0,521.0,1.0,0.0,21.0,1.0,0.0,0.0,1.0,0.0,1.0,1.0,0.0,1.0,90.0,0.9386210517681032,9.0,2.0,21.0,256.0,12.0,1.0,1280.0,800.0,34.0,0.0,0
44.0,1.0,0.0,0.0,0.0,1.0,0.0,12.0,0.0,0.0,2.59609552182736,0.0,0.0,18.0,20.0,0.0,0.0,0.0,0.0,1.0,0.0,0.0,1.0,360.0,1.0,0.0,17.0,0.0,0.0,0.0,0.0,1.0,0.0,0.0,0.0,0.0,65.0,0.9860831241333258,3.0,2.0,17.0,288.0,19.0,1.0,1280.0,800.0,15.0,0.0,0
36.0,1.0,0.0,0.0,0.0,1.0,0.0,19.0,0.0,0.0,2.44231051887916,0.0,0.0,32.0,0.0,0.0,1.0,1.0,0.0,1.0,0.0,0.0,1.0,2461.0,1.0,0.0,23.0,1.0,1.0,0.0,0.0,0.0,2.0,0.0,0.0,1.0,69.0,0.9625053216454448,14.0,0.0,23.0,436.0,11.0,1.0,1920.0,1080.0,22.0,0.0,0
22.0,1.0,0.0,0.0,0.0,1.0,0.0,11.0,0.0,0.0,3.28251486526757,0.0,0.0,16.0,0.0,0.0,0.0,0.0,0.0,1.0,0.0,0.0,1.0,422.0,1.0,0.0,16.0,0.0,0.0,0.0,0.0,3.0,0.0,0.0,0.0,0.0,40.0,0.933185974027741,6.0,5.0,16.0,25.0,18.0,1.0,1920.0,1080.0,30.0,0.0,0
21.0,1.0,0.0,0.0,0.0,1.0,0.0,18.0,0.0,0.0,2.947891537409114,0.0,1.0,33.0,0.0,0.0,1.0,1.0,0.0,1.0,0.0,0.0,1.0,2341.0,0.0,0.0,28.0,0.0,0.0,0.0,0.0,3.0,0.0,0.0,0.0,0.0,79.0,0.9560372241326255,13.0,0.0,28.0,359.0,7.0,1.0,1920.0,1080.0,21.0,0.0,0
30.0,1.0,1.0,0.0,0.0,2.0,0.0,14.0,0.0,0.0,2.240433480369899,0.0,0.0,20.0,0.0,0.0,1.0,1.0,0.0,1.0,0.0,0.0,1.0,2360.0,1.0,0.0,28.0,1.0,0.0,0.0,0.0,3.0,1.0,0.0,0.0,1.0,55.0,0.9223734578451792,11.0,2.0,28.0,399.0,12.0,1.0,1280.0,800.0,2.0,0.0,0
36.0,1.0,1.0,0.0,0.0,2.0,0.0,18.0,0.0,0.0,2.485745933435317,0.0,0.0,27.0,5.0,0.0,0.0,0.0,0.0,1.0,0.0,0.0,1.0,1446.0,1.0,0.0,19.0,0.0,0.0,0.0,0.0,0.0,1.0,0.0,0.0,0.0,82.0,0.9507071106435984,4.0,1.0,19.0,489.0,18.0,1.0,1920.0,1080.0,41.0,0.0,0
50.0,1.0,0.0,0.0,0.0,1.0,0.0,8.0,0.0,0.0,2.982270943674334,0.0,0.0,10.0,0.0,0.0,0.0,0.0,0.0,1.0,0.0,0.0,1.0,1643.0,0.0,1.0,7.0,0.0,0.0,0.0,0.0,0.0,0.0,0.0,0.0,0.0,108.0,0.9313709699034767,1.0,0.0,7.0,272.0,2.0,1.0,1920.0,1080.0,16.0,0.0,0
54.0,1.0,1.0,0.0,0.0,2.0,0.0,13.0,0.0,0.0,2.1875999212211794,0.0,0.0,17.0,0.0,0.0,0.0,0.0,0.0,1.0,0.0,0.0,1.0,1133.0,1.0,0.0,10.0,0.0,0.0,0.0,0.0,3.0,0.0,0.0,0.0,0.0,118.0,0.9911721626414053,10.0,8.0,10.0,122.0,3.0,1.0,1920.0,1080.0,25.0,0.0,0
45.0,1.0,0.0,0.0,1.0,1.0,0.0,7.0,1.0,0.14285714285714285,2.5416994752964532,0.0,0.0,17.0,0.0,0.0,1.0,1.0,0.0,1.0,0.0,0.0,1.0,896.0,0.0,0.0,21.0,0.0,0.0,0.0,0.0,3.0,1.0,0.0,0.0,0.0,116.0,0.9563201296956892,4.0,0.0,21.0,369.0,17.0,1.0,1920.0,1080.0,25.0,0.0,0
20.0,1.0,0.0,0.0,0.0,1.0,0.0,12.0,1.0,0.08333333333333333,2.638395291626695,0.0,0.0,5.0,0.0,0.0,1.0,1.0,0.0,1.0,0.0,0.0,1.0,2252.0,1.0,1.0,18.0,1.0,0.0,0.0,0.0,1.0,3.0,0.0,0.0,1.0,73.0,0.9968908388326074,4.0,0.0,18.0,113.0,15.0,1.0,1280.0,800.0,6.0,0.0,0
30.0,1.0,1.0,0.0,0.0,2.0,0.0,9.0,0.0,0.0,3.1748594659353446,0.0,0.0,20.0,0.0,0.0,0.0,0.0,0.0,1.0,0.0,0.0,1.0,438.0,1.0,0.0,4.0,0.0,0.0,0.0,0.0,2.0,0.0,0.0,0.0,0.0,112.0,0.9591118265433961,3.0,0.0,4.0,103.0,17.0,1.0,1920.0,1080.0,25.0,0.0,0
36.0,1.0,0.0,0.0,0.0,1.0,0.0,7.0,0.0,0.0,3.2790256514852842,0.0,0.0,26.0,5.0,0.0,1.0,1.0,0.0,1.0,0.0,0.0,1.0,1590.0,0.0,0.0,27.0,0.0,0.0,0.0,0.0,3.0,0.0,1.0,0.0,0.0,31.0,0.9959289714471552,10.0,3.0,27.0,356.0,5.0,1.0,1920.0,1080.0,37.0,0.0,0
28.0,1.0,1.0,0.0,0.0,2.0,0.0,17.0,1.0,0.058823529411764705,2.5709485132281684,0.0,0.0,13.0,0.0,0.0,0.0,0.0,0.0,1.0,0.0,0.0,1.0,982.0,3.0,0.0,14.0,0.0,0.0,0.0,0.0,0.0,0.0,0.0,0.0,0.0,111.0,0.9914472164156332,3.0,2.0,14.0,327.0,4.0,1.0,1920.0,1080.0,32.0,0.0,0
49.0,1.0,0.0,0.0,1.0,1.0,0.0,16.0,0.0,0.0,2.4892142648831856,0.0,0.0,1.0,0.0,0.0,1.0,1.0,0.0,1.0,0.0,0.0,1.0,98.0,0.0,0.0,8.0,0.0,0.0,0.0,0.0,3.0,1.0,0.0,0.0,0.0,50.0,0.9867315677600541,1.0,0.0,8.0,145.0,7.0,1.0,1280.0,800.0,10.0,0.0,0
53.0,1.0,0.0,0.0,0.0,1.0,0.0,8.0,0.0,0.0,2.62980594034216,0.0,0.0,10.0,0.0,0.0,0.0,0.0,0.0,1.0,0.0,0.0,1.0,1393.0,0.0,0.0,9.0,0.0,0.0,0.0,0.0,1.0,0.0,0.0,0.0,0.0,48.0,0.9835612435592599,6.0,1.0,9.0,454.0,12.0,1.0,1920.0,1080.0,32.0,0.0,0
51.0,1.0,1.0,0.0,1.0,2.0,0.0,20.0,0.0,0.0,2.128634997590962,0.0,0.0,0.0,0.0,0.0,0.0,0.0,0.0,1.0,0.0,0.0,1.0,1156.0,1.0,1.0,24.0,0.0,0.0,0.0,0.0,2.0,0.0,0.0,0.0,0.0,88.0,0.9668691830762816,8.0,5.0,24.0,56.0,19.0,1.0,1920.0,1080.0,15.0,0.0,0
45.0,1.0,0.0,0.0,0.0,1.0,0.0,20.0,0.0,0.0,2.285738749741235,0.0,0.0,17.0,0.0,0.0,0.0,0.0,0.0,1.0,0.0,0.0,1.0,1178.0,0.0,0.0,27.0,0.0,0.0,0.0,0.0,0.0,0.0,0.0,0.0,0.0,32.0,0.942093564625672,6.0,0.0,27.0,347.0,17.0,1.0,1920.0,1080.0,7.0,0.0,0
46.0,1.0,1.0,0.0,0.0,2.0,0.0,15.0,0.0,0.0,2.507352292860686,0.0,0.0,14.0,5.0,0.0,0.0,0.0,0.0,1.0,0.0,0.0,1.0,2075.0,1.0,0.0,2.0,0.0,0.0,0.0,0.0,2.0,0.0,1.0,0.0,0.0,103.0,0.9763085673307466,10.0,6.0,2.0,217.0,10.0,1.0,1920.0,1080.0,34.0,0.0,0
28.0,1.0,1.0,0.0,0.0,2.0,0.0,11.0,0.0,0.0,2.9246416616245656,0.0,1.0,16.0,0.0,0.0,0.0,0.0,0.0,1.0,0.0,0.0,1.0,1656.0,1.0,0.0,13.0,0.0,0.0,0.0,0.0,3.0,0.0,0.0,0.0,0.0,85.0,0.9814054102814335,2.0,1.0,13.0,401.0,3.0,1.0,1280.0,800.0,17.0,0.0,0
26.0,1.0,1.0,0.0,0.0,2.0,0.0,10.0,0.0,0.0,2.8900777589285394,0.0,0.0,23.0,5.0,0.0,0.0,0.0,0.0,1.0,0.0,0.0,1.0,1019.0,1.0,0.0,12.0,0.0,0.0,0.0,0.0,3.0,0.0,0.0,0.0,0.0,71.0,0.9858647543856575,6.0,5.0,12.0,57.0,11.0,1.0,1920.0,1080.0,11.0,0.0,0
30.0,1.0,0.0,0.0,0.0,1.0,0.0,10.0,1.0,0.1,2.140848367964655,0.0,0.0,16.0,5.0,0.0,0.0,0.0,0.0,1.0,0.0,0.0,1.0,819.0,0.0,0.0,29.0,0.0,0.0,0.0,0.0,0.0,0.0,0.0,0.0,0.0,95.0,0.9617036838123312,10.0,5.0,29.0,185.0,9.0,1.0,1280.0,800.0,31.0,0.0,0
51.0,1.0,1.0,0.0,0.0,2.0,0.0,15.0,0.0,0.0,2.7733486860263525,0.0,0.0,11.0,0.0,0.0,1.0,1.0,0.0,1.0,0.0,0.0,1.0,386.0,0.0,0.0,25.0,0.0,0.0,0.0,0.0,0.0,1.0,0.0,0.0,0.0,100.0,0.9321862228530143,8.0,2.0,25.0,417.0,8.0,1.0,1280.0,800.0,35.0,0.0,0
30.0,1.0,1.0,0.0,0.0,2.0,0.0,16.0,2.0,0.125,2.410906411116916,0.0,0.0,19.0,0.0,0.0,0.0,0.0,0.0,1.0,0.0,0.0,1.0,312.0,0.0,0.0,27.0,0.0,0.0,0.0,0.0,2.0,0.0,0.0,0.0,0.0,59.0,0.9420989859980122,13.0,4.0,27.0,460.0,7.0,1.0,1280.0,800.0,32.0,0.0,0
28.0,1.0,0.0,0.0,1.0,1.0,0.0,14.0,0.0,0.0,2.800456911751505,0.0,0.0,25.0,0.0,0.0,0.0,0.0,0.0,1.0,0.0,0.0,1.0,2375.0,0.0,1.0,27.0,0.0,0.0,0.0,0.0,2.0,1.0,0.0,0.0,0.0,83.0,0.9696726872174166,14.0,5.0,27.0,450.0,17.0,1.0,1920.0,1080.0,14.0,0.0,0
20.0,1.0,1.0,0.0,0.0,2.0,0.0,17.0,0.0,0.0,2.278098781969773,0.0,1.0,10.0,0.0,0.0,0.0,0.0,0.0,1.0,0.0,0.0,1.0,659.0,3.0,2.0,26.0,0.0,0.0,0.0,0.0,3.0,1.0,0.0,0.0,0.0,115.0,0.9549596708532497,3.0,2.0,26.0,315.0,5.0,1.0,1920.0,1080.0,27.0,0.0,0
21.0,1.0,1.0,0.0,0.0,2.0,0.0,7.0,1.0,0.14285714285714285,2.7778975303379134,0.0,1.0,7.0,0.0,0.0,0.0,0.0,0.0,1.0,0.0,0.0,1.0,574.0,0.0,0.0,25.0,0.0,0.0,0.0,0.0,0.0,0.0,0.0,0.0,0.0,107.0,0.9599116531628754,9.0,4.0,25.0,78.0,3.0,1.0,1920.0,1080.0,29.0,0.0,0
38.0,1.0,0.0,0.0,0.0,1.0,0.0,14.0,0.0,0.0,2.429967401603703,0.0,0.0,28.0,0.0,0.0,1.0,1.0,0.0,1.0,0.0,0.0,1.0,746.0,3.0,0.0,21.0,0.0,0.0,0.0,0.0,2.0,0.0,0.0,0.0,0.0,108.0,0.9934741145716327,1.0,0.0,21.0,95.0,13.0,1.0,1920.0,1080.0,30.0,0.0,0
44.0,1.0,1.0,0.0,1.0,2.0,0.0,16.0,1.0,0.0625,2.232344787834398,0.0,0.0,10.0,0.0,0.0,0.0,0.0,0.0,1.0,0.0,0.0,1.0,2481.0,1.0,0.0,12.0,0.0,0.0,0.0,0.0,3.0,0.0,0.0,0.0,0.0,35.0,0.9613358708181015,10.0,2.0,12.0,407.0,12.0,1.0,1920.0,1080.0,8.0,0.0,0
22.0,1.0,1.0,0.0,0.0,2.0,0.0,21.0,0.0,0.0,2.3657991518711254,0.0,0.0,18.0,0.0,0.0,0.0,0.0,0.0,1.0,0.0,0.0,1.0,1993.0,2.0,1.0,5.0,0.0,0.0,0.0,0.0,3.0,0.0,0.0,0.0,0.0,38.0,0.9482082084743086,4.0,2.0,5.0,294.0,16.0,1.0,1920.0,1080.0,24.0,0.0,0
22.0,1.0,1.0,0.0,0.0,2.0,0.0,19.0,0.0,0.0,2.779263235411265,0.0,0.0,9.0,0.0,0.0,0.0,0.0,0.0,1.0,0.0,0.0,1.0,291.0,0.0,0.0,13.0,0.0,0.0,0.0,0.0,2.0,0.0,0.0,0.0,0.0,50.0,0.9793517061566972,5.0,4.0,13.0,318.0,17.0,1.0,1280.0,800.0,38.0,0.0,0
44.0,1.0,0.0,0.0,0.0,1.0,0.0,21.0,0.0,0.0,3.3803159235912186,0.0,0.0,20.0,0.0,0.0,0.0,0.0,0.0,1.0,0.0,0.0,1.0,2159.0,0.0,0.0,11.0,0.0,0.0,0.0,0.0,0.0,0.0,0.0,0.0,0.0,31.0,0.9681243103439859,4.0,3.0,11.0,127.0,4.0,1.0,1920.0,1080.0,2.0,0.0,0
53.0,1.0,1.0,0.0,0.0,2.0,0.0,21.0,0.0,0.0,2.700230986957055,0.0,0.0,22.0,0.0,0.0,1.0,1.0,0.0,1.0,0.0,0.0,1.0,760.0,0.0,0.0,22.0,0.0,0.0,0.0,0.0,1.0,0.0,0.0,0.0,0.0,77.0,0.9811775313181024,13.0,6.0,22.0,196.0,0.0,1.0,1920.0,1080.0,27.0,0.0,0
49.0,1.0,1.0,0.0,0.0,2.0,0.0,17.0,0.0,0.0,2.114843378490296,0.0,0.0,13.0,5.0,0.0,0.0,0.0,0.0,1.0,0.0,0.0,1.0,981.0,1.0,0.0,6.0,0.0,0.0,0.0,0.0,2.0,1.0,0.0,0.0,0.0,20.0,0.9294793887014721,14.0,2.0,6.0,151.0,11.0,1.0,1920.0,1080.0,44.0,0.0,0
42.0,1.0,0.0,0.0,0.0,1.0,0.0,14.0,0.0,0.0,2.751970099923654,0.0,0.0,13.0,0.0,0.0,1.0,1.0,0.0,1.0,0.0,0.0,1.0,1313.0,0.0,0.0,22.0,0.0,0.0,0.0,0.0,0.0,0.0,0.0,0.0,0.0,41.0,0.9529324368365362,6.0,0.0,22.0,9.0,13.0,1.0,1920.0,1080.0,34.0,0.0,0
36.0,1.0,0.0,0.0,0.0,1.0,0.0,13.0,1.0,0.07692307692307693,2.934254716488126,0.0,0.0,14.0,0.0,0.0,0.0,0.0,0.0,1.0,0.0,0.0,1.0,839.0,3.0,0.0,26.0,0.0,0.0,0.0,0.0,2.0,0.0,0.0,0.0,0.0,76.0,0.9614960795504476,1.0,0.0,26.0,10.0,4.0,1.0,1280.0,800.0,42.0,0.0,0
35.0,1.0,1.0,0.0,0.0,2.0,0.0,18.0,0.0,0.0,2.887127469978726,0.0,0.0,34.0,0.0,0.0,0.0,0.0,0.0,1.0,0.0,0.0,1.0,101.0,0.0,0.0,7.0,0.0,0.0,0.0,0.0,2.0,0.0,0.0,0.0,0.0,55.0,0.9273653588865981,12.0,2.0,7.0,88.0,2.0,1.0,1920.0,1080.0,31.0,0.0,0
51.0,1.0,0.0,0.0,0.0,1.0,0.0,15.0,0.0,0.0,2.8930096422033316,0.0,0.0,1.0,5.0,0.0,0.0,0.0,0.0,1.0,0.0,0.0,1.0,2393.0,1.0,1.0,28.0,0.0,0.0,0.0,0.0,2.0,0.0,0.0,0.0,0.0,114.0,0.9760911675533979,9.0,0.0,28.0,373.0,12.0,1.0,1920.0,1080.0,10.0,0.0,0
36.0,1.0,0.0,0.0,0.0,1.0,0.0,16.0,0.0,0.0,2.379068223164298,0.0,0.0,9.0,0.0,0.0,0.0,0.0,0.0,1.0,0.0,0.0,1.0,1444.0,2.0,1.0,28.0,0.0,0.0,0.0,0.0,2.0,0.0,0.0,0.0,0.0,40.0,0.9997009829219902,12.0,0.0,28.0,47.0,8.0,1.0,1920.0,1080.0,21.0,0.0,0
40.0,1.0,1.0,0.0,0.0,2.0,0.0,7.0,0.0,0.0,2.4520482264480643,0.0,0.0,10.0,0.0,0.0,0.0,0.0,0.0,1.0,0.0,0.0,1.0,410.0,1.0,1.0,7.0,0.0,0.0,0.0,0.0,2.0,0.0,0.0,0.0,0.0,50.0,0.994616840650621,13.0,7.0,7.0,178.0,2.0,1.0,1920.0,1080.0,2.0,0.0,0
25.0,1.0,0.0,0.0,1.0,1.0,0.0,12.0,0.0,0.0,2.533688825737756,0.0,0.0,32.0,5.0,0.0,1.0,1.0,0.0,1.0,0.0,0.0,1.0,524.0,2.0,0.0,6.0,0.0,0.0,0.0,0.0,1.0,1.0,0.0,0.0,0.0,32.0,0.9859794589877606,6.0,5.0,6.0,189.0,12.0,1.0,1920.0,1080.0,8.0,0.0,0
41.0,1.0,0.0,0.0,0.0,1.0,0.0,20.0,0.0,0.0,2.6314104395978717,0.0,0.0,20.0,0.0,0.0,0.0,0.0,0.0,1.0,0.0,0.0,1.0,2148.0,1.0,0.0,4.0,0.0,0.0,0.0,0.0,2.0,0.0,0.0,0.0,0.0,15.0,0.9447845500257975,12.0,7.0,4.0,238.0,19.0,1.0,1280.0,800.0,33.0,0.0,0
53.0,1.0,0.0,0.0,0.0,1.0,0.0,7.0,0.0,0.0,3.274625976462289,0.0,0.0,34.0,0.0,0.0,0.0,0.0,0.0,1.0,0.0,0.0,1.0,166.0,2.0,0.0,23.0,0.0,0.0,0.0,0.0,2.0,1.0,0.0,0.0,0.0,51.0,0.9528874887104352,14.0,3.0,23.0,499.0,15.0,1.0,1920.0,1080.0,18.0,0.0,0
19.0,1.0,1.0,0.0,0.0,2.0,0.0,12.0,0.0,0.0,2.1248676563684734,0.0,0.0,13.0,0.0,0.0,0.0,0.0,0.0,1.0,0.0,0.0,1.0,753.0,1.0,0.0,16.0,0.0,0.0,0.0,0.0,1.0,0.0,0.0,0.0,0.0,33.0,0.9468539066431247,14.0,7.0,16.0,76.0,10.0,1.0,1920.0,1080.0,34.0,0.0,0
50.0,1.0,1.0,0.0,0.0,2.0,0.0,7.0,0.0,0.0,2.525817814734172,0.0,0.0,0.0,0.0,0.0,0.0,0.0,0.0,1.0,0.0,0.0,1.0,1536.0,1.0,0.0,27.0,0.0,0.0,0.0,0.0,2.0,1.0,0.0,0.0,0.0,27.0,0.9513487498550421,1.0,0.0,27.0,11.0,16.0,1.0,1280.0,800.0,2.0,0.0,0
34.0,1.0,1.0,0.0,0.0,2.0,0.0,19.0,0.0,0.0,2.995221118100238,0.0,0.0,24.0,0.0,0.0,1.0,1.0,0.0,1.0,0.0,0.0,1.0,1701.0,2.0,0.0,20.0,1.0,0.0,0.0,0.0,0.0,2.0,0.0,0.0,1.0,55.0,0.9906047901417878,3.0,2.0,20.0,434.0,7.0,1.0,1920.0,1080.0,3.0,0.0,0
23.0,1.0,1.0,0.0,2.0,2.0,0.0,18.0,0.0,0.0,3.376219545277484,0.0,0.0,12.0,5.0,0.0,0.0,0.0,0.0,1.0,0.0,0.0,0.0,714.0,0.0,0.0,9.0,0.0,0.0,0.0,0.0,2.0,0.0,0.0,0.0,0.0,76.0,0.9499584319974413,12.0,3.0,9.0,335.0,10.0,1.0,1280.0,800.0,31.0,0.0,0
19.0,1.0,1.0,0.0,0.0,2.0,0.0,18.0,0.0,0.0,2.2347821549545595,0.0,0.0,7.0,0.0,0.0,1.0,1.0,0.0,1.0,0.0,0.0,1.0,1583.0,1.0,0.0,29.0,1.0,0.0,0.0,0.0,0.0,3.0,0.0,0.0,1.0,106.0,0.951260412186371,10.0,0.0,29.0,404.0,2.0,1.0,1920.0,1080.0,27.0,0.0,0
54.0,1.0,1.0,0.0,0.0,2.0,0.0,19.0,0.0,0.0,2.452225507811275,0.0,0.0,1.0,0.0,0.0,0.0,0.0,0.0,1.0,0.0,0.0,1.0,1439.0,0.0,0.0,24.0,0.0,0.0,0.0,0.0,3.0,0.0,0.0,0.0,0.0,110.0,0.9544869490098632,14.0,5.0,24.0,243.0,2.0,1.0,1280.0,800.0,31.0,0.0,0
18.0,1.0,1.0,0.0,0.0,2.0,0.0,20.0,0.0,0.0,2.8738942457057357,0.0,0.0,14.0,5.0,0.0,0.0,0.0,0.0,1.0,0.0,0.0,0.0,2087.0,0.0,0.0,9.0,0.0,0.0,0.0,0.0,3.0,0.0,0.0,0.0,0.0,77.0,0.9411203479967573,13.0,4.0,9.0,100.0,2.0,1.0,1280.0,800.0,7.0,0.0,0
46.0,1.0,1.0,0.0,0.0,2.0,0.0,14.0,0.0,0.0,2.8497131185150835,0.0,0.0,26.0,20.0,0.0,1.0,1.0,0.0,1.0,0.0,0.0,1.0,1554.0,3.0,0.0,21.0,1.0,0.0,0.0,0.0,0.0,1.0,0.0,0.0,1.0,35.0,0.9826990600860189,11.0,4.0,21.0,295.0,5.0,1.0,1920.0,1080.0,25.0,0.0,0
49.0,1.0,0.0,0.0,0.0,1.0,0.0,16.0,0.0,0.0,2.911998262548891,0.0,0.0,9.0,0.0,0.0,0.0,0.0,0.0,1.0,0.0,0.0,1.0,2201.0,0.0,0.0,25.0,0.0,0.0,0.0,0.0,3.0,0.0,0.0,0.0,0.0,112.0,0.9473524222484393,5.0,4.0,25.0,55.0,11.0,1.0,1920.0,1080.0,43.0,0.0,0
42.0,1.0,1.0,0.0,0.0,2.0,0.0,17.0,0.0,0.0,2.585059403949099,0.0,0.0,20.0,0.0,0.0,0.0,0.0,0.0,1.0,0.0,0.0,1.0,1080.0,0.0,0.0,5.0,0.0,0.0,0.0,0.0,0.0,0.0,0.0,0.0,0.0,118.0,0.9764111316456451,6.0,1.0,5.0,435.0,16.0,1.0,1280.0,800.0,15.0,0.0,0
37.0,1.0,0.0,0.0,0.0,1.0,0.0,21.0,0.0,0.0,3.1436542152718507,0.0,1.0,2.0,0.0,0.0,1.0,1.0,0.0,1.0,0.0,0.0,1.0,1024.0,0.0,1.0,13.0,0.0,0.0,0.0,0.0,1.0,1.0,0.0,0.0,0.0,36.0,0.9762112164686583,13.0,7.0,13.0,478.0,16.0,1.0,1920.0,1080.0,17.0,0.0,0
24.0,1.0,2.0,0.0,0.0,3.0,0.0,17.0,0.0,0.0,2.47247541360526,0.0,0.0,34.0,0.0,0.0,0.0,0.0,0.0,1.0,0.0,0.0,1.0,1310.0,2.0,0.0,22.0,0.0,0.0,0.0,0.0,3.0,0.0,1.0,0.0,0.0,63.0,0.9735446887329503,10.0,2.0,22.0,498.0,10.0,1.0,1280.0,800.0,8.0,0.0,0
51.0,1.0,0.0,0.0,1.0,1.0,0.0,10.0,0.0,0.0,2.788845639415084,0.0,1.0,7.0,0.0,0.0,0.0,0.0,0.0,1.0,0.0,0.0,1.0,189.0,1.0,0.0,8.0,0.0,0.0,0.0,0.0,3.0,0.0,0.0,0.0,0.0,50.0,0.9739195366516584,4.0,3.0,8.0,286.0,3.0,1.0,1920.0,1080.0,39.0,0.0,0
19.0,1.0,1.0,0.0,0.0,2.0,0.0,20.0,0.0,0.0,2.8549088099205706,0.0,0.0,23.0,0.0,0.0,0.0,0.0,0.0,1.0,0.0,0.0,1.0,1070.0,1.0,0.0,10.0,0.0,0.0,0.0,0.0,0.0,0.0,0.0,0.0,0.0,103.0,0.9659430060072169,3.0,2.0,10.0,405.0,14.0,1.0,1920.0,1080.0,16.0,0.0,0
34.0,1.0,1.0,0.0,0.0,2.0,0.0,11.0,0.0,0.0,3.0641338873868547,0.0,0.0,18.0,0.0,0.0,0.0,0.0,0.0,1.0,0.0,0.0,1.0,1542.0,1.0,0.0,14.0,0.0,0.0,0.0,0.0,3.0,0.0,0.0,0.0,0.0,115.0,0.9608118704365058,13.0,8.0,14.0,192.0,13.0,1.0,1920.0,1080.0,5.0,0.0,0
25.0,1.0,1.0,0.0,0.0,2.0,0.0,12.0,0.0,0.0,2.31489297197935,0.0,0.0,2.0,0.0,0.0,0.0,0.0,0.0,1.0,0.0,0.0,1.0,2374.0,1.0,0.0,11.0,0.0,0.0,0.0,0.0,1.0,0.0,0.0,0.0,0.0,73.0,0.9469984260539919,11.0,4.0,11.0,194.0,19.0,1.0,1920.0,1080.0,42.0,0.0,0
38.0,1.0,0.0,0.0,0.0,1.0,0.0,19.0,0.0,0.0,2.880365898686448,0.0,0.0,12.0,0.0,0.0,0.0,0.0,0.0,1.0,0.0,0.0,1.0,2076.0,0.0,1.0,24.0,0.0,0.0,0.0,0.0,1.0,0.0,0.0,0.0,0.0,22.0,0.993961797498552,11.0,6.0,24.0,233.0,16.0,1.0,1280.0,800.0,17.0,0.0,0
35.0,1.0,1.0,0.0,1.0,2.0,0.0,8.0,0.0,0.0,3.175818967956261,0.0,0.0,20.0,0.0,0.0,0.0,0.0,0.0,1.0,0.0,0.0,1.0,222.0,2.0,0.0,2.0,0.0,0.0,0.0,0.0,2.0,0.0,0.0,0.0,0.0,23.0,0.9871344315984238,1.0,0.0,2.0,335.0,1.0,1.0,1920.0,1080.0,33.0,0.0,0
50.0,1.0,1.0,0.0,0.0,2.0,0.0,17.0,0.0,0.0,2.593676979795113,0.0,0.0,10.0,0.0,0.0,0.0,0.0,0.0,1.0,0.0,0.0,1.0,812.0,2.0,0.0,19.0,0.0,0.0,0.0,0.0,3.0,1.0,0.0,0.0,0.0,78.0,0.9544889924077604,8.0,7.0,19.0,437.0,2.0,1.0,1920.0,1080.0,25.0,0.0,0
38.0,1.0,1.0,0.0,1.0,2.0,0.0,18.0,0.0,0.0,2.949398548022285,0.0,0.0,27.0,5.0,0.0,1.0,1.0,0.0,1.0,0.0,0.0,1.0,2304.0,0.0,0.0,18.0,0.0,0.0,0.0,0.0,3.0,1.0,0.0,0.0,0.0,74.0,0.9992087076869492,10.0,2.0,18.0,242.0,7.0,1.0,1920.0,1080.0,29.0,0.0,0
35.0,0.0,1.0,0.0,2.0,2.0,0.0,14.0,0.0,0.0,3.3072197307500124,0.0,0.0,8.0,0.0,0.0,1.0,1.0,0.0,0.0,0.0,0.0,0.0,1478.0,3.0,0.0,23.0,1.0,1.0,0.0,0.0,1.0,3.0,0.0,0.0,1.0,40.0,0.35900658593734525,8.0,7.0,23.0,215.0,2.0,1.0,1920.0,1080.0,4.0,0.0,0
44.0,1.0,0.0,0.0,0.0,1.0,0.0,11.0,0.0,0.0,3.0322567390138513,0.0,0.0,19.0,0.0,0.0,1.0,1.0,0.0,1.0,0.0,0.0,1.0,1349.0,0.0,0.0,21.0,0.0,0.0,0.0,0.0,1.0,0.0,0.0,0.0,0.0,100.0,0.9338674442380225,13.0,0.0,21.0,376.0,5.0,1.0,1920.0,1080.0,16.0,0.0,0
42.0,1.0,0.0,0.0,0.0,1.0,0.0,7.0,0.0,0.0,2.3832813207276176,0.0,0.0,26.0,5.0,0.0,0.0,0.0,0.0,1.0,0.0,0.0,1.0,1766.0,1.0,0.0,18.0,0.0,0.0,0.0,0.0,1.0,0.0,0.0,0.0,0.0,89.0,0.9840784560322692,5.0,4.0,18.0,241.0,4.0,1.0,1920.0,1080.0,39.0,0.0,0
22.0,1.0,1.0,0.0,0.0,2.0,0.0,18.0,0.0,0.0,3.2225054494439025,0.0,0.0,25.0,0.0,0.0,0.0,0.0,0.0,1.0,0.0,0.0,1.0,1541.0,1.0,2.0,22.0,0.0,0.0,0.0,0.0,2.0,0.0,0.0,0.0,0.0,48.0,0.9240279621575483,4.0,3.0,22.0,80.0,0.0,1.0,1920.0,1080.0,41.0,0.0,0
18.0,1.0,1.0,0.0,0.0,2.0,0.0,11.0,0.0,0.0,2.199371819351282,0.0,0.0,15.0,0.0,0.0,0.0,0.0,0.0,1.0,0.0,0.0,1.0,1756.0,0.0,1.0,4.0,0.0,0.0,0.0,0.0,1.0,0.0,0.0,0.0,0.0,86.0,0.9846724591114953,6.0,0.0,4.0,419.0,2.0,1.0,1920.0,1080.0,6.0,0.0,0
40.0,1.0,0.0,0.0,0.0,1.0,0.0,10.0,0.0,0.0,2.950408200571928,0.0,0.0,3.0,0.0,0.0,0.0,0.0,0.0,1.0,0.0,0.0,1.0,635.0,0.0,0.0,4.0,0.0,0.0,0.0,0.0,2.0,0.0,0.0,0.0,0.0,33.0,0.9385184076730391,3.0,2.0,4.0,436.0,11.0,1.0,1280.0,800.0,18.0,0.0,0
18.0,1.0,1.0,0.0,0.0,2.0,0.0,20.0,0.0,0.0,2.3820431196230434,0.0,0.0,15.0,5.0,0.0,0.0,0.0,0.0,1.0,0.0,0.0,1.0,2364.0,1.0,0.0,3.0,1.0,1.0,0.0,0.0,0.0,3.0,0.0,0.0,1.0,117.0,0.9708331485489528,9.0,2.0,3.0,290.0,9.0,1.0,1920.0,1080.0,6.0,0.0,0
46.0,1.0,1.0,0.0,1.0,2.0,0.0,13.0,0.0,0.0,2.8023854913273993,0.0,0.0,3.0,0.0,0.0,0.0,0.0,0.0,1.0,0.0,0.0,1.0,1527.0,1.0,0.0,17.0,0.0,0.0,0.0,0.0,1.0,0.0,0.0,0.0,0.0,77.0,0.9417598884275485,11.0,0.0,17.0,100.0,3.0,1.0,1920.0,1080.0,18.0,0.0,0
36.0,1.0,1.0,0.0,0.0,2.0,0.0,12.0,0.0,0.0,2.596927927570696,0.0,0.0,12.0,20.0,0.0,0.0,0.0,0.0,1.0,0.0,0.0,1.0,304.0,1.0,0.0,16.0,1.0,0.0,0.0,0.0,1.0,3.0,0.0,0.0,1.0,101.0,0.9533754734851662,12.0,1.0,16.0,241.0,15.0,1.0,1920.0,1080.0,11.0,0.0,0
47.0,1.0,0.0,0.0,0.0,1.0,0.0,10.0,0.0,0.0,2.199849673390066,0.0,0.0,20.0,5.0,0.0,0.0,0.0,0.0,1.0,0.0,0.0,1.0,1551.0,0.0,0.0,23.0,0.0,0.0,0.0,0.0,0.0,0.0,0.0,0.0,0.0,30.0,0.9659159892855208,2.0,1.0,23.0,191.0,15.0,1.0,1920.0,1080.0,44.0,0.0,0
29.0,1.0,1.0,0.0,0.0,2.0,0.0,16.0,0.0,0.0,3.022270524024167,0.0,0.0,6.0,0.0,0.0,1.0,1.0,0.0,1.0,0.0,0.0,1.0,220.0,2.0,0.0,9.0,0.0,0.0,1.0,0.0,3.0,1.0,1.0,0.0,1.0,94.0,0.9354599532187334,6.0,4.0,9.0,418.0,15.0,1.0,1920.0,1080.0,8.0,0.0,0
54.0,1.0,1.0,0.0,0.0,2.0,0.0,10.0,0.0,0.0,2.8435946417686706,0.0,0.0,26.0,5.0,0.0,0.0,0.0,0.0,1.0,0.0,0.0,1.0,910.0,1.0,0.0,23.0,0.0,0.0,0.0,0.0,3.0,0.0,0.0,0.0,0.0,59.0,0.9470025972707056,2.0,1.0,23.0,225.0,3.0,1.0,1280.0,800.0,37.0,0.0,0
36.0,1.0,1.0,0.0,0.0,2.0,0.0,10.0,0.0,0.0,3.1716555814241545,0.0,0.0,19.0,0.0,0.0,1.0,1.0,0.0,1.0,0.0,0.0,1.0,1905.0,0.0,2.0,20.0,0.0,0.0,0.0,0.0,2.0,0.0,0.0,0.0,0.0,45.0,0.9727538369665598,9.0,4.0,20.0,193.0,18.0,1.0,1280.0,800.0,33.0,0.0,0
27.0,1.0,0.0,0.0,0.0,1.0,0.0,20.0,0.0,0.0,2.6585097230658974,0.0,0.0,10.0,0.0,0.0,1.0,1.0,0.0,1.0,0.0,0.0,1.0,1451.0,0.0,1.0,3.0,0.0,0.0,0.0,0.0,0.0,0.0,0.0,0.0,0.0,18.0,0.9282274073725981,10.0,7.0,3.0,310.0,10.0,1.0,1280.0,800.0,4.0,0.0,0
20.0,1.0,1.0,0.0,0.0,2.0,0.0,8.0,0.0,0.0,2.6577810800934656,0.0,0.0,24.0,0.0,0.0,0.0,0.0,0.0,1.0,0.0,0.0,1.0,1840.0,1.0,0.0,23.0,0.0,0.0,0.0,0.0,1.0,0.0,0.0,0.0,0.0,36.0,0.9297605930861511,2.0,1.0,23.0,340.0,1.0,1.0,1920.0,1080.0,26.0,0.0,0
29.0,1.0,1.0,0.0,0.0,2.0,0.0,15.0,0.0,0.0,2.136207913067397,0.0,0.0,0.0,0.0,0.0,1.0,1.0,0.0,1.0,0.0,0.0,1.0,648.0,3.0,0.0,8.0,0.0,0.0,0.0,0.0,3.0,0.0,0.0,0.0,0.0,24.0,0.9637357062637072,5.0,1.0,8.0,220.0,13.0,1.0,1280.0,800.0,13.0,0.0,0
23.0,1.0,0.0,0.0,0.0,1.0,0.0,19.0,1.0,0.05263157894736842,3.129848553242179,0.0,0.0,19.0,5.0,0.0,0.0,0.0,0.0,1.0,0.0,0.0,1.0,202.0,0.0,0.0,15.0,0.0,0.0,0.0,0.0,0.0,1.0,0.0,0.0,0.0,92.0,0.9783022443560518,1.0,0.0,15.0,146.0,6.0,1.0,1920.0,1080.0,16.0,0.0,0
34.0,1.0,1.0,0.0,0.0,2.0,0.0,19.0,0.0,0.0,2.938373776880063,0.0,0.0,13.0,0.0,0.0,0.0,0.0,0.0,1.0,0.0,0.0,1.0,864.0,1.0,0.0,9.0,0.0,0.0,0.0,0.0,1.0,0.0,0.0,0.0,0.0,98.0,0.9652595960490632,9.0,5.0,9.0,413.0,1.0,1.0,1920.0,1080.0,28.0,0.0,0
25.0,1.0,0.0,0.0,0.0,1.0,0.0,17.0,0.0,0.0,3.369832684675862,0.0,0.0,25.0,0.0,0.0,1.0,1.0,0.0,1.0,0.0,0.0,1.0,208.0,1.0,0.0,2.0,0.0,0.0,0.0,0.0,0.0,0.0,0.0,0.0,0.0,49.0,0.9733293667903498,12.0,3.0,2.0,113.0,19.0,1.0,1280.0,800.0,5.0,0.0,0
36.0,1.0,1.0,0.0,0.0,2.0,0.0,18.0,0.0,0.0,2.499788734137593,0.0,0.0,21.0,0.0,0.0,1.0,1.0,0.0,1.0,0.0,0.0,1.0,1129.0,0.0,0.0,20.0,0.0,0.0,0.0,0.0,0.0,0.0,0.0,0.0,0.0,65.0,0.966847014709809,7.0,6.0,20.0,46.0,10.0,1.0,1920.0,1080.0,44.0,0.0,0
23.0,1.0,0.0,0.0,0.0,1.0,0.0,7.0,1.0,0.14285714285714285,2.8082038950776256,0.0,0.0,6.0,0.0,0.0,1.0,1.0,0.0,1.0,0.0,0.0,1.0,1981.0,1.0,0.0,26.0,0.0,0.0,0.0,0.0,3.0,0.0,0.0,0.0,0.0,68.0,0.9465081774989054,6.0,3.0,26.0,79.0,16.0,1.0,1920.0,1080.0,12.0,0.0,0
40.0,1.0,0.0,0.0,0.0,1.0,0.0,15.0,0.0,0.0,2.180647792717416,0.0,0.0,13.0,0.0,0.0,0.0,0.0,0.0,1.0,0.0,0.0,0.0,799.0,0.0,0.0,25.0,0.0,0.0,0.0,0.0,0.0,1.0,1.0,0.0,0.0,116.0,0.9509819529139873,5.0,4.0,25.0,248.0,5.0,1.0,1920.0,1080.0,26.0,0.0,0
24.0,1.0,2.0,0.0,0.0,3.0,0.0,16.0,0.0,0.0,2.782835944416058,0.0,0.0,26.0,0.0,0.0,0.0,0.0,0.0,1.0,0.0,0.0,1.0,992.0,1.0,0.0,10.0,0.0,0.0,1.0,0.0,2.0,0.0,0.0,0.0,1.0,22.0,0.9476384682978757,3.0,2.0,10.0,438.0,19.0,1.0,1920.0,1080.0,28.0,0.0,0
35.0,1.0,1.0,0.0,0.0,2.0,0.0,17.0,0.0,0.0,2.8743837714099882,0.0,0.0,25.0,0.0,0.0,0.0,0.0,0.0,1.0,0.0,0.0,1.0,1381.0,1.0,0.0,27.0,0.0,0.0,0.0,0.0,1.0,0.0,0.0,0.0,0.0,85.0,0.9742792934920466,10.0,9.0,27.0,91.0,12.0,1.0,1920.0,1080.0,9.0,0.0,0
36.0,1.0,1.0,0.0,1.0,2.0,0.0,15.0,0.0,0.0,2.2938830737216587,0.0,0.0,29.0,0.0,0.0,0.0,0.0,0.0,1.0,0.0,0.0,1.0,1862.0,0.0,0.0,21.0,0.0,0.0,0.0,0.0,0.0,0.0,0.0,0.0,0.0,58.0,0.9243652326626159,3.0,2.0,21.0,175.0,17.0,1.0,1920.0,1080.0,38.0,0.0,0
50.0,1.0,0.0,0.0,0.0,1.0,0.0,17.0,0.0,0.0,2.5590337556199065,0.0,0.0,21.0,0.0,0.0,1.0,1.0,0.0,1.0,0.0,0.0,1.0,1670.0,0.0,0.0,29.0,0.0,0.0,0.0,0.0,2.0,1.0,0.0,0.0,0.0,63.0,0.9657286119586356,13.0,5.0,29.0,420.0,4.0,1.0,1920.0,1080.0,43.0,0.0,0
49.0,1.0,1.0,0.0,0.0,2.0,0.0,13.0,0.0,0.0,2.3123767859179463,0.0,0.0,27.0,0.0,0.0,0.0,0.0,0.0,1.0,0.0,0.0,1.0,668.0,3.0,1.0,21.0,0.0,0.0,0.0,0.0,3.0,1.0,0.0,0.0,0.0,65.0,0.9249633133565244,13.0,7.0,21.0,347.0,15.0,1.0,1920.0,1080.0,10.0,0.0,0
31.0,1.0,0.0,0.0,0.0,1.0,0.0,12.0,0.0,0.0,3.2735929243538613,0.0,0.0,0.0,0.0,0.0,0.0,0.0,0.0,1.0,0.0,0.0,1.0,385.0,0.0,1.0,15.0,0.0,0.0,0.0,0.0,1.0,0.0,0.0,0.0,0.0,37.0,0.9991604266707458,5.0,4.0,15.0,22.0,12.0,1.0,1920.0,1080.0,29.0,0.0,0
45.0,1.0,1.0,0.0,0.0,2.0,0.0,14.0,0.0,0.0,2.853504826396578,0.0,0.0,33.0,0.0,0.0,1.0,1.0,0.0,1.0,0.0,0.0,1.0,227.0,0.0,0.0,14.0,0.0,0.0,0.0,0.0,1.0,0.0,0.0,0.0,0.0,77.0,0.9825306046442598,13.0,1.0,14.0,115.0,10.0,1.0,1280.0,800.0,40.0,0.0,0
43.0,1.0,1.0,0.0,0.0,2.0,0.0,15.0,0.0,0.0,3.0615877670920404,0.0,0.0,18.0,0.0,0.0,0.0,0.0,0.0,1.0,0.0,0.0,1.0,778.0,1.0,1.0,18.0,0.0,0.0,0.0,0.0,3.0,0.0,1.0,0.0,0.0,113.0,0.9311989901377411,3.0,2.0,18.0,84.0,5.0,1.0,1920.0,1080.0,24.0,0.0,0
39.0,1.0,1.0,0.0,0.0,2.0,0.0,20.0,0.0,0.0,3.0492254893038795,0.0,0.0,25.0,5.0,0.0,0.0,0.0,0.0,1.0,0.0,0.0,1.0,742.0,1.0,0.0,14.0,0.0,0.0,0.0,0.0,2.0,0.0,0.0,0.0,0.0,101.0,0.9395041550168144,5.0,4.0,14.0,107.0,12.0,1.0,1920.0,1080.0,25.0,0.0,0
24.0,1.0,1.0,0.0,0.0,2.0,0.0,15.0,0.0,0.0,2.636123978608226,0.0,0.0,12.0,0.0,0.0,1.0,1.0,0.0,1.0,0.0,0.0,1.0,107.0,1.0,0.0,7.0,1.0,1.0,0.0,0.0,0.0,1.0,0.0,0.0,1.0,28.0,0.9283740776428427,3.0,2.0,7.0,377.0,2.0,1.0,1920.0,1080.0,20.0,0.0,0
41.0,1.0,1.0,0.0,0.0,2.0,0.0,19.0,0.0,0.0,2.258203898744674,0.0,0.0,15.0,0.0,0.0,1.0,1.0,0.0,1.0,0.0,0.0,1.0,1602.0,0.0,0.0,13.0,0.0,0.0,0.0,0.0,0.0,0.0,0.0,0.0,0.0,32.0,0.9445132359480829,13.0,5.0,13.0,25.0,5.0,1.0,1920.0,1080.0,44.0,0.0,0
27.0,1.0,0.0,0.0,0.0,1.0,0.0,10.0,0.0,0.0,2.8862912581713553,0.0,0.0,8.0,0.0,0.0,1.0,1.0,0.0,1.0,0.0,0.0,1.0,1992.0,2.0,1.0,14.0,0.0,0.0,0.0,0.0,1.0,0.0,0.0,0.0,0.0,88.0,0.9366719658894666,9.0,7.0,14.0,71.0,15.0,1.0,1920.0,1080.0,10.0,0.0,0
28.0,1.0,0.0,0.0,1.0,1.0,0.0,14.0,0.0,0.0,2.563542723736065,0.0,0.0,8.0,0.0,0.0,0.0,0.0,0.0,1.0,0.0,0.0,1.0,870.0,1.0,1.0,15.0,0.0,0.0,0.0,0.0,0.0,1.0,0.0,0.0,0.0,83.0,0.9812686915107793,9.0,1.0,15.0,280.0,11.0,1.0,1920.0,1080.0,3.0,0.0,0
30.0,1.0,1.0,0.0,0.0,2.0,0.0,9.0,0.0,0.0,2.6557064866166957,0.0,0.0,4.0,0.0,0.0,1.0,1.0,0.0,1.0,0.0,0.0,1.0,223.0,2.0,1.0,24.0,0.0,0.0,0.0,0.0,3.0,0.0,0.0,0.0,0.0,97.0,0.9965033505210689,7.0,2.0,24.0,309.0,15.0,1.0,1920.0,1080.0,41.0,0.0,0
25.0,1.0,1.0,0.0,0.0,2.0,0.0,7.0,0.0,0.0,3.216307557617946,0.0,0.0,33.0,0.0,0.0,1.0,1.0,0.0,1.0,0.0,0.0,1.0,2024.0,0.0,0.0,20.0,0.0,0.0,0.0,0.0,2.0,0.0,0.0,0.0,0.0,42.0,0.9841916824442906,6.0,2.0,20.0,94.0,15.0,1.0,1920.0,1080.0,40.0,0.0,0
25.0,1.0,0.0,0.0,0.0,1.0,0.0,13.0,0.0,0.0,3.0165531782596706,0.0,0.0,3.0,0.0,0.0,0.0,0.0,0.0,1.0,0.0,0.0,1.0,1622.0,1.0,0.0,24.0,0.0,0.0,0.0,0.0,1.0,0.0,0.0,0.0,0.0,89.0,0.9741315707855878,1.0,0.0,24.0,67.0,3.0,1.0,1920.0,1080.0,18.0,0.0,0
22.0,0.0,1.0,0.0,1.0,2.0,0.0,9.0,0.0,0.0,2.972316874692783,0.0,0.0,30.0,0.0,0.0,1.0,1.0,0.0,0.0,0.0,0.0,0.0,1953.0,1.0,1.0,24.0,0.0,0.0,0.0,0.0,2.0,0.0,0.0,0.0,0.0,17.0,0.3518513379754371,13.0,8.0,24.0,358.0,7.0,1.0,1920.0,1080.0,33.0,0.0,0
30.0,1.0,0.0,0.0,0.0,1.0,0.0,15.0,0.0,0.0,2.317697667873385,0.0,0.0,30.0,0.0,0.0,0.0,0.0,0.0,1.0,0.0,0.0,1.0,2437.0,1.0,0.0,21.0,0.0,0.0,0.0,0.0,0.0,0.0,0.0,0.0,0.0,36.0,0.935657011207972,2.0,1.0,21.0,132.0,16.0,1.0,1920.0,1080.0,17.0,0.0,0
19.0,1.0,1.0,0.0,0.0,2.0,0.0,7.0,2.0,0.2857142857142857,2.66584096355352,0.0,0.0,15.0,0.0,0.0,1.0,1.0,0.0,1.0,0.0,0.0,1.0,1937.0,0.0,0.0,3.0,0.0,0.0,0.0,0.0,3.0,1.0,0.0,0.0,0.0,52.0,0.9786287349865465,1.0,0.0,3.0,331.0,0.0,1.0,1920.0,1080.0,2.0,0.0,0
21.0,1.0,0.0,0.0,0.0,1.0,0.0,7.0,0.0,0.0,2.243784678535109,0.0,0.0,5.0,0.0,0.0,0.0,0.0,0.0,1.0,0.0,0.0,1.0,551.0,0.0,0.0,18.0,0.0,0.0,0.0,0.0,1.0,0.0,0.0,0.0,0.0,53.0,0.9852057680540646,1.0,0.0,18.0,411.0,18.0,1.0,1920.0,1080.0,35.0,0.0,0
21.0,0.0,1.0,0.0,2.0,2.0,0.0,14.0,0.0,0.0,3.1172501876943817,0.0,0.0,28.0,0.0,0.0,1.0,1.0,0.0,0.0,1.0,0.0,0.0,1947.0,3.0,1.0,7.0,0.0,0.0,1.0,0.0,3.0,0.0,1.0,0.0,1.0,68.0,0.19646608572310478,8.0,6.0,7.0,87.0,2.0,1.0,1920.0,1080.0,30.0,0.0,0
28.0,1.0,1.0,0.0,0.0,2.0,0.0,8.0,0.0,0.0,2.5411196863524244,0.0,0.0,16.0,0.0,0.0,0.0,0.0,0.0,1.0,0.0,0.0,1.0,1381.0,1.0,0.0,4.0,0.0,0.0,0.0,0.0,0.0,0.0,0.0,0.0,0.0,15.0,0.9857000123647763,13.0,5.0,4.0,425.0,0.0,1.0,1280.0,800.0,28.0,0.0,0
33.0,1.0,1.0,0.0,0.0,2.0,0.0,18.0,0.0,0.0,3.3152341727406185,0.0,0.0,22.0,20.0,0.0,0.0,0.0,0.0,1.0,0.0,0.0,1.0,1084.0,1.0,0.0,3.0,0.0,0.0,0.0,0.0,2.0,0.0,0.0,0.0,0.0,95.0,0.9602676104484923,6.0,5.0,3.0,292.0,8.0,1.0,1920.0,1080.0,7.0,0.0,0
35.0,1.0,0.0,0.0,2.0,1.0,0.0,19.0,1.0,0.05263157894736842,3.339722390178596,0.0,0.0,14.0,0.0,0.0,1.0,1.0,0.0,1.0,0.0,0.0,1.0,1670.0,2.0,0.0,16.0,1.0,1.0,0.0,0.0,0.0,3.0,0.0,0.0,1.0,43.0,0.9316816815437571,9.0,8.0,16.0,155.0,6.0,1.0,1280.0,800.0,33.0,0.0,0
24.0,1.0,1.0,0.0,0.0,2.0,0.0,12.0,0.0,0.0,2.293058816136785,0.0,0.0,20.0,0.0,0.0,0.0,0.0,0.0,1.0,0.0,0.0,1.0,1785.0,1.0,0.0,28.0,0.0,0.0,0.0,0.0,3.0,1.0,0.0,0.0,0.0,78.0,0.9575232598014524,2.0,1.0,28.0,134.0,3.0,1.0,1920.0,1080.0,14.0,0.0,0
40.0,1.0,0.0,0.0,0.0,1.0,0.0,17.0,0.0,0.0,2.892756590012552,0.0,0.0,23.0,0.0,0.0,1.0,1.0,0.0,1.0,0.0,0.0,1.0,1455.0,1.0,0.0,17.0,1.0,0.0,0.0,0.0,0.0,1.0,0.0,0.0,1.0,72.0,0.9793252886773464,5.0,1.0,17.0,187.0,9.0,1.0,1920.0,1080.0,19.0,0.0,0
37.0,1.0,0.0,0.0,0.0,1.0,0.0,7.0,0.0,0.0,2.1049882891601412,0.0,0.0,8.0,0.0,0.0,1.0,1.0,0.0,1.0,0.0,0.0,1.0,2051.0,1.0,0.0,22.0,0.0,0.0,0.0,0.0,0.0,0.0,0.0,0.0,0.0,111.0,0.9927638778409711,1.0,0.0,22.0,80.0,16.0,1.0,1920.0,1080.0,4.0,0.0,0
43.0,1.0,1.0,0.0,1.0,2.0,0.0,13.0,0.0,0.0,2.807974083323974,0.0,0.0,0.0,0.0,0.0,1.0,1.0,0.0,1.0,0.0,0.0,1.0,566.0,1.0,0.0,15.0,0.0,0.0,0.0,0.0,2.0,0.0,0.0,0.0,0.0,40.0,0.9221494123235948,4.0,2.0,15.0,440.0,3.0,1.0,1280.0,800.0,12.0,0.0,0
31.0,1.0,0.0,0.0,2.0,1.0,0.0,7.0,0.0,0.0,2.427824740744189,0.0,0.0,25.0,0.0,0.0,1.0,1.0,0.0,1.0,0.0,0.0,1.0,2214.0,0.0,0.0,3.0,0.0,0.0,0.0,0.0,1.0,0.0,0.0,0.0,0.0,73.0,0.9950971708299228,7.0,6.0,3.0,326.0,3.0,1.0,1920.0,1080.0,20.0,0.0,0
23.0,1.0,0.0,0.0,0.0,1.0,0.0,10.0,0.0,0.0,2.8765060918299254,0.0,0.0,6.0,0.0,0.0,1.0,1.0,0.0,1.0,0.0,0.0,1.0,2484.0,2.0,1.0,6.0,0.0,0.0,1.0,0.0,3.0,1.0,0.0,0.0,1.0,51.0,0.9295285228701373,3.0,2.0,6.0,21.0,7.0,1.0,1920.0,1080.0,12.0,0.0,0
25.0,1.0,1.0,0.0,0.0,2.0,0.0,13.0,0.0,0.0,3.309214763721315,0.0,0.0,33.0,0.0,0.0,0.0,0.0,0.0,1.0,0.0,0.0,1.0,962.0,1.0,0.0,11.0,0.0,0.0,0.0,0.0,1.0,0.0,0.0,0.0,0.0,18.0,0.9666148917243667,3.0,1.0,11.0,16.0,16.0,1.0,1280.0,800.0,7.0,0.0,0
28.0,1.0,1.0,0.0,0.0,2.0,0.0,14.0,0.0,0.0,2.2772814257078355,0.0,0.0,20.0,5.0,0.0,0.0,0.0,0.0,1.0,0.0,0.0,1.0,539.0,1.0,0.0,22.0,0.0,0.0,0.0,0.0,1.0,1.0,0.0,0.0,0.0,108.0,0.9946294152101307,8.0,6.0,22.0,139.0,8.0,1.0,1920.0,1080.0,39.0,0.0,0
39.0,1.0,1.0,0.0,0.0,2.0,0.0,7.0,0.0,0.0,2.18203827985021,0.0,0.0,7.0,0.0,0.0,0.0,0.0,0.0,1.0,0.0,0.0,1.0,2166.0,1.0,1.0,21.0,0.0,0.0,0.0,0.0,3.0,0.0,0.0,0.0,0.0,62.0,0.9291389710873117,10.0,8.0,21.0,184.0,9.0,1.0,1920.0,1080.0,27.0,0.0,0
28.0,1.0,1.0,0.0,0.0,2.0,0.0,13.0,0.0,0.0,2.1586967737359797,0.0,0.0,20.0,0.0,0.0,0.0,0.0,0.0,1.0,0.0,0.0,1.0,514.0,1.0,0.0,13.0,1.0,1.0,0.0,0.0,3.0,2.0,0.0,0.0,1.0,101.0,0.9813276755769641,11.0,1.0,13.0,190.0,3.0,1.0,1920.0,1080.0,14.0,0.0,0
21.0,1.0,1.0,0.0,0.0,2.0,0.0,16.0,0.0,0.0,2.466493862276427,0.0,0.0,23.0,0.0,0.0,0.0,0.0,0.0,1.0,0.0,0.0,1.0,1517.0,0.0,1.0,28.0,0.0,0.0,0.0,0.0,2.0,0.0,0.0,0.0,0.0,90.0,0.9924986815548111,12.0,1.0,28.0,81.0,4.0,1.0,1920.0,1080.0,3.0,0.0,0
24.0,1.0,1.0,0.0,0.0,2.0,0.0,14.0,0.0,0.0,3.1426497513677294,0.0,0.0,12.0,0.0,0.0,0.0,0.0,0.0,1.0,0.0,0.0,1.0,1796.0,1.0,1.0,9.0,0.0,0.0,0.0,0.0,3.0,1.0,0.0,0.0,0.0,113.0,0.9440773055705297,4.0,3.0,9.0,202.0,0.0,1.0,1920.0,1080.0,27.0,0.0,0
54.0,0.0,1.0,0.0,0.0,2.0,0.0,7.0,2.0,0.2857142857142857,2.3718265739664988,0.0,0.0,15.0,0.0,0.0,0.0,0.0,0.0,0.0,0.0,0.0,0.0,695.0,1.0,0.0,27.0,0.0,0.0,0.0,0.0,0.0,0.0,0.0,0.0,0.0,111.0,0.1346826270382561,12.0,4.0,27.0,442.0,19.0,1.0,1920.0,1080.0,36.0,0.0,0
51.0,1.0,1.0,0.0,1.0,2.0,0.0,16.0,0.0,0.0,3.3196355242821394,0.0,0.0,32.0,0.0,0.0,0.0,0.0,0.0,1.0,0.0,0.0,1.0,2434.0,0.0,0.0,20.0,0.0,0.0,0.0,0.0,1.0,0.0,0.0,0.0,0.0,24.0,0.9443592339483224,4.0,1.0,20.0,340.0,7.0,1.0,1920.0,1080.0,24.0,0.0,0
51.0,1.0,1.0,0.0,1.0,2.0,0.0,8.0,0.0,0.0,2.8053453250557423,0.0,0.0,33.0,0.0,0.0,0.0,0.0,0.0,1.0,0.0,0.0,1.0,508.0,0.0,0.0,6.0,0.0,0.0,0.0,0.0,3.0,0.0,0.0,0.0,0.0,15.0,0.9334416041754143,10.0,0.0,6.0,372.0,2.0,1.0,1920.0,1080.0,40.0,0.0,0
40.0,1.0,1.0,0.0,0.0,2.0,0.0,13.0,0.0,0.0,3.3141713663878747,0.0,0.0,30.0,0.0,0.0,1.0,1.0,0.0,1.0,0.0,0.0,1.0,768.0,1.0,0.0,17.0,0.0,0.0,0.0,0.0,2.0,0.0,0.0,0.0,0.0,44.0,0.9973364912014768,6.0,0.0,17.0,346.0,17.0,1.0,1280.0,800.0,13.0,0.0,0
21.0,1.0,0.0,0.0,0.0,1.0,0.0,11.0,0.0,0.0,3.1695137982323685,0.0,0.0,20.0,0.0,0.0,0.0,0.0,0.0,1.0,0.0,0.0,1.0,493.0,1.0,0.0,21.0,0.0,0.0,0.0,0.0,3.0,0.0,1.0,0.0,0.0,58.0,0.9381985282954832,12.0,4.0,21.0,72.0,1.0,1.0,1280.0,800.0,11.0,0.0,0
30.0,1.0,1.0,0.0,0.0,2.0,0.0,17.0,2.0,0.11764705882352941,2.165227955415966,0.0,0.0,27.0,20.0,0.0,1.0,1.0,0.0,1.0,0.0,0.0,1.0,1248.0,2.0,1.0,12.0,0.0,0.0,0.0,0.0,0.0,0.0,0.0,0.0,0.0,114.0,0.9649548202815731,13.0,7.0,12.0,101.0,10.0,1.0,1920.0,1080.0,11.0,0.0,0
18.0,1.0,1.0,0.0,1.0,2.0,0.0,14.0,1.0,0.07142857142857142,2.1656596100976486,0.0,0.0,24.0,20.0,0.0,0.0,0.0,0.0,1.0,0.0,0.0,1.0,1813.0,3.0,2.0,4.0,0.0,0.0,0.0,0.0,0.0,1.0,0.0,0.0,0.0,113.0,0.9266057726428222,3.0,2.0,4.0,131.0,12.0,1.0,1920.0,1080.0,21.0,0.0,0
51.0,1.0,2.0,0.0,1.0,3.0,0.0,9.0,0.0,0.0,2.5513498178308756,0.0,0.0,1.0,5.0,0.0,0.0,0.0,0.0,1.0,0.0,0.0,1.0,2169.0,2.0,0.0,5.0,0.0,0.0,0.0,0.0,2.0,0.0,0.0,0.0,0.0,83.0,0.9996337210340365,5.0,4.0,5.0,255.0,6.0,1.0,1920.0,1080.0,37.0,0.0,0
21.0,1.0,1.0,0.0,0.0,2.0,0.0,14.0,0.0,0.0,2.4531634487727523,0.0,0.0,4.0,0.0,0.0,0.0,0.0,0.0,1.0,0.0,0.0,1.0,608.0,2.0,0.0,16.0,0.0,0.0,0.0,0.0,2.0,1.0,0.0,0.0,0.0,23.0,0.9825423860742981,8.0,2.0,16.0,218.0,18.0,1.0,1920.0,1080.0,21.0,0.0,0
38.0,1.0,1.0,0.0,0.0,2.0,0.0,17.0,0.0,0.0,2.336682067546412,0.0,0.0,31.0,0.0,0.0,1.0,1.0,0.0,1.0,0.0,0.0,1.0,1687.0,1.0,0.0,28.0,0.0,0.0,0.0,0.0,1.0,0.0,0.0,0.0,0.0,87.0,0.9395196241881978,3.0,2.0,28.0,86.0,4.0,1.0,1920.0,1080.0,31.0,0.0,0
37.0,1.0,1.0,0.0,0.0,2.0,0.0,20.0,0.0,0.0,2.455516869987474,0.0,0.0,3.0,5.0,0.0,0.0,0.0,0.0,1.0,0.0,0.0,1.0,1454.0,1.0,0.0,29.0,0.0,0.0,0.0,0.0,1.0,0.0,1.0,0.0,0.0,32.0,0.9823492136268096,14.0,9.0,29.0,21.0,3.0,1.0,1920.0,1080.0,42.0,0.0,0
51.0,1.0,1.0,0.0,0.0,2.0,0.0,20.0,0.0,0.0,2.9933469954092797,0.0,0.0,31.0,0.0,0.0,0.0,0.0,0.0,1.0,0.0,0.0,1.0,2459.0,1.0,1.0,21.0,1.0,0.0,0.0,1.0,2.0,2.0,0.0,0.0,1.0,83.0,0.9777929107570835,9.0,2.0,21.0,281.0,5.0,1.0,1280.0,800.0,36.0,0.0,0
21.0,1.0,0.0,0.0,0.0,1.0,0.0,21.0,0.0,0.0,2.6619003773558605,0.0,0.0,13.0,0.0,0.0,1.0,1.0,0.0,1.0,0.0,0.0,1.0,1952.0,1.0,1.0,23.0,1.0,1.0,0.0,0.0,2.0,2.0,0.0,0.0,1.0,69.0,0.988976913865755,12.0,9.0,23.0,400.0,4.0,1.0,1920.0,1080.0,40.0,0.0,0
29.0,1.0,1.0,0.0,0.0,2.0,0.0,12.0,0.0,0.0,2.4570656307242773,0.0,0.0,4.0,0.0,0.0,0.0,0.0,0.0,1.0,0.0,0.0,1.0,2009.0,1.0,0.0,14.0,0.0,0.0,0.0,0.0,3.0,0.0,0.0,0.0,0.0,80.0,0.9943719686161063,4.0,3.0,14.0,230.0,17.0,1.0,1920.0,1080.0,13.0,0.0,0
28.0,1.0,0.0,0.0,0.0,1.0,0.0,12.0,0.0,0.0,3.098094003028639,0.0,0.0,28.0,0.0,0.0,1.0,1.0,0.0,1.0,0.0,0.0,1.0,2260.0,0.0,1.0,20.0,0.0,0.0,0.0,0.0,0.0,0.0,0.0,0.0,0.0,24.0,0.9412090600332119,11.0,1.0,20.0,91.0,0.0,1.0,1920.0,1080.0,39.0,0.0,0
51.0,1.0,1.0,0.0,0.0,2.0,0.0,17.0,1.0,0.058823529411764705,2.6663736859589777,0.0,0.0,19.0,0.0,0.0,0.0,0.0,0.0,1.0,0.0,0.0,1.0,2255.0,1.0,0.0,16.0,0.0,0.0,0.0,0.0,3.0,0.0,0.0,0.0,0.0,62.0,0.9290002504421305,9.0,5.0,16.0,129.0,18.0,1.0,1920.0,1080.0,4.0,0.0,0
28.0,1.0,1.0,0.0,0.0,2.0,0.0,11.0,0.0,0.0,2.552117123963553,0.0,0.0,10.0,0.0,0.0,0.0,0.0,0.0,1.0,0.0,0.0,1.0,360.0,2.0,0.0,19.0,0.0,0.0,0.0,0.0,2.0,0.0,0.0,0.0,0.0,78.0,0.986002825531424,9.0,1.0,19.0,422.0,5.0,1.0,1280.0,800.0,11.0,0.0,0
29.0,1.0,1.0,0.0,0.0,2.0,0.0,7.0,2.0,0.2857142857142857,2.960353947146752,0.0,0.0,20.0,0.0,0.0,1.0,1.0,0.0,1.0,0.0,0.0,1.0,1869.0,1.0,1.0,14.0,0.0,0.0,1.0,0.0,2.0,0.0,0.0,0.0,1.0,69.0,0.959518331931215,2.0,1.0,14.0,159.0,5.0,1.0,1920.0,1080.0,39.0,0.0,0
42.0,1.0,0.0,0.0,0.0,1.0,0.0,12.0,0.0,0.0,3.2844566518095446,0.0,0.0,19.0,0.0,0.0,0.0,0.0,0.0,1.0,0.0,0.0,1.0,684.0,1.0,1.0,23.0,0.0,0.0,0.0,0.0,1.0,0.0,0.0,0.0,0.0,98.0,0.9351554746533922,5.0,4.0,23.0,331.0,8.0,1.0,1280.0,800.0,17.0,0.0,0
45.0,1.0,0.0,0.0,2.0,1.0,0.0,15.0,0.0,0.0,2.8752504467458087,0.0,0.0,25.0,0.0,0.0,0.0,0.0,0.0,1.0,0.0,0.0,1.0,806.0,1.0,0.0,28.0,0.0,0.0,0.0,0.0,1.0,1.0,0.0,0.0,0.0,80.0,0.9740956597085232,5.0,0.0,28.0,91.0,9.0,1.0,1920.0,1080.0,26.0,0.0,0
20.0,1.0,0.0,0.0,0.0,1.0,0.0,16.0,0.0,0.0,3.184795728712926,0.0,0.0,19.0,5.0,0.0,0.0,0.0,0.0,1.0,0.0,0.0,1.0,2000.0,0.0,0.0,15.0,0.0,0.0,0.0,0.0,0.0,1.0,0.0,0.0,0.0,102.0,0.9388306609518686,12.0,9.0,15.0,337.0,0.0,1.0,1920.0,1080.0,11.0,0.0,0
41.0,1.0,1.0,0.0,0.0,2.0,0.0,7.0,0.0,0.0,3.2635995269103986,0.0,0.0,33.0,0.0,0.0,1.0,1.0,0.0,1.0,0.0,0.0,1.0,1178.0,0.0,0.0,8.0,0.0,0.0,0.0,0.0,1.0,0.0,0.0,0.0,0.0,17.0,0.940716928401998,1.0,0.0,8.0,165.0,4.0,1.0,1280.0,800.0,3.0,0.0,0
24.0,1.0,1.0,0.0,0.0,2.0,0.0,18.0,0.0,0.0,2.709777667707155,0.0,0.0,29.0,0.0,0.0,0.0,0.0,0.0,1.0,0.0,0.0,1.0,1680.0,0.0,0.0,21.0,0.0,0.0,0.0,0.0,3.0,0.0,0.0,0.0,0.0,114.0,0.9333478862564463,4.0,3.0,21.0,185.0,17.0,1.0,1920.0,1080.0,42.0,0.0,0
39.0,1.0,0.0,0.0,0.0,1.0,0.0,21.0,0.0,0.0,2.1507083469916637,0.0,0.0,15.0,0.0,0.0,0.0,0.0,0.0,1.0,0.0,0.0,1.0,1859.0,0.0,2.0,8.0,0.0,0.0,0.0,0.0,0.0,0.0,0.0,0.0,0.0,65.0,0.983884467050448,3.0,2.0,8.0,215.0,4.0,1.0,1280.0,800.0,5.0,0.0,0
46.0,1.0,1.0,0.0,0.0,2.0,0.0,7.0,0.0,0.0,2.684056911043645,0.0,0.0,4.0,5.0,0.0,0.0,0.0,0.0,1.0,0.0,0.0,1.0,179.0,2.0,0.0,15.0,0.0,0.0,0.0,0.0,0.0,0.0,0.0,0.0,0.0,20.0,0.9775510524459856,13.0,3.0,15.0,86.0,17.0,1.0,1920.0,1080.0,40.0,0.0,0
31.0,1.0,1.0,0.0,0.0,2.0,0.0,12.0,0.0,0.0,3.2824337555943917,0.0,0.0,24.0,5.0,0.0,0.0,0.0,0.0,1.0,0.0,0.0,1.0,1155.0,2.0,0.0,11.0,1.0,1.0,0.0,1.0,2.0,1.0,0.0,0.0,1.0,81.0,0.9280123998005414,12.0,2.0,11.0,478.0,8.0,1.0,1920.0,1080.0,4.0,0.0,0
21.0,1.0,0.0,0.0,2.0,1.0,0.0,13.0,0.0,0.0,2.1240906036726335,0.0,0.0,30.0,0.0,0.0,0.0,0.0,0.0,1.0,0.0,0.0,1.0,1725.0,1.0,1.0,12.0,0.0,0.0,0.0,0.0,1.0,0.0,0.0,0.0,0.0,48.0,0.9709841725230419,7.0,5.0,12.0,378.0,2.0,1.0,1280.0,800.0,27.0,0.0,0
41.0,1.0,1.0,0.0,0.0,2.0,0.0,16.0,0.0,0.0,3.02943867061731,0.0,0.0,33.0,0.0,0.0,0.0,0.0,0.0,1.0,0.0,0.0,1.0,357.0,0.0,1.0,29.0,0.0,0.0,0.0,0.0,2.0,0.0,0.0,0.0,0.0,112.0,0.9330008852237965,9.0,2.0,29.0,280.0,7.0,1.0,1280.0,800.0,6.0,0.0,0
32.0,1.0,1.0,0.0,1.0,2.0,0.0,16.0,0.0,0.0,2.782700062345117,0.0,0.0,28.0,0.0,0.0,1.0,1.0,0.0,1.0,0.0,0.0,1.0,446.0,3.0,1.0,27.0,1.0,1.0,0.0,0.0,0.0,1.0,0.0,0.0,1.0,93.0,0.9893609285528481,1.0,0.0,27.0,357.0,10.0,1.0,1280.0,800.0,31.0,0.0,0
33.0,1.0,1.0,0.0,0.0,2.0,0.0,7.0,0.0,0.0,3.2917828040543706,0.0,0.0,23.0,0.0,0.0,1.0,1.0,0.0,1.0,0.0,0.0,1.0,525.0,0.0,0.0,27.0,0.0,0.0,0.0,0.0,1.0,1.0,0.0,0.0,0.0,113.0,0.9709668711083772,3.0,2.0,27.0,436.0,6.0,1.0,1920.0,1080.0,26.0,0.0,0
38.0,1.0,1.0,0.0,0.0,2.0,0.0,21.0,0.0,0.0,3.2090666234833076,0.0,0.0,33.0,0.0,0.0,0.0,0.0,0.0,1.0,0.0,0.0,1.0,783.0,1.0,0.0,13.0,0.0,0.0,0.0,0.0,2.0,0.0,0.0,0.0,0.0,25.0,0.9431549094424018,4.0,3.0,13.0,133.0,17.0,1.0,1920.0,1080.0,42.0,0.0,0
54.0,1.0,2.0,0.0,0.0,3.0,0.0,10.0,2.0,0.2,3.1406969366647717,0.0,0.0,14.0,0.0,0.0,1.0,1.0,0.0,1.0,0.0,0.0,1.0,1295.0,1.0,0.0,20.0,0.0,0.0,0.0,0.0,1.0,0.0,0.0,0.0,0.0,43.0,0.9327733079493721,14.0,8.0,20.0,308.0,0.0,1.0,1920.0,1080.0,27.0,0.0,0
26.0,1.0,0.0,0.0,0.0,1.0,0.0,17.0,1.0,0.058823529411764705,2.6284015333376938,0.0,0.0,27.0,5.0,0.0,1.0,1.0,0.0,1.0,0.0,0.0,1.0,155.0,2.0,1.0,10.0,0.0,0.0,0.0,0.0,2.0,0.0,1.0,0.0,0.0,83.0,0.9239888117119331,1.0,0.0,10.0,220.0,0.0,1.0,1920.0,1080.0,38.0,0.0,0
45.0,1.0,1.0,0.0,0.0,2.0,0.0,14.0,0.0,0.0,3.3119469490972637,0.0,0.0,20.0,0.0,0.0,1.0,1.0,0.0,1.0,0.0,0.0,1.0,117.0,1.0,1.0,2.0,1.0,0.0,0.0,0.0,0.0,2.0,0.0,0.0,1.0,27.0,0.9370428255874612,9.0,8.0,2.0,375.0,2.0,1.0,1920.0,1080.0,6.0,0.0,0
39.0,1.0,0.0,0.0,0.0,1.0,0.0,18.0,1.0,0.05555555555555555,2.7524303903318548,0.0,0.0,32.0,0.0,0.0,1.0,1.0,0.0,1.0,0.0,0.0,1.0,411.0,0.0,0.0,25.0,0.0,0.0,0.0,0.0,0.0,0.0,0.0,0.0,0.0,58.0,0.93031220680588,2.0,1.0,25.0,388.0,17.0,1.0,1920.0,1080.0,33.0,0.0,0
32.0,1.0,1.0,0.0,0.0,2.0,0.0,15.0,0.0,0.0,3.1429239330056484,0.0,0.0,3.0,0.0,0.0,0.0,0.0,0.0,1.0,0.0,0.0,1.0,1644.0,2.0,0.0,24.0,0.0,0.0,0.0,0.0,0.0,0.0,0.0,0.0,0.0,95.0,0.9486981615636879,13.0,3.0,24.0,162.0,18.0,1.0,1280.0,800.0,14.0,0.0,0
40.0,1.0,0.0,0.0,0.0,1.0,0.0,15.0,0.0,0.0,2.739506431250868,0.0,0.0,26.0,5.0,0.0,1.0,1.0,0.0,1.0,0.0,0.0,1.0,921.0,0.0,1.0,18.0,0.0,0.0,0.0,0.0,2.0,1.0,0.0,0.0,0.0,30.0,0.9901847788954429,8.0,2.0,18.0,245.0,17.0,1.0,1920.0,1080.0,18.0,0.0,0
23.0,1.0,1.0,0.0,0.0,2.0,0.0,18.0,0.0,0.0,2.408828018938101,0.0,0.0,32.0,0.0,0.0,1.0,1.0,0.0,1.0,0.0,0.0,1.0,316.0,2.0,1.0,25.0,1.0,1.0,0.0,0.0,1.0,3.0,0.0,0.0,1.0,43.0,0.9301309700414699,1.0,0.0,25.0,424.0,15.0,1.0,1920.0,1080.0,28.0,0.0,0
49.0,1.0,0.0,0.0,1.0,1.0,0.0,15.0,0.0,0.0,3.3858629148413533,0.0,0.0,21.0,0.0,0.0,0.0,0.0,0.0,1.0,0.0,0.0,0.0,512.0,2.0,0.0,12.0,1.0,0.0,0.0,0.0,3.0,3.0,0.0,0.0,1.0,93.0,0.9904123786328207,11.0,9.0,12.0,368.0,1.0,1.0,1920.0,1080.0,5.0,0.0,0
40.0,1.0,1.0,0.0,0.0,2.0,0.0,8.0,0.0,0.0,3.2387129288420664,0.0,0.0,13.0,0.0,0.0,0.0,0.0,0.0,1.0,0.0,0.0,1.0,1806.0,1.0,0.0,29.0,0.0,0.0,0.0,0.0,2.0,0.0,0.0,0.0,0.0,39.0,0.979468231645601,11.0,2.0,29.0,52.0,19.0,1.0,1920.0,1080.0,24.0,0.0,0
22.0,1.0,1.0,0.0,0.0,2.0,0.0,9.0,0.0,0.0,2.9444058461847584,0.0,0.0,7.0,0.0,0.0,0.0,0.0,0.0,1.0,0.0,0.0,1.0,2353.0,2.0,0.0,14.0,0.0,0.0,0.0,0.0,3.0,0.0,0.0,0.0,0.0,29.0,0.9674797132657481,1.0,0.0,14.0,226.0,13.0,1.0,1920.0,1080.0,18.0,0.0,0
23.0,1.0,0.0,0.0,0.0,1.0,0.0,11.0,0.0,0.0,2.3587146827397447,0.0,1.0,14.0,0.0,0.0,0.0,0.0,0.0,1.0,0.0,0.0,1.0,635.0,0.0,1.0,24.0,0.0,0.0,0.0,0.0,3.0,1.0,0.0,0.0,0.0,25.0,0.9720204056874929,3.0,2.0,24.0,97.0,9.0,1.0,1920.0,1080.0,19.0,0.0,0
35.0,1.0,1.0,0.0,1.0,2.0,0.0,11.0,0.0,0.0,2.55592272438971,0.0,0.0,33.0,0.0,0.0,0.0,0.0,0.0,1.0,0.0,0.0,1.0,1544.0,2.0,0.0,8.0,0.0,0.0,0.0,0.0,3.0,0.0,0.0,0.0,0.0,92.0,0.9341151816376281,6.0,3.0,8.0,494.0,17.0,1.0,1920.0,1080.0,26.0,0.0,0
45.0,1.0,1.0,0.0,0.0,2.0,0.0,16.0,0.0,0.0,2.9374769207865032,0.0,0.0,2.0,0.0,0.0,0.0,0.0,0.0,1.0,0.0,0.0,1.0,1393.0,1.0,0.0,10.0,0.0,0.0,0.0,0.0,3.0,0.0,0.0,0.0,0.0,39.0,0.9776089066811957,12.0,8.0,10.0,407.0,6.0,1.0,1920.0,1080.0,17.0,0.0,0
27.0,1.0,1.0,0.0,0.0,2.0,0.0,11.0,0.0,0.0,3.3879734522111846,0.0,0.0,18.0,5.0,0.0,0.0,0.0,0.0,1.0,0.0,0.0,1.0,849.0,0.0,0.0,28.0,0.0,0.0,0.0,0.0,2.0,1.0,0.0,0.0,0.0,87.0,0.9731539029274142,13.0,0.0,28.0,206.0,1.0,1.0,1280.0,800.0,9.0,0.0,0
50.0,1.0,0.0,0.0,0.0,1.0,0.0,9.0,0.0,0.0,2.1811775574661016,0.0,0.0,31.0,5.0,0.0,0.0,0.0,0.0,1.0,0.0,0.0,1.0,216.0,0.0,1.0,23.0,0.0,0.0,0.0,0.0,2.0,0.0,0.0,0.0,0.0,39.0,0.9435035576523463,14.0,6.0,23.0,434.0,1.0,1.0,1920.0,1080.0,12.0,0.0,0
52.0,1.0,0.0,0.0,0.0,1.0,0.0,17.0,0.0,0.0,2.5717255620936346,0.0,0.0,16.0,5.0,0.0,1.0,1.0,0.0,1.0,0.0,0.0,1.0,1904.0,2.0,0.0,20.0,0.0,0.0,0.0,0.0,1.0,0.0,0.0,0.0,0.0,79.0,0.9261378719564819,14.0,7.0,20.0,14.0,8.0,1.0,1280.0,800.0,4.0,0.0,0
29.0,1.0,0.0,0.0,2.0,1.0,0.0,20.0,0.0,0.0,2.7613177794811468,0.0,0.0,0.0,0.0,0.0,1.0,1.0,0.0,1.0,0.0,0.0,1.0,1518.0,1.0,2.0,2.0,0.0,0.0,0.0,0.0,0.0,1.0,0.0,0.0,0.0,78.0,0.9205886263700332,12.0,6.0,2.0,132.0,6.0,1.0,1280.0,800.0,27.0,0.0,0
51.0,1.0,1.0,0.0,0.0,2.0,0.0,14.0,1.0,0.07142857142857142,2.804075999638033,0.0,0.0,27.0,5.0,0.0,1.0,1.0,0.0,1.0,0.0,0.0,1.0,1785.0,1.0,0.0,24.0,1.0,1.0,0.0,0.0,2.0,2.0,0.0,0.0,1.0,45.0,0.9958215665625718,10.0,5.0,24.0,393.0,12.0,1.0,1920.0,1080.0,26.0,0.0,0
52.0,1.0,1.0,0.0,0.0,2.0,0.0,20.0,0.0,0.0,2.4636970101531532,0.0,0.0,7.0,0.0,0.0,1.0,1.0,0.0,1.0,0.0,0.0,0.0,1485.0,2.0,1.0,19.0,1.0,1.0,0.0,0.0,3.0,2.0,0.0,0.0,1.0,31.0,0.9728268664411303,8.0,7.0,19.0,396.0,5.0,1.0,1920.0,1080.0,30.0,0.0,0
53.0,1.0,0.0,0.0,1.0,1.0,0.0,7.0,0.0,0.0,2.5043091047721537,0.0,0.0,31.0,5.0,0.0,1.0,1.0,0.0,1.0,0.0,0.0,0.0,195.0,0.0,0.0,6.0,0.0,0.0,0.0,0.0,1.0,0.0,1.0,0.0,0.0,22.0,0.982752453248672,14.0,9.0,6.0,248.0,10.0,1.0,1920.0,1080.0,13.0,0.0,0
45.0,1.0,1.0,0.0,0.0,2.0,0.0,16.0,0.0,0.0,2.7883936995291947,0.0,0.0,7.0,0.0,0.0,0.0,0.0,0.0,1.0,0.0,0.0,1.0,241.0,3.0,0.0,13.0,0.0,0.0,0.0,0.0,2.0,0.0,0.0,0.0,0.0,85.0,0.9275744792403836,6.0,5.0,13.0,50.0,6.0,1.0,1920.0,1080.0,4.0,0.0,0
37.0,1.0,0.0,0.0,0.0,1.0,0.0,7.0,1.0,0.14285714285714285,2.73277636285801,0.0,0.0,26.0,0.0,0.0,1.0,1.0,0.0,1.0,0.0,0.0,1.0,346.0,1.0,0.0,9.0,0.0,0.0,0.0,0.0,0.0,0.0,0.0,0.0,0.0,99.0,0.9782050428345761,3.0,1.0,9.0,185.0,18.0,1.0,1920.0,1080.0,7.0,0.0,0
29.0,1.0,1.0,0.0,0.0,2.0,0.0,7.0,1.0,0.14285714285714285,2.2698246960245676,0.0,0.0,24.0,0.0,0.0,1.0,1.0,0.0,1.0,0.0,0.0,1.0,1046.0,1.0,0.0,29.0,0.0,0.0,1.0,0.0,2.0,0.0,0.0,0.0,1.0,37.0,0.9479096333284233,5.0,4.0,29.0,348.0,15.0,1.0,1280.0,800.0,35.0,0.0,0
48.0,1.0,1.0,0.0,0.0,2.0,0.0,13.0,2.0,0.15384615384615385,2.302400377082713,0.0,0.0,10.0,0.0,0.0,1.0,1.0,0.0,1.0,0.0,0.0,1.0,1739.0,2.0,0.0,7.0,1.0,0.0,0.0,0.0,1.0,1.0,0.0,0.0,1.0,85.0,0.9940230555834524,3.0,2.0,7.0,367.0,10.0,1.0,1920.0,1080.0,20.0,0.0,0
23.0,1.0,2.0,0.0,0.0,3.0,0.0,13.0,1.0,0.07692307692307693,3.0052711622929396,0.0,0.0,5.0,0.0,0.0,0.0,0.0,0.0,1.0,0.0,0.0,1.0,1436.0,1.0,1.0,15.0,0.0,0.0,0.0,0.0,2.0,0.0,0.0,0.0,0.0,31.0,0.9242348748455055,13.0,3.0,15.0,489.0,16.0,1.0,1920.0,1080.0,26.0,0.0,0
39.0,1.0,0.0,0.0,0.0,1.0,0.0,19.0,0.0,0.0,2.543494123565588,0.0,0.0,19.0,0.0,0.0,0.0,0.0,0.0,1.0,0.0,0.0,1.0,711.0,0.0,0.0,20.0,0.0,0.0,0.0,0.0,3.0,0.0,1.0,0.0,0.0,93.0,0.9899035752335905,10.0,1.0,20.0,154.0,13.0,1.0,1920.0,1080.0,14.0,0.0,0
22.0,1.0,1.0,0.0,0.0,2.0,0.0,14.0,0.0,0.0,2.9011128441297958,0.0,0.0,34.0,0.0,0.0,0.0,0.0,0.0,1.0,0.0,0.0,1.0,480.0,1.0,0.0,11.0,1.0,0.0,0.0,0.0,0.0,3.0,0.0,0.0,1.0,84.0,0.9919680475810588,12.0,6.0,11.0,27.0,12.0,1.0,1920.0,1080.0,2.0,0.0,0
39.0,1.0,1.0,0.0,0.0,2.0,0.0,14.0,0.0,0.0,2.2472005902368632,0.0,0.0,34.0,0.0,0.0,0.0,0.0,0.0,1.0,0.0,0.0,1.0,2395.0,1.0,1.0,2.0,0.0,0.0,0.0,0.0,2.0,0.0,1.0,0.0,0.0,55.0,0.971149984043422,8.0,7.0,2.0,132.0,8.0,1.0,1920.0,1080.0,3.0,0.0,0
32.0,1.0,1.0,0.0,1.0,2.0,0.0,21.0,0.0,0.0,2.442004038901448,0.0,0.0,6.0,0.0,0.0,0.0,0.0,0.0,1.0,0.0,0.0,1.0,593.0,0.0,0.0,11.0,0.0,0.0,0.0,0.0,1.0,0.0,0.0,0.0,0.0,79.0,0.9657827051633601,1.0,0.0,11.0,390.0,19.0,1.0,1280.0,800.0,22.0,0.0,0
29.0,1.0,0.0,0.0,0.0,1.0,0.0,7.0,0.0,0.0,3.2353041352350465,0.0,0.0,30.0,0.0,0.0,0.0,0.0,0.0,1.0,0.0,0.0,1.0,785.0,1.0,1.0,4.0,0.0,0.0,0.0,0.0,0.0,0.0,0.0,0.0,0.0,51.0,0.962365814457014,6.0,5.0,4.0,46.0,10.0,1.0,1920.0,1080.0,11.0,0.0,0
31.0,1.0,0.0,0.0,0.0,1.0,0.0,16.0,0.0,0.0,2.960418405879507,0.0,0.0,1.0,0.0,0.0,0.0,0.0,0.0,1.0,0.0,0.0,1.0,881.0,2.0,1.0,5.0,0.0,0.0,0.0,0.0,3.0,0.0,0.0,0.0,0.0,36.0,0.9374618559025195,10.0,6.0,5.0,205.0,5.0,1.0,1920.0,1080.0,8.0,0.0,0
33.0,1.0,0.0,0.0,0.0,1.0,0.0,11.0,0.0,0.0,2.8475915448110394,0.0,0.0,7.0,0.0,0.0,0.0,0.0,0.0,1.0,0.0,0.0,1.0,1185.0,0.0,0.0,5.0,0.0,0.0,0.0,0.0,3.0,0.0,0.0,0.0,0.0,91.0,0.9203064232400259,11.0,7.0,5.0,198.0,15.0,1.0,1920.0,1080.0,20.0,0.0,0
45.0,1.0,1.0,0.0,0.0,2.0,0.0,16.0,0.0,0.0,2.1962973793735823,0.0,1.0,4.0,0.0,0.0,1.0,1.0,0.0,1.0,0.0,0.0,1.0,315.0,1.0,0.0,18.0,0.0,0.0,0.0,0.0,2.0,0.0,0.0,0.0,0.0,74.0,0.9331250870612269,2.0,1.0,18.0,66.0,13.0,1.0,1920.0,1080.0,16.0,0.0,0
53.0,1.0,1.0,0.0,0.0,2.0,0.0,12.0,0.0,0.0,3.1488115852582084,0.0,0.0,28.0,0.0,0.0,1.0,1.0,0.0,1.0,0.0,0.0,1.0,356.0,1.0,1.0,3.0,0.0,0.0,0.0,0.0,1.0,0.0,0.0,0.0,0.0,62.0,0.9651426801386745,7.0,6.0,3.0,186.0,19.0,1.0,1920.0,1080.0,2.0,0.0,0
33.0,1.0,0.0,0.0,2.0,1.0,0.0,19.0,0.0,0.0,2.7848623158655377,0.0,0.0,10.0,0.0,0.0,0.0,0.0,0.0,1.0,0.0,0.0,1.0,1696.0,1.0,0.0,19.0,0.0,0.0,0.0,0.0,0.0,0.0,0.0,0.0,0.0,44.0,0.9243609511928688,11.0,3.0,19.0,52.0,8.0,1.0,1920.0,1080.0,2.0,0.0,0
53.0,1.0,1.0,0.0,0.0,2.0,0.0,13.0,0.0,0.0,3.3117678297148485,0.0,0.0,21.0,0.0,0.0,0.0,0.0,0.0,1.0,0.0,0.0,1.0,1209.0,0.0,1.0,14.0,0.0,0.0,0.0,0.0,3.0,1.0,0.0,0.0,0.0,58.0,0.9934817224354497,14.0,4.0,14.0,118.0,18.0,1.0,1920.0,1080.0,12.0,0.0,0
37.0,1.0,1.0,0.0,0.0,2.0,0.0,8.0,0.0,0.0,3.28227676324762,0.0,0.0,3.0,0.0,0.0,0.0,0.0,0.0,1.0,0.0,0.0,1.0,1726.0,2.0,0.0,7.0,0.0,0.0,0.0,0.0,0.0,1.0,0.0,0.0,0.0,89.0,0.9788382710666598,9.0,7.0,7.0,79.0,6.0,1.0,1920.0,1080.0,23.0,0.0,0
36.0,1.0,0.0,0.0,0.0,1.0,0.0,21.0,0.0,0.0,2.3335465833419446,0.0,0.0,27.0,0.0,0.0,1.0,1.0,0.0,1.0,0.0,0.0,1.0,906.0,1.0,1.0,6.0,1.0,1.0,0.0,0.0,3.0,2.0,0.0,0.0,1.0,119.0,0.9260098328123608,4.0,2.0,6.0,386.0,9.0,1.0,1920.0,1080.0,15.0,0.0,0
29.0,1.0,0.0,0.0,0.0,1.0,0.0,19.0,0.0,0.0,2.720162692733161,0.0,0.0,13.0,0.0,0.0,0.0,0.0,0.0,1.0,0.0,0.0,1.0,265.0,1.0,0.0,9.0,0.0,0.0,0.0,0.0,2.0,0.0,0.0,0.0,0.0,109.0,0.9810278321877184,12.0,5.0,9.0,469.0,3.0,1.0,1280.0,800.0,10.0,0.0,0
47.0,1.0,2.0,0.0,0.0,3.0,0.0,9.0,0.0,0.0,2.593479163382832,0.0,0.0,3.0,5.0,0.0,0.0,0.0,0.0,1.0,0.0,0.0,1.0,639.0,0.0,1.0,12.0,0.0,0.0,0.0,0.0,3.0,0.0,0.0,0.0,0.0,87.0,0.9505789856011594,9.0,8.0,12.0,106.0,9.0,1.0,1920.0,1080.0,29.0,0.0,0
36.0,1.0,1.0,0.0,0.0,2.0,0.0,18.0,0.0,0.0,2.747333170356943,0.0,0.0,8.0,5.0,0.0,1.0,1.0,0.0,1.0,0.0,0.0,1.0,2279.0,0.0,2.0,17.0,0.0,0.0,0.0,0.0,2.0,0.0,0.0,0.0,0.0,110.0,0.9926692208330465,4.0,2.0,17.0,129.0,11.0,1.0,1280.0,800.0,15.0,0.0,0
50.0,1.0,1.0,0.0,1.0,2.0,0.0,18.0,0.0,0.0,3.195320851904736,0.0,0.0,14.0,0.0,0.0,0.0,0.0,0.0,1.0,0.0,0.0,1.0,2376.0,1.0,0.0,20.0,1.0,0.0,0.0,0.0,1.0,2.0,0.0,0.0,1.0,34.0,0.9776898204891813,9.0,8.0,20.0,358.0,4.0,1.0,1920.0,1080.0,26.0,0.0,0
32.0,1.0,1.0,0.0,0.0,2.0,0.0,10.0,0.0,0.0,2.96714791426296,0.0,0.0,0.0,0.0,0.0,0.0,0.0,0.0,1.0,0.0,0.0,1.0,2210.0,1.0,1.0,24.0,0.0,0.0,0.0,0.0,2.0,0.0,0.0,0.0,0.0,34.0,0.93989803150325,9.0,8.0,24.0,45.0,6.0,1.0,1920.0,1080.0,24.0,0.0,0
38.0,1.0,1.0,0.0,0.0,2.0,0.0,10.0,0.0,0.0,3.062023140205677,0.0,0.0,8.0,0.0,0.0,1.0,1.0,0.0,1.0,0.0,0.0,1.0,2323.0,1.0,0.0,14.0,1.0,1.0,0.0,0.0,3.0,1.0,0.0,0.0,1.0,26.0,0.9933568890481991,14.0,4.0,14.0,67.0,19.0,1.0,1920.0,1080.0,22.0,0.0,0
28.0,1.0,0.0,0.0,1.0,1.0,0.0,15.0,0.0,0.0,3.1205088870707405,0.0,0.0,16.0,0.0,0.0,1.0,1.0,0.0,1.0,0.0,0.0,1.0,600.0,1.0,0.0,27.0,1.0,0.0,0.0,0.0,1.0,2.0,0.0,0.0,1.0,30.0,0.9212139359237138,12.0,7.0,27.0,115.0,14.0,1.0,1920.0,1080.0,35.0,0.0,0
44.0,1.0,1.0,0.0,0.0,2.0,0.0,13.0,0.0,0.0,2.1967569439700703,0.0,0.0,0.0,0.0,0.0,1.0,1.0,0.0,1.0,0.0,0.0,1.0,1295.0,2.0,0.0,14.0,0.0,0.0,0.0,0.0,3.0,0.0,0.0,0.0,0.0,73.0,0.9426400508343262,10.0,8.0,14.0,415.0,8.0,1.0,1280.0,800.0,29.0,0.0,0
34.0,1.0,0.0,0.0,0.0,1.0,0.0,19.0,0.0,0.0,2.4076230709110114,0.0,0.0,11.0,0.0,0.0,1.0,1.0,0.0,1.0,0.0,0.0,1.0,1134.0,1.0,0.0,6.0,0.0,0.0,0.0,0.0,0.0,0.0,0.0,0.0,0.0,57.0,0.9353021896829918,4.0,3.0,6.0,60.0,11.0,1.0,1280.0,800.0,10.0,0.0,0
45.0,1.0,1.0,0.0,0.0,2.0,0.0,12.0,0.0,0.0,2.6330309227642656,0.0,0.0,15.0,0.0,0.0,1.0,1.0,0.0,1.0,0.0,0.0,1.0,1687.0,1.0,1.0,14.0,0.0,0.0,0.0,0.0,1.0,0.0,0.0,0.0,0.0,85.0,0.978900315836837,10.0,2.0,14.0,295.0,0.0,1.0,1920.0,1080.0,32.0,0.0,0
51.0,1.0,1.0,0.0,0.0,2.0,0.0,12.0,0.0,0.0,2.200287686311879,0.0,0.0,18.0,0.0,0.0,0.0,0.0,0.0,1.0,0.0,0.0,1.0,271.0,1.0,0.0,21.0,0.0,0.0,0.0,0.0,1.0,0.0,0.0,0.0,0.0,98.0,0.9783911294162878,10.0,1.0,21.0,96.0,18.0,1.0,1280.0,800.0,7.0,0.0,0
45.0,1.0,1.0,0.0,0.0,2.0,0.0,9.0,0.0,0.0,3.0746434708186063,0.0,0.0,25.0,20.0,0.0,0.0,0.0,0.0,1.0,0.0,0.0,1.0,2483.0,1.0,0.0,28.0,0.0,0.0,0.0,0.0,3.0,0.0,0.0,0.0,0.0,88.0,0.9582399636043449,3.0,1.0,28.0,93.0,16.0,1.0,1920.0,1080.0,9.0,0.0,0
44.0,1.0,1.0,0.0,0.0,2.0,0.0,13.0,0.0,0.0,2.4419470308006095,0.0,0.0,14.0,5.0,0.0,1.0,1.0,0.0,1.0,0.0,0.0,1.0,1753.0,0.0,0.0,24.0,0.0,0.0,0.0,0.0,2.0,1.0,0.0,0.0,0.0,97.0,0.9506531574847301,10.0,6.0,24.0,476.0,1.0,1.0,1920.0,1080.0,41.0,0.0,0
53.0,1.0,0.0,0.0,0.0,1.0,0.0,13.0,1.0,0.07692307692307693,3.3298983034894807,0.0,0.0,10.0,0.0,0.0,0.0,0.0,0.0,1.0,0.0,0.0,1.0,1324.0,2.0,0.0,12.0,0.0,0.0,0.0,0.0,1.0,0.0,0.0,0.0,0.0,107.0,0.9811714858091289,10.0,8.0,12.0,191.0,2.0,1.0,1920.0,1080.0,15.0,0.0,0
42.0,1.0,1.0,0.0,1.0,2.0,0.0,13.0,0.0,0.0,3.0040338722606417,0.0,0.0,29.0,0.0,0.0,1.0,1.0,0.0,1.0,0.0,0.0,1.0,1260.0,1.0,0.0,18.0,0.0,0.0,0.0,0.0,2.0,1.0,0.0,0.0,0.0,104.0,0.9776298570185762,13.0,8.0,18.0,143.0,10.0,1.0,1920.0,1080.0,7.0,0.0,0
39.0,1.0,0.0,0.0,0.0,1.0,0.0,8.0,0.0,0.0,2.6793304410688106,0.0,0.0,31.0,0.0,0.0,0.0,0.0,0.0,1.0,0.0,0.0,1.0,577.0,1.0,1.0,16.0,0.0,0.0,0.0,0.0,0.0,0.0,0.0,0.0,0.0,39.0,0.9242861247685926,11.0,0.0,16.0,361.0,8.0,1.0,1920.0,1080.0,9.0,0.0,0
18.0,1.0,2.0,0.0,0.0,3.0,0.0,7.0,0.0,0.0,2.3089273539482815,0.0,1.0,18.0,0.0,0.0,1.0,1.0,0.0,1.0,0.0,0.0,1.0,2059.0,0.0,0.0,21.0,0.0,0.0,0.0,0.0,0.0,0.0,0.0,0.0,0.0,57.0,0.9438056573152652,4.0,0.0,21.0,182.0,4.0,1.0,1280.0,800.0,16.0,0.0,0
33.0,1.0,0.0,0.0,0.0,1.0,0.0,12.0,0.0,0.0,2.255898416605269,0.0,0.0,8.0,0.0,0.0,1.0,1.0,0.0,1.0,0.0,0.0,1.0,293.0,0.0,0.0,10.0,0.0,0.0,0.0,0.0,2.0,0.0,0.0,0.0,0.0,113.0,0.9614794379953793,14.0,4.0,10.0,462.0,15.0,1.0,1920.0,1080.0,28.0,0.0,0
42.0,1.0,1.0,0.0,0.0,2.0,0.0,12.0,0.0,0.0,2.6522770931299706,0.0,0.0,34.0,0.0,0.0,0.0,0.0,0.0,1.0,0.0,0.0,1.0,2242.0,1.0,0.0,17.0,0.0,0.0,0.0,0.0,2.0,0.0,1.0,0.0,0.0,114.0,0.9743030577808196,1.0,0.0,17.0,154.0,0.0,1.0,1920.0,1080.0,44.0,0.0,0
19.0,1.0,0.0,0.0,0.0,1.0,0.0,19.0,0.0,0.0,2.237410785043091,0.0,0.0,7.0,0.0,0.0,0.0,0.0,0.0,1.0,0.0,0.0,1.0,2102.0,0.0,0.0,10.0,0.0,0.0,0.0,0.0,0.0,0.0,0.0,0.0,0.0,68.0,0.9339829372036127,2.0,1.0,10.0,262.0,17.0,1.0,1920.0,1080.0,32.0,0.0,0
31.0,1.0,0.0,0.0,0.0,1.0,0.0,21.0,0.0,0.0,3.153336869672473,0.0,0.0,27.0,0.0,0.0,1.0,1.0,0.0,1.0,0.0,0.0,1.0,1722.0,0.0,0.0,23.0,0.0,0.0,0.0,0.0,2.0,0.0,0.0,0.0,0.0,83.0,0.9668062253098573,11.0,3.0,23.0,263.0,16.0,1.0,1920.0,1080.0,5.0,0.0,0
29.0,1.0,0.0,0.0,0.0,1.0,0.0,17.0,0.0,0.0,2.336351005367035,0.0,0.0,9.0,0.0,0.0,0.0,0.0,0.0,1.0,0.0,0.0,1.0,2155.0,1.0,0.0,13.0,0.0,0.0,0.0,0.0,3.0,0.0,0.0,0.0,0.0,61.0,0.9910298345481064,7.0,1.0,13.0,133.0,2.0,1.0,1920.0,1080.0,32.0,0.0,0
18.0,1.0,0.0,0.0,0.0,1.0,0.0,7.0,0.0,0.0,3.2853680717277656,0.0,0.0,13.0,0.0,0.0,1.0,1.0,0.0,1.0,0.0,0.0,1.0,531.0,1.0,0.0,12.0,1.0,0.0,0.0,0.0,2.0,2.0,0.0,0.0,1.0,74.0,0.9986985483197605,4.0,3.0,12.0,151.0,13.0,1.0,1920.0,1080.0,15.0,0.0,0
31.0,1.0,1.0,0.0,1.0,2.0,0.0,18.0,0.0,0.0,2.8984195054145605,0.0,0.0,28.0,0.0,0.0,1.0,1.0,0.0,1.0,0.0,0.0,1.0,944.0,1.0,0.0,28.0,0.0,0.0,0.0,0.0,2.0,0.0,0.0,0.0,0.0,48.0,0.978038242721239,3.0,2.0,28.0,113.0,12.0,1.0,1920.0,1080.0,34.0,0.0,0
20.0,1.0,1.0,0.0,1.0,2.0,0.0,19.0,0.0,0.0,2.840327104577569,0.0,0.0,6.0,0.0,0.0,0.0,0.0,0.0,1.0,0.0,0.0,1.0,1566.0,1.0,0.0,7.0,0.0,0.0,0.0,0.0,0.0,1.0,0.0,0.0,0.0,40.0,0.9745168092340217,7.0,5.0,7.0,478.0,0.0,1.0,1280.0,800.0,21.0,0.0,0
43.0,1.0,1.0,0.0,0.0,2.0,0.0,18.0,0.0,0.0,3.11910716498864,0.0,0.0,25.0,0.0,0.0,0.0,0.0,0.0,1.0,0.0,0.0,1.0,972.0,1.0,1.0,3.0,0.0,0.0,0.0,0.0,3.0,0.0,0.0,0.0,0.0,35.0,0.9295417337631795,6.0,0.0,3.0,420.0,6.0,1.0,1920.0,1080.0,9.0,0.0,0
54.0,1.0,0.0,0.0,0.0,1.0,0.0,20.0,0.0,0.0,3.072928247726549,0.0,1.0,16.0,0.0,0.0,1.0,1.0,0.0,1.0,0.0,0.0,1.0,2434.0,1.0,0.0,14.0,0.0,0.0,0.0,0.0,0.0,0.0,0.0,0.0,0.0,41.0,0.9606317932802705,6.0,5.0,14.0,484.0,13.0,1.0,1920.0,1080.0,33.0,0.0,0
48.0,1.0,1.0,0.0,1.0,2.0,0.0,15.0,0.0,0.0,2.149006607549472,0.0,0.0,19.0,0.0,0.0,1.0,1.0,0.0,1.0,0.0,0.0,1.0,176.0,1.0,1.0,13.0,1.0,0.0,0.0,0.0,0.0,1.0,0.0,0.0,1.0,22.0,0.9377665750567192,13.0,0.0,13.0,5.0,11.0,1.0,1920.0,1080.0,6.0,0.0,0
33.0,1.0,0.0,0.0,2.0,1.0,0.0,19.0,0.0,0.0,2.4007084369409815,0.0,0.0,18.0,0.0,0.0,1.0,1.0,0.0,1.0,0.0,0.0,1.0,1032.0,2.0,0.0,17.0,0.0,0.0,0.0,0.0,1.0,1.0,0.0,0.0,0.0,52.0,0.9578303457768437,4.0,0.0,17.0,233.0,12.0,1.0,1280.0,800.0,6.0,0.0,0
20.0,1.0,1.0,0.0,0.0,2.0,0.0,18.0,0.0,0.0,2.627942974653325,0.0,0.0,26.0,0.0,0.0,0.0,0.0,0.0,1.0,0.0,0.0,1.0,2194.0,2.0,0.0,14.0,0.0,0.0,0.0,0.0,2.0,1.0,0.0,0.0,0.0,41.0,0.9219107353055315,9.0,8.0,14.0,102.0,4.0,1.0,1920.0,1080.0,18.0,0.0,0
53.0,1.0,1.0,0.0,0.0,2.0,0.0,8.0,0.0,0.0,2.1952192853396073,0.0,0.0,0.0,0.0,0.0,0.0,0.0,0.0,1.0,0.0,0.0,1.0,1228.0,0.0,0.0,6.0,0.0,0.0,0.0,0.0,2.0,1.0,0.0,0.0,0.0,44.0,0.948601066274179,9.0,2.0,6.0,212.0,1.0,1.0,1280.0,800.0,38.0,0.0,0
30.0,1.0,0.0,0.0,2.0,1.0,0.0,8.0,0.0,0.0,2.851240205873182,0.0,0.0,28.0,0.0,0.0,0.0,0.0,0.0,1.0,0.0,0.0,1.0,658.0,1.0,1.0,8.0,0.0,0.0,0.0,0.0,3.0,0.0,0.0,0.0,0.0,57.0,0.944936265719425,6.0,5.0,8.0,453.0,9.0,1.0,1280.0,800.0,32.0,0.0,0
20.0,1.0,1.0,0.0,0.0,2.0,0.0,9.0,0.0,0.0,3.2668308514891082,0.0,0.0,12.0,20.0,0.0,1.0,1.0,0.0,1.0,0.0,0.0,1.0,2115.0,1.0,0.0,15.0,1.0,1.0,0.0,1.0,0.0,3.0,0.0,0.0,1.0,60.0,0.9557818374525697,5.0,4.0,15.0,31.0,5.0,1.0,1280.0,800.0,14.0,0.0,0
36.0,1.0,0.0,0.0,0.0,1.0,0.0,8.0,0.0,0.0,2.224963607251797,0.0,0.0,7.0,0.0,0.0,1.0,1.0,0.0,1.0,0.0,0.0,1.0,1860.0,2.0,0.0,27.0,1.0,1.0,0.0,1.0,3.0,2.0,0.0,0.0,1.0,65.0,0.9570712807043718,9.0,1.0,27.0,285.0,19.0,1.0,1280.0,800.0,3.0,0.0,0
18.0,1.0,1.0,0.0,0.0,2.0,0.0,21.0,0.0,0.0,2.42136789586054,0.0,0.0,21.0,20.0,0.0,1.0,1.0,0.0,1.0,0.0,0.0,1.0,1372.0,1.0,0.0,23.0,0.0,0.0,0.0,0.0,0.0,0.0,0.0,0.0,0.0,71.0,0.9718425325864689,7.0,5.0,23.0,33.0,0.0,1.0,1920.0,1080.0,6.0,0.0,0
52.0,1.0,0.0,0.0,0.0,1.0,0.0,9.0,0.0,0.0,3.31243338132018,0.0,0.0,24.0,0.0,0.0,1.0,1.0,0.0,1.0,0.0,0.0,1.0,381.0,2.0,0.0,2.0,0.0,0.0,0.0,0.0,2.0,0.0,0.0,0.0,0.0,17.0,0.9947161070866175,9.0,2.0,2.0,288.0,5.0,1.0,1280.0,800.0,24.0,0.0,0
50.0,1.0,0.0,0.0,2.0,1.0,0.0,19.0,0.0,0.0,2.5955989386073397,0.0,1.0,27.0,5.0,0.0,0.0,0.0,0.0,1.0,0.0,0.0,1.0,822.0,0.0,0.0,6.0,0.0,0.0,0.0,0.0,0.0,0.0,0.0,0.0,0.0,16.0,0.9952429840882359,13.0,1.0,6.0,405.0,1.0,1.0,1920.0,1080.0,43.0,0.0,0
52.0,1.0,1.0,0.0,0.0,2.0,0.0,15.0,0.0,0.0,2.6267796602890625,0.0,0.0,30.0,0.0,0.0,0.0,0.0,0.0,1.0,0.0,0.0,1.0,80.0,0.0,0.0,15.0,0.0,0.0,0.0,0.0,3.0,1.0,0.0,0.0,0.0,49.0,0.9551606224358041,3.0,1.0,15.0,444.0,14.0,1.0,1280.0,800.0,17.0,0.0,0
24.0,1.0,0.0,0.0,0.0,1.0,0.0,13.0,0.0,0.0,2.484478685006428,0.0,0.0,1.0,0.0,0.0,1.0,1.0,0.0,1.0,0.0,0.0,1.0,969.0,0.0,0.0,7.0,0.0,0.0,0.0,0.0,3.0,0.0,0.0,0.0,0.0,88.0,0.954404427615302,4.0,3.0,7.0,139.0,17.0,1.0,1280.0,800.0,44.0,0.0,0
20.0,1.0,1.0,0.0,0.0,2.0,0.0,10.0,0.0,0.0,2.6052219775184904,0.0,0.0,25.0,0.0,0.0,1.0,1.0,0.0,1.0,0.0,0.0,1.0,1310.0,1.0,1.0,28.0,1.0,1.0,0.0,0.0,3.0,2.0,0.0,0.0,1.0,59.0,0.959249086071856,12.0,6.0,28.0,385.0,5.0,1.0,1920.0,1080.0,16.0,0.0,0
52.0,1.0,0.0,0.0,0.0,1.0,0.0,19.0,0.0,0.0,2.1580595812925685,0.0,0.0,15.0,0.0,0.0,0.0,0.0,0.0,1.0,0.0,0.0,1.0,314.0,1.0,0.0,2.0,0.0,0.0,0.0,0.0,2.0,0.0,0.0,0.0,0.0,87.0,0.9744466474335014,7.0,3.0,2.0,362.0,0.0,1.0,1920.0,1080.0,32.0,0.0,0
37.0,1.0,0.0,0.0,0.0,1.0,0.0,8.0,0.0,0.0,3.1042793692913078,0.0,0.0,13.0,0.0,0.0,0.0,0.0,0.0,1.0,0.0,0.0,1.0,1694.0,0.0,0.0,7.0,0.0,0.0,0.0,0.0,2.0,0.0,0.0,0.0,0.0,38.0,0.9490811565895414,10.0,5.0,7.0,109.0,8.0,1.0,1920.0,1080.0,31.0,0.0,0
27.0,1.0,0.0,0.0,2.0,1.0,0.0,13.0,0.0,0.0,3.0012867091169397,0.0,0.0,15.0,0.0,0.0,0.0,0.0,0.0,1.0,0.0,0.0,1.0,841.0,2.0,0.0,5.0,0.0,0.0,0.0,0.0,3.0,0.0,0.0,0.0,0.0,58.0,0.9224776482738009,13.0,9.0,5.0,215.0,4.0,1.0,1280.0,800.0,31.0,0.0,0
24.0,1.0,1.0,0.0,0.0,2.0,0.0,16.0,0.0,0.0,3.14614377886386,0.0,0.0,34.0,0.0,0.0,1.0,1.0,0.0,1.0,0.0,0.0,1.0,1778.0,0.0,0.0,23.0,0.0,0.0,0.0,0.0,2.0,0.0,0.0,0.0,0.0,25.0,0.9451872924326988,9.0,1.0,23.0,486.0,2.0,1.0,1920.0,1080.0,5.0,0.0,0
37.0,1.0,0.0,0.0,0.0,1.0,0.0,7.0,1.0,0.14285714285714285,2.8390138628038653,0.0,0.0,19.0,0.0,0.0,1.0,1.0,0.0,1.0,0.0,0.0,1.0,851.0,2.0,1.0,3.0,1.0,1.0,0.0,0.0,3.0,2.0,0.0,0.0,1.0,24.0,0.9778354739511558,10.0,9.0,3.0,283.0,2.0,1.0,1920.0,1080.0,11.0,0.0,0
51.0,1.0,0.0,0.0,0.0,1.0,0.0,12.0,0.0,0.0,2.8941797788059156,0.0,0.0,28.0,5.0,0.0,0.0,0.0,0.0,1.0,0.0,0.0,1.0,958.0,2.0,2.0,27.0,0.0,0.0,0.0,0.0,2.0,0.0,0.0,0.0,0.0,29.0,0.9281811424797693,1.0,0.0,27.0,307.0,2.0,1.0,1920.0,1080.0,13.0,0.0,0
36.0,1.0,2.0,0.0,0.0,3.0,0.0,19.0,0.0,0.0,2.5658712963551773,0.0,0.0,4.0,0.0,0.0,1.0,1.0,0.0,1.0,0.0,0.0,1.0,254.0,0.0,0.0,8.0,0.0,0.0,0.0,0.0,0.0,1.0,0.0,0.0,0.0,31.0,0.9367457452837614,7.0,1.0,8.0,79.0,1.0,1.0,1280.0,800.0,3.0,0.0,0
40.0,1.0,1.0,0.0,0.0,2.0,0.0,16.0,0.0,0.0,2.731874804473485,0.0,0.0,16.0,0.0,0.0,0.0,0.0,0.0,1.0,0.0,0.0,1.0,1922.0,3.0,0.0,23.0,0.0,0.0,0.0,0.0,1.0,0.0,0.0,0.0,0.0,94.0,0.9384274265681881,13.0,5.0,23.0,414.0,10.0,1.0,1920.0,1080.0,4.0,0.0,0
27.0,1.0,1.0,0.0,0.0,2.0,0.0,17.0,0.0,0.0,3.091890817176602,0.0,0.0,3.0,5.0,0.0,0.0,0.0,0.0,1.0,0.0,0.0,1.0,307.0,1.0,0.0,23.0,0.0,0.0,0.0,0.0,1.0,0.0,1.0,0.0,0.0,95.0,0.9586182709981427,4.0,2.0,23.0,70.0,6.0,1.0,1920.0,1080.0,20.0,0.0,0
42.0,1.0,2.0,0.0,0.0,3.0,0.0,13.0,0.0,0.0,2.4682854863970127,0.0,0.0,25.0,5.0,0.0,0.0,0.0,0.0,1.0,0.0,0.0,1.0,2331.0,1.0,1.0,23.0,0.0,0.0,0.0,0.0,0.0,1.0,0.0,0.0,0.0,82.0,0.9692580842756139,13.0,5.0,23.0,415.0,9.0,1.0,1280.0,800.0,43.0,0.0,0
27.0,1.0,2.0,0.0,0.0,3.0,0.0,21.0,0.0,0.0,3.115634039917708,0.0,0.0,3.0,0.0,0.0,0.0,0.0,0.0,1.0,0.0,0.0,1.0,1945.0,2.0,1.0,22.0,0.0,0.0,0.0,0.0,1.0,0.0,0.0,0.0,0.0,103.0,0.9536504189503056,9.0,0.0,22.0,179.0,6.0,1.0,1920.0,1080.0,32.0,0.0,0
52.0,0.0,1.0,0.0,0.0,2.0,0.0,16.0,0.0,0.0,2.4879858594920887,0.0,0.0,5.0,20.0,0.0,0.0,0.0,0.0,0.0,0.0,0.0,0.0,551.0,0.0,0.0,22.0,0.0,0.0,0.0,0.0,0.0,0.0,0.0,0.0,0.0,26.0,0.15970720506769892,7.0,0.0,22.0,257.0,9.0,1.0,1920.0,1080.0,7.0,0.0,0
54.0,1.0,0.0,0.0,0.0,1.0,0.0,14.0,0.0,0.0,2.476457516071945,0.0,0.0,10.0,0.0,0.0,0.0,0.0,0.0,1.0,0.0,0.0,1.0,281.0,1.0,0.0,8.0,1.0,1.0,0.0,0.0,2.0,1.0,0.0,0.0,1.0,98.0,0.9984789042238946,5.0,0.0,8.0,308.0,19.0,1.0,1920.0,1080.0,20.0,0.0,0
29.0,1.0,1.0,0.0,0.0,2.0,0.0,8.0,0.0,0.0,3.2671345483096337,0.0,0.0,34.0,0.0,0.0,1.0,1.0,0.0,1.0,0.0,0.0,1.0,1283.0,0.0,0.0,22.0,0.0,0.0,0.0,0.0,0.0,0.0,0.0,0.0,0.0,83.0,0.9281403622800813,6.0,1.0,22.0,231.0,16.0,1.0,1920.0,1080.0,25.0,0.0,0
30.0,1.0,1.0,0.0,0.0,2.0,0.0,11.0,0.0,0.0,3.287167750358424,0.0,0.0,27.0,20.0,0.0,0.0,0.0,0.0,1.0,0.0,0.0,1.0,2400.0,3.0,0.0,28.0,0.0,0.0,0.0,0.0,3.0,0.0,0.0,0.0,0.0,62.0,0.9227791957955825,3.0,2.0,28.0,171.0,11.0,1.0,1920.0,1080.0,42.0,0.0,0
31.0,1.0,0.0,0.0,1.0,1.0,0.0,10.0,0.0,0.0,2.7626561630051185,0.0,0.0,8.0,0.0,0.0,0.0,0.0,0.0,1.0,0.0,0.0,1.0,1759.0,1.0,1.0,13.0,0.0,0.0,0.0,0.0,2.0,1.0,0.0,0.0,0.0,56.0,0.9259608369454913,5.0,4.0,13.0,24.0,17.0,1.0,1280.0,800.0,25.0,0.0,0
54.0,1.0,1.0,0.0,0.0,2.0,0.0,14.0,0.0,0.0,2.370101818271647,0.0,0.0,8.0,0.0,0.0,0.0,0.0,0.0,1.0,0.0,0.0,1.0,741.0,0.0,1.0,24.0,0.0,0.0,0.0,0.0,2.0,0.0,0.0,0.0,0.0,96.0,0.9711965108091657,10.0,1.0,24.0,327.0,2.0,1.0,1280.0,800.0,28.0,0.0,0
44.0,1.0,0.0,0.0,0.0,1.0,0.0,15.0,0.0,0.0,2.1845010256335553,0.0,0.0,15.0,0.0,0.0,1.0,1.0,0.0,1.0,0.0,0.0,1.0,1357.0,1.0,0.0,5.0,0.0,0.0,0.0,0.0,1.0,1.0,1.0,0.0,0.0,89.0,0.9468270590678568,5.0,4.0,5.0,222.0,10.0,1.0,1920.0,1080.0,28.0,0.0,0
50.0,1.0,1.0,0.0,0.0,2.0,0.0,13.0,0.0,0.0,2.667191850982923,0.0,1.0,8.0,0.0,0.0,1.0,1.0,0.0,1.0,0.0,0.0,1.0,632.0,1.0,1.0,17.0,0.0,0.0,1.0,0.0,3.0,0.0,0.0,0.0,1.0,20.0,0.9700939259035116,4.0,1.0,17.0,352.0,5.0,1.0,1280.0,800.0,18.0,0.0,0
24.0,1.0,0.0,0.0,0.0,1.0,0.0,20.0,0.0,0.0,2.7995781880241504,0.0,0.0,33.0,0.0,0.0,0.0,0.0,0.0,1.0,0.0,0.0,1.0,2370.0,1.0,0.0,18.0,0.0,0.0,0.0,0.0,2.0,0.0,0.0,0.0,0.0,106.0,0.9736661344620748,12.0,8.0,18.0,368.0,18.0,1.0,1280.0,800.0,7.0,0.0,0
36.0,1.0,1.0,0.0,0.0,2.0,0.0,12.0,0.0,0.0,2.4580952831796212,0.0,0.0,4.0,0.0,0.0,1.0,1.0,0.0,1.0,0.0,0.0,1.0,748.0,0.0,0.0,13.0,0.0,0.0,0.0,0.0,0.0,0.0,0.0,0.0,0.0,15.0,0.9475260394696284,12.0,2.0,13.0,219.0,19.0,1.0,1280.0,800.0,9.0,0.0,0
33.0,1.0,0.0,0.0,0.0,1.0,0.0,18.0,0.0,0.0,2.1149838182688807,0.0,0.0,4.0,0.0,0.0,1.0,1.0,0.0,1.0,0.0,0.0,1.0,1028.0,0.0,0.0,14.0,0.0,0.0,0.0,0.0,3.0,1.0,0.0,0.0,0.0,105.0,0.9735405674063718,14.0,4.0,14.0,49.0,8.0,1.0,1920.0,1080.0,43.0,0.0,0
50.0,1.0,1.0,0.0,0.0,2.0,0.0,8.0,0.0,0.0,2.249514217876527,0.0,0.0,12.0,5.0,0.0,0.0,0.0,0.0,1.0,0.0,0.0,1.0,498.0,2.0,2.0,9.0,0.0,0.0,0.0,0.0,0.0,0.0,0.0,0.0,0.0,28.0,0.9996483361442805,14.0,4.0,9.0,235.0,14.0,1.0,1920.0,1080.0,7.0,0.0,0
35.0,1.0,0.0,0.0,1.0,1.0,0.0,17.0,0.0,0.0,2.2107606208275605,0.0,0.0,28.0,0.0,0.0,1.0,1.0,0.0,1.0,0.0,0.0,1.0,2474.0,2.0,1.0,5.0,1.0,0.0,0.0,0.0,1.0,1.0,0.0,0.0,1.0,118.0,0.9918893232754776,5.0,0.0,5.0,248.0,1.0,1.0,1280.0,800.0,22.0,0.0,0
24.0,1.0,1.0,0.0,0.0,2.0,0.0,21.0,0.0,0.0,3.3638986219812645,0.0,0.0,5.0,0.0,0.0,1.0,1.0,0.0,1.0,0.0,0.0,1.0,420.0,2.0,0.0,17.0,1.0,0.0,0.0,0.0,2.0,2.0,0.0,0.0,1.0,35.0,0.9938639606615943,4.0,3.0,17.0,465.0,18.0,1.0,1920.0,1080.0,22.0,0.0,0
23.0,1.0,1.0,0.0,0.0,2.0,0.0,17.0,0.0,0.0,2.984059873286551,0.0,0.0,14.0,0.0,0.0,0.0,0.0,0.0,1.0,0.0,0.0,1.0,1288.0,0.0,1.0,21.0,0.0,0.0,0.0,0.0,1.0,0.0,0.0,0.0,0.0,111.0,0.9668681697946535,5.0,4.0,21.0,290.0,10.0,1.0,1920.0,1080.0,37.0,0.0,0
33.0,1.0,0.0,0.0,0.0,1.0,0.0,18.0,1.0,0.05555555555555555,3.34751399992665,0.0,0.0,20.0,0.0,0.0,0.0,0.0,0.0,1.0,0.0,0.0,1.0,313.0,1.0,0.0,21.0,0.0,0.0,0.0,0.0,0.0,0.0,0.0,0.0,0.0,67.0,0.9747074424516289,4.0,3.0,21.0,377.0,9.0,1.0,1920.0,1080.0,6.0,0.0,0
45.0,1.0,0.0,0.0,0.0,1.0,0.0,8.0,0.0,0.0,3.3991111486466266,0.0,0.0,17.0,0.0,0.0,1.0,1.0,0.0,1.0,0.0,0.0,1.0,2258.0,2.0,1.0,10.0,1.0,0.0,0.0,0.0,2.0,1.0,0.0,0.0,1.0,61.0,0.9447745566650362,12.0,2.0,10.0,106.0,3.0,1.0,1920.0,1080.0,12.0,0.0,0
18.0,1.0,1.0,0.0,0.0,2.0,0.0,16.0,0.0,0.0,3.078651692864313,0.0,0.0,7.0,0.0,0.0,0.0,0.0,0.0,1.0,0.0,0.0,1.0,184.0,1.0,0.0,22.0,0.0,0.0,0.0,0.0,0.0,0.0,0.0,0.0,0.0,16.0,0.9284873639958362,14.0,7.0,22.0,490.0,11.0,1.0,1280.0,800.0,30.0,0.0,0
18.0,1.0,1.0,0.0,2.0,2.0,0.0,8.0,0.0,0.0,2.885835676935997,0.0,0.0,25.0,0.0,0.0,0.0,0.0,0.0,1.0,0.0,0.0,1.0,1231.0,3.0,1.0,11.0,0.0,0.0,0.0,0.0,3.0,1.0,0.0,0.0,0.0,25.0,0.9683407612789541,11.0,7.0,11.0,337.0,4.0,1.0,1920.0,1080.0,10.0,0.0,0
51.0,1.0,1.0,0.0,0.0,2.0,0.0,16.0,0.0,0.0,2.3560397192713376,0.0,0.0,13.0,0.0,0.0,1.0,1.0,0.0,1.0,0.0,0.0,1.0,1759.0,3.0,0.0,21.0,1.0,0.0,0.0,0.0,2.0,2.0,1.0,0.0,1.0,92.0,0.9647072696763733,6.0,5.0,21.0,27.0,17.0,1.0,1280.0,800.0,29.0,0.0,0
27.0,1.0,1.0,0.0,0.0,2.0,0.0,13.0,0.0,0.0,2.2867939127394767,0.0,0.0,27.0,0.0,0.0,1.0,1.0,0.0,1.0,0.0,0.0,0.0,990.0,1.0,0.0,6.0,0.0,0.0,0.0,0.0,1.0,0.0,0.0,0.0,0.0,111.0,0.9542415481951715,8.0,0.0,6.0,400.0,1.0,1.0,1920.0,1080.0,11.0,0.0,0
34.0,1.0,0.0,0.0,1.0,1.0,0.0,18.0,0.0,0.0,3.306270818820635,0.0,0.0,32.0,0.0,0.0,0.0,0.0,0.0,1.0,0.0,0.0,1.0,2462.0,1.0,1.0,29.0,0.0,0.0,0.0,0.0,0.0,0.0,0.0,0.0,0.0,62.0,0.9541273520843515,10.0,2.0,29.0,460.0,6.0,1.0,1920.0,1080.0,29.0,0.0,0
42.0,1.0,1.0,0.0,0.0,2.0,0.0,18.0,0.0,0.0,3.2254454082388317,0.0,0.0,23.0,0.0,0.0,0.0,0.0,0.0,1.0,0.0,0.0,1.0,279.0,2.0,0.0,8.0,0.0,0.0,0.0,0.0,3.0,0.0,0.0,0.0,0.0,16.0,0.9263985986237404,8.0,4.0,8.0,115.0,2.0,1.0,1920.0,1080.0,16.0,0.0,0
29.0,1.0,0.0,0.0,0.0,1.0,0.0,9.0,1.0,0.1111111111111111,3.020244903807496,0.0,0.0,16.0,0.0,0.0,1.0,1.0,0.0,1.0,0.0,0.0,1.0,711.0,1.0,0.0,29.0,0.0,0.0,0.0,0.0,1.0,0.0,0.0,0.0,0.0,40.0,0.9672304772163088,5.0,0.0,29.0,169.0,12.0,1.0,1920.0,1080.0,10.0,0.0,0
38.0,1.0,1.0,0.0,0.0,2.0,0.0,13.0,0.0,0.0,2.540913892282544,0.0,0.0,13.0,0.0,0.0,0.0,0.0,0.0,1.0,0.0,0.0,1.0,620.0,1.0,0.0,4.0,1.0,0.0,0.0,0.0,2.0,2.0,0.0,0.0,1.0,19.0,0.9971698284493614,6.0,5.0,4.0,228.0,19.0,1.0,1920.0,1080.0,3.0,0.0,0
35.0,1.0,1.0,0.0,0.0,2.0,0.0,14.0,0.0,0.0,2.290981581729805,0.0,0.0,7.0,5.0,0.0,0.0,0.0,0.0,1.0,0.0,0.0,1.0,1137.0,0.0,0.0,15.0,0.0,0.0,0.0,0.0,3.0,0.0,0.0,0.0,0.0,47.0,0.9435435019190993,4.0,3.0,15.0,371.0,3.0,1.0,1920.0,1080.0,4.0,0.0,0
41.0,0.0,0.0,0.0,0.0,1.0,0.0,12.0,0.0,0.0,2.6417032915755065,0.0,0.0,5.0,5.0,0.0,0.0,0.0,0.0,0.0,0.0,0.0,0.0,2459.0,1.0,1.0,8.0,0.0,0.0,0.0,0.0,1.0,0.0,0.0,0.0,0.0,91.0,0.33368991553268723,14.0,4.0,8.0,309.0,8.0,1.0,1920.0,1080.0,35.0,0.0,0
47.0,1.0,0.0,0.0,0.0,1.0,0.0,11.0,1.0,0.09090909090909091,2.9543569601320807,0.0,0.0,20.0,0.0,0.0,0.0,0.0,0.0,1.0,0.0,0.0,1.0,2215.0,1.0,0.0,29.0,0.0,0.0,0.0,0.0,2.0,0.0,0.0,0.0,0.0,108.0,0.9604593838684355,10.0,9.0,29.0,236.0,13.0,1.0,1920.0,1080.0,12.0,0.0,0
38.0,1.0,1.0,0.0,0.0,2.0,0.0,13.0,0.0,0.0,3.031260827736313,0.0,0.0,4.0,5.0,0.0,0.0,0.0,0.0,1.0,0.0,0.0,1.0,2366.0,1.0,1.0,14.0,0.0,0.0,0.0,0.0,0.0,0.0,0.0,0.0,0.0,47.0,0.9931325169322801,12.0,9.0,14.0,380.0,5.0,1.0,1920.0,1080.0,26.0,0.0,0
21.0,1.0,0.0,0.0,0.0,1.0,0.0,18.0,0.0,0.0,2.2820582557744977,0.0,0.0,13.0,5.0,0.0,0.0,0.0,0.0,1.0,0.0,0.0,1.0,1866.0,0.0,0.0,9.0,0.0,0.0,0.0,0.0,3.0,0.0,0.0,0.0,0.0,116.0,0.9989131214786311,2.0,1.0,9.0,364.0,13.0,1.0,1280.0,800.0,41.0,0.0,0
48.0,1.0,2.0,0.0,0.0,3.0,0.0,19.0,0.0,0.0,2.7851922200674957,0.0,0.0,24.0,5.0,0.0,0.0,0.0,0.0,1.0,0.0,0.0,1.0,733.0,0.0,0.0,14.0,0.0,0.0,0.0,0.0,3.0,0.0,0.0,0.0,0.0,112.0,0.9285840968296538,6.0,1.0,14.0,258.0,19.0,1.0,1920.0,1080.0,9.0,0.0,0
51.0,1.0,2.0,0.0,0.0,3.0,0.0,20.0,1.0,0.05,2.494489181384488,0.0,0.0,21.0,5.0,0.0,1.0,1.0,0.0,1.0,0.0,0.0,1.0,2470.0,0.0,1.0,3.0,0.0,0.0,0.0,0.0,0.0,0.0,0.0,0.0,0.0,19.0,0.9371404347474548,10.0,6.0,3.0,256.0,14.0,1.0,1920.0,1080.0,10.0,0.0,0
42.0,1.0,1.0,0.0,0.0,2.0,0.0,12.0,0.0,0.0,2.8143364455653663,0.0,0.0,14.0,0.0,0.0,0.0,0.0,0.0,1.0,0.0,0.0,1.0,691.0,1.0,0.0,17.0,0.0,0.0,0.0,0.0,0.0,0.0,0.0,0.0,0.0,45.0,0.9209111734470843,12.0,2.0,17.0,176.0,17.0,1.0,1920.0,1080.0,36.0,0.0,0
46.0,1.0,0.0,0.0,0.0,1.0,0.0,21.0,0.0,0.0,2.314981553167142,0.0,1.0,12.0,0.0,0.0,0.0,0.0,0.0,1.0,0.0,0.0,1.0,2496.0,1.0,0.0,10.0,0.0,0.0,0.0,0.0,0.0,0.0,0.0,0.0,0.0,101.0,0.9808543808976773,8.0,0.0,10.0,61.0,18.0,1.0,1920.0,1080.0,14.0,0.0,0
44.0,1.0,1.0,0.0,0.0,2.0,0.0,9.0,0.0,0.0,2.4543250734600206,0.0,0.0,22.0,0.0,0.0,0.0,0.0,0.0,1.0,0.0,0.0,1.0,2323.0,2.0,0.0,19.0,0.0,0.0,0.0,0.0,3.0,0.0,0.0,0.0,0.0,40.0,0.9491119525196267,9.0,3.0,19.0,110.0,12.0,1.0,1920.0,1080.0,18.0,0.0,0
30.0,1.0,2.0,0.0,0.0,3.0,0.0,11.0,1.0,0.09090909090909091,2.4338810469371763,0.0,0.0,2.0,0.0,0.0,0.0,0.0,0.0,1.0,0.0,0.0,1.0,1129.0,1.0,0.0,23.0,0.0,0.0,0.0,0.0,2.0,1.0,0.0,0.0,0.0,29.0,0.9960475172744899,2.0,1.0,23.0,411.0,13.0,1.0,1920.0,1080.0,40.0,0.0,0
41.0,1.0,0.0,0.0,0.0,1.0,0.0,13.0,0.0,0.0,2.4589542221764957,0.0,0.0,8.0,5.0,0.0,0.0,0.0,0.0,1.0,0.0,0.0,1.0,1530.0,1.0,1.0,13.0,0.0,0.0,0.0,0.0,2.0,0.0,0.0,0.0,0.0,111.0,0.9363603470954237,7.0,5.0,13.0,100.0,12.0,1.0,1920.0,1080.0,2.0,0.0,0
22.0,1.0,1.0,0.0,0.0,2.0,0.0,9.0,0.0,0.0,2.662864964791618,0.0,0.0,9.0,0.0,0.0,1.0,1.0,0.0,1.0,0.0,0.0,1.0,1999.0,2.0,0.0,8.0,0.0,0.0,0.0,0.0,3.0,0.0,0.0,0.0,0.0,84.0,0.9480737675972544,8.0,0.0,8.0,369.0,0.0,1.0,1920.0,1080.0,30.0,0.0,0
20.0,1.0,1.0,0.0,0.0,2.0,0.0,18.0,2.0,0.1111111111111111,3.3190939271136912,0.0,0.0,1.0,0.0,0.0,0.0,0.0,0.0,1.0,0.0,0.0,1.0,239.0,1.0,0.0,27.0,0.0,0.0,0.0,0.0,1.0,1.0,0.0,0.0,0.0,34.0,0.9399998988179066,4.0,3.0,27.0,192.0,13.0,1.0,1920.0,1080.0,29.0,0.0,0
43.0,1.0,1.0,0.0,0.0,2.0,0.0,14.0,0.0,0.0,2.3578843018020117,0.0,1.0,20.0,0.0,0.0,1.0,1.0,0.0,1.0,0.0,0.0,1.0,849.0,1.0,1.0,5.0,1.0,1.0,0.0,0.0,1.0,2.0,0.0,0.0,1.0,89.0,0.9724888920382534,5.0,4.0,5.0,309.0,4.0,1.0,1920.0,1080.0,7.0,0.0,0
31.0,1.0,0.0,0.0,2.0,1.0,0.0,19.0,0.0,0.0,2.7953753122974376,0.0,0.0,6.0,0.0,0.0,0.0,0.0,0.0,1.0,0.0,0.0,1.0,1123.0,0.0,1.0,14.0,0.0,0.0,0.0,0.0,2.0,0.0,0.0,0.0,0.0,79.0,0.9353194727944643,9.0,5.0,14.0,158.0,16.0,1.0,1920.0,1080.0,10.0,0.0,0
30.0,1.0,2.0,0.0,0.0,3.0,0.0,21.0,0.0,0.0,2.8209759512097867,0.0,0.0,5.0,0.0,0.0,0.0,0.0,0.0,1.0,0.0,0.0,1.0,1938.0,1.0,0.0,15.0,0.0,0.0,0.0,0.0,2.0,0.0,0.0,0.0,0.0,92.0,0.994627697708824,5.0,1.0,15.0,71.0,18.0,1.0,1920.0,1080.0,6.0,0.0,0
50.0,1.0,1.0,0.0,0.0,2.0,0.0,12.0,0.0,0.0,3.2840334096629338,0.0,0.0,34.0,0.0,0.0,1.0,1.0,0.0,1.0,0.0,0.0,1.0,2138.0,2.0,0.0,21.0,0.0,0.0,0.0,0.0,1.0,0.0,1.0,0.0,0.0,62.0,0.9244538251963181,8.0,7.0,21.0,138.0,19.0,1.0,1920.0,1080.0,28.0,0.0,0
30.0,1.0,1.0,0.0,0.0,2.0,0.0,20.0,1.0,0.05,2.7359554733748004,0.0,0.0,20.0,0.0,0.0,0.0,0.0,0.0,1.0,0.0,0.0,1.0,358.0,0.0,1.0,27.0,0.0,0.0,0.0,0.0,2.0,0.0,0.0,0.0,0.0,97.0,0.9991615967600693,8.0,5.0,27.0,376.0,14.0,1.0,1920.0,1080.0,11.0,0.0,0
36.0,1.0,0.0,0.0,0.0,1.0,0.0,20.0,0.0,0.0,2.9807067996148007,0.0,0.0,15.0,0.0,0.0,1.0,1.0,0.0,1.0,0.0,0.0,1.0,2400.0,0.0,0.0,6.0,0.0,0.0,0.0,0.0,0.0,0.0,0.0,0.0,0.0,62.0,0.9877054410224699,4.0,3.0,6.0,48.0,9.0,1.0,1920.0,1080.0,14.0,0.0,0
35.0,1.0,1.0,0.0,0.0,2.0,0.0,11.0,0.0,0.0,3.141841854181215,0.0,0.0,32.0,0.0,0.0,0.0,0.0,0.0,1.0,0.0,0.0,1.0,2375.0,1.0,0.0,23.0,0.0,0.0,0.0,0.0,1.0,0.0,0.0,0.0,0.0,82.0,0.9411893006250858,6.0,0.0,23.0,413.0,9.0,1.0,1920.0,1080.0,44.0,0.0,0
25.0,1.0,1.0,0.0,0.0,2.0,0.0,12.0,0.0,0.0,3.3859412473242183,0.0,0.0,16.0,20.0,0.0,1.0,1.0,0.0,1.0,0.0,0.0,1.0,286.0,1.0,0.0,6.0,0.0,0.0,0.0,0.0,0.0,0.0,0.0,0.0,0.0,110.0,0.9339347350454413,6.0,1.0,6.0,74.0,13.0,1.0,1920.0,1080.0,30.0,0.0,0
42.0,1.0,0.0,0.0,0.0,1.0,0.0,17.0,0.0,0.0,3.223074311182347,0.0,0.0,15.0,0.0,0.0,1.0,1.0,0.0,1.0,0.0,0.0,1.0,1961.0,0.0,0.0,23.0,0.0,0.0,0.0,0.0,3.0,0.0,0.0,0.0,0.0,63.0,0.9350896415234106,7.0,2.0,23.0,29.0,5.0,1.0,1280.0,800.0,25.0,0.0,0
36.0,1.0,1.0,0.0,0.0,2.0,0.0,16.0,0.0,0.0,3.115021128375119,0.0,0.0,12.0,0.0,0.0,0.0,0.0,0.0,1.0,0.0,0.0,1.0,1213.0,2.0,0.0,28.0,0.0,0.0,0.0,0.0,2.0,0.0,1.0,0.0,0.0,53.0,0.9500750700322635,10.0,6.0,28.0,11.0,7.0,1.0,1280.0,800.0,11.0,0.0,0
24.0,1.0,1.0,0.0,0.0,2.0,0.0,15.0,0.0,0.0,2.591440380903154,0.0,0.0,26.0,0.0,0.0,0.0,0.0,0.0,1.0,0.0,0.0,1.0,850.0,1.0,0.0,18.0,0.0,0.0,1.0,0.0,1.0,0.0,0.0,0.0,1.0,67.0,0.9677304425885713,12.0,8.0,18.0,314.0,19.0,1.0,1280.0,800.0,43.0,0.0,0
46.0,1.0,1.0,0.0,0.0,2.0,0.0,12.0,0.0,0.0,3.3016606500519403,0.0,0.0,31.0,0.0,0.0,0.0,0.0,0.0,1.0,0.0,0.0,1.0,650.0,1.0,1.0,19.0,0.0,0.0,0.0,0.0,3.0,0.0,1.0,0.0,0.0,57.0,0.9760912905106862,11.0,5.0,19.0,213.0,15.0,1.0,1920.0,1080.0,38.0,0.0,0
23.0,1.0,0.0,0.0,0.0,1.0,0.0,10.0,0.0,0.0,2.8817118716369965,0.0,0.0,13.0,0.0,0.0,0.0,0.0,0.0,1.0,0.0,0.0,1.0,1253.0,1.0,0.0,26.0,0.0,0.0,0.0,0.0,0.0,0.0,0.0,0.0,0.0,105.0,0.9730518263519858,2.0,1.0,26.0,478.0,3.0,1.0,1280.0,800.0,5.0,0.0,0
21.0,1.0,1.0,0.0,0.0,2.0,0.0,11.0,0.0,0.0,2.5681847483806193,0.0,0.0,7.0,0.0,0.0,0.0,0.0,0.0,1.0,0.0,0.0,1.0,2390.0,2.0,0.0,29.0,0.0,0.0,1.0,0.0,2.0,0.0,0.0,0.0,1.0,91.0,0.9802385293836894,6.0,5.0,29.0,371.0,16.0,1.0,1920.0,1080.0,17.0,0.0,0
53.0,1.0,0.0,0.0,0.0,1.0,0.0,12.0,0.0,0.0,2.843402827557579,0.0,0.0,1.0,0.0,0.0,0.0,0.0,0.0,1.0,0.0,0.0,1.0,1866.0,1.0,0.0,15.0,0.0,0.0,0.0,0.0,3.0,0.0,0.0,0.0,0.0,21.0,0.9220336548143621,1.0,0.0,15.0,455.0,4.0,1.0,1920.0,1080.0,44.0,0.0,0
35.0,1.0,1.0,0.0,0.0,2.0,0.0,16.0,0.0,0.0,2.4589119150360412,0.0,0.0,12.0,0.0,0.0,0.0,0.0,0.0,1.0,0.0,0.0,1.0,1833.0,1.0,0.0,26.0,0.0,0.0,0.0,0.0,3.0,1.0,1.0,0.0,0.0,101.0,0.9971154987415155,4.0,2.0,26.0,79.0,15.0,1.0,1920.0,1080.0,12.0,0.0,0
31.0,1.0,0.0,0.0,0.0,1.0,0.0,9.0,0.0,0.0,2.477382870408589,0.0,0.0,17.0,0.0,0.0,1.0,1.0,0.0,1.0,0.0,0.0,1.0,923.0,3.0,0.0,3.0,1.0,0.0,0.0,0.0,1.0,3.0,0.0,0.0,1.0,111.0,0.9285535891503858,14.0,9.0,3.0,137.0,17.0,1.0,1920.0,1080.0,16.0,0.0,0
25.0,1.0,0.0,0.0,0.0,1.0,0.0,17.0,0.0,0.0,2.9070824226064507,0.0,0.0,0.0,5.0,0.0,0.0,0.0,0.0,1.0,0.0,0.0,1.0,1873.0,0.0,0.0,19.0,0.0,0.0,0.0,0.0,1.0,0.0,0.0,0.0,0.0,44.0,0.9240683175066993,10.0,4.0,19.0,468.0,5.0,1.0,1920.0,1080.0,44.0,0.0,0
30.0,1.0,1.0,0.0,0.0,2.0,0.0,12.0,0.0,0.0,3.0973185824476577,0.0,0.0,1.0,0.0,0.0,0.0,0.0,0.0,1.0,0.0,0.0,1.0,316.0,0.0,0.0,25.0,0.0,0.0,0.0,0.0,0.0,1.0,0.0,0.0,0.0,90.0,0.9215338328599919,7.0,6.0,25.0,385.0,1.0,1.0,1920.0,1080.0,42.0,0.0,0
32.0,1.0,1.0,0.0,0.0,2.0,0.0,16.0,0.0,0.0,2.7078070046018956,0.0,0.0,26.0,20.0,0.0,0.0,0.0,0.0,1.0,0.0,0.0,1.0,1897.0,1.0,0.0,20.0,0.0,0.0,0.0,0.0,0.0,0.0,0.0,0.0,0.0,27.0,0.9509653850713035,3.0,2.0,20.0,402.0,15.0,1.0,1280.0,800.0,5.0,0.0,0
36.0,1.0,1.0,0.0,0.0,2.0,0.0,19.0,0.0,0.0,2.358591857858392,0.0,0.0,12.0,0.0,0.0,0.0,0.0,0.0,1.0,0.0,0.0,1.0,2471.0,1.0,0.0,3.0,0.0,0.0,0.0,0.0,3.0,0.0,0.0,0.0,0.0,49.0,0.9624600481910514,7.0,4.0,3.0,425.0,0.0,1.0,1920.0,1080.0,11.0,0.0,0
41.0,1.0,1.0,0.0,0.0,2.0,0.0,16.0,1.0,0.0625,2.4515800411128543,0.0,0.0,2.0,0.0,0.0,0.0,0.0,0.0,1.0,0.0,0.0,1.0,123.0,0.0,0.0,7.0,0.0,0.0,0.0,0.0,0.0,0.0,0.0,0.0,0.0,91.0,0.9719625944852313,6.0,4.0,7.0,232.0,1.0,1.0,1280.0,800.0,31.0,0.0,0
24.0,1.0,0.0,0.0,0.0,1.0,0.0,10.0,0.0,0.0,3.1658285917851066,0.0,0.0,25.0,0.0,0.0,1.0,1.0,0.0,1.0,0.0,0.0,1.0,2023.0,3.0,0.0,20.0,1.0,0.0,0.0,0.0,0.0,3.0,0.0,0.0,1.0,50.0,0.9291604957175186,1.0,0.0,20.0,499.0,0.0,1.0,1920.0,1080.0,12.0,0.0,0
31.0,1.0,0.0,0.0,0.0,1.0,0.0,16.0,0.0,0.0,2.2831751267943785,0.0,0.0,16.0,0.0,0.0,1.0,1.0,0.0,1.0,0.0,0.0,1.0,932.0,1.0,0.0,19.0,1.0,0.0,0.0,0.0,0.0,3.0,0.0,0.0,1.0,86.0,0.9310620422142247,10.0,7.0,19.0,492.0,5.0,1.0,1920.0,1080.0,37.0,0.0,0
28.0,1.0,1.0,0.0,0.0,2.0,0.0,12.0,0.0,0.0,3.0445614955743894,0.0,0.0,8.0,0.0,0.0,0.0,0.0,0.0,1.0,0.0,0.0,1.0,1307.0,2.0,0.0,23.0,0.0,0.0,0.0,0.0,3.0,0.0,0.0,0.0,0.0,91.0,0.9944815420703763,12.0,4.0,23.0,246.0,3.0,1.0,1920.0,1080.0,4.0,0.0,0
29.0,1.0,0.0,0.0,0.0,1.0,0.0,15.0,0.0,0.0,3.3028440341540533,0.0,0.0,11.0,0.0,0.0,0.0,0.0,0.0,1.0,0.0,0.0,1.0,2261.0,2.0,1.0,12.0,0.0,0.0,0.0,0.0,3.0,0.0,0.0,0.0,0.0,33.0,0.9626715913205444,2.0,1.0,12.0,402.0,6.0,1.0,1920.0,1080.0,37.0,0.0,0
54.0,1.0,1.0,0.0,1.0,2.0,0.0,18.0,0.0,0.0,2.9565266669986285,0.0,0.0,7.0,0.0,0.0,0.0,0.0,0.0,1.0,0.0,0.0,1.0,1645.0,1.0,0.0,5.0,0.0,0.0,0.0,0.0,0.0,1.0,0.0,0.0,0.0,87.0,0.9360007136890198,4.0,1.0,5.0,466.0,3.0,1.0,1920.0,1080.0,36.0,0.0,0
30.0,0.0,1.0,0.0,0.0,2.0,0.0,20.0,0.0,0.0,2.2081623614616155,0.0,0.0,22.0,0.0,0.0,0.0,0.0,0.0,0.0,0.0,0.0,0.0,1331.0,1.0,0.0,20.0,0.0,0.0,0.0,0.0,1.0,0.0,1.0,0.0,0.0,65.0,0.2902816312756225,12.0,8.0,20.0,20.0,0.0,1.0,1920.0,1080.0,16.0,0.0,0
18.0,1.0,1.0,0.0,0.0,2.0,0.0,19.0,0.0,0.0,2.418439560875743,0.0,0.0,31.0,20.0,0.0,0.0,0.0,0.0,1.0,0.0,0.0,1.0,1721.0,1.0,1.0,10.0,0.0,0.0,0.0,0.0,0.0,0.0,0.0,0.0,0.0,71.0,0.9603018754979707,7.0,6.0,10.0,346.0,11.0,1.0,1920.0,1080.0,16.0,0.0,0
38.0,1.0,1.0,0.0,0.0,2.0,0.0,12.0,0.0,0.0,2.5764416529095127,0.0,0.0,5.0,5.0,0.0,0.0,0.0,0.0,1.0,0.0,0.0,1.0,1757.0,1.0,0.0,29.0,0.0,0.0,0.0,0.0,0.0,0.0,0.0,0.0,0.0,71.0,0.9410690895198464,6.0,1.0,29.0,465.0,10.0,1.0,1280.0,800.0,3.0,0.0,0
34.0,1.0,1.0,0.0,2.0,2.0,0.0,14.0,0.0,0.0,2.5809273716708083,0.0,0.0,22.0,0.0,0.0,0.0,0.0,0.0,1.0,0.0,0.0,0.0,490.0,1.0,2.0,10.0,0.0,0.0,0.0,0.0,3.0,0.0,0.0,0.0,0.0,119.0,0.9233276765005176,4.0,3.0,10.0,179.0,13.0,1.0,1920.0,1080.0,33.0,0.0,0
20.0,1.0,0.0,0.0,0.0,1.0,0.0,10.0,0.0,0.0,2.123839905713845,0.0,0.0,7.0,0.0,0.0,0.0,0.0,0.0,1.0,0.0,0.0,1.0,187.0,0.0,0.0,14.0,0.0,0.0,0.0,0.0,1.0,0.0,0.0,0.0,0.0,54.0,0.9617500088298861,9.0,8.0,14.0,351.0,2.0,1.0,1920.0,1080.0,35.0,0.0,0
48.0,1.0,1.0,0.0,2.0,2.0,0.0,8.0,0.0,0.0,2.494563162341545,0.0,0.0,29.0,0.0,0.0,0.0,0.0,0.0,1.0,0.0,0.0,1.0,1964.0,0.0,0.0,16.0,0.0,0.0,0.0,0.0,0.0,1.0,0.0,0.0,0.0,82.0,0.9415836846313892,12.0,1.0,16.0,390.0,14.0,1.0,1280.0,800.0,27.0,0.0,0
45.0,1.0,0.0,0.0,0.0,1.0,0.0,13.0,0.0,0.0,2.404236627898937,0.0,0.0,26.0,0.0,0.0,0.0,0.0,0.0,1.0,0.0,0.0,1.0,1596.0,1.0,0.0,12.0,0.0,0.0,0.0,0.0,1.0,0.0,0.0,0.0,0.0,73.0,0.9965593415096353,7.0,6.0,12.0,169.0,6.0,1.0,1920.0,1080.0,36.0,0.0,0
39.0,1.0,1.0,0.0,0.0,2.0,0.0,10.0,0.0,0.0,2.6705813622681105,0.0,1.0,34.0,0.0,0.0,1.0,1.0,0.0,1.0,0.0,0.0,1.0,200.0,1.0,0.0,18.0,0.0,0.0,0.0,0.0,1.0,1.0,0.0,0.0,0.0,71.0,0.9957366332027111,5.0,4.0,18.0,299.0,3.0,1.0,1920.0,1080.0,15.0,0.0,0
36.0,1.0,0.0,0.0,0.0,1.0,0.0,18.0,0.0,0.0,3.0918602053217303,0.0,0.0,16.0,5.0,0.0,1.0,1.0,0.0,1.0,0.0,0.0,1.0,2373.0,1.0,0.0,9.0,1.0,1.0,0.0,0.0,2.0,2.0,0.0,0.0,1.0,48.0,0.9227433342648435,9.0,6.0,9.0,208.0,16.0,1.0,1280.0,800.0,3.0,0.0,0
50.0,1.0,0.0,0.0,0.0,1.0,0.0,10.0,0.0,0.0,2.2296502640470472,0.0,0.0,0.0,0.0,0.0,0.0,0.0,0.0,1.0,0.0,0.0,1.0,381.0,0.0,0.0,26.0,0.0,0.0,0.0,0.0,3.0,0.0,0.0,0.0,0.0,98.0,0.9759635579012438,7.0,4.0,26.0,280.0,3.0,1.0,1920.0,1080.0,35.0,0.0,0
34.0,1.0,1.0,0.0,0.0,2.0,0.0,8.0,0.0,0.0,2.292574098621298,0.0,0.0,21.0,5.0,0.0,1.0,1.0,0.0,1.0,0.0,0.0,1.0,389.0,0.0,0.0,5.0,0.0,0.0,0.0,0.0,2.0,0.0,0.0,0.0,0.0,21.0,0.9245472456569911,1.0,0.0,5.0,238.0,15.0,1.0,1920.0,1080.0,16.0,0.0,0
31.0,1.0,1.0,0.0,0.0,2.0,0.0,20.0,0.0,0.0,2.3876595683860393,0.0,0.0,8.0,20.0,0.0,0.0,0.0,0.0,1.0,0.0,0.0,1.0,526.0,1.0,0.0,24.0,0.0,0.0,0.0,0.0,0.0,0.0,0.0,0.0,0.0,27.0,0.9526395489798523,14.0,5.0,24.0,152.0,14.0,1.0,1920.0,1080.0,42.0,0.0,0
20.0,1.0,1.0,0.0,0.0,2.0,0.0,20.0,0.0,0.0,2.73975165421162,0.0,0.0,17.0,0.0,0.0,1.0,1.0,0.0,1.0,0.0,0.0,1.0,1968.0,1.0,0.0,15.0,0.0,0.0,0.0,0.0,1.0,0.0,0.0,0.0,0.0,119.0,0.9745466425626287,7.0,1.0,15.0,452.0,8.0,1.0,1920.0,1080.0,42.0,0.0,0
21.0,1.0,1.0,0.0,0.0,2.0,0.0,21.0,0.0,0.0,2.1414137912867384,0.0,0.0,4.0,0.0,0.0,0.0,0.0,0.0,1.0,0.0,0.0,1.0,1035.0,2.0,0.0,19.0,0.0,0.0,0.0,0.0,3.0,1.0,0.0,0.0,0.0,67.0,0.9424173125592457,4.0,3.0,19.0,76.0,15.0,1.0,1920.0,1080.0,17.0,0.0,0
34.0,1.0,1.0,0.0,0.0,2.0,0.0,8.0,0.0,0.0,2.6091665057424516,0.0,0.0,14.0,0.0,0.0,1.0,1.0,0.0,1.0,0.0,0.0,1.0,2072.0,1.0,0.0,12.0,1.0,0.0,0.0,1.0,1.0,3.0,0.0,0.0,1.0,54.0,0.9557029334779481,7.0,6.0,12.0,368.0,16.0,1.0,1920.0,1080.0,41.0,0.0,0
52.0,1.0,1.0,0.0,0.0,2.0,0.0,15.0,0.0,0.0,2.1281422733634225,0.0,0.0,7.0,0.0,0.0,0.0,0.0,0.0,1.0,0.0,0.0,1.0,1604.0,2.0,1.0,12.0,0.0,0.0,0.0,0.0,2.0,0.0,0.0,0.0,0.0,65.0,0.9457169982358243,5.0,3.0,12.0,173.0,7.0,1.0,1280.0,800.0,40.0,0.0,0
38.0,1.0,1.0,0.0,0.0,2.0,0.0,13.0,0.0,0.0,3.27826047442434,0.0,0.0,19.0,0.0,0.0,0.0,0.0,0.0,1.0,0.0,0.0,1.0,1234.0,0.0,0.0,3.0,0.0,0.0,0.0,0.0,3.0,1.0,0.0,0.0,0.0,64.0,0.9354991146419849,12.0,3.0,3.0,184.0,4.0,1.0,1920.0,1080.0,36.0,0.0,0
36.0,1.0,1.0,0.0,0.0,2.0,0.0,13.0,0.0,0.0,2.3782092471260365,0.0,0.0,18.0,0.0,0.0,0.0,0.0,0.0,1.0,0.0,0.0,1.0,234.0,3.0,0.0,25.0,0.0,0.0,0.0,0.0,1.0,0.0,0.0,0.0,0.0,112.0,0.99481742481367,2.0,1.0,25.0,316.0,13.0,1.0,1280.0,800.0,44.0,0.0,0
53.0,1.0,1.0,0.0,0.0,2.0,0.0,17.0,0.0,0.0,2.1545645441165577,0.0,0.0,25.0,0.0,0.0,1.0,1.0,0.0,1.0,0.0,0.0,1.0,2068.0,1.0,0.0,11.0,1.0,1.0,0.0,0.0,2.0,2.0,0.0,0.0,1.0,106.0,0.9667993398961535,10.0,6.0,11.0,341.0,19.0,1.0,1920.0,1080.0,34.0,0.0,0
25.0,1.0,0.0,0.0,0.0,1.0,0.0,12.0,0.0,0.0,2.9548387975199963,0.0,0.0,11.0,0.0,0.0,1.0,1.0,0.0,1.0,0.0,0.0,1.0,299.0,0.0,1.0,4.0,0.0,0.0,0.0,0.0,3.0,1.0,0.0,0.0,0.0,80.0,0.97707695586932,9.0,1.0,4.0,311.0,11.0,1.0,1920.0,1080.0,14.0,0.0,0
29.0,1.0,1.0,0.0,0.0,2.0,0.0,11.0,0.0,0.0,2.7917444739881048,0.0,0.0,32.0,0.0,0.0,1.0,1.0,0.0,1.0,0.0,0.0,1.0,1461.0,0.0,1.0,26.0,0.0,0.0,0.0,0.0,1.0,0.0,0.0,0.0,0.0,35.0,0.9432073811960598,12.0,9.0,26.0,145.0,1.0,1.0,1920.0,1080.0,26.0,0.0,0
31.0,1.0,0.0,0.0,1.0,1.0,0.0,12.0,0.0,0.0,3.3590676239481576,0.0,0.0,33.0,5.0,0.0,1.0,1.0,0.0,1.0,0.0,0.0,1.0,959.0,1.0,0.0,26.0,0.0,0.0,1.0,0.0,3.0,0.0,0.0,0.0,1.0,116.0,0.97222078047809,8.0,5.0,26.0,426.0,3.0,1.0,1280.0,800.0,31.0,0.0,0
52.0,1.0,0.0,0.0,0.0,1.0,0.0,15.0,0.0,0.0,2.539771269872882,0.0,0.0,20.0,0.0,0.0,1.0,1.0,0.0,1.0,0.0,0.0,1.0,178.0,0.0,1.0,3.0,0.0,0.0,0.0,0.0,1.0,0.0,0.0,0.0,0.0,24.0,0.9403374263253351,9.0,4.0,3.0,19.0,2.0,1.0,1280.0,800.0,22.0,0.0,0
38.0,1.0,1.0,0.0,1.0,2.0,0.0,15.0,0.0,0.0,2.7116993152273574,0.0,0.0,33.0,0.0,0.0,0.0,0.0,0.0,1.0,0.0,0.0,1.0,231.0,1.0,0.0,25.0,0.0,0.0,0.0,0.0,1.0,0.0,0.0,0.0,0.0,48.0,0.9516324008423767,2.0,1.0,25.0,128.0,10.0,1.0,1920.0,1080.0,42.0,0.0,0
30.0,1.0,0.0,0.0,1.0,1.0,0.0,10.0,0.0,0.0,2.5976306804038822,0.0,0.0,26.0,0.0,0.0,0.0,0.0,0.0,1.0,0.0,0.0,1.0,1305.0,1.0,0.0,28.0,0.0,0.0,0.0,0.0,1.0,0.0,0.0,0.0,0.0,18.0,0.9870183278898125,4.0,3.0,28.0,466.0,10.0,1.0,1280.0,800.0,23.0,0.0,0
41.0,1.0,1.0,0.0,0.0,2.0,0.0,19.0,0.0,0.0,3.087430384088081,0.0,0.0,33.0,0.0,0.0,0.0,0.0,0.0,1.0,0.0,0.0,1.0,1249.0,1.0,1.0,11.0,0.0,0.0,0.0,0.0,2.0,0.0,0.0,0.0,0.0,91.0,0.9315882261814595,6.0,5.0,11.0,497.0,8.0,1.0,1920.0,1080.0,38.0,0.0,0
54.0,1.0,1.0,0.0,0.0,2.0,0.0,13.0,1.0,0.07692307692307693,2.3328550694040415,0.0,0.0,18.0,0.0,0.0,0.0,0.0,0.0,1.0,0.0,0.0,1.0,264.0,0.0,1.0,23.0,0.0,0.0,0.0,0.0,2.0,0.0,0.0,0.0,0.0,41.0,0.9966852267714957,9.0,2.0,23.0,485.0,18.0,1.0,1920.0,1080.0,44.0,0.0,0
47.0,1.0,0.0,0.0,0.0,1.0,0.0,18.0,0.0,0.0,2.5184006257617164,0.0,0.0,19.0,0.0,0.0,0.0,0.0,0.0,1.0,0.0,0.0,1.0,1609.0,1.0,0.0,18.0,0.0,0.0,0.0,0.0,3.0,0.0,0.0,0.0,0.0,68.0,0.9791299733709237,7.0,6.0,18.0,220.0,8.0,1.0,1280.0,800.0,17.0,0.0,0
43.0,1.0,1.0,0.0,0.0,2.0,0.0,7.0,0.0,0.0,2.9063624622310957,0.0,0.0,27.0,0.0,0.0,1.0,1.0,0.0,1.0,0.0,0.0,0.0,1306.0,0.0,0.0,13.0,0.0,0.0,0.0,0.0,2.0,1.0,0.0,0.0,0.0,44.0,0.9224626481790112,5.0,4.0,13.0,364.0,14.0,1.0,1920.0,1080.0,30.0,0.0,0
38.0,1.0,0.0,0.0,0.0,1.0,0.0,11.0,0.0,0.0,3.172892031045529,0.0,0.0,19.0,0.0,0.0,0.0,0.0,0.0,1.0,0.0,0.0,1.0,996.0,2.0,0.0,15.0,0.0,0.0,0.0,0.0,0.0,0.0,0.0,0.0,0.0,76.0,0.9301834026476063,11.0,6.0,15.0,360.0,11.0,1.0,1920.0,1080.0,35.0,0.0,0
45.0,1.0,0.0,0.0,0.0,1.0,0.0,21.0,0.0,0.0,2.4003469793311774,0.0,0.0,8.0,0.0,0.0,1.0,1.0,0.0,1.0,0.0,0.0,1.0,1553.0,1.0,1.0,25.0,1.0,1.0,0.0,0.0,3.0,1.0,0.0,0.0,1.0,62.0,0.9429705469749715,1.0,0.0,25.0,12.0,8.0,1.0,1920.0,1080.0,38.0,0.0,0
34.0,1.0,0.0,0.0,1.0,1.0,0.0,20.0,0.0,0.0,2.913600665865793,0.0,0.0,8.0,5.0,0.0,1.0,1.0,0.0,1.0,0.0,0.0,1.0,649.0,1.0,0.0,19.0,0.0,0.0,1.0,0.0,1.0,0.0,0.0,0.0,1.0,112.0,0.9533878336243313,14.0,5.0,19.0,51.0,13.0,1.0,1280.0,800.0,30.0,0.0,0
44.0,1.0,1.0,0.0,0.0,2.0,0.0,15.0,1.0,0.06666666666666667,3.2365855282888267,0.0,0.0,24.0,0.0,0.0,0.0,0.0,0.0,1.0,0.0,0.0,1.0,1366.0,1.0,0.0,16.0,0.0,0.0,0.0,0.0,1.0,0.0,0.0,0.0,0.0,115.0,0.9443494226743641,2.0,1.0,16.0,352.0,8.0,1.0,1280.0,800.0,32.0,0.0,0
53.0,1.0,1.0,0.0,1.0,2.0,0.0,14.0,0.0,0.0,2.7871018184631744,0.0,0.0,21.0,5.0,0.0,1.0,1.0,0.0,1.0,0.0,0.0,1.0,2033.0,1.0,0.0,21.0,1.0,0.0,0.0,0.0,3.0,3.0,0.0,0.0,1.0,93.0,0.9631055493799735,10.0,9.0,21.0,498.0,9.0,1.0,1280.0,800.0,15.0,0.0,0
30.0,1.0,1.0,0.0,0.0,2.0,0.0,12.0,0.0,0.0,2.228952889146742,0.0,0.0,26.0,0.0,0.0,0.0,0.0,0.0,1.0,0.0,0.0,1.0,171.0,2.0,0.0,10.0,0.0,0.0,1.0,0.0,2.0,0.0,1.0,0.0,1.0,117.0,0.9314448545763766,1.0,0.0,10.0,372.0,1.0,1.0,1920.0,1080.0,19.0,0.0,0
19.0,1.0,0.0,0.0,1.0,1.0,0.0,11.0,0.0,0.0,2.1421981842909594,0.0,0.0,24.0,0.0,0.0,0.0,0.0,0.0,1.0,0.0,0.0,1.0,1814.0,0.0,0.0,3.0,0.0,0.0,0.0,0.0,2.0,0.0,0.0,0.0,0.0,94.0,0.9292944620009513,7.0,6.0,3.0,234.0,17.0,1.0,1280.0,800.0,27.0,0.0,0
31.0,1.0,0.0,0.0,0.0,1.0,0.0,8.0,0.0,0.0,2.400415598774939,0.0,0.0,9.0,0.0,0.0,0.0,0.0,0.0,1.0,0.0,0.0,1.0,1002.0,1.0,0.0,17.0,0.0,0.0,0.0,0.0,3.0,0.0,0.0,0.0,0.0,37.0,0.9688410531273728,9.0,8.0,17.0,439.0,12.0,1.0,1280.0,800.0,12.0,0.0,0
34.0,1.0,0.0,0.0,0.0,1.0,0.0,16.0,0.0,0.0,2.2028680763170887,0.0,0.0,5.0,5.0,0.0,0.0,0.0,0.0,1.0,0.0,0.0,1.0,847.0,1.0,1.0,17.0,0.0,0.0,0.0,0.0,1.0,0.0,0.0,0.0,0.0,44.0,0.9224484397069523,13.0,2.0,17.0,57.0,16.0,1.0,1920.0,1080.0,22.0,0.0,0
36.0,1.0,1.0,0.0,0.0,2.0,0.0,12.0,0.0,0.0,2.876554091271209,0.0,0.0,4.0,0.0,0.0,0.0,0.0,0.0,1.0,0.0,0.0,1.0,1886.0,1.0,0.0,15.0,0.0,0.0,0.0,0.0,0.0,0.0,1.0,0.0,0.0,78.0,0.9585404663783186,9.0,8.0,15.0,474.0,9.0,1.0,1920.0,1080.0,10.0,0.0,0
38.0,1.0,1.0,0.0,0.0,2.0,0.0,11.0,0.0,0.0,2.9731658743723117,0.0,0.0,4.0,0.0,0.0,0.0,0.0,0.0,1.0,0.0,0.0,1.0,758.0,1.0,0.0,7.0,0.0,0.0,0.0,0.0,2.0,0.0,0.0,0.0,0.0,66.0,0.9715492560394055,10.0,8.0,7.0,295.0,2.0,1.0,1280.0,800.0,23.0,0.0,0
49.0,1.0,1.0,0.0,0.0,2.0,0.0,10.0,0.0,0.0,2.275136578617863,0.0,0.0,19.0,0.0,0.0,1.0,1.0,0.0,1.0,0.0,0.0,1.0,138.0,0.0,0.0,22.0,0.0,0.0,0.0,0.0,2.0,0.0,0.0,0.0,0.0,51.0,0.9404342624836872,14.0,8.0,22.0,243.0,6.0,1.0,1280.0,800.0,22.0,0.0,0
25.0,1.0,1.0,0.0,1.0,2.0,0.0,9.0,0.0,0.0,2.2263140865557554,0.0,0.0,6.0,5.0,0.0,0.0,0.0,0.0,1.0,0.0,0.0,1.0,1665.0,1.0,1.0,12.0,0.0,0.0,0.0,0.0,2.0,1.0,0.0,0.0,0.0,110.0,0.9608633624399108,3.0,2.0,12.0,166.0,16.0,1.0,1920.0,1080.0,18.0,0.0,0
45.0,1.0,0.0,0.0,0.0,1.0,0.0,20.0,0.0,0.0,2.713857190203628,0.0,0.0,16.0,20.0,0.0,1.0,1.0,0.0,1.0,0.0,0.0,1.0,1147.0,1.0,0.0,21.0,0.0,0.0,1.0,0.0,1.0,1.0,0.0,0.0,1.0,34.0,0.9610922137457064,12.0,2.0,21.0,23.0,3.0,1.0,1920.0,1080.0,14.0,0.0,0
47.0,1.0,1.0,0.0,0.0,2.0,0.0,18.0,0.0,0.0,2.186019338242735,0.0,0.0,18.0,20.0,0.0,0.0,0.0,0.0,1.0,0.0,0.0,1.0,2307.0,1.0,0.0,24.0,0.0,0.0,0.0,0.0,0.0,0.0,0.0,0.0,0.0,115.0,0.9322894842803481,7.0,6.0,24.0,285.0,17.0,1.0,1920.0,1080.0,19.0,0.0,0
24.0,1.0,1.0,0.0,0.0,2.0,0.0,8.0,0.0,0.0,2.522271342673121,0.0,0.0,12.0,0.0,0.0,0.0,0.0,0.0,1.0,0.0,0.0,1.0,2354.0,2.0,0.0,8.0,0.0,0.0,0.0,0.0,3.0,1.0,0.0,0.0,0.0,20.0,0.935848335539287,10.0,3.0,8.0,420.0,12.0,1.0,1920.0,1080.0,10.0,0.0,0
40.0,1.0,0.0,0.0,0.0,1.0,0.0,8.0,0.0,0.0,3.2776393487250606,0.0,1.0,30.0,0.0,0.0,1.0,1.0,0.0,1.0,0.0,0.0,1.0,410.0,2.0,1.0,19.0,0.0,0.0,0.0,0.0,1.0,0.0,0.0,0.0,0.0,19.0,0.958829789696364,11.0,9.0,19.0,182.0,5.0,1.0,1920.0,1080.0,11.0,0.0,0
34.0,1.0,0.0,0.0,0.0,1.0,0.0,16.0,0.0,0.0,3.318783782787458,0.0,0.0,27.0,0.0,0.0,0.0,0.0,0.0,1.0,0.0,0.0,1.0,911.0,1.0,0.0,5.0,0.0,0.0,0.0,0.0,2.0,0.0,0.0,0.0,0.0,72.0,0.9896044154487427,5.0,4.0,5.0,265.0,18.0,1.0,1920.0,1080.0,10.0,0.0,0
24.0,1.0,1.0,0.0,0.0,2.0,0.0,9.0,0.0,0.0,2.864536757714597,0.0,0.0,16.0,0.0,0.0,0.0,0.0,0.0,1.0,0.0,0.0,1.0,414.0,0.0,0.0,26.0,0.0,0.0,0.0,0.0,1.0,1.0,0.0,0.0,0.0,72.0,0.9740597408277741,2.0,1.0,26.0,339.0,6.0,1.0,1280.0,800.0,30.0,0.0,0
30.0,1.0,1.0,0.0,0.0,2.0,0.0,10.0,0.0,0.0,3.018076881754585,0.0,0.0,3.0,0.0,0.0,1.0,1.0,0.0,1.0,0.0,0.0,1.0,1678.0,0.0,1.0,23.0,0.0,0.0,0.0,0.0,1.0,0.0,0.0,0.0,0.0,28.0,0.968680369037663,12.0,3.0,23.0,240.0,5.0,1.0,1920.0,1080.0,42.0,0.0,0
54.0,1.0,1.0,0.0,0.0,2.0,0.0,8.0,0.0,0.0,2.8011526662931434,0.0,0.0,9.0,0.0,0.0,1.0,1.0,0.0,1.0,0.0,0.0,1.0,1248.0,2.0,0.0,16.0,0.0,0.0,0.0,0.0,1.0,0.0,0.0,0.0,0.0,39.0,0.9265489204733035,7.0,5.0,16.0,454.0,16.0,1.0,1920.0,1080.0,5.0,0.0,0
36.0,1.0,1.0,0.0,0.0,2.0,0.0,8.0,0.0,0.0,2.455995274829037,0.0,0.0,26.0,0.0,0.0,0.0,0.0,0.0,1.0,0.0,0.0,1.0,1368.0,1.0,1.0,3.0,0.0,0.0,0.0,0.0,0.0,0.0,0.0,0.0,0.0,37.0,0.9717338202527924,13.0,6.0,3.0,365.0,11.0,1.0,1920.0,1080.0,16.0,0.0,0
32.0,1.0,1.0,0.0,0.0,2.0,0.0,20.0,0.0,0.0,3.390722463684618,0.0,0.0,23.0,0.0,0.0,1.0,1.0,0.0,1.0,0.0,0.0,1.0,658.0,1.0,0.0,5.0,1.0,1.0,0.0,0.0,2.0,1.0,1.0,0.0,1.0,26.0,0.9655609495475537,13.0,7.0,5.0,432.0,15.0,1.0,1280.0,800.0,38.0,0.0,0
38.0,1.0,0.0,0.0,0.0,1.0,0.0,11.0,0.0,0.0,2.9340765281483243,0.0,0.0,11.0,0.0,0.0,0.0,0.0,0.0,1.0,0.0,0.0,1.0,1434.0,1.0,0.0,22.0,0.0,0.0,0.0,0.0,1.0,0.0,0.0,0.0,0.0,109.0,0.9728518311310854,10.0,6.0,22.0,254.0,5.0,1.0,1280.0,800.0,31.0,0.0,0
54.0,1.0,0.0,0.0,0.0,1.0,0.0,9.0,0.0,0.0,3.2105480004547897,0.0,0.0,19.0,0.0,0.0,0.0,0.0,0.0,1.0,0.0,0.0,1.0,2334.0,0.0,0.0,18.0,0.0,0.0,0.0,0.0,1.0,0.0,0.0,0.0,0.0,101.0,0.9459800487173762,12.0,2.0,18.0,356.0,9.0,1.0,1920.0,1080.0,23.0,0.0,0
34.0,1.0,1.0,0.0,0.0,2.0,0.0,21.0,0.0,0.0,2.3737008908891957,0.0,0.0,30.0,0.0,0.0,0.0,0.0,0.0,1.0,0.0,0.0,1.0,994.0,0.0,0.0,9.0,0.0,0.0,0.0,0.0,2.0,0.0,0.0,0.0,0.0,97.0,0.9272529670807471,14.0,9.0,9.0,90.0,8.0,1.0,1280.0,800.0,5.0,0.0,0
25.0,1.0,0.0,0.0,0.0,1.0,0.0,17.0,0.0,0.0,2.4923908563217703,0.0,0.0,27.0,0.0,0.0,0.0,0.0,0.0,1.0,0.0,0.0,1.0,509.0,0.0,0.0,29.0,0.0,0.0,0.0,0.0,3.0,0.0,0.0,0.0,0.0,67.0,0.9344476966323779,2.0,1.0,29.0,441.0,12.0,1.0,1920.0,1080.0,18.0,0.0,0
48.0,1.0,1.0,0.0,0.0,2.0,0.0,13.0,1.0,0.07692307692307693,2.6375462781823833,0.0,0.0,7.0,5.0,0.0,0.0,0.0,0.0,1.0,0.0,0.0,1.0,1881.0,0.0,0.0,4.0,0.0,0.0,0.0,0.0,0.0,0.0,0.0,0.0,0.0,115.0,0.9623282614128351,11.0,5.0,4.0,86.0,2.0,1.0,1920.0,1080.0,6.0,0.0,0
45.0,1.0,1.0,0.0,0.0,2.0,0.0,12.0,0.0,0.0,2.5564867977238555,0.0,0.0,5.0,0.0,0.0,1.0,1.0,0.0,1.0,0.0,0.0,1.0,2285.0,1.0,0.0,20.0,1.0,0.0,0.0,0.0,3.0,1.0,0.0,0.0,1.0,33.0,0.9689850707877538,7.0,3.0,20.0,315.0,11.0,1.0,1920.0,1080.0,15.0,0.0,0
47.0,1.0,1.0,0.0,0.0,2.0,0.0,13.0,0.0,0.0,2.28040864934642,0.0,0.0,34.0,0.0,0.0,0.0,0.0,0.0,1.0,0.0,0.0,1.0,2429.0,3.0,0.0,27.0,0.0,0.0,0.0,0.0,3.0,0.0,1.0,0.0,0.0,96.0,0.9237918862344932,4.0,3.0,27.0,375.0,1.0,1.0,1920.0,1080.0,44.0,0.0,0
40.0,1.0,0.0,0.0,0.0,1.0,0.0,13.0,0.0,0.0,2.3782681930956646,0.0,0.0,31.0,0.0,0.0,1.0,1.0,0.0,1.0,0.0,0.0,1.0,680.0,3.0,1.0,9.0,0.0,0.0,0.0,0.0,0.0,0.0,0.0,0.0,0.0,30.0,0.9246850168416383,11.0,7.0,9.0,365.0,17.0,1.0,1280.0,800.0,16.0,0.0,0
44.0,1.0,1.0,0.0,0.0,2.0,0.0,19.0,0.0,0.0,2.124826952284166,0.0,0.0,2.0,0.0,0.0,0.0,0.0,0.0,1.0,0.0,0.0,1.0,2125.0,1.0,0.0,19.0,0.0,0.0,0.0,0.0,0.0,1.0,0.0,0.0,0.0,48.0,0.9342586479129267,11.0,9.0,19.0,270.0,7.0,1.0,1920.0,1080.0,17.0,0.0,0
28.0,1.0,2.0,0.0,1.0,3.0,0.0,20.0,0.0,0.0,2.8756338270118555,0.0,0.0,3.0,0.0,0.0,0.0,0.0,0.0,1.0,0.0,0.0,1.0,523.0,0.0,1.0,27.0,0.0,0.0,0.0,0.0,2.0,0.0,0.0,0.0,0.0,96.0,0.9213974504223202,11.0,5.0,27.0,391.0,14.0,1.0,1280.0,800.0,39.0,0.0,0
31.0,0.0,0.0,0.0,1.0,1.0,0.0,8.0,0.0,0.0,2.1846748518771495,0.0,0.0,27.0,5.0,0.0,1.0,1.0,0.0,0.0,0.0,0.0,0.0,1731.0,2.0,0.0,20.0,1.0,0.0,0.0,0.0,1.0,1.0,0.0,0.0,1.0,15.0,0.29257413838304225,4.0,3.0,20.0,488.0,1.0,1.0,1920.0,1080.0,13.0,0.0,0
48.0,0.0,1.0,0.0,0.0,2.0,0.0,13.0,0.0,0.0,2.9943792279807706,0.0,0.0,7.0,5.0,0.0,1.0,1.0,0.0,0.0,0.0,0.0,0.0,2164.0,1.0,0.0,27.0,0.0,0.0,0.0,0.0,0.0,0.0,0.0,0.0,0.0,38.0,0.42910557418694806,1.0,0.0,27.0,113.0,6.0,1.0,1920.0,1080.0,36.0,0.0,0
29.0,1.0,1.0,0.0,0.0,2.0,0.0,20.0,0.0,0.0,3.00322569817842,0.0,0.0,32.0,0.0,0.0,1.0,1.0,0.0,1.0,0.0,0.0,1.0,806.0,0.0,0.0,16.0,0.0,0.0,0.0,0.0,0.0,1.0,0.0,0.0,0.0,62.0,0.9911972694997345,5.0,4.0,16.0,393.0,1.0,1.0,1280.0,800.0,18.0,0.0,0
41.0,1.0,1.0,0.0,0.0,2.0,0.0,9.0,0.0,0.0,3.1742721403134038,0.0,0.0,22.0,0.0,0.0,0.0,0.0,0.0,1.0,0.0,0.0,0.0,2319.0,1.0,0.0,2.0,0.0,0.0,0.0,0.0,1.0,0.0,0.0,0.0,0.0,42.0,0.9455405364198318,9.0,8.0,2.0,99.0,16.0,1.0,1920.0,1080.0,14.0,0.0,0
33.0,1.0,1.0,0.0,0.0,2.0,0.0,18.0,2.0,0.1111111111111111,2.6629989333628306,0.0,0.0,16.0,0.0,0.0,1.0,1.0,0.0,1.0,0.0,0.0,1.0,299.0,0.0,0.0,4.0,0.0,0.0,0.0,0.0,3.0,0.0,0.0,0.0,0.0,105.0,0.9520722178063301,13.0,3.0,4.0,289.0,17.0,1.0,1280.0,800.0,44.0,0.0,0
29.0,1.0,1.0,0.0,0.0,2.0,0.0,12.0,2.0,0.16666666666666666,2.5008615918220034,0.0,0.0,14.0,0.0,0.0,1.0,1.0,0.0,1.0,0.0,0.0,1.0,752.0,1.0,0.0,7.0,0.0,0.0,0.0,0.0,2.0,0.0,0.0,0.0,0.0,43.0,0.9792028755987342,12.0,2.0,7.0,491.0,6.0,1.0,1920.0,1080.0,38.0,0.0,0
53.0,1.0,1.0,0.0,0.0,2.0,0.0,8.0,0.0,0.0,3.083420982492536,0.0,0.0,14.0,20.0,0.0,1.0,1.0,0.0,1.0,0.0,0.0,1.0,2044.0,0.0,0.0,13.0,0.0,0.0,0.0,0.0,1.0,0.0,0.0,0.0,0.0,98.0,0.979487152521698,7.0,6.0,13.0,285.0,3.0,1.0,1920.0,1080.0,13.0,0.0,0
42.0,1.0,1.0,0.0,0.0,2.0,0.0,7.0,0.0,0.0,3.0256708937985954,0.0,0.0,13.0,0.0,0.0,1.0,1.0,0.0,1.0,0.0,0.0,1.0,151.0,1.0,1.0,23.0,1.0,0.0,0.0,0.0,0.0,3.0,0.0,0.0,1.0,57.0,0.9410722889564676,3.0,0.0,23.0,496.0,14.0,1.0,1280.0,800.0,32.0,0.0,0
36.0,1.0,1.0,0.0,0.0,2.0,0.0,15.0,1.0,0.06666666666666667,2.843447364745943,0.0,0.0,34.0,0.0,0.0,1.0,1.0,0.0,1.0,0.0,0.0,1.0,1345.0,1.0,0.0,9.0,1.0,0.0,0.0,0.0,3.0,1.0,0.0,0.0,1.0,36.0,0.9468927731988079,1.0,0.0,9.0,120.0,3.0,1.0,1920.0,1080.0,43.0,0.0,0
47.0,1.0,1.0,0.0,0.0,2.0,0.0,14.0,0.0,0.0,2.171223421002388,0.0,0.0,26.0,0.0,0.0,1.0,1.0,0.0,1.0,0.0,0.0,1.0,1970.0,2.0,0.0,23.0,1.0,0.0,0.0,0.0,0.0,2.0,0.0,0.0,1.0,78.0,0.9445600146278668,2.0,1.0,23.0,44.0,0.0,1.0,1920.0,1080.0,37.0,0.0,0
30.0,1.0,0.0,0.0,0.0,1.0,0.0,18.0,0.0,0.0,3.3076307562444103,0.0,0.0,10.0,0.0,0.0,0.0,0.0,0.0,1.0,0.0,0.0,1.0,555.0,1.0,0.0,12.0,0.0,0.0,0.0,0.0,1.0,0.0,0.0,0.0,0.0,88.0,0.9280135460989865,7.0,6.0,12.0,424.0,17.0,1.0,1280.0,800.0,11.0,0.0,0
32.0,1.0,1.0,0.0,0.0,2.0,0.0,19.0,1.0,0.05263157894736842,3.398375044708712,0.0,0.0,14.0,0.0,0.0,1.0,1.0,0.0,1.0,0.0,0.0,1.0,2045.0,2.0,0.0,14.0,1.0,0.0,0.0,0.0,0.0,1.0,0.0,0.0,1.0,15.0,0.999379886332446,2.0,1.0,14.0,18.0,16.0,1.0,1920.0,1080.0,41.0,0.0,0
19.0,1.0,0.0,0.0,0.0,1.0,0.0,11.0,1.0,0.09090909090909091,2.703024787857502,0.0,0.0,24.0,0.0,0.0,1.0,1.0,0.0,1.0,0.0,0.0,1.0,1908.0,2.0,0.0,20.0,0.0,0.0,0.0,0.0,2.0,0.0,1.0,0.0,0.0,41.0,0.927190262408051,12.0,2.0,20.0,117.0,6.0,1.0,1920.0,1080.0,24.0,0.0,0
51.0,1.0,1.0,0.0,0.0,2.0,0.0,7.0,0.0,0.0,3.2131479495813053,0.0,0.0,13.0,0.0,0.0,0.0,0.0,0.0,1.0,0.0,0.0,1.0,1480.0,0.0,1.0,13.0,0.0,0.0,0.0,0.0,0.0,0.0,0.0,0.0,0.0,75.0,0.9808635607322719,4.0,3.0,13.0,184.0,17.0,1.0,1280.0,800.0,28.0,0.0,0
18.0,1.0,1.0,0.0,0.0,2.0,0.0,11.0,0.0,0.0,3.2754191144120446,0.0,0.0,12.0,0.0,0.0,1.0,1.0,0.0,1.0,0.0,0.0,1.0,2059.0,1.0,0.0,19.0,1.0,0.0,0.0,1.0,0.0,1.0,0.0,0.0,1.0,117.0,0.9291433028669486,4.0,3.0,19.0,249.0,0.0,1.0,1920.0,1080.0,10.0,0.0,0
33.0,1.0,1.0,0.0,1.0,2.0,0.0,15.0,0.0,0.0,2.196716911683533,0.0,0.0,7.0,0.0,0.0,1.0,1.0,0.0,1.0,0.0,0.0,1.0,2490.0,0.0,0.0,20.0,0.0,0.0,0.0,0.0,1.0,0.0,1.0,0.0,0.0,24.0,0.9356218666597729,4.0,3.0,20.0,414.0,11.0,1.0,1920.0,1080.0,14.0,0.0,0
37.0,1.0,1.0,0.0,0.0,2.0,0.0,18.0,0.0,0.0,2.8526175272291043,0.0,0.0,8.0,5.0,0.0,0.0,0.0,0.0,1.0,0.0,0.0,1.0,1915.0,2.0,0.0,18.0,1.0,1.0,0.0,0.0,0.0,2.0,0.0,0.0,1.0,54.0,0.9498771373434178,8.0,3.0,18.0,426.0,18.0,1.0,1920.0,1080.0,37.0,0.0,0
23.0,1.0,1.0,0.0,0.0,2.0,0.0,10.0,0.0,0.0,2.770211092297685,0.0,0.0,20.0,0.0,0.0,1.0,1.0,0.0,1.0,0.0,0.0,1.0,1651.0,2.0,1.0,8.0,1.0,0.0,0.0,1.0,3.0,1.0,0.0,0.0,1.0,101.0,0.956324425808764,2.0,1.0,8.0,406.0,13.0,1.0,1280.0,800.0,31.0,0.0,0
24.0,1.0,1.0,0.0,0.0,2.0,0.0,15.0,0.0,0.0,2.9007116092126695,0.0,0.0,14.0,0.0,0.0,1.0,1.0,0.0,1.0,0.0,0.0,1.0,1970.0,3.0,1.0,14.0,0.0,0.0,0.0,0.0,3.0,1.0,0.0,0.0,0.0,93.0,0.9832195580720918,8.0,7.0,14.0,274.0,10.0,1.0,1280.0,800.0,26.0,0.0,0
18.0,1.0,1.0,0.0,1.0,2.0,0.0,14.0,0.0,0.0,2.205662836293154,0.0,0.0,33.0,0.0,0.0,0.0,0.0,0.0,1.0,0.0,0.0,1.0,1896.0,0.0,0.0,18.0,0.0,0.0,0.0,0.0,0.0,0.0,0.0,0.0,0.0,66.0,0.9592487750649392,12.0,3.0,18.0,209.0,3.0,1.0,1920.0,1080.0,10.0,0.0,0
50.0,1.0,1.0,0.0,0.0,2.0,0.0,17.0,0.0,0.0,2.1723302571273138,0.0,0.0,8.0,0.0,0.0,1.0,1.0,0.0,1.0,0.0,0.0,1.0,1579.0,2.0,0.0,13.0,0.0,0.0,0.0,0.0,0.0,0.0,0.0,0.0,0.0,33.0,0.9805065429184128,12.0,3.0,13.0,218.0,14.0,1.0,1920.0,1080.0,31.0,0.0,0
29.0,1.0,1.0,0.0,1.0,2.0,0.0,20.0,1.0,0.05,3.3859394136759247,0.0,0.0,11.0,0.0,0.0,0.0,0.0,0.0,1.0,0.0,0.0,1.0,1284.0,0.0,1.0,18.0,0.0,0.0,0.0,0.0,1.0,1.0,0.0,0.0,0.0,61.0,0.9572697046957095,8.0,1.0,18.0,39.0,16.0,1.0,1280.0,800.0,25.0,0.0,0
44.0,1.0,1.0,0.0,0.0,2.0,0.0,21.0,0.0,0.0,3.290657825157714,0.0,0.0,26.0,0.0,0.0,0.0,0.0,0.0,1.0,0.0,0.0,1.0,182.0,0.0,0.0,22.0,0.0,0.0,0.0,0.0,1.0,0.0,0.0,0.0,0.0,62.0,0.9305256569503141,14.0,2.0,22.0,57.0,1.0,1.0,1280.0,800.0,6.0,0.0,0
46.0,1.0,1.0,0.0,2.0,2.0,0.0,11.0,0.0,0.0,2.8658512469759607,0.0,0.0,20.0,0.0,0.0,1.0,1.0,0.0,1.0,0.0,0.0,1.0,1433.0,0.0,0.0,5.0,0.0,0.0,0.0,0.0,2.0,0.0,0.0,0.0,0.0,31.0,0.9888483592279768,6.0,5.0,5.0,329.0,19.0,1.0,1920.0,1080.0,10.0,0.0,0
25.0,1.0,1.0,0.0,0.0,2.0,0.0,19.0,0.0,0.0,2.4583916659735103,0.0,0.0,6.0,0.0,0.0,0.0,0.0,0.0,1.0,0.0,0.0,1.0,1039.0,1.0,0.0,25.0,0.0,0.0,0.0,0.0,2.0,0.0,1.0,0.0,0.0,64.0,0.9950871086541837,9.0,5.0,25.0,344.0,6.0,1.0,1920.0,1080.0,2.0,0.0,0
20.0,1.0,0.0,0.0,1.0,1.0,0.0,10.0,0.0,0.0,3.373022762312581,0.0,1.0,21.0,5.0,0.0,1.0,1.0,0.0,1.0,0.0,0.0,1.0,2008.0,0.0,1.0,7.0,0.0,0.0,0.0,0.0,1.0,1.0,0.0,0.0,0.0,96.0,0.9740596204131347,5.0,4.0,7.0,263.0,13.0,1.0,1280.0,800.0,33.0,0.0,0
39.0,1.0,1.0,0.0,0.0,2.0,0.0,7.0,1.0,0.14285714285714285,2.38179302841352,0.0,0.0,26.0,0.0,0.0,1.0,1.0,0.0,1.0,0.0,0.0,1.0,1393.0,1.0,0.0,5.0,1.0,0.0,0.0,1.0,1.0,3.0,1.0,0.0,1.0,17.0,0.9846768231581718,5.0,4.0,5.0,278.0,2.0,1.0,1920.0,1080.0,11.0,0.0,0
26.0,1.0,1.0,0.0,0.0,2.0,0.0,10.0,0.0,0.0,2.833774394149957,0.0,1.0,4.0,0.0,0.0,0.0,0.0,0.0,1.0,0.0,0.0,1.0,1472.0,1.0,0.0,8.0,0.0,0.0,0.0,0.0,1.0,0.0,0.0,0.0,0.0,96.0,0.9254612692684401,6.0,2.0,8.0,171.0,18.0,1.0,1920.0,1080.0,24.0,0.0,0
41.0,1.0,1.0,0.0,0.0,2.0,0.0,12.0,0.0,0.0,2.9132664585106784,0.0,0.0,23.0,0.0,0.0,0.0,0.0,0.0,1.0,0.0,0.0,1.0,228.0,1.0,0.0,7.0,0.0,0.0,0.0,0.0,0.0,0.0,0.0,0.0,0.0,49.0,0.9693183486832996,3.0,2.0,7.0,29.0,10.0,1.0,1280.0,800.0,37.0,0.0,0
48.0,1.0,0.0,0.0,0.0,1.0,0.0,20.0,0.0,0.0,2.4923129900771595,0.0,0.0,0.0,0.0,0.0,1.0,1.0,0.0,1.0,0.0,0.0,1.0,179.0,0.0,0.0,11.0,0.0,0.0,0.0,0.0,0.0,1.0,0.0,0.0,0.0,105.0,0.9539648990565246,14.0,3.0,11.0,378.0,10.0,1.0,1920.0,1080.0,34.0,0.0,0
41.0,1.0,0.0,0.0,0.0,1.0,0.0,9.0,0.0,0.0,2.7025649244661163,0.0,0.0,3.0,0.0,0.0,1.0,1.0,0.0,1.0,0.0,0.0,1.0,2250.0,2.0,0.0,13.0,0.0,0.0,0.0,0.0,0.0,0.0,0.0,0.0,0.0,35.0,0.9367267873726984,3.0,2.0,13.0,349.0,16.0,1.0,1280.0,800.0,10.0,0.0,0
38.0,1.0,0.0,0.0,0.0,1.0,0.0,14.0,0.0,0.0,2.11775784846588,0.0,0.0,17.0,5.0,0.0,0.0,0.0,0.0,1.0,0.0,0.0,1.0,210.0,0.0,0.0,17.0,0.0,0.0,0.0,0.0,3.0,1.0,0.0,0.0,0.0,103.0,0.942137599803384,2.0,1.0,17.0,363.0,15.0,1.0,1280.0,800.0,14.0,0.0,0
43.0,1.0,1.0,0.0,0.0,2.0,0.0,10.0,0.0,0.0,2.774117282889671,0.0,0.0,2.0,0.0,0.0,0.0,0.0,0.0,1.0,0.0,0.0,1.0,771.0,0.0,0.0,18.0,0.0,0.0,0.0,0.0,0.0,1.0,0.0,0.0,0.0,91.0,0.9448953955483501,14.0,7.0,18.0,452.0,4.0,1.0,1920.0,1080.0,27.0,0.0,0
25.0,1.0,0.0,0.0,0.0,1.0,0.0,11.0,0.0,0.0,2.1163703964677434,0.0,0.0,1.0,5.0,0.0,1.0,1.0,0.0,1.0,0.0,0.0,1.0,1033.0,3.0,0.0,27.0,0.0,0.0,0.0,0.0,1.0,0.0,0.0,0.0,0.0,71.0,0.9464770323486759,9.0,5.0,27.0,342.0,0.0,1.0,1920.0,1080.0,4.0,0.0,0
25.0,1.0,0.0,0.0,1.0,1.0,0.0,15.0,0.0,0.0,3.370344060872144,0.0,0.0,24.0,0.0,0.0,1.0,1.0,0.0,1.0,0.0,0.0,1.0,1632.0,2.0,1.0,5.0,1.0,0.0,0.0,0.0,3.0,2.0,0.0,0.0,1.0,70.0,0.9226539326204619,7.0,0.0,5.0,375.0,7.0,1.0,1280.0,800.0,4.0,0.0,0
18.0,1.0,1.0,0.0,0.0,2.0,0.0,12.0,0.0,0.0,2.829443141398921,0.0,0.0,24.0,20.0,0.0,1.0,1.0,0.0,1.0,0.0,0.0,1.0,172.0,1.0,0.0,23.0,1.0,1.0,0.0,0.0,1.0,3.0,1.0,0.0,1.0,104.0,0.9870205956280271,4.0,3.0,23.0,252.0,13.0,1.0,1280.0,800.0,25.0,0.0,0
28.0,1.0,1.0,0.0,0.0,2.0,0.0,9.0,0.0,0.0,2.643213042478771,0.0,0.0,3.0,0.0,0.0,1.0,1.0,0.0,1.0,0.0,0.0,1.0,2368.0,1.0,0.0,27.0,1.0,0.0,0.0,0.0,1.0,2.0,0.0,0.0,1.0,105.0,0.9679340508168462,3.0,2.0,27.0,457.0,15.0,1.0,1920.0,1080.0,39.0,0.0,0
51.0,1.0,0.0,0.0,0.0,1.0,0.0,11.0,0.0,0.0,2.8988253106638773,0.0,0.0,21.0,5.0,0.0,0.0,0.0,0.0,1.0,0.0,0.0,1.0,468.0,1.0,1.0,19.0,0.0,0.0,0.0,0.0,0.0,0.0,0.0,0.0,0.0,109.0,0.9908083988072416,6.0,5.0,19.0,347.0,7.0,1.0,1280.0,800.0,31.0,0.0,0
40.0,1.0,0.0,0.0,0.0,1.0,0.0,10.0,0.0,0.0,2.2188386898005987,0.0,0.0,27.0,5.0,0.0,1.0,1.0,0.0,1.0,0.0,0.0,1.0,924.0,1.0,0.0,2.0,1.0,0.0,0.0,0.0,2.0,1.0,0.0,0.0,1.0,106.0,0.9204530400420637,12.0,8.0,2.0,246.0,10.0,1.0,1280.0,800.0,43.0,0.0,0
24.0,1.0,0.0,0.0,0.0,1.0,0.0,16.0,0.0,0.0,2.702978651361622,0.0,0.0,19.0,0.0,0.0,0.0,0.0,0.0,1.0,0.0,0.0,1.0,824.0,0.0,1.0,4.0,0.0,0.0,0.0,0.0,0.0,1.0,0.0,0.0,0.0,62.0,0.9929403465601182,10.0,3.0,4.0,423.0,5.0,1.0,1920.0,1080.0,17.0,0.0,0
32.0,1.0,1.0,0.0,0.0,2.0,0.0,7.0,0.0,0.0,3.242441245511704,0.0,0.0,0.0,0.0,0.0,1.0,1.0,0.0,1.0,0.0,0.0,1.0,1295.0,1.0,0.0,17.0,0.0,0.0,1.0,0.0,2.0,0.0,0.0,0.0,1.0,49.0,0.9710101147957011,11.0,1.0,17.0,40.0,14.0,1.0,1920.0,1080.0,43.0,0.0,0
36.0,1.0,2.0,0.0,0.0,3.0,0.0,21.0,0.0,0.0,2.610118832913449,0.0,0.0,33.0,0.0,0.0,0.0,0.0,0.0,1.0,0.0,0.0,1.0,1160.0,1.0,0.0,28.0,0.0,0.0,0.0,0.0,3.0,1.0,0.0,0.0,0.0,24.0,0.9567014631965275,1.0,0.0,28.0,130.0,10.0,1.0,1920.0,1080.0,8.0,0.0,0
38.0,1.0,1.0,0.0,0.0,2.0,0.0,21.0,0.0,0.0,2.531197327175401,0.0,0.0,5.0,0.0,0.0,0.0,0.0,0.0,1.0,0.0,0.0,1.0,95.0,0.0,2.0,24.0,0.0,0.0,0.0,0.0,2.0,0.0,0.0,0.0,0.0,34.0,0.9901486866420938,6.0,5.0,24.0,112.0,17.0,1.0,1920.0,1080.0,21.0,0.0,0
50.0,1.0,1.0,0.0,0.0,2.0,0.0,21.0,1.0,0.047619047619047616,3.1366432814832232,0.0,0.0,34.0,0.0,0.0,0.0,0.0,0.0,1.0,0.0,0.0,1.0,802.0,1.0,1.0,28.0,0.0,0.0,0.0,0.0,2.0,0.0,0.0,0.0,0.0,109.0,0.9464248804317478,3.0,2.0,28.0,136.0,0.0,1.0,1920.0,1080.0,16.0,0.0,0
25.0,1.0,1.0,0.0,1.0,2.0,0.0,8.0,0.0,0.0,3.060475668556533,0.0,0.0,1.0,0.0,0.0,0.0,0.0,0.0,1.0,0.0,0.0,1.0,1927.0,0.0,0.0,21.0,0.0,0.0,0.0,0.0,1.0,0.0,1.0,0.0,0.0,98.0,0.970130007590113,14.0,6.0,21.0,208.0,15.0,1.0,1920.0,1080.0,3.0,0.0,0
33.0,0.0,1.0,0.0,2.0,2.0,0.0,19.0,0.0,0.0,2.624199686331734,0.0,0.0,10.0,0.0,0.0,0.0,0.0,0.0,0.0,0.0,0.0,0.0,129.0,2.0,0.0,16.0,0.0,0.0,0.0,0.0,0.0,0.0,0.0,0.0,0.0,19.0,0.2090292543654726,13.0,1.0,16.0,176.0,14.0,1.0,1920.0,1080.0,42.0,0.0,0
22.0,1.0,0.0,0.0,0.0,1.0,0.0,19.0,0.0,0.0,2.3513921928427717,0.0,0.0,14.0,0.0,0.0,0.0,0.0,0.0,1.0,0.0,0.0,1.0,1903.0,0.0,0.0,26.0,0.0,0.0,0.0,0.0,0.0,0.0,0.0,0.0,0.0,109.0,0.9888904194435825,8.0,7.0,26.0,409.0,18.0,1.0,1920.0,1080.0,21.0,0.0,0
28.0,1.0,1.0,0.0,0.0,2.0,0.0,9.0,0.0,0.0,2.423319302756408,0.0,0.0,2.0,0.0,0.0,1.0,1.0,0.0,1.0,0.0,0.0,1.0,448.0,1.0,0.0,9.0,0.0,0.0,0.0,0.0,0.0,0.0,0.0,0.0,0.0,109.0,0.9329418685107763,11.0,7.0,9.0,279.0,18.0,1.0,1280.0,800.0,10.0,0.0,0
49.0,1.0,0.0,0.0,0.0,1.0,0.0,14.0,0.0,0.0,2.7939009251616316,0.0,0.0,28.0,5.0,0.0,0.0,0.0,0.0,1.0,0.0,0.0,1.0,1769.0,1.0,0.0,17.0,0.0,0.0,0.0,0.0,2.0,0.0,0.0,0.0,0.0,74.0,0.9719620902999495,3.0,2.0,17.0,490.0,3.0,1.0,1920.0,1080.0,43.0,0.0,0
34.0,1.0,1.0,0.0,0.0,2.0,0.0,17.0,0.0,0.0,2.145477234800482,0.0,0.0,24.0,0.0,0.0,1.0,1.0,0.0,1.0,0.0,0.0,1.0,100.0,0.0,0.0,10.0,0.0,0.0,0.0,0.0,3.0,0.0,1.0,0.0,0.0,113.0,0.9535723074136808,4.0,3.0,10.0,77.0,0.0,1.0,1920.0,1080.0,38.0,0.0,0
36.0,1.0,0.0,0.0,0.0,1.0,0.0,10.0,0.0,0.0,2.314313763230515,0.0,0.0,24.0,5.0,0.0,0.0,0.0,0.0,1.0,0.0,0.0,1.0,505.0,3.0,2.0,18.0,0.0,0.0,0.0,0.0,3.0,0.0,0.0,0.0,0.0,35.0,0.9332496047528137,2.0,1.0,18.0,414.0,11.0,1.0,1920.0,1080.0,34.0,0.0,0
48.0,1.0,1.0,0.0,1.0,2.0,0.0,21.0,0.0,0.0,3.13189684913868,0.0,0.0,7.0,0.0,0.0,0.0,0.0,0.0,1.0,0.0,0.0,1.0,2069.0,2.0,0.0,22.0,0.0,0.0,0.0,0.0,1.0,0.0,0.0,0.0,0.0,52.0,0.9504005891392602,4.0,1.0,22.0,16.0,2.0,1.0,1920.0,1080.0,9.0,0.0,0
52.0,1.0,0.0,0.0,0.0,1.0,0.0,21.0,0.0,0.0,3.1998863460980482,0.0,0.0,26.0,0.0,0.0,0.0,0.0,0.0,1.0,0.0,0.0,1.0,1845.0,1.0,0.0,14.0,0.0,0.0,0.0,0.0,3.0,0.0,0.0,0.0,0.0,72.0,0.9427308691364319,3.0,2.0,14.0,20.0,10.0,1.0,1280.0,800.0,34.0,0.0,0
35.0,1.0,1.0,0.0,0.0,2.0,0.0,17.0,0.0,0.0,2.5267539816255966,0.0,0.0,13.0,0.0,0.0,1.0,1.0,0.0,1.0,0.0,0.0,1.0,842.0,0.0,0.0,13.0,0.0,0.0,0.0,0.0,2.0,0.0,0.0,0.0,0.0,55.0,0.9337959306858455,12.0,8.0,13.0,445.0,2.0,1.0,1280.0,800.0,27.0,0.0,0
34.0,1.0,0.0,0.0,0.0,1.0,0.0,9.0,0.0,0.0,2.990417772713702,0.0,1.0,1.0,0.0,0.0,1.0,1.0,0.0,1.0,0.0,0.0,1.0,2362.0,0.0,0.0,27.0,0.0,0.0,0.0,0.0,1.0,0.0,0.0,0.0,0.0,56.0,0.9613093054838829,8.0,6.0,27.0,458.0,3.0,1.0,1920.0,1080.0,32.0,0.0,0
50.0,1.0,0.0,0.0,0.0,1.0,0.0,7.0,0.0,0.0,2.970783340461175,0.0,0.0,33.0,0.0,0.0,0.0,0.0,0.0,1.0,0.0,0.0,1.0,900.0,1.0,0.0,3.0,1.0,0.0,0.0,0.0,2.0,1.0,0.0,0.0,1.0,31.0,0.968904441364431,13.0,5.0,3.0,170.0,10.0,1.0,1920.0,1080.0,43.0,0.0,0
47.0,1.0,1.0,0.0,0.0,2.0,0.0,21.0,0.0,0.0,2.100154238384105,0.0,0.0,0.0,0.0,0.0,0.0,0.0,0.0,1.0,0.0,0.0,0.0,674.0,1.0,0.0,22.0,0.0,0.0,0.0,0.0,0.0,0.0,0.0,0.0,0.0,21.0,0.9530915803876319,3.0,2.0,22.0,133.0,12.0,1.0,1920.0,1080.0,8.0,0.0,0
20.0,1.0,1.0,0.0,0.0,2.0,0.0,20.0,0.0,0.0,3.162210430995544,0.0,0.0,23.0,5.0,0.0,0.0,0.0,0.0,1.0,0.0,0.0,1.0,1220.0,0.0,0.0,6.0,0.0,0.0,0.0,0.0,2.0,0.0,1.0,0.0,0.0,19.0,0.998593901372809,4.0,0.0,6.0,10.0,9.0,1.0,1920.0,1080.0,24.0,0.0,0
37.0,1.0,2.0,0.0,0.0,3.0,0.0,12.0,0.0,0.0,2.5881464137181074,0.0,0.0,22.0,5.0,0.0,0.0,0.0,0.0,1.0,0.0,0.0,1.0,2051.0,1.0,0.0,11.0,0.0,0.0,0.0,0.0,2.0,0.0,0.0,0.0,0.0,97.0,0.9564008825845566,3.0,2.0,11.0,117.0,0.0,1.0,1920.0,1080.0,32.0,0.0,0
29.0,1.0,0.0,0.0,0.0,1.0,0.0,18.0,0.0,0.0,2.5503866995459785,0.0,0.0,14.0,0.0,0.0,0.0,0.0,0.0,1.0,0.0,0.0,1.0,1676.0,1.0,0.0,12.0,0.0,0.0,0.0,0.0,3.0,0.0,0.0,0.0,0.0,45.0,0.9732163282784854,14.0,8.0,12.0,445.0,0.0,1.0,1920.0,1080.0,29.0,0.0,0
48.0,1.0,1.0,0.0,0.0,2.0,0.0,8.0,0.0,0.0,3.081685965150984,0.0,0.0,24.0,0.0,0.0,0.0,0.0,0.0,1.0,0.0,0.0,1.0,1230.0,1.0,0.0,18.0,0.0,0.0,0.0,0.0,3.0,0.0,0.0,0.0,0.0,88.0,0.9529187769695328,12.0,5.0,18.0,116.0,17.0,1.0,1920.0,1080.0,2.0,0.0,0
20.0,1.0,0.0,0.0,1.0,1.0,0.0,13.0,0.0,0.0,2.290620059535856,0.0,0.0,4.0,5.0,0.0,0.0,0.0,0.0,1.0,0.0,0.0,1.0,791.0,2.0,0.0,17.0,0.0,0.0,0.0,0.0,3.0,0.0,0.0,0.0,0.0,76.0,0.9395146051048173,11.0,2.0,17.0,111.0,5.0,1.0,1280.0,800.0,30.0,0.0,0
22.0,1.0,1.0,0.0,0.0,2.0,0.0,10.0,0.0,0.0,2.1154118811733174,0.0,0.0,23.0,0.0,0.0,0.0,0.0,0.0,1.0,0.0,0.0,1.0,1771.0,1.0,0.0,6.0,0.0,0.0,0.0,0.0,1.0,0.0,0.0,0.0,0.0,56.0,0.9624154843600379,6.0,5.0,6.0,51.0,11.0,1.0,1920.0,1080.0,39.0,0.0,0
32.0,1.0,1.0,0.0,0.0,2.0,0.0,19.0,0.0,0.0,2.210979413124535,0.0,0.0,31.0,0.0,0.0,0.0,0.0,0.0,1.0,0.0,0.0,1.0,1694.0,3.0,0.0,16.0,0.0,0.0,0.0,0.0,3.0,1.0,0.0,0.0,0.0,118.0,0.9239840226315502,5.0,1.0,16.0,408.0,13.0,1.0,1920.0,1080.0,24.0,0.0,0
20.0,1.0,1.0,0.0,1.0,2.0,0.0,15.0,1.0,0.06666666666666667,3.1595101100788847,0.0,0.0,31.0,0.0,0.0,0.0,0.0,0.0,1.0,0.0,0.0,1.0,2258.0,0.0,0.0,23.0,0.0,0.0,0.0,0.0,2.0,1.0,0.0,0.0,0.0,39.0,0.9261337905574633,7.0,3.0,23.0,198.0,14.0,1.0,1920.0,1080.0,36.0,0.0,0
31.0,1.0,0.0,0.0,0.0,1.0,0.0,10.0,1.0,0.1,2.301906926190718,0.0,0.0,12.0,0.0,0.0,1.0,1.0,0.0,1.0,0.0,0.0,1.0,483.0,1.0,1.0,26.0,0.0,0.0,0.0,0.0,3.0,0.0,0.0,0.0,0.0,22.0,0.9788147154841059,5.0,2.0,26.0,8.0,12.0,1.0,1920.0,1080.0,42.0,0.0,0
36.0,1.0,0.0,0.0,0.0,1.0,0.0,11.0,0.0,0.0,3.2269356576389328,0.0,1.0,19.0,0.0,0.0,0.0,0.0,0.0,1.0,0.0,0.0,1.0,665.0,0.0,0.0,8.0,0.0,0.0,0.0,0.0,2.0,0.0,0.0,0.0,0.0,115.0,0.9555315361776096,1.0,0.0,8.0,91.0,10.0,1.0,1920.0,1080.0,31.0,0.0,0
29.0,1.0,0.0,0.0,0.0,1.0,0.0,16.0,0.0,0.0,2.295703057243897,0.0,0.0,2.0,0.0,0.0,0.0,0.0,0.0,1.0,0.0,0.0,1.0,1470.0,1.0,0.0,17.0,0.0,0.0,0.0,0.0,0.0,0.0,0.0,0.0,0.0,91.0,0.9355461083099019,9.0,8.0,17.0,409.0,17.0,1.0,1280.0,800.0,7.0,0.0,0
48.0,1.0,1.0,0.0,0.0,2.0,0.0,15.0,0.0,0.0,3.3277693510614914,0.0,0.0,30.0,20.0,0.0,1.0,1.0,0.0,1.0,0.0,0.0,1.0,1750.0,0.0,1.0,15.0,0.0,0.0,0.0,0.0,3.0,0.0,0.0,0.0,0.0,28.0,0.9474348092669365,13.0,5.0,15.0,394.0,16.0,1.0,1920.0,1080.0,15.0,0.0,0
37.0,1.0,0.0,0.0,1.0,1.0,0.0,14.0,0.0,0.0,2.3789022875642725,0.0,1.0,28.0,0.0,0.0,0.0,0.0,0.0,1.0,0.0,0.0,1.0,1029.0,2.0,0.0,7.0,0.0,0.0,0.0,0.0,0.0,0.0,0.0,0.0,0.0,85.0,0.9957516820273634,1.0,0.0,7.0,18.0,2.0,1.0,1920.0,1080.0,2.0,0.0,0
30.0,1.0,0.0,0.0,0.0,1.0,0.0,13.0,0.0,0.0,2.9512807659122045,0.0,0.0,1.0,5.0,0.0,1.0,1.0,0.0,1.0,0.0,0.0,1.0,1249.0,1.0,0.0,3.0,0.0,0.0,0.0,0.0,3.0,1.0,0.0,0.0,0.0,45.0,0.97682182788554,4.0,3.0,3.0,475.0,12.0,1.0,1280.0,800.0,44.0,0.0,0
25.0,1.0,0.0,0.0,0.0,1.0,0.0,20.0,0.0,0.0,2.800959135925492,0.0,0.0,22.0,0.0,0.0,0.0,0.0,0.0,1.0,0.0,0.0,1.0,2299.0,0.0,0.0,28.0,0.0,0.0,0.0,0.0,1.0,0.0,0.0,0.0,0.0,20.0,0.9931902704493897,4.0,3.0,28.0,116.0,7.0,1.0,1920.0,1080.0,27.0,0.0,0
48.0,1.0,1.0,0.0,0.0,2.0,0.0,13.0,0.0,0.0,2.6035334471137004,0.0,0.0,28.0,0.0,0.0,1.0,1.0,0.0,1.0,0.0,0.0,1.0,2171.0,0.0,0.0,27.0,0.0,0.0,0.0,0.0,0.0,0.0,1.0,0.0,0.0,19.0,0.9879309308928897,6.0,0.0,27.0,263.0,5.0,1.0,1280.0,800.0,15.0,0.0,0
28.0,1.0,0.0,0.0,0.0,1.0,0.0,12.0,0.0,0.0,2.511459163537535,0.0,1.0,16.0,0.0,0.0,0.0,0.0,0.0,1.0,0.0,0.0,1.0,2293.0,1.0,1.0,24.0,1.0,0.0,0.0,0.0,1.0,3.0,0.0,0.0,1.0,98.0,0.9740115083555079,9.0,8.0,24.0,45.0,15.0,1.0,1280.0,800.0,7.0,0.0,0
51.0,1.0,0.0,0.0,1.0,1.0,0.0,21.0,0.0,0.0,2.6549727135196886,0.0,1.0,9.0,5.0,0.0,0.0,0.0,0.0,1.0,0.0,0.0,1.0,633.0,0.0,0.0,11.0,0.0,0.0,0.0,0.0,1.0,0.0,0.0,0.0,0.0,23.0,0.9365967361183903,2.0,1.0,11.0,348.0,16.0,1.0,1920.0,1080.0,37.0,0.0,0
29.0,1.0,0.0,0.0,0.0,1.0,0.0,20.0,0.0,0.0,2.6182246352991947,0.0,0.0,15.0,0.0,0.0,1.0,1.0,0.0,1.0,0.0,0.0,1.0,1967.0,1.0,0.0,7.0,0.0,0.0,0.0,0.0,2.0,1.0,1.0,0.0,0.0,109.0,0.9349131077733062,8.0,2.0,7.0,311.0,7.0,1.0,1920.0,1080.0,5.0,0.0,0
20.0,1.0,0.0,0.0,0.0,1.0,0.0,20.0,0.0,0.0,2.3182604993465175,0.0,0.0,8.0,0.0,0.0,0.0,0.0,0.0,1.0,0.0,0.0,1.0,1562.0,1.0,1.0,7.0,0.0,0.0,0.0,0.0,0.0,0.0,0.0,0.0,0.0,91.0,0.950040638220981,4.0,3.0,7.0,152.0,13.0,1.0,1280.0,800.0,9.0,0.0,0
41.0,1.0,1.0,0.0,0.0,2.0,0.0,9.0,0.0,0.0,2.814057510566723,0.0,0.0,7.0,20.0,0.0,0.0,0.0,0.0,1.0,0.0,0.0,1.0,612.0,1.0,0.0,17.0,0.0,0.0,0.0,0.0,1.0,0.0,0.0,0.0,0.0,60.0,0.976323279464859,14.0,1.0,17.0,225.0,10.0,1.0,1920.0,1080.0,22.0,0.0,0
38.0,1.0,1.0,0.0,0.0,2.0,0.0,14.0,0.0,0.0,2.2639508919680233,0.0,0.0,17.0,0.0,0.0,0.0,0.0,0.0,1.0,0.0,0.0,1.0,1192.0,2.0,0.0,4.0,0.0,0.0,0.0,0.0,1.0,0.0,0.0,0.0,0.0,113.0,0.9460948049022327,6.0,5.0,4.0,83.0,12.0,1.0,1920.0,1080.0,41.0,0.0,0
34.0,1.0,1.0,0.0,1.0,2.0,0.0,19.0,1.0,0.05263157894736842,2.4979932461941474,0.0,0.0,8.0,0.0,0.0,1.0,1.0,0.0,1.0,0.0,0.0,1.0,2322.0,1.0,0.0,3.0,0.0,0.0,1.0,0.0,3.0,0.0,0.0,0.0,1.0,73.0,0.9883376274372586,1.0,0.0,3.0,258.0,19.0,1.0,1920.0,1080.0,19.0,0.0,0
49.0,1.0,1.0,0.0,0.0,2.0,0.0,8.0,0.0,0.0,2.5137595099553245,0.0,0.0,28.0,0.0,0.0,1.0,1.0,0.0,1.0,0.0,0.0,1.0,606.0,2.0,0.0,19.0,1.0,1.0,0.0,0.0,0.0,1.0,0.0,0.0,1.0,88.0,0.9545092365110401,12.0,0.0,19.0,447.0,12.0,1.0,1920.0,1080.0,43.0,0.0,0
19.0,1.0,0.0,0.0,0.0,1.0,0.0,7.0,1.0,0.14285714285714285,3.0411998363554313,0.0,0.0,16.0,0.0,0.0,0.0,0.0,0.0,1.0,0.0,0.0,0.0,1118.0,1.0,0.0,8.0,0.0,0.0,0.0,0.0,1.0,0.0,0.0,0.0,0.0,65.0,0.9872289204308256,5.0,4.0,8.0,242.0,3.0,1.0,1920.0,1080.0,2.0,0.0,0
23.0,1.0,1.0,0.0,0.0,2.0,0.0,11.0,0.0,0.0,3.0810872771285833,0.0,0.0,11.0,0.0,0.0,0.0,0.0,0.0,1.0,0.0,0.0,1.0,1601.0,2.0,0.0,15.0,0.0,0.0,0.0,0.0,1.0,0.0,0.0,0.0,0.0,36.0,0.936310267409728,13.0,7.0,15.0,409.0,13.0,1.0,1280.0,800.0,28.0,0.0,0
39.0,1.0,1.0,0.0,0.0,2.0,0.0,16.0,0.0,0.0,2.5901461458311323,0.0,0.0,7.0,5.0,0.0,1.0,1.0,0.0,1.0,0.0,0.0,1.0,1028.0,1.0,0.0,16.0,0.0,0.0,0.0,0.0,2.0,0.0,0.0,0.0,0.0,84.0,0.9215385362765408,8.0,3.0,16.0,357.0,7.0,1.0,1920.0,1080.0,36.0,0.0,0
52.0,1.0,0.0,0.0,0.0,1.0,0.0,8.0,0.0,0.0,3.196472576764162,0.0,0.0,27.0,0.0,0.0,0.0,0.0,0.0,1.0,0.0,0.0,0.0,1256.0,1.0,0.0,29.0,0.0,0.0,0.0,0.0,0.0,0.0,0.0,0.0,0.0,20.0,0.9353686111359538,14.0,7.0,29.0,99.0,15.0,1.0,1280.0,800.0,7.0,0.0,0
20.0,1.0,2.0,0.0,0.0,3.0,0.0,20.0,0.0,0.0,2.7467760135894794,0.0,0.0,6.0,0.0,0.0,0.0,0.0,0.0,1.0,0.0,0.0,1.0,1697.0,2.0,0.0,24.0,0.0,0.0,0.0,0.0,2.0,1.0,0.0,0.0,0.0,82.0,0.9717542672878597,14.0,1.0,24.0,422.0,6.0,1.0,1920.0,1080.0,19.0,0.0,0
36.0,1.0,0.0,0.0,0.0,1.0,0.0,15.0,0.0,0.0,2.7070888900723595,0.0,0.0,25.0,20.0,0.0,0.0,0.0,0.0,1.0,0.0,0.0,1.0,1561.0,0.0,1.0,20.0,0.0,0.0,0.0,0.0,0.0,1.0,0.0,0.0,0.0,33.0,0.9247711667703018,3.0,2.0,20.0,232.0,9.0,1.0,1280.0,800.0,31.0,0.0,0
34.0,1.0,1.0,0.0,0.0,2.0,0.0,8.0,0.0,0.0,2.448411678790791,0.0,0.0,0.0,0.0,0.0,0.0,0.0,0.0,1.0,0.0,0.0,1.0,1151.0,1.0,0.0,6.0,0.0,0.0,0.0,0.0,2.0,1.0,0.0,0.0,0.0,96.0,0.9782689042189379,6.0,5.0,6.0,287.0,4.0,1.0,1920.0,1080.0,20.0,0.0,0
45.0,1.0,0.0,0.0,0.0,1.0,0.0,12.0,0.0,0.0,2.729074540928394,0.0,0.0,16.0,0.0,0.0,0.0,0.0,0.0,1.0,0.0,0.0,1.0,2202.0,1.0,1.0,12.0,0.0,0.0,0.0,0.0,2.0,0.0,0.0,0.0,0.0,74.0,0.9824574396565218,11.0,7.0,12.0,327.0,1.0,1.0,1280.0,800.0,25.0,0.0,0
51.0,1.0,2.0,0.0,0.0,3.0,0.0,10.0,1.0,0.1,2.320627441313384,0.0,0.0,22.0,5.0,0.0,0.0,0.0,0.0,1.0,0.0,0.0,1.0,934.0,0.0,0.0,5.0,0.0,0.0,0.0,0.0,1.0,0.0,0.0,0.0,0.0,24.0,0.9951379308936965,6.0,0.0,5.0,492.0,7.0,1.0,1920.0,1080.0,18.0,0.0,0
50.0,1.0,0.0,0.0,0.0,1.0,0.0,8.0,0.0,0.0,3.251471793834482,0.0,0.0,20.0,20.0,0.0,1.0,1.0,0.0,1.0,0.0,0.0,0.0,100.0,0.0,0.0,11.0,0.0,0.0,0.0,0.0,0.0,0.0,0.0,0.0,0.0,100.0,0.9898967340313989,7.0,6.0,11.0,322.0,7.0,1.0,1280.0,800.0,9.0,0.0,0
26.0,1.0,0.0,0.0,0.0,1.0,0.0,14.0,0.0,0.0,2.8505051231188645,0.0,0.0,25.0,0.0,0.0,0.0,0.0,0.0,1.0,0.0,0.0,1.0,2197.0,1.0,0.0,3.0,0.0,0.0,0.0,0.0,1.0,0.0,0.0,0.0,0.0,33.0,0.9615793989149815,14.0,7.0,3.0,32.0,15.0,1.0,1920.0,1080.0,11.0,0.0,0
26.0,1.0,1.0,0.0,0.0,2.0,0.0,16.0,0.0,0.0,2.1916945838085184,0.0,0.0,3.0,0.0,0.0,1.0,1.0,0.0,1.0,0.0,0.0,1.0,1510.0,0.0,0.0,8.0,0.0,0.0,0.0,0.0,0.0,0.0,0.0,0.0,0.0,92.0,0.9429237918843054,12.0,5.0,8.0,50.0,12.0,1.0,1920.0,1080.0,27.0,0.0,0
28.0,1.0,0.0,0.0,0.0,1.0,0.0,19.0,0.0,0.0,2.3331593670439177,0.0,0.0,28.0,0.0,0.0,1.0,1.0,0.0,1.0,0.0,0.0,1.0,1728.0,2.0,0.0,18.0,0.0,0.0,0.0,0.0,2.0,0.0,0.0,0.0,0.0,51.0,0.9303309123253067,4.0,3.0,18.0,480.0,0.0,1.0,1920.0,1080.0,7.0,0.0,0
32.0,1.0,2.0,0.0,0.0,3.0,0.0,17.0,0.0,0.0,3.1209311984804193,0.0,0.0,0.0,0.0,0.0,1.0,1.0,0.0,1.0,0.0,0.0,1.0,1455.0,1.0,0.0,22.0,0.0,0.0,1.0,0.0,1.0,0.0,1.0,0.0,1.0,45.0,0.9375329242990372,14.0,8.0,22.0,92.0,13.0,1.0,1280.0,800.0,36.0,0.0,0
21.0,1.0,1.0,0.0,0.0,2.0,0.0,17.0,0.0,0.0,2.205130669581738,0.0,0.0,32.0,5.0,0.0,1.0,1.0,0.0,1.0,0.0,0.0,1.0,476.0,1.0,0.0,7.0,1.0,1.0,0.0,0.0,3.0,2.0,0.0,0.0,1.0,56.0,0.9659804552524324,14.0,0.0,7.0,311.0,15.0,1.0,1920.0,1080.0,16.0,0.0,0
50.0,1.0,0.0,0.0,2.0,1.0,0.0,14.0,0.0,0.0,3.2191311606210737,0.0,0.0,29.0,0.0,0.0,0.0,0.0,0.0,1.0,0.0,0.0,1.0,83.0,2.0,1.0,19.0,0.0,0.0,0.0,0.0,0.0,0.0,0.0,0.0,0.0,86.0,0.9655015282018302,3.0,0.0,19.0,294.0,2.0,1.0,1280.0,800.0,43.0,0.0,0
35.0,1.0,0.0,0.0,0.0,1.0,0.0,13.0,0.0,0.0,3.3083375495977063,0.0,0.0,9.0,5.0,0.0,0.0,0.0,0.0,1.0,0.0,0.0,0.0,491.0,0.0,1.0,3.0,0.0,0.0,0.0,0.0,1.0,0.0,0.0,0.0,0.0,115.0,0.9209301281028294,6.0,5.0,3.0,254.0,13.0,1.0,1920.0,1080.0,44.0,0.0,0
25.0,1.0,1.0,0.0,0.0,2.0,0.0,15.0,0.0,0.0,2.430528123398907,0.0,0.0,9.0,0.0,0.0,0.0,0.0,0.0,1.0,0.0,0.0,1.0,2035.0,0.0,0.0,16.0,0.0,0.0,0.0,0.0,3.0,1.0,0.0,0.0,0.0,73.0,0.9259295339508766,6.0,5.0,16.0,360.0,0.0,1.0,1920.0,1080.0,42.0,0.0,0
18.0,1.0,2.0,0.0,0.0,3.0,0.0,9.0,0.0,0.0,2.1365321887029376,0.0,1.0,14.0,0.0,0.0,0.0,0.0,0.0,1.0,0.0,0.0,1.0,137.0,0.0,0.0,8.0,0.0,0.0,0.0,0.0,2.0,0.0,0.0,0.0,0.0,89.0,0.9988007798263557,5.0,4.0,8.0,45.0,0.0,1.0,1920.0,1080.0,41.0,0.0,0
51.0,1.0,1.0,0.0,0.0,2.0,0.0,21.0,1.0,0.047619047619047616,3.1827722396719755,0.0,0.0,12.0,0.0,0.0,0.0,0.0,0.0,1.0,0.0,0.0,1.0,796.0,2.0,0.0,21.0,1.0,0.0,0.0,0.0,2.0,2.0,0.0,0.0,1.0,72.0,0.9411173389388474,8.0,5.0,21.0,487.0,18.0,1.0,1920.0,1080.0,29.0,0.0,0
34.0,1.0,0.0,0.0,0.0,1.0,0.0,16.0,0.0,0.0,2.9883690333353714,0.0,0.0,33.0,0.0,0.0,0.0,0.0,0.0,1.0,0.0,0.0,1.0,993.0,0.0,0.0,25.0,0.0,0.0,0.0,0.0,2.0,0.0,0.0,0.0,0.0,104.0,0.9501594588293308,2.0,1.0,25.0,260.0,18.0,1.0,1280.0,800.0,20.0,0.0,0
44.0,1.0,1.0,0.0,1.0,2.0,0.0,9.0,0.0,0.0,3.0859310891186675,0.0,0.0,20.0,5.0,0.0,1.0,1.0,0.0,1.0,0.0,0.0,1.0,222.0,0.0,2.0,6.0,0.0,0.0,0.0,0.0,3.0,0.0,0.0,0.0,0.0,45.0,0.967315994515442,10.0,6.0,6.0,276.0,6.0,1.0,1920.0,1080.0,42.0,0.0,0
42.0,1.0,1.0,0.0,0.0,2.0,0.0,11.0,0.0,0.0,2.221540070059187,0.0,0.0,4.0,0.0,0.0,0.0,0.0,0.0,1.0,0.0,0.0,1.0,2499.0,2.0,0.0,9.0,0.0,0.0,0.0,0.0,3.0,1.0,0.0,0.0,0.0,55.0,0.9793232109558107,9.0,4.0,9.0,93.0,9.0,1.0,1920.0,1080.0,12.0,0.0,0
37.0,1.0,0.0,0.0,0.0,1.0,0.0,7.0,0.0,0.0,2.94946344502214,0.0,0.0,4.0,0.0,0.0,1.0,1.0,0.0,1.0,0.0,0.0,1.0,1043.0,2.0,0.0,12.0,0.0,0.0,0.0,0.0,2.0,0.0,0.0,0.0,0.0,109.0,0.9290576519946759,8.0,4.0,12.0,308.0,7.0,1.0,1920.0,1080.0,35.0,0.0,0
24.0,1.0,0.0,0.0,0.0,1.0,0.0,19.0,0.0,0.0,2.14016625934271,0.0,0.0,14.0,0.0,0.0,1.0,1.0,0.0,1.0,0.0,0.0,1.0,2137.0,0.0,0.0,28.0,0.0,0.0,0.0,0.0,1.0,1.0,0.0,0.0,0.0,54.0,0.9832332200255368,14.0,5.0,28.0,91.0,12.0,1.0,1920.0,1080.0,36.0,0.0,0
38.0,1.0,1.0,0.0,0.0,2.0,0.0,15.0,0.0,0.0,2.3713652934569067,0.0,0.0,6.0,20.0,0.0,1.0,1.0,0.0,1.0,0.0,0.0,1.0,2260.0,1.0,0.0,15.0,0.0,0.0,0.0,0.0,0.0,0.0,0.0,0.0,0.0,81.0,0.9684522617457277,10.0,2.0,15.0,457.0,18.0,1.0,1280.0,800.0,2.0,0.0,0
26.0,1.0,1.0,0.0,0.0,2.0,0.0,11.0,0.0,0.0,2.6617337666351166,0.0,0.0,8.0,0.0,0.0,0.0,0.0,0.0,1.0,0.0,0.0,1.0,1123.0,1.0,0.0,6.0,0.0,0.0,0.0,0.0,2.0,0.0,0.0,0.0,0.0,111.0,0.9670953376290724,6.0,4.0,6.0,242.0,14.0,1.0,1920.0,1080.0,26.0,0.0,0
24.0,1.0,2.0,0.0,0.0,3.0,0.0,10.0,0.0,0.0,3.2655557367531856,0.0,0.0,10.0,0.0,0.0,1.0,1.0,0.0,1.0,0.0,0.0,1.0,1915.0,2.0,0.0,21.0,0.0,0.0,0.0,0.0,0.0,0.0,0.0,0.0,0.0,34.0,0.946078323501505,4.0,3.0,21.0,69.0,14.0,1.0,1280.0,800.0,27.0,0.0,0
46.0,1.0,0.0,0.0,0.0,1.0,0.0,11.0,1.0,0.09090909090909091,2.6086599120290295,0.0,0.0,10.0,0.0,0.0,1.0,1.0,0.0,1.0,0.0,0.0,1.0,2385.0,0.0,1.0,24.0,0.0,0.0,0.0,0.0,2.0,0.0,0.0,0.0,0.0,17.0,0.9713157730203767,3.0,2.0,24.0,384.0,10.0,1.0,1920.0,1080.0,37.0,0.0,0
34.0,1.0,1.0,0.0,0.0,2.0,0.0,17.0,2.0,0.11764705882352941,2.1409950165705913,0.0,0.0,34.0,0.0,0.0,0.0,0.0,0.0,1.0,0.0,0.0,1.0,566.0,1.0,0.0,23.0,0.0,0.0,0.0,0.0,0.0,0.0,0.0,0.0,0.0,95.0,0.9428519096574445,1.0,0.0,23.0,102.0,12.0,1.0,1920.0,1080.0,17.0,0.0,0
33.0,1.0,0.0,0.0,1.0,1.0,0.0,10.0,0.0,0.0,2.7985650739949404,0.0,0.0,10.0,0.0,0.0,0.0,0.0,0.0,1.0,0.0,0.0,1.0,553.0,1.0,1.0,25.0,0.0,0.0,0.0,0.0,2.0,1.0,0.0,0.0,0.0,101.0,0.9805281998635084,9.0,2.0,25.0,275.0,18.0,1.0,1920.0,1080.0,20.0,0.0,0
38.0,1.0,0.0,0.0,0.0,1.0,0.0,9.0,1.0,0.1111111111111111,2.1176560642684006,0.0,0.0,4.0,0.0,0.0,1.0,1.0,0.0,1.0,0.0,0.0,1.0,1577.0,2.0,0.0,24.0,1.0,1.0,0.0,0.0,3.0,1.0,0.0,0.0,1.0,57.0,0.9983153449745102,9.0,8.0,24.0,482.0,6.0,1.0,1920.0,1080.0,36.0,0.0,0
37.0,1.0,1.0,0.0,0.0,2.0,0.0,16.0,0.0,0.0,3.020908111545286,0.0,0.0,11.0,0.0,0.0,0.0,0.0,0.0,1.0,0.0,0.0,1.0,380.0,0.0,1.0,24.0,0.0,0.0,0.0,0.0,3.0,0.0,0.0,0.0,0.0,92.0,0.9714173723796447,4.0,2.0,24.0,129.0,12.0,1.0,1920.0,1080.0,19.0,0.0,0
45.0,1.0,1.0,0.0,0.0,2.0,0.0,17.0,0.0,0.0,2.834689761724027,0.0,0.0,10.0,0.0,0.0,1.0,1.0,0.0,1.0,0.0,0.0,1.0,1266.0,1.0,0.0,7.0,0.0,0.0,0.0,0.0,0.0,0.0,0.0,0.0,0.0,35.0,0.9763917527163837,11.0,4.0,7.0,454.0,14.0,1.0,1280.0,800.0,43.0,0.0,0
27.0,1.0,1.0,0.0,0.0,2.0,0.0,10.0,0.0,0.0,3.206675491086769,0.0,0.0,34.0,0.0,0.0,0.0,0.0,0.0,1.0,0.0,0.0,1.0,1165.0,1.0,1.0,27.0,0.0,0.0,0.0,0.0,1.0,1.0,0.0,0.0,0.0,90.0,0.9853701825736116,8.0,3.0,27.0,330.0,9.0,1.0,1920.0,1080.0,26.0,0.0,0
53.0,1.0,0.0,0.0,0.0,1.0,0.0,13.0,0.0,0.0,3.2677636198069333,0.0,0.0,21.0,0.0,0.0,1.0,1.0,0.0,1.0,0.0,0.0,1.0,1501.0,0.0,0.0,18.0,0.0,0.0,0.0,0.0,3.0,0.0,0.0,0.0,0.0,53.0,0.9751472092506084,13.0,7.0,18.0,486.0,1.0,1.0,1920.0,1080.0,16.0,0.0,0
30.0,1.0,0.0,0.0,0.0,1.0,0.0,12.0,0.0,0.0,2.586422421669054,0.0,0.0,31.0,0.0,0.0,1.0,1.0,0.0,1.0,0.0,0.0,1.0,1417.0,0.0,0.0,17.0,0.0,0.0,0.0,0.0,0.0,0.0,0.0,0.0,0.0,27.0,0.9722852122144882,8.0,7.0,17.0,314.0,9.0,1.0,1280.0,800.0,32.0,0.0,0
26.0,1.0,1.0,0.0,0.0,2.0,0.0,14.0,0.0,0.0,2.9974908431208505,0.0,0.0,25.0,0.0,0.0,0.0,0.0,0.0,1.0,0.0,0.0,1.0,1841.0,1.0,1.0,17.0,0.0,0.0,0.0,0.0,1.0,1.0,0.0,0.0,0.0,38.0,0.9437481627423988,10.0,1.0,17.0,89.0,11.0,1.0,1920.0,1080.0,2.0,0.0,0
23.0,1.0,1.0,0.0,0.0,2.0,0.0,14.0,0.0,0.0,2.521952256914863,0.0,0.0,18.0,0.0,0.0,1.0,1.0,0.0,1.0,0.0,0.0,1.0,243.0,0.0,1.0,16.0,0.0,0.0,0.0,0.0,2.0,0.0,0.0,0.0,0.0,57.0,0.924451261815019,8.0,0.0,16.0,423.0,4.0,1.0,1920.0,1080.0,13.0,0.0,0
36.0,1.0,1.0,0.0,0.0,2.0,0.0,10.0,1.0,0.1,2.3250495337074986,0.0,0.0,34.0,0.0,0.0,0.0,0.0,0.0,1.0,0.0,0.0,1.0,1012.0,1.0,1.0,27.0,0.0,0.0,0.0,0.0,2.0,0.0,0.0,0.0,0.0,80.0,0.9827999339538867,11.0,3.0,27.0,41.0,8.0,1.0,1920.0,1080.0,20.0,0.0,0
41.0,1.0,1.0,0.0,1.0,2.0,0.0,20.0,0.0,0.0,2.4952913702143342,0.0,0.0,31.0,0.0,0.0,0.0,0.0,0.0,1.0,0.0,0.0,1.0,2236.0,1.0,2.0,8.0,0.0,0.0,0.0,0.0,0.0,1.0,0.0,0.0,0.0,90.0,0.9442922916590081,14.0,0.0,8.0,262.0,5.0,1.0,1920.0,1080.0,12.0,0.0,0
35.0,1.0,0.0,0.0,0.0,1.0,0.0,21.0,0.0,0.0,3.1397782902648723,0.0,0.0,22.0,0.0,0.0,0.0,0.0,0.0,1.0,0.0,0.0,1.0,2428.0,1.0,0.0,26.0,0.0,0.0,0.0,0.0,1.0,1.0,0.0,0.0,0.0,91.0,0.959430071770824,10.0,4.0,26.0,347.0,11.0,1.0,1280.0,800.0,39.0,0.0,0
41.0,1.0,2.0,0.0,1.0,3.0,0.0,18.0,0.0,0.0,2.91700820472284,0.0,0.0,18.0,0.0,0.0,0.0,0.0,0.0,1.0,0.0,0.0,1.0,514.0,1.0,0.0,23.0,0.0,0.0,0.0,0.0,1.0,0.0,0.0,0.0,0.0,94.0,0.9859841433147334,8.0,6.0,23.0,279.0,13.0,1.0,1920.0,1080.0,22.0,0.0,0
23.0,1.0,1.0,0.0,0.0,2.0,0.0,10.0,0.0,0.0,2.248620048354863,0.0,0.0,21.0,0.0,0.0,0.0,0.0,0.0,1.0,0.0,0.0,0.0,1828.0,2.0,0.0,26.0,0.0,0.0,0.0,0.0,1.0,1.0,0.0,0.0,0.0,102.0,0.9269342848920665,6.0,5.0,26.0,263.0,1.0,1.0,1920.0,1080.0,3.0,0.0,0
32.0,1.0,1.0,0.0,0.0,2.0,0.0,8.0,0.0,0.0,2.973955572362238,0.0,1.0,32.0,0.0,0.0,0.0,0.0,0.0,1.0,0.0,0.0,1.0,2315.0,1.0,0.0,6.0,0.0,0.0,0.0,0.0,2.0,0.0,0.0,0.0,0.0,40.0,0.9958311727316944,4.0,3.0,6.0,22.0,0.0,1.0,1920.0,1080.0,26.0,0.0,0
25.0,1.0,2.0,0.0,0.0,3.0,0.0,7.0,0.0,0.0,3.314401946930908,0.0,0.0,1.0,5.0,0.0,0.0,0.0,0.0,1.0,0.0,0.0,1.0,1876.0,2.0,1.0,12.0,0.0,0.0,0.0,0.0,1.0,0.0,0.0,0.0,0.0,119.0,0.9596823915402836,6.0,3.0,12.0,449.0,2.0,1.0,1920.0,1080.0,12.0,0.0,0
38.0,1.0,2.0,0.0,0.0,3.0,0.0,21.0,0.0,0.0,2.9295423775651344,0.0,0.0,8.0,0.0,0.0,1.0,1.0,0.0,1.0,0.0,0.0,1.0,2262.0,0.0,0.0,20.0,0.0,0.0,0.0,0.0,1.0,0.0,0.0,0.0,0.0,60.0,0.9803623471061393,8.0,7.0,20.0,71.0,3.0,1.0,1280.0,800.0,35.0,0.0,0
26.0,1.0,0.0,0.0,0.0,1.0,0.0,12.0,0.0,0.0,2.250426112542579,0.0,0.0,23.0,0.0,0.0,0.0,0.0,0.0,1.0,0.0,0.0,1.0,440.0,1.0,2.0,8.0,0.0,0.0,0.0,0.0,1.0,0.0,0.0,0.0,0.0,103.0,0.9529209282319369,14.0,3.0,8.0,417.0,5.0,1.0,1920.0,1080.0,23.0,0.0,0
30.0,1.0,0.0,0.0,0.0,1.0,0.0,20.0,0.0,0.0,2.644623094704166,0.0,0.0,16.0,0.0,0.0,1.0,1.0,0.0,1.0,0.0,0.0,1.0,1544.0,1.0,0.0,16.0,0.0,0.0,0.0,0.0,3.0,1.0,0.0,0.0,0.0,73.0,0.9991365220638474,13.0,7.0,16.0,162.0,7.0,1.0,1920.0,1080.0,21.0,0.0,0
33.0,1.0,0.0,0.0,0.0,1.0,0.0,13.0,0.0,0.0,2.7681564662794393,0.0,0.0,10.0,0.0,0.0,1.0,1.0,0.0,1.0,0.0,0.0,1.0,1243.0,0.0,1.0,29.0,0.0,0.0,0.0,0.0,0.0,1.0,0.0,0.0,0.0,91.0,0.99109886315093,13.0,1.0,29.0,421.0,7.0,1.0,1920.0,1080.0,41.0,0.0,0
49.0,1.0,1.0,0.0,0.0,2.0,0.0,11.0,0.0,0.0,2.3398955659576375,0.0,0.0,27.0,0.0,0.0,0.0,0.0,0.0,1.0,0.0,0.0,1.0,1393.0,1.0,0.0,6.0,0.0,0.0,0.0,0.0,1.0,1.0,0.0,0.0,0.0,27.0,0.9857890811049944,5.0,4.0,6.0,154.0,11.0,1.0,1920.0,1080.0,38.0,0.0,0
33.0,1.0,1.0,0.0,0.0,2.0,0.0,18.0,0.0,0.0,3.125706349928903,0.0,0.0,5.0,0.0,0.0,0.0,0.0,0.0,1.0,0.0,0.0,1.0,947.0,1.0,1.0,29.0,0.0,0.0,0.0,0.0,1.0,0.0,0.0,0.0,0.0,79.0,0.9265024418656556,2.0,1.0,29.0,179.0,1.0,1.0,1280.0,800.0,2.0,0.0,0
28.0,1.0,1.0,0.0,0.0,2.0,0.0,20.0,1.0,0.05,2.497615540393295,0.0,0.0,26.0,0.0,0.0,1.0,1.0,0.0,1.0,0.0,0.0,1.0,1819.0,1.0,0.0,8.0,0.0,0.0,0.0,0.0,0.0,0.0,0.0,0.0,0.0,110.0,0.9338345211711556,12.0,9.0,8.0,146.0,8.0,1.0,1920.0,1080.0,6.0,0.0,0
18.0,1.0,0.0,0.0,0.0,1.0,0.0,18.0,0.0,0.0,2.631254986872787,0.0,0.0,10.0,0.0,0.0,1.0,1.0,0.0,1.0,0.0,0.0,1.0,416.0,2.0,2.0,17.0,1.0,0.0,0.0,0.0,2.0,1.0,0.0,0.0,1.0,30.0,0.9687785082551936,8.0,3.0,17.0,306.0,9.0,1.0,1920.0,1080.0,4.0,0.0,0
51.0,1.0,0.0,0.0,0.0,1.0,0.0,13.0,0.0,0.0,3.1403044781131113,0.0,0.0,17.0,0.0,0.0,0.0,0.0,0.0,1.0,0.0,0.0,1.0,863.0,2.0,1.0,16.0,0.0,0.0,0.0,0.0,3.0,0.0,0.0,0.0,0.0,69.0,0.9961661863956348,8.0,7.0,16.0,55.0,8.0,1.0,1920.0,1080.0,18.0,0.0,0
32.0,1.0,0.0,0.0,0.0,1.0,0.0,16.0,0.0,0.0,2.1325326320330267,0.0,0.0,26.0,0.0,0.0,0.0,0.0,0.0,1.0,0.0,0.0,1.0,220.0,1.0,0.0,8.0,0.0,0.0,0.0,0.0,1.0,0.0,0.0,0.0,0.0,87.0,0.957766226774401,7.0,6.0,8.0,50.0,1.0,1.0,1920.0,1080.0,5.0,0.0,0
35.0,1.0,1.0,0.0,0.0,2.0,0.0,14.0,0.0,0.0,3.1073048004943287,0.0,0.0,9.0,0.0,0.0,0.0,0.0,0.0,1.0,0.0,0.0,1.0,344.0,1.0,0.0,24.0,0.0,0.0,0.0,0.0,2.0,0.0,0.0,0.0,0.0,57.0,0.997943004481008,7.0,6.0,24.0,91.0,4.0,1.0,1280.0,800.0,2.0,0.0,0
45.0,1.0,1.0,0.0,0.0,2.0,0.0,11.0,0.0,0.0,2.5461293031420307,0.0,0.0,13.0,0.0,0.0,0.0,0.0,0.0,1.0,0.0,0.0,1.0,379.0,1.0,1.0,18.0,1.0,0.0,0.0,1.0,3.0,1.0,0.0,0.0,1.0,98.0,0.9585773018048309,8.0,7.0,18.0,154.0,8.0,1.0,1280.0,800.0,35.0,0.0,0
24.0,1.0,1.0,0.0,0.0,2.0,0.0,17.0,1.0,0.058823529411764705,3.0582624556667204,0.0,0.0,2.0,0.0,0.0,1.0,1.0,0.0,1.0,0.0,0.0,1.0,2437.0,2.0,0.0,12.0,0.0,0.0,1.0,0.0,2.0,0.0,0.0,0.0,1.0,78.0,0.9799420269459284,9.0,7.0,12.0,26.0,18.0,1.0,1280.0,800.0,18.0,0.0,0
31.0,1.0,1.0,0.0,0.0,2.0,0.0,14.0,0.0,0.0,2.2602050684127453,0.0,0.0,17.0,0.0,0.0,0.0,0.0,0.0,1.0,0.0,0.0,1.0,2285.0,0.0,0.0,27.0,0.0,0.0,0.0,0.0,3.0,0.0,0.0,0.0,0.0,53.0,0.9819372446533087,3.0,2.0,27.0,24.0,9.0,1.0,1920.0,1080.0,34.0,0.0,0
42.0,1.0,0.0,0.0,1.0,1.0,0.0,16.0,0.0,0.0,2.6685696790313993,0.0,0.0,34.0,0.0,0.0,1.0,1.0,0.0,1.0,0.0,0.0,1.0,2096.0,2.0,0.0,25.0,1.0,1.0,0.0,0.0,1.0,2.0,0.0,0.0,1.0,74.0,0.9255322272542211,6.0,3.0,25.0,5.0,10.0,1.0,1920.0,1080.0,35.0,0.0,0
50.0,1.0,0.0,0.0,0.0,1.0,0.0,10.0,1.0,0.1,2.478178849528853,0.0,0.0,22.0,0.0,0.0,0.0,0.0,0.0,1.0,0.0,0.0,1.0,2444.0,1.0,1.0,9.0,0.0,0.0,0.0,0.0,3.0,0.0,0.0,0.0,0.0,82.0,0.941254277240227,14.0,9.0,9.0,218.0,15.0,1.0,1920.0,1080.0,30.0,0.0,0
31.0,1.0,1.0,0.0,0.0,2.0,0.0,8.0,0.0,0.0,3.1905454046566573,0.0,0.0,27.0,0.0,0.0,1.0,1.0,0.0,1.0,0.0,0.0,1.0,1123.0,3.0,0.0,13.0,1.0,1.0,0.0,0.0,1.0,1.0,0.0,0.0,1.0,82.0,0.9827129904469787,5.0,4.0,13.0,28.0,14.0,1.0,1280.0,800.0,20.0,0.0,0
29.0,1.0,1.0,0.0,0.0,2.0,0.0,21.0,1.0,0.047619047619047616,2.8895317181968174,0.0,0.0,5.0,0.0,0.0,0.0,0.0,0.0,1.0,0.0,0.0,1.0,2276.0,0.0,0.0,27.0,0.0,0.0,0.0,0.0,0.0,1.0,0.0,0.0,0.0,104.0,0.9635657673191067,5.0,4.0,27.0,157.0,14.0,1.0,1920.0,1080.0,23.0,0.0,0
47.0,1.0,1.0,0.0,0.0,2.0,0.0,17.0,0.0,0.0,2.968082832758096,0.0,0.0,0.0,0.0,0.0,0.0,0.0,0.0,1.0,0.0,0.0,1.0,2128.0,2.0,0.0,11.0,0.0,0.0,0.0,0.0,2.0,0.0,0.0,0.0,0.0,38.0,0.932294091880125,6.0,3.0,11.0,360.0,10.0,1.0,1280.0,800.0,33.0,0.0,0
44.0,1.0,1.0,0.0,0.0,2.0,0.0,7.0,0.0,0.0,3.3878165407456136,0.0,0.0,14.0,5.0,0.0,1.0,1.0,0.0,1.0,0.0,0.0,1.0,614.0,2.0,1.0,7.0,0.0,0.0,0.0,1.0,1.0,0.0,0.0,0.0,1.0,79.0,0.9443363614508004,14.0,3.0,7.0,292.0,9.0,1.0,1920.0,1080.0,10.0,0.0,0
28.0,1.0,1.0,0.0,0.0,2.0,0.0,17.0,0.0,0.0,2.2118709080919317,0.0,0.0,18.0,0.0,0.0,0.0,0.0,0.0,1.0,0.0,0.0,1.0,396.0,0.0,0.0,2.0,0.0,0.0,0.0,0.0,0.0,0.0,0.0,0.0,0.0,57.0,0.9596529075228071,7.0,3.0,2.0,247.0,18.0,1.0,1280.0,800.0,37.0,0.0,0
21.0,1.0,1.0,0.0,0.0,2.0,0.0,7.0,0.0,0.0,2.2429730064950424,0.0,0.0,4.0,0.0,0.0,0.0,0.0,0.0,1.0,0.0,0.0,1.0,664.0,0.0,0.0,22.0,0.0,0.0,0.0,0.0,3.0,1.0,0.0,0.0,0.0,94.0,0.9481206035207442,10.0,6.0,22.0,40.0,1.0,1.0,1920.0,1080.0,17.0,0.0,0
54.0,1.0,1.0,0.0,1.0,2.0,0.0,10.0,0.0,0.0,2.4184207594017533,0.0,0.0,5.0,0.0,0.0,1.0,1.0,0.0,1.0,0.0,0.0,1.0,873.0,1.0,2.0,6.0,1.0,0.0,0.0,0.0,3.0,3.0,0.0,0.0,1.0,100.0,0.9572697383126141,7.0,6.0,6.0,39.0,12.0,1.0,1920.0,1080.0,30.0,0.0,0
45.0,1.0,1.0,0.0,0.0,2.0,0.0,12.0,0.0,0.0,3.274343317818833,0.0,0.0,21.0,5.0,0.0,1.0,1.0,0.0,1.0,0.0,0.0,1.0,344.0,1.0,0.0,18.0,0.0,0.0,1.0,0.0,3.0,0.0,0.0,0.0,1.0,49.0,0.936569077883967,1.0,0.0,18.0,164.0,0.0,1.0,1280.0,800.0,15.0,0.0,0
25.0,1.0,1.0,0.0,0.0,2.0,0.0,21.0,0.0,0.0,2.4501496427794356,0.0,0.0,33.0,0.0,0.0,0.0,0.0,0.0,1.0,0.0,0.0,1.0,471.0,3.0,0.0,6.0,0.0,0.0,0.0,0.0,1.0,0.0,0.0,0.0,0.0,93.0,0.971780360909926,13.0,9.0,6.0,464.0,8.0,1.0,1920.0,1080.0,2.0,0.0,0
50.0,1.0,2.0,0.0,0.0,3.0,0.0,20.0,0.0,0.0,2.684175633112696,0.0,0.0,17.0,0.0,0.0,1.0,1.0,0.0,1.0,0.0,0.0,1.0,1384.0,2.0,1.0,27.0,1.0,1.0,0.0,0.0,2.0,3.0,0.0,0.0,1.0,94.0,0.9416976221141474,5.0,4.0,27.0,296.0,12.0,1.0,1920.0,1080.0,8.0,0.0,0
34.0,1.0,1.0,0.0,0.0,2.0,0.0,13.0,0.0,0.0,2.159583789653325,0.0,0.0,29.0,0.0,0.0,0.0,0.0,0.0,1.0,0.0,0.0,1.0,1261.0,1.0,0.0,23.0,0.0,0.0,0.0,0.0,2.0,0.0,0.0,0.0,0.0,117.0,0.9526034350347373,13.0,3.0,23.0,465.0,8.0,1.0,1280.0,800.0,22.0,0.0,0
20.0,1.0,0.0,0.0,1.0,1.0,0.0,10.0,0.0,0.0,2.1755964567363217,0.0,0.0,15.0,5.0,0.0,0.0,0.0,0.0,1.0,0.0,0.0,1.0,635.0,2.0,0.0,15.0,0.0,0.0,0.0,1.0,3.0,1.0,0.0,0.0,1.0,43.0,0.9636242561892606,7.0,2.0,15.0,47.0,19.0,1.0,1920.0,1080.0,21.0,0.0,0
52.0,1.0,1.0,0.0,0.0,2.0,0.0,11.0,0.0,0.0,2.6407124281421472,0.0,0.0,32.0,20.0,0.0,0.0,0.0,0.0,1.0,0.0,0.0,1.0,937.0,3.0,0.0,24.0,0.0,0.0,1.0,0.0,2.0,0.0,0.0,0.0,1.0,107.0,0.9712959706585719,2.0,1.0,24.0,223.0,14.0,1.0,1920.0,1080.0,10.0,0.0,0
20.0,1.0,1.0,0.0,0.0,2.0,0.0,11.0,0.0,0.0,2.9276333459663464,0.0,0.0,29.0,0.0,0.0,1.0,1.0,0.0,1.0,0.0,0.0,1.0,562.0,3.0,0.0,29.0,0.0,0.0,1.0,0.0,3.0,1.0,0.0,0.0,1.0,114.0,0.9484911329611975,10.0,4.0,29.0,62.0,1.0,1.0,1280.0,800.0,44.0,0.0,0
28.0,1.0,0.0,0.0,0.0,1.0,0.0,11.0,0.0,0.0,3.031230335433704,0.0,1.0,0.0,0.0,0.0,1.0,1.0,0.0,1.0,0.0,0.0,1.0,1758.0,2.0,1.0,17.0,0.0,0.0,0.0,0.0,2.0,0.0,0.0,0.0,0.0,103.0,0.9986872633587466,5.0,4.0,17.0,408.0,4.0,1.0,1920.0,1080.0,35.0,0.0,0
35.0,1.0,2.0,0.0,0.0,3.0,0.0,21.0,0.0,0.0,2.4626550683577912,0.0,0.0,3.0,0.0,0.0,1.0,1.0,0.0,1.0,0.0,0.0,1.0,2163.0,1.0,0.0,8.0,0.0,0.0,0.0,0.0,0.0,0.0,0.0,0.0,0.0,26.0,0.998098500536078,2.0,1.0,8.0,469.0,0.0,1.0,1280.0,800.0,7.0,0.0,0
19.0,1.0,0.0,0.0,0.0,1.0,0.0,21.0,0.0,0.0,2.539672882986655,0.0,0.0,34.0,0.0,0.0,0.0,0.0,0.0,1.0,0.0,0.0,1.0,1863.0,0.0,0.0,3.0,0.0,0.0,0.0,0.0,1.0,0.0,0.0,0.0,0.0,56.0,0.9590915117679006,13.0,9.0,3.0,432.0,5.0,1.0,1920.0,1080.0,24.0,0.0,0
32.0,1.0,0.0,0.0,0.0,1.0,0.0,20.0,2.0,0.1,3.1736224473550143,0.0,0.0,5.0,0.0,0.0,1.0,1.0,0.0,1.0,0.0,0.0,1.0,1407.0,0.0,0.0,11.0,0.0,0.0,0.0,0.0,3.0,1.0,0.0,0.0,0.0,81.0,0.9374232800009904,11.0,8.0,11.0,421.0,15.0,1.0,1920.0,1080.0,7.0,0.0,0
44.0,1.0,0.0,0.0,0.0,1.0,0.0,11.0,0.0,0.0,3.173765770458533,0.0,0.0,9.0,0.0,0.0,1.0,1.0,0.0,1.0,0.0,0.0,1.0,1976.0,1.0,1.0,8.0,0.0,0.0,0.0,1.0,2.0,0.0,1.0,0.0,1.0,47.0,0.9549365268551594,10.0,5.0,8.0,31.0,6.0,1.0,1920.0,1080.0,11.0,0.0,0
32.0,1.0,1.0,0.0,0.0,2.0,0.0,13.0,0.0,0.0,2.62057879438745,0.0,0.0,17.0,0.0,0.0,0.0,0.0,0.0,1.0,0.0,0.0,1.0,886.0,2.0,0.0,5.0,0.0,0.0,0.0,0.0,3.0,0.0,0.0,0.0,0.0,62.0,0.9568474749416418,1.0,0.0,5.0,234.0,12.0,1.0,1280.0,800.0,42.0,0.0,0
33.0,1.0,0.0,0.0,0.0,1.0,0.0,15.0,0.0,0.0,3.004570200330964,0.0,0.0,19.0,5.0,0.0,0.0,0.0,0.0,1.0,0.0,0.0,1.0,1170.0,1.0,2.0,23.0,1.0,1.0,0.0,0.0,3.0,2.0,0.0,0.0,1.0,53.0,0.9581653399653818,9.0,7.0,23.0,349.0,9.0,1.0,1280.0,800.0,21.0,0.0,0
18.0,1.0,1.0,0.0,0.0,2.0,0.0,19.0,0.0,0.0,3.267736808777272,0.0,0.0,16.0,5.0,0.0,0.0,0.0,0.0,1.0,0.0,0.0,1.0,635.0,0.0,1.0,7.0,0.0,0.0,0.0,0.0,1.0,0.0,0.0,0.0,0.0,73.0,0.9737921239037128,12.0,1.0,7.0,492.0,17.0,1.0,1920.0,1080.0,3.0,0.0,0
26.0,1.0,1.0,0.0,1.0,2.0,0.0,9.0,0.0,0.0,2.347878730781229,0.0,0.0,7.0,0.0,0.0,1.0,1.0,0.0,1.0,0.0,0.0,1.0,1710.0,3.0,1.0,18.0,0.0,0.0,0.0,0.0,1.0,0.0,0.0,0.0,0.0,32.0,0.938513009774172,7.0,6.0,18.0,122.0,14.0,1.0,1280.0,800.0,12.0,0.0,0
45.0,1.0,0.0,0.0,0.0,1.0,0.0,8.0,2.0,0.25,3.1612812458473423,0.0,0.0,17.0,5.0,0.0,1.0,1.0,0.0,1.0,0.0,0.0,1.0,203.0,1.0,0.0,3.0,1.0,1.0,0.0,0.0,3.0,1.0,0.0,0.0,1.0,50.0,0.9637319640242717,7.0,5.0,3.0,124.0,9.0,1.0,1920.0,1080.0,21.0,0.0,0
40.0,1.0,1.0,0.0,0.0,2.0,0.0,21.0,0.0,0.0,3.1513300159510713,0.0,0.0,12.0,0.0,0.0,0.0,0.0,0.0,1.0,0.0,0.0,1.0,1035.0,2.0,1.0,8.0,0.0,0.0,0.0,0.0,3.0,1.0,0.0,0.0,0.0,19.0,0.9444135601636264,2.0,1.0,8.0,267.0,13.0,1.0,1280.0,800.0,29.0,0.0,0
27.0,1.0,0.0,0.0,0.0,1.0,0.0,19.0,0.0,0.0,2.1942481722065708,0.0,0.0,2.0,0.0,0.0,0.0,0.0,0.0,1.0,0.0,0.0,1.0,2391.0,1.0,1.0,11.0,0.0,0.0,0.0,0.0,3.0,0.0,0.0,0.0,0.0,47.0,0.9365109393798545,9.0,5.0,11.0,219.0,3.0,1.0,1920.0,1080.0,35.0,0.0,0
34.0,1.0,1.0,0.0,0.0,2.0,0.0,20.0,0.0,0.0,2.958502372352747,0.0,0.0,15.0,0.0,0.0,0.0,0.0,0.0,1.0,0.0,0.0,1.0,1617.0,1.0,0.0,14.0,0.0,0.0,0.0,0.0,2.0,1.0,0.0,0.0,0.0,70.0,0.9764985363387566,2.0,1.0,14.0,447.0,6.0,1.0,1280.0,800.0,39.0,0.0,0
46.0,1.0,0.0,0.0,0.0,1.0,0.0,11.0,0.0,0.0,2.6568451074203754,0.0,0.0,27.0,5.0,0.0,1.0,1.0,0.0,1.0,0.0,0.0,1.0,794.0,1.0,0.0,26.0,0.0,0.0,0.0,0.0,0.0,0.0,0.0,0.0,0.0,97.0,0.9742398412194068,14.0,3.0,26.0,432.0,5.0,1.0,1920.0,1080.0,2.0,0.0,0
21.0,1.0,0.0,0.0,0.0,1.0,0.0,21.0,0.0,0.0,2.883264738819102,0.0,0.0,11.0,0.0,0.0,0.0,0.0,0.0,1.0,0.0,0.0,1.0,1910.0,0.0,0.0,24.0,0.0,0.0,0.0,0.0,2.0,0.0,1.0,0.0,0.0,107.0,0.9488562562324826,8.0,0.0,24.0,7.0,7.0,1.0,1280.0,800.0,26.0,0.0,0
37.0,1.0,0.0,0.0,0.0,1.0,0.0,13.0,0.0,0.0,2.9012632206787323,0.0,0.0,16.0,0.0,0.0,0.0,0.0,0.0,1.0,0.0,0.0,0.0,2007.0,1.0,0.0,17.0,0.0,0.0,0.0,0.0,0.0,1.0,0.0,0.0,0.0,45.0,0.9329960422275733,6.0,5.0,17.0,180.0,12.0,1.0,1280.0,800.0,42.0,0.0,0
34.0,1.0,1.0,0.0,0.0,2.0,0.0,17.0,0.0,0.0,2.886540257990771,0.0,0.0,20.0,0.0,0.0,0.0,0.0,0.0,1.0,0.0,0.0,1.0,645.0,2.0,0.0,6.0,1.0,1.0,0.0,1.0,2.0,3.0,0.0,0.0,1.0,61.0,0.9279506223160688,14.0,3.0,6.0,124.0,7.0,1.0,1920.0,1080.0,18.0,0.0,0
37.0,1.0,1.0,0.0,0.0,2.0,0.0,20.0,0.0,0.0,3.244979989473734,0.0,0.0,6.0,0.0,0.0,1.0,1.0,0.0,1.0,0.0,0.0,1.0,2409.0,0.0,0.0,26.0,0.0,0.0,0.0,0.0,2.0,0.0,0.0,0.0,0.0,115.0,0.9405665457481095,2.0,1.0,26.0,433.0,13.0,1.0,1280.0,800.0,37.0,0.0,0
48.0,1.0,1.0,0.0,0.0,2.0,0.0,16.0,0.0,0.0,2.2121459833820256,0.0,0.0,10.0,0.0,0.0,0.0,0.0,0.0,1.0,0.0,0.0,1.0,2088.0,1.0,0.0,23.0,0.0,0.0,0.0,0.0,1.0,0.0,0.0,0.0,0.0,56.0,0.9641432050863596,4.0,3.0,23.0,202.0,6.0,1.0,1920.0,1080.0,13.0,0.0,0
22.0,1.0,0.0,0.0,0.0,1.0,0.0,21.0,0.0,0.0,3.0332887222395595,0.0,0.0,22.0,0.0,0.0,0.0,0.0,0.0,1.0,0.0,0.0,1.0,229.0,2.0,0.0,11.0,0.0,0.0,0.0,0.0,3.0,0.0,0.0,0.0,0.0,41.0,0.9716747347840751,12.0,8.0,11.0,331.0,15.0,1.0,1920.0,1080.0,18.0,0.0,0
48.0,1.0,1.0,0.0,0.0,2.0,0.0,19.0,0.0,0.0,2.5758174093921964,0.0,0.0,19.0,0.0,0.0,1.0,1.0,0.0,1.0,0.0,0.0,1.0,1134.0,0.0,0.0,23.0,0.0,0.0,0.0,0.0,2.0,0.0,0.0,0.0,0.0,90.0,0.9785916036685804,13.0,3.0,23.0,144.0,16.0,1.0,1280.0,800.0,19.0,0.0,0
50.0,1.0,0.0,0.0,0.0,1.0,0.0,8.0,0.0,0.0,3.220181382052859,0.0,0.0,23.0,0.0,0.0,0.0,0.0,0.0,1.0,0.0,0.0,1.0,1747.0,0.0,0.0,4.0,0.0,0.0,0.0,0.0,3.0,0.0,0.0,0.0,0.0,105.0,0.9477876034352014,7.0,2.0,4.0,408.0,13.0,1.0,1280.0,800.0,25.0,0.0,0
20.0,1.0,1.0,0.0,0.0,2.0,0.0,16.0,0.0,0.0,2.7422357407269295,0.0,0.0,30.0,0.0,0.0,0.0,0.0,0.0,1.0,0.0,0.0,1.0,615.0,3.0,0.0,11.0,0.0,0.0,0.0,0.0,0.0,0.0,0.0,0.0,0.0,54.0,0.9405226094088783,4.0,3.0,11.0,490.0,11.0,1.0,1280.0,800.0,40.0,0.0,0
49.0,1.0,0.0,0.0,0.0,1.0,0.0,18.0,0.0,0.0,3.1793699882712234,0.0,0.0,9.0,0.0,0.0,0.0,0.0,0.0,1.0,0.0,0.0,1.0,931.0,0.0,0.0,21.0,0.0,0.0,0.0,0.0,3.0,0.0,0.0,0.0,0.0,31.0,0.9594813589379818,2.0,0.0,21.0,289.0,4.0,1.0,1920.0,1080.0,25.0,0.0,0
54.0,1.0,1.0,0.0,0.0,2.0,0.0,21.0,0.0,0.0,2.153386285870595,0.0,0.0,27.0,20.0,0.0,0.0,0.0,0.0,1.0,0.0,0.0,1.0,1571.0,0.0,0.0,8.0,0.0,0.0,0.0,0.0,0.0,0.0,0.0,0.0,0.0,47.0,0.9965580951768248,7.0,3.0,8.0,377.0,19.0,1.0,1920.0,1080.0,32.0,0.0,0
45.0,1.0,0.0,0.0,0.0,1.0,0.0,19.0,0.0,0.0,2.9054632302894943,0.0,0.0,23.0,0.0,0.0,0.0,0.0,0.0,1.0,0.0,0.0,1.0,488.0,2.0,0.0,28.0,0.0,0.0,0.0,0.0,2.0,0.0,0.0,0.0,0.0,104.0,0.9220437920897284,9.0,0.0,28.0,86.0,8.0,1.0,1920.0,1080.0,42.0,0.0,0
45.0,1.0,0.0,0.0,0.0,1.0,0.0,16.0,0.0,0.0,2.3733837948003584,0.0,0.0,12.0,0.0,0.0,1.0,1.0,0.0,1.0,0.0,0.0,1.0,2032.0,0.0,1.0,3.0,0.0,0.0,0.0,0.0,1.0,1.0,0.0,0.0,0.0,106.0,0.9247635310401997,10.0,1.0,3.0,302.0,1.0,1.0,1920.0,1080.0,22.0,0.0,0
54.0,1.0,0.0,0.0,0.0,1.0,0.0,17.0,0.0,0.0,2.8594842076806444,0.0,0.0,5.0,0.0,0.0,0.0,0.0,0.0,1.0,0.0,0.0,1.0,1268.0,2.0,1.0,18.0,0.0,0.0,0.0,0.0,3.0,0.0,0.0,0.0,0.0,63.0,0.9965289483331087,13.0,5.0,18.0,195.0,6.0,1.0,1920.0,1080.0,7.0,0.0,0
31.0,1.0,0.0,0.0,0.0,1.0,0.0,20.0,0.0,0.0,3.319123919596427,0.0,0.0,2.0,0.0,0.0,0.0,0.0,0.0,1.0,0.0,0.0,1.0,1843.0,0.0,1.0,6.0,0.0,0.0,0.0,0.0,2.0,0.0,1.0,0.0,0.0,77.0,0.9578131783491876,11.0,5.0,6.0,206.0,19.0,1.0,1280.0,800.0,20.0,0.0,0
42.0,1.0,2.0,0.0,0.0,3.0,0.0,15.0,2.0,0.13333333333333333,3.1296249703221757,0.0,1.0,1.0,0.0,0.0,0.0,0.0,0.0,1.0,0.0,0.0,1.0,1832.0,1.0,1.0,4.0,0.0,0.0,0.0,0.0,2.0,0.0,0.0,0.0,0.0,38.0,0.9567857944727344,7.0,6.0,4.0,232.0,15.0,1.0,1920.0,1080.0,17.0,0.0,0
24.0,1.0,0.0,0.0,0.0,1.0,0.0,9.0,0.0,0.0,2.1461104609441666,0.0,0.0,24.0,0.0,0.0,0.0,0.0,0.0,1.0,0.0,0.0,1.0,602.0,1.0,1.0,26.0,0.0,0.0,0.0,0.0,1.0,0.0,0.0,0.0,0.0,15.0,0.9240943788534568,1.0,0.0,26.0,473.0,9.0,1.0,1920.0,1080.0,29.0,0.0,0
49.0,1.0,0.0,0.0,0.0,1.0,0.0,19.0,0.0,0.0,2.917231336952638,0.0,0.0,30.0,0.0,0.0,0.0,0.0,0.0,1.0,0.0,0.0,1.0,577.0,1.0,0.0,7.0,0.0,0.0,0.0,0.0,3.0,0.0,0.0,0.0,0.0,35.0,0.925585304118845,9.0,8.0,7.0,191.0,13.0,1.0,1280.0,800.0,6.0,0.0,0
54.0,1.0,1.0,0.0,0.0,2.0,0.0,18.0,0.0,0.0,2.8739154095177635,0.0,0.0,10.0,0.0,0.0,0.0,0.0,0.0,1.0,0.0,0.0,1.0,874.0,1.0,0.0,16.0,0.0,0.0,0.0,0.0,3.0,0.0,0.0,0.0,0.0,79.0,0.9822828296802725,14.0,7.0,16.0,370.0,9.0,1.0,1920.0,1080.0,9.0,0.0,0
53.0,1.0,0.0,0.0,0.0,1.0,0.0,10.0,0.0,0.0,3.249072359448141,0.0,0.0,16.0,0.0,0.0,1.0,1.0,0.0,1.0,0.0,0.0,1.0,1173.0,2.0,0.0,24.0,1.0,0.0,0.0,0.0,0.0,1.0,0.0,0.0,1.0,65.0,0.943246338312373,13.0,9.0,24.0,370.0,10.0,1.0,1920.0,1080.0,40.0,0.0,0
41.0,1.0,2.0,0.0,0.0,3.0,0.0,11.0,0.0,0.0,3.353954241542149,0.0,0.0,25.0,0.0,0.0,1.0,1.0,0.0,1.0,0.0,0.0,1.0,2017.0,1.0,0.0,28.0,0.0,0.0,0.0,0.0,3.0,0.0,0.0,0.0,0.0,20.0,0.9546137227134156,10.0,7.0,28.0,221.0,13.0,1.0,1920.0,1080.0,33.0,0.0,0
32.0,1.0,1.0,0.0,0.0,2.0,0.0,19.0,2.0,0.10526315789473684,2.6715023990115245,0.0,0.0,20.0,0.0,0.0,0.0,0.0,0.0,1.0,0.0,0.0,1.0,1944.0,1.0,0.0,27.0,0.0,0.0,0.0,0.0,3.0,0.0,0.0,0.0,0.0,26.0,0.9884919658076753,4.0,3.0,27.0,208.0,5.0,1.0,1280.0,800.0,38.0,0.0,0
20.0,1.0,0.0,0.0,0.0,1.0,0.0,16.0,0.0,0.0,2.1595092412573433,0.0,0.0,31.0,20.0,0.0,0.0,0.0,0.0,1.0,0.0,0.0,1.0,2458.0,1.0,1.0,3.0,0.0,0.0,0.0,0.0,0.0,0.0,0.0,0.0,0.0,61.0,0.9260476700129281,13.0,9.0,3.0,439.0,2.0,1.0,1920.0,1080.0,42.0,0.0,0
38.0,1.0,0.0,0.0,1.0,1.0,0.0,14.0,0.0,0.0,2.939194188144193,0.0,0.0,29.0,20.0,0.0,1.0,1.0,0.0,1.0,0.0,0.0,1.0,2344.0,1.0,0.0,27.0,1.0,0.0,0.0,0.0,1.0,2.0,0.0,0.0,1.0,16.0,0.9831344521951452,6.0,5.0,27.0,8.0,16.0,1.0,1920.0,1080.0,21.0,0.0,0
26.0,1.0,0.0,0.0,1.0,1.0,0.0,16.0,0.0,0.0,3.350502185160866,0.0,0.0,32.0,0.0,0.0,0.0,0.0,0.0,1.0,0.0,0.0,1.0,1539.0,0.0,0.0,29.0,0.0,0.0,0.0,0.0,0.0,1.0,0.0,0.0,0.0,35.0,0.9277513728931335,5.0,1.0,29.0,405.0,3.0,1.0,1280.0,800.0,26.0,0.0,0
26.0,1.0,1.0,0.0,0.0,2.0,0.0,10.0,0.0,0.0,2.884281785363264,0.0,0.0,34.0,20.0,0.0,0.0,0.0,0.0,1.0,0.0,0.0,1.0,391.0,1.0,1.0,3.0,0.0,0.0,0.0,0.0,2.0,1.0,0.0,0.0,0.0,19.0,0.9625627749466712,8.0,7.0,3.0,115.0,11.0,1.0,1280.0,800.0,6.0,0.0,0
19.0,1.0,1.0,0.0,2.0,2.0,0.0,17.0,0.0,0.0,2.1224821684972075,0.0,0.0,31.0,5.0,0.0,0.0,0.0,0.0,1.0,0.0,0.0,1.0,2160.0,2.0,0.0,19.0,0.0,0.0,0.0,0.0,1.0,0.0,0.0,0.0,0.0,53.0,0.9471742750183381,12.0,2.0,19.0,411.0,15.0,1.0,1920.0,1080.0,38.0,0.0,0
40.0,1.0,1.0,0.0,0.0,2.0,0.0,20.0,0.0,0.0,2.5185780134693614,0.0,0.0,25.0,5.0,0.0,1.0,1.0,0.0,1.0,0.0,0.0,1.0,1894.0,2.0,1.0,3.0,1.0,1.0,0.0,0.0,0.0,2.0,0.0,0.0,1.0,40.0,0.9797167807377423,12.0,4.0,3.0,429.0,3.0,1.0,1920.0,1080.0,17.0,0.0,0
39.0,1.0,1.0,0.0,0.0,2.0,0.0,21.0,0.0,0.0,2.7789763153045235,0.0,0.0,9.0,0.0,0.0,0.0,0.0,0.0,1.0,0.0,0.0,1.0,2290.0,3.0,1.0,11.0,0.0,0.0,0.0,0.0,3.0,0.0,0.0,0.0,0.0,64.0,0.9278128861448065,6.0,5.0,11.0,448.0,16.0,1.0,1920.0,1080.0,32.0,0.0,0
19.0,1.0,1.0,0.0,0.0,2.0,0.0,9.0,0.0,0.0,2.8645206289681444,0.0,0.0,25.0,5.0,0.0,1.0,1.0,0.0,1.0,0.0,0.0,1.0,1882.0,1.0,0.0,13.0,0.0,0.0,0.0,0.0,1.0,0.0,0.0,0.0,0.0,73.0,0.9618678795535321,4.0,1.0,13.0,328.0,11.0,1.0,1920.0,1080.0,44.0,0.0,0
27.0,1.0,0.0,0.0,0.0,1.0,0.0,11.0,0.0,0.0,2.311079991884311,0.0,0.0,29.0,20.0,0.0,0.0,0.0,0.0,1.0,0.0,0.0,1.0,1637.0,1.0,0.0,14.0,1.0,0.0,0.0,0.0,2.0,3.0,0.0,0.0,1.0,70.0,0.9672407847048503,9.0,8.0,14.0,478.0,17.0,1.0,1280.0,800.0,34.0,0.0,0
54.0,1.0,2.0,0.0,0.0,3.0,0.0,15.0,0.0,0.0,3.3346024351949763,0.0,0.0,17.0,0.0,0.0,1.0,1.0,0.0,1.0,0.0,0.0,1.0,762.0,2.0,1.0,29.0,0.0,0.0,0.0,0.0,1.0,0.0,0.0,0.0,0.0,88.0,0.9756468139442835,7.0,5.0,29.0,259.0,4.0,1.0,1920.0,1080.0,21.0,0.0,0
27.0,1.0,0.0,0.0,0.0,1.0,0.0,21.0,0.0,0.0,3.2147574619444326,0.0,0.0,31.0,5.0,0.0,1.0,1.0,0.0,1.0,0.0,0.0,1.0,1049.0,2.0,0.0,29.0,0.0,0.0,0.0,0.0,1.0,0.0,0.0,0.0,0.0,118.0,0.9335699274425259,14.0,6.0,29.0,399.0,7.0,1.0,1920.0,1080.0,13.0,0.0,0
45.0,1.0,0.0,0.0,0.0,1.0,0.0,12.0,0.0,0.0,2.3329728044293336,0.0,0.0,5.0,0.0,0.0,1.0,1.0,0.0,1.0,0.0,0.0,1.0,1625.0,1.0,0.0,22.0,0.0,0.0,0.0,0.0,3.0,0.0,0.0,0.0,0.0,23.0,0.9448563374974334,9.0,0.0,22.0,430.0,2.0,1.0,1920.0,1080.0,9.0,0.0,0
33.0,1.0,1.0,0.0,0.0,2.0,0.0,20.0,0.0,0.0,3.277204159496122,0.0,0.0,10.0,0.0,0.0,0.0,0.0,0.0,1.0,0.0,0.0,1.0,2096.0,1.0,0.0,4.0,0.0,0.0,0.0,0.0,2.0,0.0,0.0,0.0,0.0,93.0,0.958462513435929,8.0,7.0,4.0,474.0,0.0,1.0,1920.0,1080.0,25.0,0.0,0
21.0,1.0,1.0,0.0,0.0,2.0,0.0,18.0,0.0,0.0,3.3240813504235867,0.0,0.0,30.0,0.0,0.0,0.0,0.0,0.0,1.0,0.0,0.0,1.0,2393.0,1.0,2.0,19.0,0.0,0.0,0.0,0.0,3.0,0.0,0.0,0.0,0.0,117.0,0.951595897094181,13.0,6.0,19.0,46.0,19.0,1.0,1920.0,1080.0,43.0,0.0,0
40.0,1.0,0.0,0.0,0.0,1.0,0.0,15.0,0.0,0.0,3.0023397918998693,0.0,0.0,14.0,0.0,0.0,1.0,1.0,0.0,1.0,0.0,0.0,1.0,1765.0,0.0,1.0,28.0,0.0,0.0,0.0,0.0,3.0,1.0,0.0,0.0,0.0,15.0,0.9926756964552321,8.0,7.0,28.0,282.0,2.0,1.0,1920.0,1080.0,33.0,0.0,0
50.0,1.0,1.0,0.0,0.0,2.0,0.0,8.0,0.0,0.0,3.0416992888277674,0.0,0.0,21.0,5.0,0.0,0.0,0.0,0.0,1.0,0.0,0.0,1.0,1329.0,2.0,1.0,18.0,0.0,0.0,0.0,0.0,0.0,0.0,0.0,0.0,0.0,74.0,0.98442164777658,5.0,4.0,18.0,288.0,15.0,1.0,1920.0,1080.0,36.0,0.0,0
36.0,1.0,0.0,0.0,0.0,1.0,0.0,13.0,0.0,0.0,2.9891744323282463,0.0,1.0,15.0,0.0,0.0,0.0,0.0,0.0,1.0,0.0,0.0,1.0,2407.0,1.0,0.0,4.0,0.0,0.0,0.0,0.0,0.0,0.0,0.0,0.0,0.0,94.0,0.9345553121398747,9.0,8.0,4.0,399.0,19.0,1.0,1920.0,1080.0,22.0,0.0,0
20.0,1.0,1.0,0.0,0.0,2.0,0.0,15.0,0.0,0.0,3.2219883951295385,0.0,0.0,1.0,0.0,0.0,0.0,0.0,0.0,1.0,0.0,0.0,1.0,2115.0,1.0,1.0,23.0,0.0,0.0,0.0,0.0,1.0,1.0,0.0,0.0,0.0,103.0,0.9922566659986725,12.0,4.0,23.0,154.0,9.0,1.0,1920.0,1080.0,13.0,0.0,0
33.0,1.0,1.0,0.0,0.0,2.0,0.0,14.0,1.0,0.07142857142857142,3.2327645436018697,0.0,0.0,9.0,0.0,0.0,0.0,0.0,0.0,1.0,0.0,0.0,1.0,1166.0,2.0,0.0,25.0,0.0,0.0,0.0,0.0,1.0,0.0,0.0,0.0,0.0,110.0,0.9694682703182844,2.0,1.0,25.0,398.0,14.0,1.0,1920.0,1080.0,44.0,0.0,0
35.0,0.0,1.0,0.0,0.0,2.0,0.0,13.0,0.0,0.0,2.544100881207535,0.0,0.0,6.0,5.0,0.0,1.0,1.0,0.0,0.0,0.0,0.0,0.0,353.0,0.0,0.0,21.0,0.0,0.0,0.0,0.0,0.0,0.0,0.0,0.0,0.0,60.0,0.2965655018491527,2.0,1.0,21.0,464.0,9.0,1.0,1920.0,1080.0,36.0,0.0,0
39.0,1.0,0.0,0.0,1.0,1.0,0.0,7.0,0.0,0.0,2.3680965786592023,0.0,0.0,2.0,0.0,0.0,1.0,1.0,0.0,1.0,0.0,0.0,1.0,1463.0,0.0,0.0,5.0,0.0,0.0,0.0,0.0,2.0,0.0,0.0,0.0,0.0,87.0,0.9941655292840949,7.0,3.0,5.0,330.0,18.0,1.0,1920.0,1080.0,17.0,0.0,0
39.0,1.0,0.0,0.0,0.0,1.0,0.0,18.0,0.0,0.0,3.1587506372028975,0.0,0.0,24.0,0.0,0.0,1.0,1.0,0.0,1.0,0.0,0.0,1.0,763.0,0.0,0.0,21.0,0.0,0.0,0.0,0.0,2.0,0.0,0.0,0.0,0.0,27.0,0.9360531293350755,2.0,1.0,21.0,262.0,10.0,1.0,1920.0,1080.0,5.0,0.0,0
42.0,1.0,1.0,0.0,0.0,2.0,0.0,15.0,0.0,0.0,3.148341676224428,0.0,0.0,9.0,0.0,0.0,0.0,0.0,0.0,1.0,0.0,0.0,1.0,241.0,2.0,0.0,7.0,0.0,0.0,0.0,0.0,0.0,0.0,1.0,0.0,0.0,83.0,0.9622675754749244,7.0,6.0,7.0,52.0,17.0,1.0,1920.0,1080.0,43.0,0.0,0
36.0,1.0,1.0,0.0,0.0,2.0,0.0,16.0,1.0,0.0625,3.3723722890001335,0.0,0.0,18.0,5.0,0.0,1.0,1.0,0.0,1.0,0.0,0.0,1.0,2150.0,1.0,0.0,10.0,1.0,1.0,0.0,0.0,1.0,2.0,0.0,0.0,1.0,95.0,0.9964376792396131,4.0,3.0,10.0,52.0,9.0,1.0,1920.0,1080.0,31.0,0.0,0
27.0,1.0,0.0,0.0,0.0,1.0,0.0,12.0,0.0,0.0,3.0099472365279882,0.0,0.0,8.0,20.0,0.0,0.0,0.0,0.0,1.0,0.0,0.0,1.0,2050.0,1.0,0.0,7.0,0.0,0.0,0.0,0.0,3.0,1.0,0.0,0.0,0.0,26.0,0.9667929200217454,1.0,0.0,7.0,21.0,15.0,1.0,1920.0,1080.0,36.0,0.0,0
33.0,1.0,0.0,0.0,0.0,1.0,0.0,14.0,0.0,0.0,2.201667353984423,0.0,0.0,9.0,0.0,0.0,0.0,0.0,0.0,1.0,0.0,0.0,1.0,653.0,2.0,0.0,24.0,0.0,0.0,0.0,0.0,0.0,1.0,0.0,0.0,0.0,61.0,0.9229784961401833,2.0,1.0,24.0,121.0,11.0,1.0,1280.0,800.0,11.0,0.0,0
32.0,1.0,1.0,0.0,0.0,2.0,0.0,14.0,0.0,0.0,2.789288582568984,0.0,0.0,0.0,0.0,0.0,0.0,0.0,0.0,1.0,0.0,0.0,1.0,1117.0,2.0,1.0,11.0,0.0,0.0,0.0,0.0,0.0,0.0,0.0,0.0,0.0,103.0,0.9449673532725666,14.0,1.0,11.0,22.0,16.0,1.0,1920.0,1080.0,28.0,0.0,0
36.0,1.0,0.0,0.0,0.0,1.0,0.0,21.0,0.0,0.0,2.777302824832864,0.0,0.0,14.0,0.0,0.0,0.0,0.0,0.0,1.0,0.0,0.0,1.0,1594.0,2.0,2.0,27.0,0.0,0.0,0.0,0.0,3.0,0.0,0.0,0.0,0.0,88.0,0.9689082424620113,12.0,9.0,27.0,35.0,16.0,1.0,1280.0,800.0,44.0,0.0,0
40.0,1.0,1.0,0.0,0.0,2.0,0.0,14.0,0.0,0.0,2.4683260601951145,0.0,1.0,21.0,0.0,0.0,1.0,1.0,0.0,1.0,0.0,0.0,1.0,1947.0,0.0,0.0,27.0,0.0,0.0,0.0,0.0,3.0,1.0,0.0,0.0,0.0,96.0,0.9909763451406314,5.0,4.0,27.0,295.0,15.0,1.0,1280.0,800.0,24.0,0.0,0
34.0,1.0,1.0,0.0,0.0,2.0,0.0,9.0,0.0,0.0,2.3190776589072217,0.0,0.0,34.0,0.0,0.0,0.0,0.0,0.0,1.0,0.0,0.0,1.0,1739.0,1.0,0.0,8.0,0.0,0.0,0.0,0.0,1.0,0.0,1.0,0.0,0.0,28.0,0.9492130684542424,12.0,9.0,8.0,477.0,0.0,1.0,1920.0,1080.0,16.0,0.0,0
38.0,1.0,1.0,0.0,1.0,2.0,0.0,8.0,1.0,0.125,3.371690769155787,0.0,0.0,34.0,0.0,0.0,0.0,0.0,0.0,1.0,0.0,0.0,1.0,109.0,1.0,0.0,24.0,0.0,0.0,0.0,0.0,2.0,0.0,0.0,0.0,0.0,74.0,0.9627201844598,6.0,2.0,24.0,439.0,2.0,1.0,1280.0,800.0,33.0,0.0,0
41.0,1.0,0.0,0.0,0.0,1.0,0.0,21.0,1.0,0.047619047619047616,2.2293492385336005,0.0,0.0,9.0,0.0,0.0,0.0,0.0,0.0,1.0,0.0,0.0,1.0,1771.0,1.0,2.0,8.0,0.0,0.0,1.0,0.0,2.0,0.0,0.0,0.0,1.0,66.0,0.9638665598823837,5.0,0.0,8.0,160.0,11.0,1.0,1920.0,1080.0,11.0,0.0,0
32.0,1.0,1.0,0.0,0.0,2.0,0.0,7.0,0.0,0.0,3.2620566915388487,0.0,0.0,30.0,0.0,0.0,0.0,0.0,0.0,1.0,0.0,0.0,1.0,413.0,2.0,0.0,11.0,0.0,0.0,0.0,0.0,3.0,0.0,0.0,0.0,0.0,52.0,0.9274603895828297,8.0,6.0,11.0,488.0,16.0,1.0,1280.0,800.0,33.0,0.0,0
23.0,1.0,0.0,0.0,1.0,1.0,0.0,10.0,0.0,0.0,2.3337189802701572,0.0,0.0,6.0,0.0,0.0,0.0,0.0,0.0,1.0,0.0,0.0,1.0,1957.0,0.0,2.0,27.0,0.0,0.0,0.0,0.0,1.0,0.0,0.0,0.0,0.0,83.0,0.961852485051529,11.0,4.0,27.0,250.0,3.0,1.0,1920.0,1080.0,34.0,0.0,0
25.0,1.0,0.0,0.0,0.0,1.0,0.0,15.0,0.0,0.0,2.7102126920907277,0.0,0.0,9.0,5.0,0.0,1.0,1.0,0.0,1.0,0.0,0.0,1.0,893.0,0.0,0.0,2.0,0.0,0.0,0.0,0.0,2.0,0.0,0.0,0.0,0.0,113.0,0.965619849995792,4.0,3.0,2.0,336.0,2.0,1.0,1280.0,800.0,2.0,0.0,0
26.0,1.0,1.0,0.0,0.0,2.0,0.0,10.0,0.0,0.0,3.132773561197812,0.0,0.0,27.0,5.0,0.0,0.0,0.0,0.0,1.0,0.0,0.0,1.0,171.0,0.0,1.0,19.0,0.0,0.0,0.0,0.0,0.0,0.0,0.0,0.0,0.0,65.0,0.9467200575061275,2.0,0.0,19.0,124.0,12.0,1.0,1920.0,1080.0,44.0,0.0,0
47.0,1.0,1.0,0.0,0.0,2.0,0.0,20.0,0.0,0.0,2.1080378362528482,0.0,0.0,17.0,5.0,0.0,0.0,0.0,0.0,1.0,0.0,0.0,1.0,685.0,0.0,0.0,9.0,0.0,0.0,0.0,0.0,2.0,0.0,0.0,0.0,0.0,20.0,0.9995439707043231,4.0,3.0,9.0,362.0,1.0,1.0,1280.0,800.0,8.0,0.0,0
28.0,1.0,1.0,0.0,0.0,2.0,0.0,14.0,0.0,0.0,2.5867449299729857,0.0,0.0,32.0,0.0,0.0,0.0,0.0,0.0,1.0,0.0,0.0,1.0,2373.0,1.0,0.0,28.0,0.0,0.0,0.0,0.0,3.0,0.0,0.0,0.0,0.0,63.0,0.9224046649761599,14.0,5.0,28.0,290.0,18.0,1.0,1920.0,1080.0,20.0,0.0,0
44.0,1.0,1.0,0.0,0.0,2.0,0.0,21.0,0.0,0.0,2.190542750904187,0.0,0.0,9.0,0.0,0.0,1.0,1.0,0.0,1.0,0.0,0.0,1.0,1973.0,3.0,0.0,12.0,0.0,0.0,0.0,0.0,2.0,1.0,0.0,0.0,0.0,20.0,0.9520488739037876,13.0,1.0,12.0,215.0,18.0,1.0,1920.0,1080.0,39.0,0.0,0
43.0,1.0,0.0,0.0,0.0,1.0,0.0,18.0,0.0,0.0,2.6319461871357386,0.0,1.0,23.0,0.0,0.0,0.0,0.0,0.0,1.0,0.0,0.0,1.0,142.0,1.0,1.0,19.0,0.0,0.0,0.0,0.0,1.0,0.0,0.0,0.0,0.0,32.0,0.9534813109322148,12.0,2.0,19.0,90.0,6.0,1.0,1920.0,1080.0,38.0,0.0,0
18.0,1.0,1.0,0.0,0.0,2.0,0.0,21.0,0.0,0.0,2.1216313034625354,0.0,0.0,2.0,0.0,0.0,0.0,0.0,0.0,1.0,0.0,0.0,1.0,443.0,0.0,1.0,3.0,0.0,0.0,0.0,0.0,1.0,0.0,0.0,0.0,0.0,115.0,0.9309160894616367,7.0,1.0,3.0,489.0,10.0,1.0,1920.0,1080.0,14.0,0.0,0
34.0,1.0,1.0,0.0,0.0,2.0,0.0,13.0,0.0,0.0,3.042678963459797,0.0,0.0,9.0,0.0,0.0,1.0,1.0,0.0,1.0,0.0,0.0,1.0,1714.0,1.0,0.0,23.0,1.0,0.0,0.0,0.0,2.0,3.0,0.0,0.0,1.0,78.0,0.946786228124428,2.0,1.0,23.0,391.0,8.0,1.0,1280.0,800.0,33.0,0.0,0
18.0,1.0,1.0,0.0,0.0,2.0,0.0,8.0,0.0,0.0,2.3303890982984106,0.0,0.0,16.0,0.0,0.0,1.0,1.0,0.0,1.0,0.0,0.0,1.0,1411.0,1.0,0.0,8.0,1.0,0.0,0.0,0.0,2.0,3.0,0.0,0.0,1.0,56.0,0.979950652348789,6.0,5.0,8.0,445.0,11.0,1.0,1920.0,1080.0,21.0,0.0,0
37.0,1.0,1.0,0.0,0.0,2.0,0.0,14.0,2.0,0.14285714285714285,2.4878597198487484,0.0,0.0,17.0,0.0,0.0,0.0,0.0,0.0,1.0,0.0,0.0,1.0,2479.0,2.0,0.0,18.0,0.0,0.0,0.0,0.0,0.0,0.0,0.0,0.0,0.0,104.0,0.9271886334400038,10.0,2.0,18.0,282.0,9.0,1.0,1920.0,1080.0,34.0,0.0,0
54.0,1.0,1.0,0.0,0.0,2.0,0.0,18.0,0.0,0.0,2.80647874510446,0.0,0.0,6.0,5.0,0.0,0.0,0.0,0.0,1.0,0.0,0.0,1.0,1674.0,1.0,0.0,9.0,0.0,0.0,0.0,0.0,1.0,0.0,1.0,0.0,0.0,15.0,0.9415708932173341,8.0,1.0,9.0,92.0,9.0,1.0,1920.0,1080.0,24.0,0.0,0
33.0,1.0,0.0,0.0,0.0,1.0,0.0,11.0,0.0,0.0,2.3598183864564586,0.0,0.0,20.0,0.0,0.0,0.0,0.0,0.0,1.0,0.0,0.0,1.0,859.0,1.0,0.0,2.0,0.0,0.0,0.0,0.0,3.0,0.0,0.0,0.0,0.0,24.0,0.9824834496861574,4.0,3.0,2.0,297.0,19.0,1.0,1920.0,1080.0,18.0,0.0,0
23.0,1.0,0.0,0.0,0.0,1.0,0.0,7.0,0.0,0.0,3.0671892351935695,0.0,0.0,20.0,0.0,0.0,0.0,0.0,0.0,1.0,0.0,0.0,1.0,2476.0,3.0,0.0,27.0,0.0,0.0,0.0,0.0,1.0,0.0,0.0,0.0,0.0,18.0,0.9745358776066267,14.0,1.0,27.0,294.0,0.0,1.0,1920.0,1080.0,17.0,0.0,0
39.0,1.0,0.0,0.0,0.0,1.0,0.0,14.0,0.0,0.0,2.7512958875958544,0.0,0.0,16.0,0.0,0.0,0.0,0.0,0.0,1.0,0.0,0.0,1.0,2082.0,1.0,1.0,29.0,0.0,0.0,0.0,0.0,1.0,0.0,0.0,0.0,0.0,100.0,0.931308730470892,1.0,0.0,29.0,364.0,19.0,1.0,1280.0,800.0,26.0,0.0,0
40.0,1.0,1.0,0.0,0.0,2.0,0.0,16.0,0.0,0.0,2.479482497927447,0.0,0.0,27.0,0.0,0.0,0.0,0.0,0.0,1.0,0.0,0.0,1.0,562.0,0.0,0.0,22.0,0.0,0.0,0.0,0.0,1.0,0.0,0.0,0.0,0.0,75.0,0.9481163815428575,12.0,3.0,22.0,406.0,9.0,1.0,1920.0,1080.0,13.0,0.0,0
25.0,1.0,0.0,0.0,0.0,1.0,0.0,15.0,0.0,0.0,2.191429769713671,0.0,0.0,16.0,0.0,0.0,0.0,0.0,0.0,1.0,0.0,0.0,1.0,983.0,2.0,0.0,19.0,0.0,0.0,0.0,0.0,0.0,1.0,0.0,0.0,0.0,101.0,0.9383787723294823,2.0,1.0,19.0,411.0,6.0,1.0,1920.0,1080.0,21.0,0.0,0
48.0,1.0,0.0,0.0,0.0,1.0,0.0,11.0,0.0,0.0,3.387195442500552,0.0,0.0,9.0,0.0,0.0,1.0,1.0,0.0,1.0,0.0,0.0,1.0,803.0,1.0,2.0,16.0,1.0,0.0,0.0,0.0,2.0,2.0,0.0,0.0,1.0,70.0,0.9460517193749963,14.0,8.0,16.0,295.0,7.0,1.0,1920.0,1080.0,3.0,0.0,0
31.0,1.0,0.0,0.0,0.0,1.0,0.0,7.0,0.0,0.0,2.7512503742671734,0.0,0.0,8.0,0.0,0.0,0.0,0.0,0.0,1.0,0.0,0.0,1.0,1143.0,1.0,1.0,5.0,0.0,0.0,0.0,0.0,3.0,0.0,0.0,0.0,0.0,116.0,0.9847331043958221,1.0,0.0,5.0,27.0,10.0,1.0,1920.0,1080.0,18.0,0.0,0
49.0,1.0,1.0,0.0,0.0,2.0,0.0,14.0,0.0,0.0,2.725056626085796,0.0,0.0,33.0,0.0,0.0,1.0,1.0,0.0,1.0,0.0,0.0,1.0,1645.0,1.0,1.0,19.0,0.0,0.0,0.0,0.0,2.0,0.0,0.0,0.0,0.0,60.0,0.9676878822136077,14.0,3.0,19.0,294.0,6.0,1.0,1920.0,1080.0,11.0,0.0,0
28.0,1.0,1.0,0.0,0.0,2.0,0.0,10.0,0.0,0.0,2.4056798004257014,0.0,0.0,19.0,5.0,0.0,0.0,0.0,0.0,1.0,0.0,0.0,1.0,2068.0,1.0,0.0,7.0,0.0,0.0,0.0,0.0,2.0,0.0,0.0,0.0,0.0,95.0,0.9256087711418274,1.0,0.0,7.0,223.0,4.0,1.0,1920.0,1080.0,19.0,0.0,0
19.0,1.0,1.0,0.0,0.0,2.0,0.0,16.0,0.0,0.0,3.1781127407993357,0.0,0.0,19.0,0.0,0.0,0.0,0.0,0.0,1.0,0.0,0.0,1.0,2407.0,1.0,0.0,10.0,0.0,0.0,0.0,0.0,3.0,0.0,0.0,0.0,0.0,23.0,0.982473220172362,3.0,2.0,10.0,136.0,8.0,1.0,1920.0,1080.0,36.0,0.0,0
29.0,1.0,0.0,0.0,0.0,1.0,0.0,7.0,0.0,0.0,2.7515166171321237,0.0,0.0,15.0,0.0,0.0,1.0,1.0,0.0,1.0,0.0,0.0,1.0,1727.0,2.0,1.0,14.0,0.0,0.0,0.0,0.0,0.0,1.0,0.0,0.0,0.0,19.0,0.9825951527599099,4.0,3.0,14.0,72.0,15.0,1.0,1280.0,800.0,37.0,0.0,0
52.0,1.0,0.0,0.0,0.0,1.0,0.0,16.0,0.0,0.0,3.0591630458630297,0.0,0.0,11.0,0.0,0.0,0.0,0.0,0.0,1.0,0.0,0.0,1.0,914.0,2.0,0.0,14.0,0.0,0.0,0.0,0.0,0.0,0.0,0.0,0.0,0.0,92.0,0.9376851004068149,4.0,1.0,14.0,388.0,12.0,1.0,1920.0,1080.0,11.0,0.0,0
46.0,1.0,0.0,0.0,0.0,1.0,0.0,18.0,0.0,0.0,2.9243144748983534,0.0,0.0,30.0,0.0,0.0,0.0,0.0,0.0,1.0,0.0,0.0,1.0,516.0,1.0,0.0,11.0,0.0,0.0,0.0,0.0,3.0,0.0,0.0,0.0,0.0,96.0,0.936406526731686,5.0,4.0,11.0,166.0,1.0,1.0,1280.0,800.0,20.0,0.0,0
44.0,1.0,2.0,0.0,0.0,3.0,0.0,15.0,0.0,0.0,3.185664012346165,0.0,0.0,24.0,0.0,0.0,0.0,0.0,0.0,1.0,0.0,0.0,1.0,417.0,0.0,2.0,2.0,0.0,0.0,0.0,0.0,1.0,1.0,0.0,0.0,0.0,39.0,0.9301695433485639,4.0,0.0,2.0,445.0,10.0,1.0,1920.0,1080.0,21.0,0.0,0
48.0,1.0,1.0,0.0,0.0,2.0,0.0,11.0,0.0,0.0,2.2110169997756053,0.0,0.0,28.0,20.0,0.0,1.0,1.0,0.0,1.0,0.0,0.0,1.0,801.0,3.0,1.0,29.0,0.0,0.0,0.0,0.0,0.0,0.0,0.0,0.0,0.0,94.0,0.9430311143503874,13.0,5.0,29.0,216.0,6.0,1.0,1280.0,800.0,25.0,0.0,0
53.0,1.0,1.0,0.0,0.0,2.0,0.0,14.0,0.0,0.0,2.857115585507079,0.0,0.0,14.0,20.0,0.0,0.0,0.0,0.0,1.0,0.0,0.0,1.0,1225.0,0.0,1.0,12.0,0.0,0.0,0.0,0.0,2.0,0.0,0.0,0.0,0.0,80.0,0.9920324254852054,9.0,8.0,12.0,54.0,6.0,1.0,1920.0,1080.0,40.0,0.0,0
45.0,1.0,1.0,0.0,0.0,2.0,0.0,18.0,0.0,0.0,2.878656627221038,0.0,0.0,14.0,0.0,0.0,0.0,0.0,0.0,1.0,0.0,0.0,1.0,455.0,1.0,0.0,2.0,0.0,0.0,0.0,0.0,3.0,0.0,0.0,0.0,0.0,52.0,0.9354498272210989,11.0,0.0,2.0,333.0,6.0,1.0,1280.0,800.0,18.0,0.0,0
22.0,1.0,1.0,0.0,0.0,2.0,0.0,7.0,0.0,0.0,2.582498960164227,0.0,0.0,15.0,0.0,0.0,0.0,0.0,0.0,1.0,0.0,0.0,1.0,2393.0,1.0,0.0,8.0,0.0,0.0,0.0,0.0,3.0,0.0,0.0,0.0,0.0,41.0,0.9406824289014178,5.0,4.0,8.0,65.0,2.0,1.0,1920.0,1080.0,22.0,0.0,0
41.0,1.0,0.0,0.0,0.0,1.0,0.0,19.0,0.0,0.0,2.96699472544746,0.0,0.0,34.0,0.0,0.0,1.0,1.0,0.0,1.0,0.0,0.0,1.0,1918.0,0.0,1.0,8.0,0.0,0.0,0.0,0.0,3.0,0.0,0.0,0.0,0.0,50.0,0.9779096830651773,6.0,2.0,8.0,29.0,2.0,1.0,1920.0,1080.0,35.0,0.0,0
44.0,1.0,0.0,0.0,0.0,1.0,0.0,16.0,0.0,0.0,2.8528662917821634,0.0,0.0,32.0,0.0,0.0,1.0,1.0,0.0,1.0,0.0,0.0,1.0,925.0,0.0,0.0,2.0,0.0,0.0,0.0,0.0,3.0,0.0,0.0,0.0,0.0,82.0,0.985232691305798,9.0,0.0,2.0,455.0,12.0,1.0,1920.0,1080.0,37.0,0.0,0
40.0,1.0,1.0,0.0,0.0,2.0,0.0,7.0,1.0,0.14285714285714285,2.5752452406978406,0.0,0.0,26.0,0.0,0.0,0.0,0.0,0.0,1.0,0.0,0.0,1.0,415.0,0.0,0.0,13.0,0.0,0.0,0.0,0.0,2.0,0.0,0.0,0.0,0.0,96.0,0.9658394622602579,6.0,1.0,13.0,263.0,7.0,1.0,1920.0,1080.0,33.0,0.0,0
26.0,1.0,1.0,0.0,0.0,2.0,0.0,10.0,0.0,0.0,3.151681020872545,0.0,0.0,23.0,20.0,0.0,0.0,0.0,0.0,1.0,0.0,0.0,1.0,1341.0,0.0,0.0,20.0,0.0,0.0,0.0,0.0,2.0,1.0,1.0,0.0,0.0,90.0,0.983377272304382,4.0,1.0,20.0,484.0,2.0,1.0,1920.0,1080.0,13.0,0.0,0
24.0,1.0,2.0,0.0,0.0,3.0,0.0,12.0,0.0,0.0,2.3502781332188825,0.0,0.0,19.0,0.0,0.0,0.0,0.0,0.0,1.0,0.0,0.0,1.0,1223.0,2.0,0.0,17.0,0.0,0.0,0.0,0.0,3.0,1.0,0.0,0.0,0.0,46.0,0.9621130888315903,10.0,6.0,17.0,290.0,8.0,1.0,1920.0,1080.0,29.0,0.0,0
50.0,1.0,1.0,0.0,0.0,2.0,0.0,16.0,0.0,0.0,2.6006829572050534,0.0,0.0,29.0,5.0,0.0,0.0,0.0,0.0,1.0,0.0,0.0,1.0,868.0,0.0,0.0,14.0,0.0,0.0,0.0,0.0,1.0,0.0,0.0,0.0,0.0,35.0,0.9285091306421733,12.0,7.0,14.0,13.0,17.0,1.0,1280.0,800.0,33.0,0.0,0
41.0,1.0,1.0,0.0,0.0,2.0,0.0,7.0,0.0,0.0,2.521504364286308,0.0,0.0,22.0,0.0,0.0,1.0,1.0,0.0,1.0,0.0,0.0,1.0,460.0,1.0,1.0,21.0,1.0,1.0,0.0,0.0,0.0,3.0,1.0,0.0,1.0,83.0,0.9283695880439463,1.0,0.0,21.0,329.0,10.0,1.0,1920.0,1080.0,40.0,0.0,0
40.0,1.0,1.0,0.0,0.0,2.0,0.0,10.0,0.0,0.0,3.1572291045485263,0.0,0.0,3.0,5.0,0.0,1.0,1.0,0.0,1.0,0.0,0.0,1.0,489.0,0.0,0.0,5.0,0.0,0.0,0.0,0.0,3.0,0.0,0.0,0.0,0.0,37.0,0.9873944641720358,10.0,4.0,5.0,462.0,18.0,1.0,1920.0,1080.0,18.0,0.0,0
22.0,1.0,0.0,0.0,0.0,1.0,0.0,9.0,0.0,0.0,3.1394284111148973,0.0,0.0,23.0,0.0,0.0,0.0,0.0,0.0,1.0,0.0,0.0,1.0,744.0,1.0,0.0,4.0,0.0,0.0,0.0,1.0,2.0,0.0,0.0,0.0,1.0,88.0,0.9793161414431486,5.0,4.0,4.0,443.0,7.0,1.0,1920.0,1080.0,33.0,0.0,0
29.0,1.0,1.0,0.0,0.0,2.0,0.0,15.0,1.0,0.06666666666666667,2.534950995846722,0.0,1.0,4.0,5.0,0.0,1.0,1.0,0.0,1.0,0.0,0.0,1.0,1789.0,1.0,1.0,27.0,0.0,0.0,1.0,0.0,1.0,0.0,1.0,0.0,1.0,98.0,0.9463862263539904,12.0,8.0,27.0,447.0,1.0,1.0,1920.0,1080.0,30.0,0.0,0
28.0,1.0,1.0,0.0,0.0,2.0,0.0,12.0,0.0,0.0,3.024138315858605,0.0,0.0,1.0,0.0,0.0,0.0,0.0,0.0,1.0,0.0,0.0,1.0,182.0,1.0,0.0,25.0,0.0,0.0,0.0,0.0,1.0,0.0,0.0,0.0,0.0,90.0,0.9965270042783636,5.0,4.0,25.0,364.0,10.0,1.0,1280.0,800.0,16.0,0.0,0
37.0,1.0,0.0,0.0,0.0,1.0,0.0,14.0,0.0,0.0,3.191313005020029,0.0,0.0,2.0,0.0,0.0,0.0,0.0,0.0,1.0,0.0,0.0,1.0,1434.0,0.0,2.0,25.0,0.0,0.0,0.0,0.0,1.0,0.0,0.0,0.0,0.0,30.0,0.9362137525045844,11.0,3.0,25.0,389.0,0.0,1.0,1280.0,800.0,16.0,0.0,0
37.0,1.0,1.0,0.0,0.0,2.0,0.0,10.0,0.0,0.0,2.5945777872957496,0.0,0.0,16.0,0.0,0.0,0.0,0.0,0.0,1.0,0.0,0.0,1.0,1475.0,1.0,0.0,14.0,0.0,0.0,0.0,0.0,0.0,1.0,0.0,0.0,0.0,51.0,0.9976884406691804,8.0,7.0,14.0,176.0,12.0,1.0,1280.0,800.0,10.0,0.0,0
54.0,1.0,0.0,0.0,0.0,1.0,0.0,19.0,0.0,0.0,2.85425337422237,0.0,0.0,14.0,5.0,0.0,1.0,1.0,0.0,1.0,0.0,0.0,1.0,166.0,0.0,0.0,17.0,0.0,0.0,0.0,0.0,2.0,0.0,0.0,0.0,0.0,80.0,0.9276299046318423,6.0,5.0,17.0,458.0,5.0,1.0,1280.0,800.0,41.0,0.0,0
38.0,1.0,1.0,0.0,0.0,2.0,0.0,18.0,0.0,0.0,2.3532453037309273,0.0,0.0,4.0,0.0,0.0,0.0,0.0,0.0,1.0,0.0,0.0,1.0,1213.0,1.0,0.0,13.0,0.0,0.0,0.0,0.0,2.0,0.0,1.0,0.0,0.0,44.0,0.9916727310985193,2.0,1.0,13.0,106.0,3.0,1.0,1280.0,800.0,14.0,0.0,0
46.0,1.0,1.0,0.0,0.0,2.0,0.0,20.0,0.0,0.0,3.053856815244263,0.0,0.0,22.0,0.0,0.0,0.0,0.0,0.0,1.0,0.0,0.0,1.0,1408.0,0.0,0.0,22.0,0.0,0.0,0.0,0.0,3.0,0.0,0.0,0.0,0.0,60.0,0.9232048450608467,14.0,1.0,22.0,72.0,0.0,1.0,1280.0,800.0,14.0,0.0,0
21.0,1.0,0.0,0.0,0.0,1.0,0.0,21.0,0.0,0.0,2.2070504444695223,0.0,0.0,5.0,5.0,0.0,0.0,0.0,0.0,1.0,0.0,0.0,1.0,778.0,1.0,0.0,16.0,0.0,0.0,0.0,0.0,1.0,1.0,0.0,0.0,0.0,105.0,0.9290341273031101,1.0,0.0,16.0,400.0,6.0,1.0,1920.0,1080.0,32.0,0.0,0
50.0,1.0,2.0,0.0,0.0,3.0,0.0,19.0,0.0,0.0,3.085157297402546,0.0,0.0,18.0,0.0,0.0,0.0,0.0,0.0,1.0,0.0,0.0,1.0,186.0,0.0,0.0,4.0,0.0,0.0,0.0,0.0,0.0,0.0,0.0,0.0,0.0,90.0,0.9426124522205876,2.0,1.0,4.0,462.0,17.0,1.0,1920.0,1080.0,42.0,0.0,0
30.0,1.0,0.0,0.0,0.0,1.0,0.0,11.0,0.0,0.0,2.5784906167824886,0.0,0.0,20.0,0.0,0.0,1.0,1.0,0.0,1.0,0.0,0.0,1.0,648.0,2.0,0.0,5.0,1.0,1.0,0.0,0.0,3.0,2.0,0.0,0.0,1.0,75.0,0.9439758265104004,1.0,0.0,5.0,384.0,8.0,1.0,1920.0,1080.0,14.0,0.0,0
19.0,1.0,1.0,0.0,0.0,2.0,0.0,13.0,0.0,0.0,2.3616891531281166,0.0,0.0,27.0,0.0,0.0,0.0,0.0,0.0,1.0,0.0,0.0,1.0,1806.0,0.0,0.0,12.0,0.0,0.0,0.0,0.0,3.0,0.0,0.0,0.0,0.0,85.0,0.9994536866555235,8.0,7.0,12.0,99.0,4.0,1.0,1920.0,1080.0,12.0,0.0,0
51.0,1.0,1.0,0.0,0.0,2.0,0.0,19.0,0.0,0.0,3.104745803154243,0.0,0.0,15.0,0.0,0.0,0.0,0.0,0.0,1.0,0.0,0.0,1.0,886.0,3.0,0.0,28.0,0.0,0.0,0.0,0.0,1.0,0.0,0.0,0.0,0.0,47.0,0.9641579356217423,13.0,2.0,28.0,467.0,12.0,1.0,1280.0,800.0,5.0,0.0,0
34.0,1.0,0.0,0.0,0.0,1.0,0.0,14.0,0.0,0.0,2.9573235817728216,0.0,0.0,6.0,0.0,0.0,0.0,0.0,0.0,1.0,0.0,0.0,1.0,1765.0,1.0,0.0,26.0,0.0,0.0,0.0,0.0,1.0,0.0,0.0,0.0,0.0,88.0,0.9781882813660767,6.0,3.0,26.0,251.0,1.0,1.0,1920.0,1080.0,18.0,0.0,0
25.0,1.0,1.0,0.0,0.0,2.0,0.0,20.0,2.0,0.1,3.003404705372133,0.0,0.0,34.0,0.0,0.0,1.0,1.0,0.0,1.0,0.0,0.0,1.0,1674.0,2.0,0.0,18.0,1.0,1.0,0.0,0.0,3.0,1.0,0.0,0.0,1.0,31.0,0.9510726267097562,11.0,6.0,18.0,43.0,1.0,1.0,1920.0,1080.0,30.0,0.0,0
41.0,1.0,1.0,0.0,0.0,2.0,0.0,17.0,0.0,0.0,2.139360231730464,0.0,0.0,21.0,0.0,0.0,0.0,0.0,0.0,1.0,0.0,0.0,1.0,252.0,1.0,0.0,4.0,0.0,0.0,0.0,0.0,2.0,0.0,1.0,0.0,0.0,27.0,0.9324597545482756,13.0,0.0,4.0,257.0,7.0,1.0,1920.0,1080.0,18.0,0.0,0
30.0,1.0,1.0,0.0,0.0,2.0,0.0,20.0,0.0,0.0,2.9420824896718054,0.0,0.0,2.0,20.0,0.0,1.0,1.0,0.0,1.0,0.0,0.0,1.0,1076.0,0.0,2.0,11.0,0.0,0.0,0.0,0.0,1.0,0.0,0.0,0.0,0.0,104.0,0.980963077071126,4.0,2.0,11.0,297.0,17.0,1.0,1280.0,800.0,22.0,0.0,0
33.0,1.0,0.0,0.0,0.0,1.0,0.0,21.0,0.0,0.0,3.1750699403872313,0.0,0.0,5.0,0.0,0.0,0.0,0.0,0.0,1.0,0.0,0.0,1.0,2282.0,0.0,0.0,12.0,0.0,0.0,0.0,0.0,2.0,0.0,0.0,0.0,0.0,16.0,0.9973731244108842,12.0,8.0,12.0,392.0,16.0,1.0,1280.0,800.0,31.0,0.0,0
29.0,1.0,2.0,0.0,0.0,3.0,0.0,12.0,0.0,0.0,3.2503165654283404,0.0,0.0,30.0,5.0,0.0,0.0,0.0,0.0,1.0,0.0,0.0,1.0,1248.0,0.0,0.0,21.0,0.0,0.0,0.0,0.0,1.0,1.0,0.0,0.0,0.0,117.0,0.9490666260538128,9.0,0.0,21.0,384.0,17.0,1.0,1280.0,800.0,23.0,0.0,0
47.0,1.0,1.0,0.0,0.0,2.0,0.0,21.0,0.0,0.0,2.674635890959551,0.0,0.0,12.0,0.0,0.0,0.0,0.0,0.0,1.0,0.0,0.0,1.0,1783.0,2.0,0.0,11.0,1.0,0.0,0.0,0.0,0.0,3.0,0.0,0.0,1.0,34.0,0.9844588657501127,12.0,7.0,11.0,343.0,15.0,1.0,1280.0,800.0,19.0,0.0,0
21.0,1.0,0.0,0.0,0.0,1.0,0.0,17.0,0.0,0.0,2.9248746407281208,0.0,0.0,6.0,0.0,0.0,1.0,1.0,0.0,1.0,0.0,0.0,1.0,1459.0,1.0,1.0,15.0,0.0,0.0,0.0,0.0,0.0,1.0,0.0,0.0,0.0,32.0,0.9439980705414638,13.0,7.0,15.0,124.0,13.0,1.0,1920.0,1080.0,33.0,0.0,0
30.0,1.0,0.0,0.0,0.0,1.0,0.0,11.0,2.0,0.18181818181818182,2.2505850558437808,0.0,0.0,7.0,0.0,0.0,1.0,1.0,0.0,1.0,0.0,0.0,1.0,1496.0,0.0,0.0,26.0,0.0,0.0,0.0,0.0,3.0,0.0,0.0,0.0,0.0,59.0,0.9600127205026036,14.0,1.0,26.0,47.0,3.0,1.0,1280.0,800.0,12.0,0.0,0
39.0,1.0,0.0,0.0,0.0,1.0,0.0,20.0,0.0,0.0,2.5313107617060413,0.0,0.0,19.0,5.0,0.0,1.0,1.0,0.0,1.0,0.0,0.0,1.0,880.0,1.0,0.0,16.0,0.0,0.0,1.0,0.0,1.0,0.0,0.0,0.0,1.0,98.0,0.935603158778644,6.0,2.0,16.0,212.0,7.0,1.0,1920.0,1080.0,19.0,0.0,0
50.0,1.0,1.0,0.0,0.0,2.0,0.0,7.0,1.0,0.14285714285714285,2.9654068124960964,0.0,0.0,14.0,0.0,0.0,0.0,0.0,0.0,1.0,0.0,0.0,1.0,1581.0,1.0,0.0,3.0,0.0,0.0,0.0,0.0,0.0,0.0,1.0,0.0,0.0,102.0,0.9924079697014114,3.0,2.0,3.0,56.0,19.0,1.0,1920.0,1080.0,28.0,0.0,0
21.0,1.0,1.0,0.0,0.0,2.0,0.0,7.0,0.0,0.0,2.9148003002851492,0.0,0.0,21.0,0.0,0.0,0.0,0.0,0.0,1.0,0.0,0.0,1.0,2204.0,0.0,1.0,18.0,0.0,0.0,0.0,0.0,0.0,0.0,0.0,0.0,0.0,99.0,0.9240927611357017,11.0,1.0,18.0,252.0,19.0,1.0,1920.0,1080.0,13.0,0.0,0
28.0,1.0,0.0,0.0,0.0,1.0,0.0,19.0,0.0,0.0,3.059301118722505,0.0,0.0,24.0,0.0,0.0,0.0,0.0,0.0,1.0,0.0,0.0,1.0,582.0,1.0,1.0,18.0,0.0,0.0,0.0,0.0,1.0,0.0,0.0,0.0,0.0,83.0,0.9563933353626769,7.0,6.0,18.0,155.0,14.0,1.0,1920.0,1080.0,12.0,0.0,0
28.0,1.0,1.0,0.0,0.0,2.0,0.0,20.0,0.0,0.0,2.7428700940458137,0.0,0.0,21.0,0.0,0.0,1.0,1.0,0.0,1.0,0.0,0.0,1.0,520.0,3.0,0.0,11.0,0.0,0.0,0.0,0.0,1.0,0.0,0.0,0.0,0.0,52.0,0.9793493488069274,14.0,9.0,11.0,375.0,12.0,1.0,1280.0,800.0,37.0,0.0,0
31.0,1.0,1.0,0.0,0.0,2.0,0.0,20.0,0.0,0.0,2.5958697875937093,0.0,0.0,11.0,0.0,0.0,1.0,1.0,0.0,1.0,0.0,0.0,1.0,1679.0,0.0,0.0,22.0,0.0,0.0,0.0,0.0,0.0,1.0,0.0,0.0,0.0,42.0,0.9220853285546079,13.0,2.0,22.0,436.0,6.0,1.0,1920.0,1080.0,31.0,0.0,0
37.0,1.0,0.0,0.0,0.0,1.0,0.0,7.0,0.0,0.0,3.3970120043510814,0.0,1.0,18.0,5.0,0.0,1.0,1.0,0.0,1.0,0.0,0.0,1.0,717.0,0.0,1.0,12.0,0.0,0.0,0.0,0.0,0.0,0.0,0.0,0.0,0.0,59.0,0.9791144687988917,1.0,0.0,12.0,123.0,14.0,1.0,1280.0,800.0,36.0,0.0,0
37.0,1.0,0.0,0.0,0.0,1.0,0.0,14.0,0.0,0.0,2.1000120847682604,0.0,0.0,21.0,0.0,0.0,1.0,1.0,0.0,1.0,0.0,0.0,1.0,1706.0,1.0,0.0,4.0,1.0,1.0,0.0,0.0,0.0,2.0,0.0,0.0,1.0,85.0,0.9412149791816943,13.0,8.0,4.0,291.0,2.0,1.0,1280.0,800.0,35.0,0.0,0
38.0,1.0,0.0,0.0,0.0,1.0,0.0,11.0,0.0,0.0,2.5588393310212108,0.0,0.0,28.0,5.0,0.0,1.0,1.0,0.0,1.0,0.0,0.0,1.0,832.0,0.0,0.0,26.0,0.0,0.0,0.0,0.0,0.0,0.0,0.0,0.0,0.0,114.0,0.9698349646426451,2.0,1.0,26.0,53.0,3.0,1.0,1280.0,800.0,17.0,0.0,0
22.0,1.0,1.0,0.0,0.0,2.0,0.0,10.0,0.0,0.0,2.5021769272772043,0.0,0.0,2.0,0.0,0.0,0.0,0.0,0.0,1.0,0.0,0.0,1.0,2425.0,0.0,0.0,5.0,0.0,0.0,0.0,0.0,2.0,0.0,0.0,0.0,0.0,52.0,0.9618154509208651,7.0,2.0,5.0,45.0,12.0,1.0,1920.0,1080.0,34.0,0.0,0
39.0,1.0,1.0,0.0,0.0,2.0,0.0,12.0,0.0,0.0,3.010874048300008,0.0,0.0,3.0,5.0,0.0,0.0,0.0,0.0,1.0,0.0,0.0,1.0,1604.0,2.0,0.0,12.0,0.0,0.0,0.0,0.0,2.0,1.0,0.0,0.0,0.0,56.0,0.9556580708329906,11.0,7.0,12.0,421.0,11.0,1.0,1280.0,800.0,17.0,0.0,0
19.0,1.0,0.0,0.0,0.0,1.0,0.0,20.0,0.0,0.0,2.8549423259856477,0.0,0.0,17.0,0.0,0.0,0.0,0.0,0.0,1.0,0.0,0.0,1.0,2050.0,2.0,0.0,24.0,0.0,0.0,0.0,0.0,2.0,0.0,0.0,0.0,0.0,117.0,0.9784295727350365,6.0,5.0,24.0,455.0,4.0,1.0,1920.0,1080.0,13.0,0.0,0
22.0,1.0,0.0,0.0,0.0,1.0,0.0,15.0,0.0,0.0,2.3094597657305838,0.0,0.0,8.0,0.0,0.0,0.0,0.0,0.0,1.0,0.0,0.0,1.0,1551.0,1.0,0.0,10.0,0.0,0.0,0.0,0.0,2.0,0.0,0.0,0.0,0.0,63.0,0.9902135414281409,1.0,0.0,10.0,72.0,13.0,1.0,1920.0,1080.0,26.0,0.0,0
29.0,1.0,0.0,0.0,0.0,1.0,0.0,13.0,0.0,0.0,2.4185112604796672,0.0,0.0,22.0,0.0,0.0,0.0,0.0,0.0,1.0,0.0,0.0,1.0,322.0,1.0,0.0,9.0,0.0,0.0,0.0,0.0,3.0,1.0,0.0,0.0,0.0,53.0,0.931116829659377,4.0,0.0,9.0,420.0,10.0,1.0,1920.0,1080.0,20.0,0.0,0
53.0,1.0,1.0,0.0,0.0,2.0,0.0,18.0,0.0,0.0,3.3562054156853316,0.0,0.0,23.0,0.0,0.0,1.0,1.0,0.0,1.0,0.0,0.0,1.0,311.0,0.0,1.0,20.0,0.0,0.0,0.0,0.0,0.0,0.0,0.0,0.0,0.0,87.0,0.9283992300100108,2.0,1.0,20.0,298.0,17.0,1.0,1920.0,1080.0,8.0,0.0,0
35.0,1.0,1.0,0.0,0.0,2.0,0.0,11.0,0.0,0.0,3.3226340580600247,0.0,0.0,9.0,0.0,0.0,0.0,0.0,0.0,1.0,0.0,0.0,1.0,1536.0,1.0,0.0,29.0,0.0,0.0,0.0,0.0,3.0,0.0,0.0,0.0,0.0,101.0,0.9737479289509219,3.0,1.0,29.0,83.0,0.0,1.0,1920.0,1080.0,36.0,0.0,0
32.0,1.0,1.0,0.0,0.0,2.0,0.0,13.0,0.0,0.0,2.832812885243649,0.0,1.0,25.0,0.0,0.0,0.0,0.0,0.0,1.0,0.0,0.0,1.0,322.0,1.0,0.0,14.0,1.0,0.0,0.0,0.0,1.0,1.0,0.0,0.0,1.0,88.0,0.980431046184442,2.0,1.0,14.0,71.0,8.0,1.0,1920.0,1080.0,17.0,0.0,0
24.0,1.0,1.0,0.0,0.0,2.0,0.0,9.0,0.0,0.0,2.982902023561519,0.0,0.0,27.0,0.0,0.0,0.0,0.0,0.0,1.0,0.0,0.0,1.0,371.0,1.0,2.0,9.0,0.0,0.0,0.0,0.0,1.0,0.0,0.0,0.0,0.0,107.0,0.9752992328909288,6.0,1.0,9.0,24.0,0.0,1.0,1920.0,1080.0,25.0,0.0,0
27.0,1.0,1.0,0.0,0.0,2.0,0.0,21.0,0.0,0.0,2.5089078429005998,0.0,0.0,13.0,0.0,0.0,1.0,1.0,0.0,1.0,0.0,0.0,1.0,2214.0,0.0,0.0,23.0,0.0,0.0,0.0,0.0,2.0,0.0,0.0,0.0,0.0,76.0,0.9735576719049285,12.0,6.0,23.0,262.0,4.0,1.0,1920.0,1080.0,42.0,0.0,0
51.0,1.0,0.0,0.0,0.0,1.0,0.0,14.0,0.0,0.0,3.2677549846431653,0.0,0.0,28.0,0.0,0.0,0.0,0.0,0.0,1.0,0.0,0.0,1.0,1795.0,2.0,0.0,4.0,0.0,0.0,0.0,0.0,0.0,0.0,0.0,0.0,0.0,49.0,0.9325464364557284,8.0,3.0,4.0,113.0,6.0,1.0,1920.0,1080.0,28.0,0.0,0
34.0,1.0,0.0,0.0,0.0,1.0,0.0,20.0,0.0,0.0,2.8902336142889737,0.0,0.0,17.0,0.0,0.0,0.0,0.0,0.0,1.0,0.0,0.0,1.0,1821.0,2.0,0.0,5.0,0.0,0.0,0.0,0.0,3.0,0.0,0.0,0.0,0.0,81.0,0.9410529220116619,14.0,9.0,5.0,435.0,10.0,1.0,1920.0,1080.0,37.0,0.0,0
48.0,1.0,1.0,0.0,0.0,2.0,0.0,16.0,0.0,0.0,2.3918430949231473,0.0,0.0,28.0,0.0,0.0,0.0,0.0,0.0,1.0,0.0,0.0,1.0,415.0,0.0,2.0,6.0,0.0,0.0,0.0,0.0,0.0,0.0,0.0,0.0,0.0,37.0,0.9792868328120552,13.0,1.0,6.0,498.0,17.0,1.0,1920.0,1080.0,2.0,0.0,0
34.0,1.0,0.0,0.0,0.0,1.0,0.0,12.0,0.0,0.0,3.2677505445239974,0.0,0.0,5.0,20.0,0.0,0.0,0.0,0.0,1.0,0.0,0.0,1.0,459.0,1.0,1.0,9.0,0.0,0.0,0.0,0.0,2.0,0.0,0.0,0.0,0.0,105.0,0.9927408566648793,11.0,9.0,9.0,11.0,15.0,1.0,1280.0,800.0,18.0,0.0,0
29.0,1.0,1.0,0.0,0.0,2.0,0.0,16.0,0.0,0.0,2.613217344142501,0.0,0.0,3.0,0.0,0.0,0.0,0.0,0.0,1.0,0.0,0.0,1.0,1920.0,0.0,0.0,13.0,0.0,0.0,0.0,0.0,0.0,0.0,0.0,0.0,0.0,58.0,0.9963290846992431,12.0,3.0,13.0,406.0,11.0,1.0,1920.0,1080.0,12.0,0.0,0
51.0,1.0,0.0,0.0,0.0,1.0,0.0,18.0,0.0,0.0,2.5988299543504247,0.0,0.0,30.0,0.0,0.0,0.0,0.0,0.0,1.0,0.0,0.0,1.0,110.0,1.0,0.0,15.0,0.0,0.0,0.0,0.0,3.0,0.0,0.0,0.0,0.0,43.0,0.9983776514763049,2.0,1.0,15.0,461.0,0.0,1.0,1920.0,1080.0,8.0,0.0,0
31.0,1.0,0.0,0.0,0.0,1.0,0.0,19.0,0.0,0.0,3.3240045539773564,0.0,0.0,11.0,0.0,0.0,0.0,0.0,0.0,1.0,0.0,0.0,1.0,891.0,1.0,0.0,16.0,1.0,1.0,0.0,0.0,3.0,2.0,0.0,0.0,1.0,50.0,0.9938298539590312,14.0,9.0,16.0,403.0,16.0,1.0,1920.0,1080.0,16.0,0.0,0
28.0,1.0,1.0,0.0,0.0,2.0,0.0,17.0,0.0,0.0,2.2590742773958317,0.0,0.0,3.0,5.0,0.0,0.0,0.0,0.0,1.0,0.0,0.0,1.0,1277.0,2.0,0.0,28.0,0.0,0.0,0.0,0.0,2.0,0.0,0.0,0.0,0.0,89.0,0.9750911695082968,13.0,7.0,28.0,395.0,10.0,1.0,1280.0,800.0,18.0,0.0,0
51.0,1.0,1.0,0.0,0.0,2.0,0.0,11.0,0.0,0.0,2.3472000217863935,0.0,0.0,4.0,0.0,0.0,0.0,0.0,0.0,1.0,0.0,0.0,1.0,2420.0,3.0,2.0,3.0,0.0,0.0,0.0,0.0,2.0,0.0,0.0,0.0,0.0,82.0,0.9469586497953001,4.0,3.0,3.0,379.0,4.0,1.0,1920.0,1080.0,36.0,0.0,0
32.0,1.0,0.0,0.0,0.0,1.0,0.0,21.0,0.0,0.0,2.7595140508835434,0.0,0.0,15.0,0.0,0.0,0.0,0.0,0.0,1.0,0.0,0.0,1.0,236.0,2.0,0.0,3.0,0.0,0.0,0.0,0.0,3.0,1.0,0.0,0.0,0.0,18.0,0.9963373453467765,12.0,1.0,3.0,446.0,1.0,1.0,1280.0,800.0,24.0,0.0,0
54.0,1.0,1.0,0.0,0.0,2.0,0.0,20.0,0.0,0.0,2.133703662589078,0.0,0.0,13.0,20.0,0.0,0.0,0.0,0.0,1.0,0.0,0.0,1.0,924.0,2.0,0.0,7.0,0.0,0.0,0.0,0.0,0.0,0.0,0.0,0.0,0.0,29.0,0.9886093999814622,7.0,0.0,7.0,397.0,2.0,1.0,1920.0,1080.0,26.0,0.0,0
41.0,1.0,1.0,0.0,1.0,2.0,0.0,12.0,0.0,0.0,2.2291239801951157,0.0,0.0,2.0,0.0,0.0,0.0,0.0,0.0,1.0,0.0,0.0,1.0,1796.0,2.0,1.0,22.0,0.0,0.0,0.0,0.0,1.0,0.0,0.0,0.0,0.0,48.0,0.952629037074053,11.0,3.0,22.0,10.0,6.0,1.0,1920.0,1080.0,9.0,0.0,0
50.0,1.0,1.0,0.0,0.0,2.0,0.0,17.0,0.0,0.0,2.405406742277977,0.0,1.0,29.0,5.0,0.0,0.0,0.0,0.0,1.0,0.0,0.0,1.0,2084.0,0.0,0.0,2.0,0.0,0.0,0.0,0.0,2.0,0.0,0.0,0.0,0.0,22.0,0.9531308114511665,2.0,1.0,2.0,395.0,8.0,1.0,1920.0,1080.0,8.0,0.0,0
35.0,1.0,0.0,0.0,0.0,1.0,0.0,20.0,0.0,0.0,2.3859702048502256,0.0,0.0,25.0,0.0,0.0,0.0,0.0,0.0,1.0,0.0,0.0,1.0,185.0,3.0,0.0,15.0,0.0,0.0,0.0,0.0,3.0,1.0,0.0,0.0,0.0,21.0,0.9268433333780451,7.0,0.0,15.0,337.0,8.0,1.0,1920.0,1080.0,14.0,0.0,0
25.0,1.0,1.0,0.0,0.0,2.0,0.0,20.0,0.0,0.0,3.3623378706186298,0.0,0.0,0.0,0.0,0.0,1.0,1.0,0.0,1.0,0.0,0.0,1.0,1517.0,3.0,0.0,3.0,1.0,1.0,0.0,0.0,3.0,2.0,0.0,0.0,1.0,19.0,0.9224433582519791,4.0,0.0,3.0,345.0,0.0,1.0,1920.0,1080.0,16.0,0.0,0
26.0,1.0,0.0,0.0,0.0,1.0,0.0,13.0,0.0,0.0,2.856307577711099,0.0,0.0,3.0,0.0,0.0,0.0,0.0,0.0,1.0,0.0,0.0,1.0,584.0,2.0,0.0,29.0,0.0,0.0,0.0,0.0,2.0,1.0,0.0,0.0,0.0,63.0,0.9777718014994238,11.0,7.0,29.0,240.0,17.0,1.0,1280.0,800.0,38.0,0.0,0
39.0,1.0,1.0,0.0,0.0,2.0,0.0,7.0,0.0,0.0,3.335128334749167,0.0,0.0,16.0,0.0,0.0,0.0,0.0,0.0,1.0,0.0,0.0,1.0,441.0,2.0,1.0,26.0,0.0,0.0,0.0,0.0,1.0,0.0,0.0,0.0,0.0,41.0,0.965384770467327,13.0,9.0,26.0,62.0,12.0,1.0,1920.0,1080.0,2.0,0.0,0
52.0,1.0,0.0,0.0,0.0,1.0,0.0,16.0,0.0,0.0,2.441296404144701,0.0,0.0,10.0,0.0,0.0,0.0,0.0,0.0,1.0,0.0,0.0,1.0,1445.0,2.0,0.0,4.0,1.0,0.0,0.0,0.0,3.0,1.0,0.0,0.0,1.0,67.0,0.9818205150924855,10.0,2.0,4.0,237.0,16.0,1.0,1920.0,1080.0,43.0,0.0,0
52.0,1.0,0.0,0.0,0.0,1.0,0.0,21.0,0.0,0.0,2.4361748502198806,0.0,0.0,32.0,0.0,0.0,0.0,0.0,0.0,1.0,0.0,0.0,1.0,671.0,2.0,0.0,15.0,0.0,0.0,0.0,0.0,1.0,0.0,0.0,0.0,0.0,61.0,0.9942516176716514,8.0,1.0,15.0,269.0,5.0,1.0,1920.0,1080.0,2.0,0.0,0
27.0,1.0,0.0,0.0,0.0,1.0,0.0,11.0,0.0,0.0,2.177659927450639,0.0,0.0,25.0,0.0,0.0,1.0,1.0,0.0,1.0,0.0,0.0,1.0,576.0,2.0,2.0,12.0,1.0,0.0,0.0,0.0,0.0,1.0,0.0,0.0,1.0,45.0,0.9455440256261406,5.0,4.0,12.0,268.0,1.0,1.0,1920.0,1080.0,33.0,0.0,0
28.0,1.0,0.0,0.0,0.0,1.0,0.0,10.0,0.0,0.0,2.46344230698174,0.0,1.0,27.0,0.0,0.0,1.0,1.0,0.0,1.0,0.0,0.0,0.0,2000.0,1.0,0.0,27.0,0.0,0.0,1.0,0.0,1.0,0.0,0.0,0.0,1.0,17.0,0.999939687350722,11.0,9.0,27.0,144.0,14.0,1.0,1280.0,800.0,25.0,0.0,0
35.0,1.0,1.0,0.0,2.0,2.0,0.0,15.0,0.0,0.0,2.5031978759919844,0.0,0.0,29.0,0.0,0.0,1.0,1.0,0.0,1.0,0.0,0.0,1.0,1706.0,0.0,1.0,23.0,0.0,0.0,0.0,0.0,1.0,1.0,0.0,0.0,0.0,49.0,0.9489244396696209,13.0,3.0,23.0,236.0,11.0,1.0,1920.0,1080.0,12.0,0.0,0
44.0,1.0,0.0,0.0,0.0,1.0,0.0,19.0,0.0,0.0,3.0299817015678427,0.0,0.0,8.0,0.0,0.0,1.0,1.0,0.0,1.0,0.0,0.0,1.0,151.0,1.0,0.0,24.0,1.0,0.0,0.0,0.0,0.0,2.0,0.0,0.0,1.0,90.0,0.9543681131334117,11.0,9.0,24.0,391.0,6.0,1.0,1280.0,800.0,41.0,0.0,0
30.0,1.0,1.0,0.0,2.0,2.0,0.0,10.0,0.0,0.0,2.556766718631315,0.0,0.0,25.0,5.0,0.0,0.0,0.0,0.0,1.0,0.0,0.0,1.0,1201.0,1.0,1.0,19.0,0.0,0.0,0.0,0.0,3.0,0.0,1.0,0.0,0.0,15.0,0.9431281003086744,6.0,3.0,19.0,24.0,13.0,1.0,1920.0,1080.0,33.0,0.0,0
35.0,1.0,0.0,0.0,0.0,1.0,0.0,11.0,0.0,0.0,2.41050764597866,0.0,0.0,13.0,0.0,0.0,1.0,1.0,0.0,1.0,0.0,0.0,1.0,2205.0,1.0,0.0,10.0,0.0,0.0,0.0,0.0,0.0,0.0,0.0,0.0,0.0,109.0,0.9658199640697201,5.0,1.0,10.0,11.0,15.0,1.0,1920.0,1080.0,24.0,0.0,0
25.0,1.0,2.0,0.0,0.0,3.0,0.0,19.0,2.0,0.10526315789473684,2.7190892182010056,0.0,0.0,2.0,0.0,0.0,0.0,0.0,0.0,1.0,0.0,0.0,1.0,1413.0,1.0,1.0,6.0,0.0,0.0,0.0,0.0,1.0,0.0,0.0,0.0,0.0,55.0,0.9330504731985417,1.0,0.0,6.0,74.0,10.0,1.0,1920.0,1080.0,29.0,0.0,0
22.0,1.0,1.0,0.0,0.0,2.0,0.0,13.0,0.0,0.0,3.397462428245846,0.0,0.0,11.0,0.0,0.0,1.0,1.0,0.0,1.0,0.0,0.0,1.0,112.0,2.0,0.0,20.0,1.0,1.0,0.0,1.0,1.0,1.0,0.0,0.0,1.0,57.0,0.9289758851576452,2.0,1.0,20.0,492.0,1.0,1.0,1920.0,1080.0,15.0,0.0,0
24.0,1.0,0.0,0.0,0.0,1.0,0.0,9.0,0.0,0.0,3.2302968336925257,0.0,0.0,11.0,0.0,0.0,1.0,1.0,0.0,1.0,0.0,0.0,1.0,1781.0,1.0,0.0,7.0,1.0,1.0,0.0,1.0,1.0,2.0,0.0,0.0,1.0,51.0,0.9678145702422246,6.0,5.0,7.0,141.0,5.0,1.0,1920.0,1080.0,17.0,0.0,0
18.0,1.0,0.0,0.0,0.0,1.0,0.0,7.0,0.0,0.0,3.2815372091080124,0.0,0.0,34.0,5.0,0.0,0.0,0.0,0.0,1.0,0.0,0.0,1.0,1044.0,1.0,2.0,28.0,0.0,0.0,0.0,0.0,2.0,0.0,0.0,0.0,0.0,77.0,0.9412918243411528,2.0,1.0,28.0,407.0,6.0,1.0,1920.0,1080.0,6.0,0.0,0
35.0,1.0,1.0,0.0,0.0,2.0,0.0,20.0,0.0,0.0,2.527306603382443,0.0,0.0,17.0,0.0,0.0,0.0,0.0,0.0,1.0,0.0,0.0,1.0,1395.0,0.0,0.0,27.0,0.0,0.0,0.0,0.0,2.0,1.0,0.0,0.0,0.0,35.0,0.9463350245318278,3.0,2.0,27.0,435.0,19.0,1.0,1280.0,800.0,12.0,0.0,0
41.0,1.0,1.0,0.0,0.0,2.0,0.0,15.0,0.0,0.0,2.610759984580533,0.0,0.0,16.0,0.0,0.0,0.0,0.0,0.0,1.0,0.0,0.0,1.0,92.0,1.0,1.0,9.0,0.0,0.0,0.0,0.0,0.0,0.0,0.0,0.0,0.0,101.0,0.9264174239093882,9.0,2.0,9.0,293.0,12.0,1.0,1280.0,800.0,34.0,0.0,0
49.0,1.0,1.0,0.0,0.0,2.0,0.0,10.0,0.0,0.0,2.943438211952555,0.0,0.0,1.0,20.0,0.0,1.0,1.0,0.0,1.0,0.0,0.0,1.0,975.0,0.0,1.0,8.0,0.0,0.0,0.0,0.0,1.0,0.0,0.0,0.0,0.0,53.0,0.9941552498496087,7.0,6.0,8.0,188.0,1.0,1.0,1920.0,1080.0,12.0,0.0,0
52.0,1.0,1.0,0.0,0.0,2.0,0.0,20.0,0.0,0.0,2.342944925665722,0.0,0.0,15.0,0.0,0.0,0.0,0.0,0.0,1.0,0.0,0.0,1.0,859.0,0.0,0.0,20.0,0.0,0.0,0.0,0.0,1.0,0.0,0.0,0.0,0.0,113.0,0.9435945190208969,3.0,2.0,20.0,498.0,15.0,1.0,1920.0,1080.0,34.0,0.0,0
34.0,1.0,0.0,0.0,0.0,1.0,0.0,18.0,0.0,0.0,2.7865922450339733,0.0,0.0,4.0,0.0,0.0,0.0,0.0,0.0,1.0,0.0,0.0,1.0,2338.0,0.0,0.0,25.0,0.0,0.0,0.0,0.0,1.0,1.0,0.0,0.0,0.0,15.0,0.9517262849049262,12.0,8.0,25.0,421.0,5.0,1.0,1920.0,1080.0,12.0,0.0,0
47.0,1.0,1.0,0.0,0.0,2.0,0.0,15.0,0.0,0.0,3.141398696324342,0.0,0.0,13.0,0.0,0.0,1.0,1.0,0.0,1.0,0.0,0.0,1.0,1362.0,1.0,1.0,28.0,0.0,0.0,0.0,0.0,3.0,0.0,0.0,0.0,0.0,60.0,0.9207903685313645,6.0,1.0,28.0,254.0,14.0,1.0,1920.0,1080.0,28.0,0.0,0
36.0,1.0,0.0,0.0,0.0,1.0,0.0,21.0,1.0,0.047619047619047616,3.0309755820996402,0.0,0.0,9.0,0.0,0.0,1.0,1.0,0.0,1.0,0.0,0.0,1.0,1239.0,1.0,0.0,26.0,1.0,1.0,0.0,0.0,2.0,3.0,0.0,0.0,1.0,25.0,0.9408503438299973,8.0,1.0,26.0,424.0,18.0,1.0,1920.0,1080.0,22.0,0.0,0
20.0,1.0,1.0,0.0,1.0,2.0,0.0,9.0,0.0,0.0,3.377209499522702,0.0,0.0,17.0,5.0,0.0,0.0,0.0,0.0,1.0,0.0,0.0,1.0,212.0,2.0,1.0,29.0,0.0,0.0,0.0,1.0,1.0,0.0,0.0,0.0,1.0,79.0,0.9285250306992842,2.0,1.0,29.0,397.0,3.0,1.0,1920.0,1080.0,11.0,0.0,0
29.0,1.0,1.0,0.0,0.0,2.0,0.0,17.0,0.0,0.0,2.4371760627007286,0.0,0.0,12.0,0.0,0.0,1.0,1.0,0.0,1.0,0.0,0.0,1.0,1104.0,1.0,0.0,21.0,0.0,0.0,0.0,0.0,0.0,0.0,0.0,0.0,0.0,94.0,0.9927061771277547,14.0,4.0,21.0,403.0,16.0,1.0,1920.0,1080.0,44.0,0.0,0
23.0,1.0,1.0,0.0,0.0,2.0,0.0,20.0,0.0,0.0,2.844424341764703,0.0,0.0,5.0,20.0,0.0,1.0,1.0,0.0,1.0,0.0,0.0,1.0,1027.0,1.0,0.0,20.0,0.0,0.0,0.0,0.0,1.0,0.0,0.0,0.0,0.0,23.0,0.9684617469297899,1.0,0.0,20.0,117.0,11.0,1.0,1920.0,1080.0,12.0,0.0,0
48.0,1.0,0.0,0.0,0.0,1.0,0.0,12.0,0.0,0.0,3.362195725084944,0.0,0.0,6.0,0.0,0.0,0.0,0.0,0.0,1.0,0.0,0.0,1.0,1707.0,2.0,0.0,18.0,0.0,0.0,0.0,0.0,2.0,0.0,0.0,0.0,0.0,94.0,0.9920962859651483,13.0,3.0,18.0,80.0,16.0,1.0,1280.0,800.0,27.0,0.0,0
51.0,1.0,1.0,0.0,0.0,2.0,0.0,17.0,0.0,0.0,2.545338431994923,0.0,0.0,12.0,0.0,0.0,0.0,0.0,0.0,1.0,0.0,0.0,1.0,1508.0,0.0,0.0,13.0,0.0,0.0,0.0,0.0,2.0,0.0,0.0,0.0,0.0,98.0,0.9783998648791976,4.0,3.0,13.0,164.0,16.0,1.0,1920.0,1080.0,17.0,0.0,0
50.0,1.0,0.0,0.0,0.0,1.0,0.0,13.0,0.0,0.0,3.13220486096636,0.0,0.0,10.0,20.0,0.0,0.0,0.0,0.0,1.0,0.0,0.0,1.0,911.0,1.0,0.0,20.0,0.0,0.0,0.0,0.0,0.0,1.0,0.0,0.0,0.0,68.0,0.9319271814982973,8.0,7.0,20.0,173.0,7.0,1.0,1280.0,800.0,25.0,0.0,0
19.0,1.0,0.0,0.0,0.0,1.0,0.0,18.0,0.0,0.0,2.406489966722645,0.0,0.0,13.0,0.0,0.0,0.0,0.0,0.0,1.0,0.0,0.0,0.0,1533.0,1.0,0.0,8.0,0.0,0.0,0.0,0.0,0.0,1.0,0.0,0.0,0.0,89.0,0.9928181759425958,5.0,4.0,8.0,136.0,11.0,1.0,1920.0,1080.0,18.0,0.0,0
48.0,1.0,0.0,0.0,0.0,1.0,0.0,10.0,0.0,0.0,2.3534055297775702,0.0,0.0,15.0,0.0,0.0,0.0,0.0,0.0,1.0,0.0,0.0,1.0,519.0,1.0,0.0,12.0,0.0,0.0,0.0,0.0,0.0,0.0,0.0,0.0,0.0,80.0,0.9905213805850903,6.0,2.0,12.0,316.0,4.0,1.0,1920.0,1080.0,27.0,0.0,0
25.0,1.0,1.0,0.0,0.0,2.0,0.0,20.0,0.0,0.0,2.413590062642216,0.0,0.0,14.0,0.0,0.0,0.0,0.0,0.0,1.0,0.0,0.0,1.0,1958.0,1.0,1.0,5.0,0.0,0.0,0.0,0.0,3.0,0.0,0.0,0.0,0.0,106.0,0.970535182978125,7.0,2.0,5.0,179.0,0.0,1.0,1280.0,800.0,2.0,0.0,0
25.0,1.0,0.0,0.0,0.0,1.0,0.0,16.0,0.0,0.0,2.9817250786020786,0.0,0.0,24.0,5.0,0.0,0.0,0.0,0.0,1.0,0.0,0.0,1.0,471.0,1.0,0.0,21.0,0.0,0.0,0.0,0.0,1.0,0.0,0.0,0.0,0.0,49.0,0.9821225554216632,8.0,7.0,21.0,344.0,8.0,1.0,1280.0,800.0,25.0,0.0,0
22.0,1.0,0.0,0.0,0.0,1.0,0.0,17.0,0.0,0.0,3.3247603078847554,0.0,1.0,18.0,0.0,0.0,0.0,0.0,0.0,1.0,0.0,0.0,1.0,392.0,1.0,1.0,24.0,0.0,0.0,0.0,0.0,0.0,1.0,0.0,0.0,0.0,86.0,0.9339076798258522,6.0,1.0,24.0,400.0,2.0,1.0,1920.0,1080.0,19.0,0.0,0
32.0,1.0,1.0,0.0,0.0,2.0,0.0,14.0,0.0,0.0,3.3652595089594093,0.0,0.0,10.0,20.0,0.0,1.0,1.0,0.0,1.0,0.0,0.0,1.0,1791.0,1.0,0.0,22.0,0.0,0.0,0.0,0.0,2.0,1.0,0.0,0.0,0.0,16.0,0.951707475666483,9.0,8.0,22.0,283.0,14.0,1.0,1920.0,1080.0,32.0,0.0,0
27.0,1.0,0.0,0.0,1.0,1.0,0.0,12.0,0.0,0.0,3.277205358744435,0.0,0.0,21.0,0.0,0.0,0.0,0.0,0.0,1.0,0.0,0.0,1.0,1233.0,2.0,0.0,26.0,0.0,0.0,0.0,0.0,1.0,0.0,0.0,0.0,0.0,115.0,0.9241088858426172,1.0,0.0,26.0,412.0,6.0,1.0,1280.0,800.0,43.0,0.0,0
44.0,1.0,1.0,0.0,0.0,2.0,0.0,18.0,0.0,0.0,3.2280216321177404,0.0,0.0,14.0,0.0,0.0,1.0,1.0,0.0,1.0,0.0,0.0,1.0,1731.0,1.0,1.0,24.0,1.0,1.0,0.0,0.0,2.0,3.0,0.0,0.0,1.0,34.0,0.9981017280349632,12.0,7.0,24.0,361.0,2.0,1.0,1920.0,1080.0,7.0,0.0,0
41.0,1.0,0.0,0.0,0.0,1.0,0.0,18.0,0.0,0.0,2.4094335133250744,0.0,0.0,9.0,0.0,0.0,0.0,0.0,0.0,1.0,0.0,0.0,1.0,2138.0,2.0,0.0,26.0,0.0,0.0,0.0,0.0,3.0,0.0,0.0,0.0,0.0,24.0,0.9950189975916338,8.0,1.0,26.0,100.0,6.0,1.0,1920.0,1080.0,39.0,0.0,0
25.0,1.0,0.0,0.0,0.0,1.0,0.0,10.0,0.0,0.0,2.672172516002971,0.0,0.0,11.0,0.0,0.0,0.0,0.0,0.0,1.0,0.0,0.0,1.0,169.0,1.0,0.0,3.0,0.0,0.0,0.0,0.0,2.0,1.0,0.0,0.0,0.0,65.0,0.9571380132951359,14.0,6.0,3.0,488.0,6.0,1.0,1280.0,800.0,14.0,0.0,0
27.0,1.0,1.0,0.0,0.0,2.0,0.0,11.0,0.0,0.0,2.1354739458457352,0.0,0.0,4.0,0.0,0.0,1.0,1.0,0.0,1.0,0.0,0.0,1.0,139.0,2.0,1.0,22.0,0.0,0.0,0.0,0.0,0.0,0.0,0.0,0.0,0.0,80.0,0.9929239238644139,7.0,6.0,22.0,41.0,14.0,1.0,1280.0,800.0,32.0,0.0,0
48.0,1.0,1.0,0.0,0.0,2.0,0.0,20.0,0.0,0.0,2.7258803336275763,0.0,1.0,27.0,0.0,0.0,1.0,1.0,0.0,1.0,0.0,0.0,1.0,1707.0,2.0,0.0,2.0,1.0,1.0,0.0,0.0,2.0,2.0,1.0,0.0,1.0,101.0,0.953291185200679,14.0,9.0,2.0,234.0,11.0,1.0,1920.0,1080.0,14.0,0.0,0
49.0,1.0,0.0,0.0,0.0,1.0,0.0,21.0,0.0,0.0,2.946518905865209,0.0,0.0,31.0,5.0,0.0,1.0,1.0,0.0,1.0,0.0,0.0,1.0,880.0,3.0,1.0,24.0,0.0,0.0,0.0,0.0,2.0,0.0,0.0,0.0,0.0,15.0,0.9316564201991363,3.0,2.0,24.0,386.0,9.0,1.0,1280.0,800.0,7.0,0.0,0
25.0,1.0,1.0,0.0,0.0,2.0,0.0,10.0,0.0,0.0,2.4279992829862294,0.0,1.0,26.0,5.0,0.0,1.0,1.0,0.0,1.0,0.0,0.0,1.0,489.0,1.0,0.0,29.0,1.0,0.0,0.0,0.0,1.0,3.0,0.0,0.0,1.0,72.0,0.9545540097076738,13.0,6.0,29.0,388.0,3.0,1.0,1920.0,1080.0,19.0,0.0,0
51.0,1.0,0.0,0.0,0.0,1.0,0.0,16.0,0.0,0.0,2.400055250767934,0.0,0.0,11.0,5.0,0.0,0.0,0.0,0.0,1.0,0.0,0.0,1.0,2498.0,0.0,0.0,29.0,0.0,0.0,0.0,0.0,3.0,0.0,0.0,0.0,0.0,78.0,0.9269226023059134,4.0,2.0,29.0,329.0,11.0,1.0,1280.0,800.0,43.0,0.0,0
34.0,1.0,1.0,0.0,0.0,2.0,0.0,10.0,1.0,0.1,2.8493261014660094,0.0,0.0,2.0,0.0,0.0,1.0,1.0,0.0,1.0,0.0,0.0,1.0,1639.0,2.0,1.0,22.0,0.0,0.0,0.0,0.0,1.0,0.0,0.0,0.0,0.0,28.0,0.9846721839838048,13.0,9.0,22.0,272.0,7.0,1.0,1920.0,1080.0,25.0,0.0,0
50.0,1.0,0.0,0.0,0.0,1.0,0.0,15.0,0.0,0.0,2.9490094885910283,0.0,0.0,2.0,0.0,0.0,1.0,1.0,0.0,1.0,0.0,0.0,1.0,1425.0,1.0,0.0,2.0,1.0,0.0,0.0,0.0,3.0,2.0,0.0,0.0,1.0,50.0,0.9607057158792797,1.0,0.0,2.0,102.0,3.0,1.0,1920.0,1080.0,3.0,0.0,0
48.0,1.0,1.0,0.0,0.0,2.0,0.0,11.0,0.0,0.0,2.6752983805104815,0.0,0.0,1.0,0.0,0.0,1.0,1.0,0.0,1.0,0.0,0.0,1.0,2122.0,0.0,0.0,5.0,0.0,0.0,0.0,0.0,1.0,1.0,0.0,0.0,0.0,84.0,0.9942628009320593,8.0,3.0,5.0,326.0,12.0,1.0,1280.0,800.0,12.0,0.0,0
27.0,1.0,0.0,0.0,0.0,1.0,0.0,18.0,0.0,0.0,2.7287970341442214,0.0,0.0,27.0,0.0,0.0,1.0,1.0,0.0,1.0,0.0,0.0,1.0,2207.0,2.0,2.0,13.0,0.0,0.0,0.0,0.0,0.0,0.0,0.0,0.0,0.0,23.0,0.9920010818777657,4.0,3.0,13.0,333.0,11.0,1.0,1920.0,1080.0,35.0,0.0,0
50.0,1.0,1.0,0.0,0.0,2.0,0.0,16.0,0.0,0.0,2.4309505136781038,0.0,0.0,8.0,0.0,0.0,1.0,1.0,0.0,1.0,0.0,0.0,1.0,1096.0,1.0,0.0,15.0,0.0,0.0,0.0,0.0,3.0,1.0,0.0,0.0,0.0,77.0,0.9872047214620998,14.0,7.0,15.0,59.0,7.0,1.0,1280.0,800.0,15.0,0.0,0
44.0,1.0,1.0,0.0,0.0,2.0,0.0,8.0,0.0,0.0,2.603021403343881,0.0,0.0,23.0,0.0,0.0,0.0,0.0,0.0,1.0,0.0,0.0,1.0,2116.0,1.0,0.0,27.0,0.0,0.0,0.0,0.0,3.0,0.0,0.0,0.0,0.0,73.0,0.9227428108474564,11.0,7.0,27.0,98.0,13.0,1.0,1920.0,1080.0,8.0,0.0,0
29.0,1.0,1.0,0.0,0.0,2.0,0.0,17.0,0.0,0.0,2.5591460096227423,0.0,1.0,22.0,0.0,0.0,0.0,0.0,0.0,1.0,0.0,0.0,1.0,2274.0,2.0,0.0,21.0,0.0,0.0,0.0,0.0,0.0,0.0,0.0,0.0,0.0,79.0,0.9685510945397766,3.0,2.0,21.0,449.0,8.0,1.0,1280.0,800.0,23.0,0.0,0
48.0,1.0,1.0,0.0,0.0,2.0,0.0,8.0,0.0,0.0,2.7652444816218678,0.0,0.0,26.0,0.0,0.0,0.0,0.0,0.0,1.0,0.0,0.0,1.0,692.0,1.0,0.0,11.0,0.0,0.0,0.0,0.0,2.0,0.0,0.0,0.0,0.0,107.0,0.9747710665490485,9.0,4.0,11.0,19.0,15.0,1.0,1280.0,800.0,18.0,0.0,0
33.0,1.0,1.0,0.0,0.0,2.0,0.0,14.0,0.0,0.0,2.2900010869564777,0.0,0.0,13.0,0.0,0.0,0.0,0.0,0.0,1.0,0.0,0.0,1.0,175.0,1.0,0.0,27.0,0.0,0.0,0.0,0.0,0.0,0.0,0.0,0.0,0.0,37.0,0.9854396304479826,12.0,9.0,27.0,349.0,3.0,1.0,1280.0,800.0,14.0,0.0,0
21.0,1.0,1.0,0.0,1.0,2.0,0.0,19.0,0.0,0.0,2.677703791095785,0.0,0.0,26.0,0.0,0.0,1.0,1.0,0.0,1.0,0.0,0.0,1.0,931.0,0.0,1.0,23.0,0.0,0.0,0.0,0.0,2.0,0.0,0.0,0.0,0.0,33.0,0.987025247264809,13.0,6.0,23.0,403.0,18.0,1.0,1920.0,1080.0,30.0,0.0,0
51.0,1.0,1.0,0.0,0.0,2.0,0.0,21.0,0.0,0.0,3.0791255132745126,0.0,1.0,27.0,0.0,0.0,0.0,0.0,0.0,1.0,0.0,0.0,1.0,1430.0,2.0,0.0,17.0,1.0,1.0,0.0,0.0,3.0,1.0,0.0,0.0,1.0,111.0,0.9336953343672421,11.0,6.0,17.0,484.0,3.0,1.0,1920.0,1080.0,34.0,0.0,0
44.0,1.0,0.0,0.0,0.0,1.0,0.0,8.0,0.0,0.0,2.9674798362464103,0.0,1.0,21.0,5.0,0.0,1.0,1.0,0.0,1.0,0.0,0.0,1.0,2485.0,3.0,0.0,7.0,0.0,0.0,0.0,0.0,1.0,1.0,0.0,0.0,0.0,39.0,0.9701372064083079,7.0,0.0,7.0,335.0,1.0,1.0,1920.0,1080.0,23.0,0.0,0
30.0,1.0,1.0,0.0,0.0,2.0,0.0,15.0,0.0,0.0,2.8510042639972015,0.0,0.0,6.0,0.0,0.0,0.0,0.0,0.0,1.0,0.0,0.0,1.0,1462.0,2.0,2.0,20.0,0.0,0.0,0.0,0.0,1.0,0.0,0.0,0.0,0.0,19.0,0.9230611315991442,12.0,5.0,20.0,388.0,1.0,1.0,1920.0,1080.0,43.0,0.0,0
30.0,1.0,0.0,0.0,1.0,1.0,0.0,12.0,0.0,0.0,2.7938119463295172,0.0,0.0,12.0,0.0,0.0,0.0,0.0,0.0,1.0,0.0,0.0,1.0,244.0,1.0,1.0,7.0,0.0,0.0,0.0,0.0,2.0,0.0,1.0,0.0,0.0,109.0,0.974785879365365,7.0,6.0,7.0,77.0,16.0,1.0,1280.0,800.0,42.0,0.0,0
18.0,1.0,0.0,0.0,0.0,1.0,0.0,21.0,1.0,0.047619047619047616,3.1954094027185658,0.0,0.0,21.0,5.0,0.0,1.0,1.0,0.0,1.0,0.0,0.0,1.0,1233.0,0.0,0.0,13.0,0.0,0.0,0.0,0.0,0.0,1.0,0.0,0.0,0.0,40.0,0.9693037333514195,4.0,3.0,13.0,148.0,7.0,1.0,1920.0,1080.0,29.0,0.0,0
53.0,1.0,0.0,0.0,0.0,1.0,0.0,20.0,0.0,0.0,3.1334657257287515,0.0,0.0,34.0,0.0,0.0,0.0,0.0,0.0,1.0,0.0,0.0,1.0,2014.0,0.0,1.0,26.0,0.0,0.0,0.0,0.0,1.0,0.0,0.0,0.0,0.0,45.0,0.9682093021547753,2.0,1.0,26.0,404.0,5.0,1.0,1920.0,1080.0,19.0,0.0,0
30.0,1.0,1.0,0.0,0.0,2.0,0.0,8.0,0.0,0.0,3.159112286786651,0.0,0.0,3.0,0.0,0.0,0.0,0.0,0.0,1.0,0.0,0.0,1.0,401.0,1.0,1.0,4.0,0.0,0.0,0.0,0.0,3.0,0.0,0.0,0.0,0.0,88.0,0.9212368619763689,4.0,0.0,4.0,410.0,14.0,1.0,1920.0,1080.0,23.0,0.0,0
26.0,1.0,0.0,0.0,0.0,1.0,0.0,14.0,2.0,0.14285714285714285,3.0117808202523992,0.0,0.0,9.0,0.0,0.0,1.0,1.0,0.0,1.0,0.0,0.0,1.0,513.0,0.0,2.0,14.0,0.0,0.0,0.0,0.0,3.0,1.0,1.0,0.0,0.0,26.0,0.9308440096501192,2.0,0.0,14.0,392.0,14.0,1.0,1920.0,1080.0,36.0,0.0,0
48.0,1.0,1.0,0.0,0.0,2.0,0.0,18.0,0.0,0.0,2.4615446216516634,0.0,0.0,19.0,0.0,0.0,0.0,0.0,0.0,1.0,0.0,0.0,1.0,1870.0,2.0,0.0,6.0,0.0,0.0,0.0,0.0,2.0,1.0,0.0,0.0,0.0,69.0,0.9542048720096558,8.0,1.0,6.0,407.0,4.0,1.0,1280.0,800.0,38.0,0.0,0
49.0,1.0,1.0,0.0,0.0,2.0,0.0,20.0,0.0,0.0,2.751804098406349,0.0,0.0,31.0,5.0,0.0,0.0,0.0,0.0,1.0,0.0,0.0,1.0,347.0,0.0,1.0,18.0,0.0,0.0,0.0,0.0,3.0,0.0,0.0,0.0,0.0,58.0,0.9753772849475582,10.0,6.0,18.0,164.0,15.0,1.0,1920.0,1080.0,42.0,0.0,0
31.0,1.0,1.0,0.0,0.0,2.0,0.0,9.0,0.0,0.0,2.6952362678241615,0.0,0.0,6.0,0.0,0.0,1.0,1.0,0.0,1.0,0.0,0.0,1.0,1249.0,1.0,0.0,12.0,0.0,0.0,0.0,0.0,0.0,0.0,0.0,0.0,0.0,114.0,0.9524117150686472,4.0,3.0,12.0,124.0,7.0,1.0,1920.0,1080.0,6.0,0.0,0
52.0,1.0,0.0,0.0,0.0,1.0,0.0,17.0,0.0,0.0,2.133062043770522,0.0,1.0,34.0,0.0,0.0,0.0,0.0,0.0,1.0,0.0,0.0,1.0,1877.0,1.0,0.0,25.0,0.0,0.0,0.0,0.0,1.0,0.0,0.0,0.0,0.0,25.0,0.9980265944085263,9.0,3.0,25.0,48.0,0.0,1.0,1920.0,1080.0,13.0,0.0,0
18.0,1.0,0.0,0.0,0.0,1.0,0.0,13.0,0.0,0.0,2.294811396760883,0.0,0.0,30.0,5.0,0.0,1.0,1.0,0.0,1.0,0.0,0.0,1.0,135.0,1.0,0.0,14.0,0.0,0.0,0.0,0.0,0.0,0.0,0.0,0.0,0.0,84.0,0.9497284079440685,12.0,7.0,14.0,183.0,9.0,1.0,1280.0,800.0,6.0,0.0,0
45.0,1.0,0.0,0.0,0.0,1.0,0.0,20.0,0.0,0.0,2.811646067434973,0.0,0.0,13.0,0.0,0.0,0.0,0.0,0.0,1.0,0.0,0.0,1.0,2111.0,0.0,0.0,6.0,0.0,0.0,0.0,0.0,3.0,0.0,0.0,0.0,0.0,53.0,0.9818001572547765,7.0,6.0,6.0,104.0,19.0,1.0,1920.0,1080.0,38.0,0.0,0
36.0,1.0,0.0,0.0,0.0,1.0,0.0,11.0,1.0,0.09090909090909091,2.432411872734806,0.0,0.0,15.0,0.0,0.0,0.0,0.0,0.0,1.0,0.0,0.0,1.0,2487.0,2.0,0.0,13.0,0.0,0.0,0.0,1.0,0.0,1.0,0.0,0.0,1.0,43.0,0.9516857483133352,5.0,4.0,13.0,367.0,8.0,1.0,1920.0,1080.0,16.0,0.0,0
21.0,1.0,0.0,0.0,0.0,1.0,0.0,18.0,0.0,0.0,2.2470147756100767,0.0,1.0,30.0,0.0,0.0,0.0,0.0,0.0,1.0,0.0,0.0,1.0,759.0,1.0,0.0,8.0,0.0,0.0,0.0,0.0,3.0,0.0,0.0,0.0,0.0,103.0,0.9218702060316356,11.0,8.0,8.0,179.0,5.0,1.0,1920.0,1080.0,16.0,0.0,0
25.0,1.0,1.0,0.0,0.0,2.0,0.0,13.0,0.0,0.0,2.2102005512381906,0.0,1.0,3.0,0.0,0.0,1.0,1.0,0.0,1.0,0.0,0.0,1.0,1399.0,1.0,0.0,17.0,0.0,0.0,1.0,0.0,3.0,0.0,0.0,0.0,1.0,116.0,0.9215623424237536,8.0,7.0,17.0,305.0,16.0,1.0,1920.0,1080.0,10.0,0.0,0
44.0,1.0,1.0,0.0,0.0,2.0,0.0,15.0,0.0,0.0,2.194270145238831,0.0,1.0,6.0,5.0,0.0,0.0,0.0,0.0,1.0,0.0,0.0,1.0,1409.0,0.0,0.0,18.0,0.0,0.0,0.0,0.0,3.0,0.0,0.0,0.0,0.0,41.0,0.9683454507932227,7.0,1.0,18.0,72.0,17.0,1.0,1920.0,1080.0,15.0,0.0,0
43.0,1.0,2.0,0.0,0.0,3.0,0.0,18.0,0.0,0.0,2.310377259648778,0.0,0.0,14.0,0.0,0.0,1.0,1.0,0.0,1.0,0.0,0.0,0.0,2187.0,0.0,0.0,19.0,0.0,0.0,0.0,0.0,1.0,0.0,0.0,0.0,0.0,97.0,0.9589016728678462,11.0,1.0,19.0,474.0,19.0,1.0,1920.0,1080.0,44.0,0.0,0
23.0,1.0,0.0,0.0,0.0,1.0,0.0,13.0,0.0,0.0,3.363838257810171,0.0,0.0,23.0,0.0,0.0,0.0,0.0,0.0,1.0,0.0,0.0,1.0,1649.0,1.0,1.0,28.0,0.0,0.0,0.0,0.0,3.0,0.0,0.0,0.0,0.0,39.0,0.9762422893230357,5.0,4.0,28.0,216.0,11.0,1.0,1920.0,1080.0,37.0,0.0,0
19.0,1.0,0.0,0.0,0.0,1.0,0.0,7.0,0.0,0.0,2.2013350902601942,0.0,0.0,14.0,0.0,0.0,1.0,1.0,0.0,1.0,0.0,0.0,1.0,2264.0,2.0,0.0,29.0,1.0,0.0,0.0,1.0,3.0,2.0,0.0,0.0,1.0,66.0,0.9894067482374793,8.0,3.0,29.0,386.0,19.0,1.0,1920.0,1080.0,32.0,0.0,0
44.0,1.0,0.0,0.0,1.0,1.0,0.0,17.0,0.0,0.0,2.1152134148541606,0.0,0.0,26.0,0.0,0.0,1.0,1.0,0.0,1.0,0.0,0.0,1.0,1380.0,2.0,0.0,13.0,0.0,0.0,0.0,0.0,3.0,0.0,0.0,0.0,0.0,32.0,0.9392592910492497,1.0,0.0,13.0,89.0,1.0,1.0,1920.0,1080.0,42.0,0.0,0
40.0,1.0,1.0,0.0,1.0,2.0,0.0,14.0,0.0,0.0,2.8575343127729287,0.0,0.0,3.0,5.0,0.0,1.0,1.0,0.0,1.0,0.0,0.0,1.0,1197.0,2.0,1.0,22.0,0.0,0.0,0.0,0.0,1.0,0.0,0.0,0.0,0.0,46.0,0.9675418248479483,13.0,4.0,22.0,13.0,15.0,1.0,1920.0,1080.0,24.0,0.0,0
19.0,1.0,1.0,0.0,0.0,2.0,0.0,20.0,0.0,0.0,3.169901527358748,0.0,0.0,8.0,0.0,0.0,0.0,0.0,0.0,1.0,0.0,0.0,1.0,1125.0,0.0,1.0,5.0,0.0,0.0,0.0,0.0,1.0,0.0,0.0,0.0,0.0,99.0,0.96757755967257,9.0,8.0,5.0,59.0,8.0,1.0,1920.0,1080.0,35.0,0.0,0
30.0,1.0,0.0,0.0,1.0,1.0,0.0,17.0,1.0,0.058823529411764705,3.239934956541969,0.0,0.0,10.0,0.0,0.0,1.0,1.0,0.0,1.0,0.0,0.0,1.0,485.0,0.0,0.0,6.0,0.0,0.0,0.0,0.0,3.0,0.0,0.0,0.0,0.0,104.0,0.9366024108330242,11.0,1.0,6.0,343.0,15.0,1.0,1920.0,1080.0,15.0,0.0,0
36.0,1.0,1.0,0.0,0.0,2.0,0.0,18.0,0.0,0.0,2.116686281815758,0.0,0.0,2.0,0.0,0.0,0.0,0.0,0.0,1.0,0.0,0.0,1.0,799.0,1.0,0.0,4.0,0.0,0.0,0.0,0.0,2.0,0.0,0.0,0.0,0.0,96.0,0.9430016158905702,8.0,0.0,4.0,292.0,10.0,1.0,1920.0,1080.0,5.0,0.0,0
43.0,1.0,1.0,0.0,0.0,2.0,0.0,13.0,2.0,0.15384615384615385,2.893834686621311,0.0,0.0,7.0,0.0,0.0,0.0,0.0,0.0,1.0,0.0,0.0,1.0,1197.0,0.0,0.0,21.0,0.0,0.0,0.0,0.0,0.0,0.0,0.0,0.0,0.0,99.0,0.9922511792379345,9.0,6.0,21.0,209.0,7.0,1.0,1920.0,1080.0,17.0,0.0,0
46.0,1.0,0.0,0.0,0.0,1.0,0.0,19.0,0.0,0.0,2.170251470052273,0.0,0.0,13.0,0.0,0.0,1.0,1.0,0.0,1.0,0.0,0.0,1.0,399.0,0.0,0.0,11.0,0.0,0.0,0.0,0.0,1.0,0.0,0.0,0.0,0.0,116.0,0.9950123028446383,1.0,0.0,11.0,480.0,15.0,1.0,1920.0,1080.0,27.0,0.0,0
20.0,1.0,1.0,0.0,0.0,2.0,0.0,20.0,0.0,0.0,2.5381541950345885,0.0,0.0,5.0,0.0,0.0,0.0,0.0,0.0,1.0,0.0,0.0,1.0,1786.0,2.0,0.0,16.0,0.0,0.0,0.0,0.0,1.0,0.0,0.0,0.0,0.0,114.0,0.989556555252644,6.0,5.0,16.0,43.0,19.0,1.0,1920.0,1080.0,30.0,0.0,0
48.0,1.0,0.0,0.0,0.0,1.0,0.0,9.0,0.0,0.0,2.1559876541979266,0.0,0.0,2.0,0.0,0.0,0.0,0.0,0.0,1.0,0.0,0.0,1.0,1180.0,1.0,0.0,9.0,0.0,0.0,0.0,0.0,2.0,0.0,0.0,0.0,0.0,73.0,0.9622924665741486,13.0,4.0,9.0,217.0,0.0,1.0,1280.0,800.0,33.0,0.0,0
31.0,1.0,0.0,0.0,0.0,1.0,0.0,20.0,0.0,0.0,2.1238548393903214,0.0,0.0,30.0,20.0,0.0,0.0,0.0,0.0,1.0,0.0,0.0,1.0,1318.0,0.0,0.0,27.0,0.0,0.0,0.0,0.0,0.0,0.0,0.0,0.0,0.0,34.0,0.9439469165751493,14.0,8.0,27.0,27.0,14.0,1.0,1280.0,800.0,5.0,0.0,0
28.0,1.0,0.0,0.0,0.0,1.0,0.0,17.0,0.0,0.0,3.1464721861549068,0.0,0.0,27.0,5.0,0.0,0.0,0.0,0.0,1.0,0.0,0.0,1.0,237.0,2.0,1.0,19.0,0.0,0.0,0.0,0.0,2.0,1.0,0.0,0.0,0.0,39.0,0.9515236204151055,2.0,1.0,19.0,300.0,16.0,1.0,1920.0,1080.0,21.0,0.0,0
31.0,1.0,1.0,0.0,0.0,2.0,0.0,8.0,1.0,0.125,2.4828077775044437,0.0,0.0,29.0,0.0,0.0,0.0,0.0,0.0,1.0,0.0,0.0,1.0,2267.0,1.0,1.0,25.0,0.0,0.0,0.0,0.0,0.0,0.0,1.0,0.0,0.0,112.0,0.9494020667712437,5.0,4.0,25.0,398.0,16.0,1.0,1920.0,1080.0,18.0,0.0,0
38.0,1.0,1.0,0.0,1.0,2.0,0.0,10.0,0.0,0.0,2.844411136680256,0.0,1.0,11.0,0.0,0.0,1.0,1.0,0.0,1.0,0.0,0.0,1.0,627.0,1.0,1.0,25.0,0.0,0.0,0.0,0.0,0.0,0.0,0.0,0.0,0.0,75.0,0.9757198858275983,2.0,1.0,25.0,126.0,0.0,1.0,1280.0,800.0,10.0,0.0,0
52.0,1.0,1.0,0.0,0.0,2.0,0.0,9.0,0.0,0.0,2.5839362344631778,0.0,0.0,22.0,0.0,0.0,1.0,1.0,0.0,1.0,0.0,0.0,1.0,1780.0,2.0,0.0,16.0,0.0,0.0,0.0,0.0,2.0,0.0,0.0,0.0,0.0,95.0,0.9839894883622835,5.0,4.0,16.0,89.0,4.0,1.0,1280.0,800.0,3.0,0.0,0
36.0,1.0,1.0,0.0,0.0,2.0,0.0,9.0,0.0,0.0,3.165349457833724,0.0,0.0,2.0,0.0,0.0,0.0,0.0,0.0,1.0,0.0,0.0,1.0,1640.0,1.0,2.0,3.0,0.0,0.0,0.0,0.0,1.0,0.0,0.0,0.0,0.0,114.0,0.9920359988938938,13.0,0.0,3.0,228.0,9.0,1.0,1920.0,1080.0,42.0,0.0,0
44.0,1.0,0.0,0.0,0.0,1.0,0.0,11.0,0.0,0.0,2.3264619612794277,0.0,0.0,13.0,0.0,0.0,1.0,1.0,0.0,1.0,0.0,0.0,1.0,1374.0,1.0,0.0,3.0,1.0,1.0,0.0,1.0,1.0,1.0,0.0,0.0,1.0,52.0,0.9896721897307139,2.0,1.0,3.0,243.0,7.0,1.0,1920.0,1080.0,13.0,0.0,0
26.0,1.0,1.0,0.0,0.0,2.0,0.0,10.0,0.0,0.0,3.2054655368113973,0.0,1.0,3.0,0.0,0.0,0.0,0.0,0.0,1.0,0.0,0.0,1.0,584.0,1.0,0.0,3.0,0.0,0.0,0.0,0.0,1.0,0.0,0.0,0.0,0.0,71.0,0.951811988665841,13.0,4.0,3.0,107.0,4.0,1.0,1280.0,800.0,14.0,0.0,0
20.0,1.0,0.0,0.0,0.0,1.0,0.0,9.0,0.0,0.0,2.298346796275693,0.0,0.0,11.0,0.0,0.0,0.0,0.0,0.0,1.0,0.0,0.0,1.0,1036.0,1.0,0.0,7.0,0.0,0.0,0.0,0.0,1.0,1.0,0.0,0.0,0.0,33.0,0.9416668830156533,12.0,8.0,7.0,158.0,2.0,1.0,1920.0,1080.0,15.0,0.0,0
49.0,1.0,0.0,0.0,0.0,1.0,0.0,11.0,0.0,0.0,2.6087082564938404,0.0,0.0,13.0,5.0,0.0,0.0,0.0,0.0,1.0,0.0,0.0,1.0,2339.0,1.0,1.0,17.0,0.0,0.0,0.0,0.0,1.0,0.0,0.0,0.0,0.0,33.0,0.9974989991115797,7.0,3.0,17.0,95.0,10.0,1.0,1920.0,1080.0,34.0,0.0,0
47.0,1.0,0.0,0.0,0.0,1.0,0.0,8.0,0.0,0.0,3.0255800397729806,0.0,0.0,32.0,5.0,0.0,0.0,0.0,0.0,1.0,0.0,0.0,1.0,1372.0,1.0,0.0,27.0,0.0,0.0,0.0,0.0,0.0,0.0,0.0,0.0,0.0,53.0,0.9711662047878815,13.0,8.0,27.0,437.0,8.0,1.0,1280.0,800.0,17.0,0.0,0
38.0,1.0,2.0,0.0,0.0,3.0,0.0,9.0,0.0,0.0,2.1239220210842347,0.0,0.0,10.0,0.0,0.0,0.0,0.0,0.0,1.0,0.0,0.0,1.0,1295.0,2.0,0.0,4.0,0.0,0.0,0.0,0.0,0.0,0.0,0.0,0.0,0.0,61.0,0.9226348238263877,9.0,4.0,4.0,452.0,14.0,1.0,1280.0,800.0,4.0,0.0,0
54.0,1.0,1.0,0.0,0.0,2.0,0.0,14.0,0.0,0.0,2.9843070551680446,0.0,0.0,4.0,0.0,0.0,0.0,0.0,0.0,1.0,0.0,0.0,1.0,1181.0,2.0,2.0,12.0,0.0,0.0,0.0,0.0,0.0,0.0,0.0,0.0,0.0,107.0,0.965607485567066,6.0,5.0,12.0,248.0,8.0,1.0,1920.0,1080.0,15.0,0.0,0
39.0,1.0,0.0,0.0,2.0,1.0,0.0,10.0,0.0,0.0,3.063552756117724,0.0,0.0,4.0,0.0,0.0,0.0,0.0,0.0,1.0,0.0,0.0,1.0,222.0,0.0,2.0,11.0,0.0,0.0,0.0,0.0,2.0,0.0,0.0,0.0,0.0,79.0,0.9484194288808284,7.0,6.0,11.0,182.0,0.0,1.0,1280.0,800.0,32.0,0.0,0
43.0,1.0,0.0,0.0,0.0,1.0,0.0,11.0,0.0,0.0,2.1157498511424833,0.0,0.0,17.0,5.0,0.0,0.0,0.0,0.0,1.0,0.0,0.0,1.0,1461.0,2.0,1.0,5.0,0.0,0.0,0.0,0.0,0.0,0.0,0.0,0.0,0.0,36.0,0.9845663325006986,1.0,0.0,5.0,407.0,0.0,1.0,1920.0,1080.0,22.0,0.0,0
19.0,1.0,1.0,0.0,0.0,2.0,0.0,11.0,0.0,0.0,2.7049409947516665,0.0,0.0,24.0,0.0,0.0,0.0,0.0,0.0,1.0,0.0,0.0,1.0,2278.0,2.0,0.0,28.0,0.0,0.0,0.0,0.0,3.0,0.0,0.0,0.0,0.0,51.0,0.9686323299437718,11.0,1.0,28.0,412.0,15.0,1.0,1280.0,800.0,37.0,0.0,0
42.0,1.0,1.0,0.0,0.0,2.0,0.0,19.0,0.0,0.0,2.518257471206851,0.0,0.0,32.0,0.0,0.0,1.0,1.0,0.0,1.0,0.0,0.0,1.0,773.0,1.0,0.0,19.0,0.0,0.0,0.0,0.0,2.0,1.0,0.0,0.0,0.0,98.0,0.9862101903489716,6.0,4.0,19.0,97.0,11.0,1.0,1920.0,1080.0,25.0,0.0,0
46.0,1.0,0.0,0.0,0.0,1.0,0.0,11.0,0.0,0.0,2.1584754790691605,0.0,0.0,3.0,5.0,0.0,0.0,0.0,0.0,1.0,0.0,0.0,1.0,1042.0,1.0,0.0,12.0,0.0,0.0,0.0,0.0,1.0,0.0,0.0,0.0,0.0,55.0,0.9941176963647727,6.0,5.0,12.0,18.0,17.0,1.0,1920.0,1080.0,25.0,0.0,0
18.0,1.0,1.0,0.0,0.0,2.0,0.0,12.0,0.0,0.0,2.5436764583679574,0.0,0.0,16.0,0.0,0.0,0.0,0.0,0.0,1.0,0.0,0.0,1.0,821.0,2.0,0.0,28.0,0.0,0.0,0.0,0.0,2.0,0.0,0.0,0.0,0.0,107.0,0.9964515344502237,3.0,2.0,28.0,417.0,2.0,1.0,1920.0,1080.0,11.0,0.0,0
41.0,1.0,1.0,0.0,0.0,2.0,0.0,8.0,1.0,0.125,2.1016048819837554,0.0,0.0,4.0,0.0,0.0,1.0,1.0,0.0,1.0,0.0,0.0,1.0,993.0,0.0,1.0,22.0,0.0,0.0,0.0,0.0,3.0,0.0,0.0,0.0,0.0,45.0,0.9854277154448344,11.0,6.0,22.0,164.0,16.0,1.0,1920.0,1080.0,29.0,0.0,0
37.0,1.0,1.0,0.0,2.0,2.0,0.0,19.0,0.0,0.0,2.1979060204942686,0.0,0.0,18.0,0.0,0.0,1.0,1.0,0.0,1.0,0.0,0.0,1.0,1152.0,2.0,1.0,10.0,0.0,0.0,0.0,0.0,2.0,0.0,0.0,0.0,0.0,102.0,0.9797399906012279,12.0,4.0,10.0,259.0,12.0,1.0,1920.0,1080.0,30.0,0.0,0
34.0,1.0,1.0,0.0,0.0,2.0,0.0,15.0,0.0,0.0,2.1788347006871778,0.0,0.0,29.0,0.0,0.0,0.0,0.0,0.0,1.0,0.0,0.0,1.0,1065.0,0.0,0.0,5.0,0.0,0.0,0.0,0.0,1.0,0.0,1.0,0.0,0.0,80.0,0.9704341171770926,7.0,2.0,5.0,218.0,5.0,1.0,1280.0,800.0,19.0,0.0,0
41.0,1.0,1.0,0.0,2.0,2.0,0.0,16.0,0.0,0.0,3.253084085233586,0.0,0.0,10.0,20.0,0.0,0.0,0.0,0.0,1.0,0.0,0.0,1.0,2141.0,1.0,0.0,25.0,1.0,1.0,0.0,0.0,0.0,3.0,0.0,0.0,1.0,49.0,0.9730396717119121,3.0,2.0,25.0,152.0,2.0,1.0,1280.0,800.0,43.0,0.0,0
32.0,1.0,1.0,0.0,0.0,2.0,0.0,11.0,0.0,0.0,3.1855164730478682,0.0,0.0,27.0,0.0,0.0,0.0,0.0,0.0,1.0,0.0,0.0,0.0,190.0,1.0,1.0,2.0,0.0,0.0,0.0,0.0,3.0,0.0,1.0,0.0,0.0,38.0,0.9795653756168253,7.0,6.0,2.0,298.0,14.0,1.0,1280.0,800.0,36.0,0.0,0
26.0,1.0,0.0,0.0,0.0,1.0,0.0,18.0,0.0,0.0,2.8691963158660414,0.0,0.0,29.0,20.0,0.0,0.0,0.0,0.0,1.0,0.0,0.0,1.0,862.0,1.0,0.0,20.0,0.0,0.0,0.0,0.0,1.0,0.0,0.0,0.0,0.0,80.0,0.9301172302529975,12.0,9.0,20.0,428.0,11.0,1.0,1920.0,1080.0,3.0,0.0,0
45.0,1.0,0.0,0.0,0.0,1.0,0.0,13.0,0.0,0.0,2.3731529921020664,0.0,0.0,19.0,0.0,0.0,0.0,0.0,0.0,1.0,0.0,0.0,1.0,1182.0,0.0,1.0,22.0,0.0,0.0,0.0,0.0,1.0,0.0,0.0,0.0,0.0,75.0,0.9264413082126827,14.0,2.0,22.0,333.0,11.0,1.0,1280.0,800.0,8.0,0.0,0
34.0,1.0,0.0,0.0,0.0,1.0,0.0,11.0,0.0,0.0,3.202756980867397,0.0,0.0,9.0,0.0,0.0,1.0,1.0,0.0,1.0,0.0,0.0,1.0,2012.0,2.0,2.0,17.0,0.0,0.0,0.0,0.0,2.0,0.0,0.0,0.0,0.0,119.0,0.940911094464082,4.0,3.0,17.0,189.0,15.0,1.0,1920.0,1080.0,21.0,0.0,0
37.0,1.0,0.0,0.0,0.0,1.0,0.0,17.0,0.0,0.0,2.5879001946370397,0.0,0.0,23.0,0.0,0.0,0.0,0.0,0.0,1.0,0.0,0.0,1.0,87.0,1.0,1.0,19.0,0.0,0.0,0.0,0.0,1.0,1.0,0.0,0.0,0.0,104.0,0.9307847201601106,1.0,0.0,19.0,181.0,1.0,1.0,1280.0,800.0,7.0,0.0,0
18.0,1.0,1.0,0.0,0.0,2.0,0.0,10.0,0.0,0.0,2.6671973202443136,0.0,0.0,22.0,0.0,0.0,1.0,1.0,0.0,1.0,0.0,0.0,1.0,1153.0,1.0,0.0,16.0,1.0,1.0,0.0,0.0,2.0,3.0,0.0,0.0,1.0,32.0,0.9301046400249859,7.0,2.0,16.0,349.0,6.0,1.0,1280.0,800.0,3.0,0.0,0
22.0,1.0,1.0,0.0,0.0,2.0,0.0,13.0,1.0,0.07692307692307693,2.633491888005648,0.0,0.0,23.0,0.0,0.0,0.0,0.0,0.0,1.0,0.0,0.0,1.0,214.0,0.0,0.0,29.0,0.0,0.0,0.0,0.0,1.0,1.0,0.0,0.0,0.0,68.0,0.9361521722719952,11.0,2.0,29.0,17.0,9.0,1.0,1920.0,1080.0,33.0,0.0,0
20.0,1.0,1.0,0.0,0.0,2.0,0.0,7.0,0.0,0.0,3.0169017786786867,0.0,0.0,20.0,5.0,0.0,0.0,0.0,0.0,1.0,0.0,0.0,1.0,2149.0,1.0,1.0,8.0,0.0,0.0,0.0,0.0,0.0,0.0,0.0,0.0,0.0,30.0,0.9252245181335944,2.0,1.0,8.0,112.0,12.0,1.0,1920.0,1080.0,11.0,0.0,0
20.0,1.0,1.0,0.0,0.0,2.0,0.0,21.0,0.0,0.0,2.206371099699759,0.0,0.0,25.0,0.0,0.0,0.0,0.0,0.0,1.0,0.0,0.0,1.0,1806.0,1.0,0.0,5.0,0.0,0.0,1.0,0.0,2.0,0.0,1.0,0.0,1.0,63.0,0.9242762838243894,7.0,1.0,5.0,111.0,4.0,1.0,1920.0,1080.0,18.0,0.0,0
46.0,1.0,1.0,0.0,0.0,2.0,0.0,18.0,0.0,0.0,2.7832619205090907,0.0,0.0,7.0,0.0,0.0,0.0,0.0,0.0,1.0,0.0,0.0,1.0,1534.0,0.0,1.0,21.0,0.0,0.0,0.0,0.0,0.0,0.0,0.0,0.0,0.0,96.0,0.963241908715108,2.0,0.0,21.0,62.0,8.0,1.0,1280.0,800.0,31.0,0.0,0
48.0,1.0,1.0,0.0,0.0,2.0,0.0,19.0,0.0,0.0,2.898874283577305,0.0,0.0,4.0,0.0,0.0,0.0,0.0,0.0,1.0,0.0,0.0,1.0,576.0,2.0,2.0,14.0,0.0,0.0,0.0,0.0,2.0,1.0,0.0,0.0,0.0,40.0,0.9853687516153691,9.0,8.0,14.0,324.0,15.0,1.0,1280.0,800.0,19.0,0.0,0
46.0,1.0,1.0,0.0,1.0,2.0,0.0,20.0,0.0,0.0,2.5109416759527834,0.0,0.0,3.0,0.0,0.0,0.0,0.0,0.0,1.0,0.0,0.0,1.0,1970.0,1.0,1.0,15.0,0.0,0.0,0.0,0.0,0.0,1.0,0.0,0.0,0.0,58.0,0.9883902173446065,13.0,3.0,15.0,420.0,3.0,1.0,1920.0,1080.0,2.0,0.0,0
28.0,1.0,0.0,0.0,0.0,1.0,0.0,13.0,0.0,0.0,2.331885762520138,0.0,1.0,13.0,0.0,0.0,1.0,1.0,0.0,1.0,0.0,0.0,1.0,1306.0,0.0,2.0,18.0,0.0,0.0,0.0,0.0,0.0,1.0,0.0,0.0,0.0,23.0,0.970244362492034,8.0,4.0,18.0,229.0,6.0,1.0,1920.0,1080.0,21.0,0.0,0
39.0,1.0,0.0,0.0,0.0,1.0,0.0,21.0,0.0,0.0,3.032050211931605,0.0,0.0,5.0,0.0,0.0,1.0,1.0,0.0,1.0,0.0,0.0,1.0,1781.0,2.0,0.0,22.0,0.0,0.0,0.0,0.0,0.0,0.0,1.0,0.0,0.0,34.0,0.9549147553195798,11.0,1.0,22.0,156.0,7.0,1.0,1920.0,1080.0,15.0,0.0,0
39.0,1.0,0.0,0.0,0.0,1.0,0.0,18.0,0.0,0.0,2.672150679849806,0.0,0.0,20.0,0.0,0.0,0.0,0.0,0.0,1.0,0.0,0.0,1.0,2468.0,1.0,0.0,22.0,0.0,0.0,0.0,0.0,1.0,0.0,1.0,0.0,0.0,28.0,0.9620217577131572,9.0,1.0,22.0,273.0,16.0,1.0,1280.0,800.0,26.0,0.0,0
33.0,1.0,1.0,0.0,0.0,2.0,0.0,19.0,0.0,0.0,2.1521755655654258,0.0,0.0,17.0,5.0,0.0,0.0,0.0,0.0,1.0,0.0,0.0,1.0,755.0,0.0,0.0,21.0,0.0,0.0,0.0,0.0,0.0,1.0,0.0,0.0,0.0,71.0,0.9968543070366447,7.0,4.0,21.0,444.0,9.0,1.0,1920.0,1080.0,34.0,0.0,0
45.0,1.0,0.0,0.0,0.0,1.0,0.0,12.0,0.0,0.0,3.2134271848415987,0.0,0.0,32.0,5.0,0.0,0.0,0.0,0.0,1.0,0.0,0.0,1.0,1685.0,0.0,0.0,22.0,0.0,0.0,0.0,0.0,2.0,1.0,0.0,0.0,0.0,115.0,0.9720137850858008,5.0,3.0,22.0,440.0,1.0,1.0,1920.0,1080.0,8.0,0.0,0
23.0,1.0,2.0,0.0,0.0,3.0,0.0,19.0,0.0,0.0,2.4672481152247077,0.0,0.0,31.0,0.0,0.0,1.0,1.0,0.0,1.0,0.0,0.0,1.0,2348.0,0.0,1.0,4.0,0.0,0.0,0.0,0.0,1.0,0.0,0.0,0.0,0.0,78.0,0.9488219440099094,14.0,7.0,4.0,451.0,7.0,1.0,1920.0,1080.0,9.0,0.0,0
37.0,1.0,1.0,0.0,0.0,2.0,0.0,11.0,0.0,0.0,3.0599098148719857,0.0,0.0,23.0,0.0,0.0,1.0,1.0,0.0,1.0,0.0,0.0,1.0,178.0,0.0,1.0,16.0,0.0,0.0,0.0,0.0,1.0,0.0,0.0,0.0,0.0,18.0,0.9761202766149992,11.0,7.0,16.0,131.0,8.0,1.0,1920.0,1080.0,18.0,0.0,0
45.0,1.0,0.0,0.0,1.0,1.0,0.0,11.0,1.0,0.09090909090909091,2.5405806642688398,0.0,0.0,19.0,20.0,0.0,1.0,1.0,0.0,1.0,0.0,0.0,1.0,530.0,1.0,1.0,9.0,1.0,0.0,0.0,0.0,1.0,2.0,0.0,0.0,1.0,71.0,0.9703047841435286,12.0,5.0,9.0,75.0,2.0,1.0,1280.0,800.0,39.0,0.0,0
35.0,1.0,1.0,0.0,0.0,2.0,0.0,15.0,1.0,0.06666666666666667,3.338056955146772,0.0,0.0,17.0,0.0,0.0,0.0,0.0,0.0,1.0,0.0,0.0,1.0,2447.0,0.0,1.0,13.0,0.0,0.0,0.0,0.0,2.0,1.0,0.0,0.0,0.0,104.0,0.9558669073166545,10.0,9.0,13.0,385.0,16.0,1.0,1280.0,800.0,25.0,0.0,0
25.0,1.0,1.0,0.0,0.0,2.0,0.0,17.0,0.0,0.0,3.0292381900530243,0.0,0.0,22.0,0.0,0.0,1.0,1.0,0.0,1.0,0.0,0.0,1.0,432.0,1.0,0.0,19.0,0.0,0.0,0.0,0.0,1.0,0.0,0.0,0.0,0.0,102.0,0.9996733931901907,3.0,2.0,19.0,431.0,14.0,1.0,1920.0,1080.0,8.0,0.0,0
48.0,1.0,1.0,0.0,1.0,2.0,0.0,19.0,0.0,0.0,2.6552729249568428,0.0,0.0,22.0,0.0,0.0,0.0,0.0,0.0,1.0,0.0,0.0,1.0,1845.0,3.0,0.0,21.0,0.0,0.0,0.0,0.0,0.0,1.0,0.0,0.0,0.0,94.0,0.9854698443095916,6.0,3.0,21.0,178.0,2.0,1.0,1920.0,1080.0,22.0,0.0,0
45.0,1.0,1.0,0.0,0.0,2.0,0.0,19.0,0.0,0.0,3.37953968274052,0.0,0.0,30.0,0.0,0.0,0.0,0.0,0.0,1.0,0.0,0.0,1.0,2066.0,2.0,0.0,14.0,0.0,0.0,0.0,0.0,2.0,1.0,0.0,0.0,0.0,58.0,0.9821499129775058,7.0,0.0,14.0,210.0,9.0,1.0,1920.0,1080.0,12.0,0.0,0
37.0,1.0,1.0,0.0,2.0,2.0,0.0,8.0,0.0,0.0,2.6599839028692847,0.0,0.0,0.0,5.0,0.0,0.0,0.0,0.0,1.0,0.0,0.0,1.0,663.0,1.0,2.0,18.0,0.0,0.0,0.0,0.0,3.0,1.0,0.0,0.0,0.0,91.0,0.9862242546638602,9.0,8.0,18.0,390.0,3.0,1.0,1920.0,1080.0,13.0,0.0,0
47.0,1.0,1.0,0.0,0.0,2.0,0.0,16.0,0.0,0.0,2.489028647291609,0.0,0.0,3.0,0.0,0.0,1.0,1.0,0.0,1.0,0.0,0.0,1.0,2093.0,0.0,0.0,26.0,0.0,0.0,0.0,0.0,0.0,0.0,0.0,0.0,0.0,102.0,0.9885867715938301,3.0,2.0,26.0,453.0,7.0,1.0,1280.0,800.0,33.0,0.0,0
24.0,1.0,2.0,0.0,0.0,3.0,0.0,16.0,0.0,0.0,2.6913523837946807,0.0,0.0,12.0,0.0,0.0,1.0,1.0,0.0,1.0,0.0,0.0,1.0,1837.0,0.0,1.0,2.0,0.0,0.0,0.0,0.0,0.0,0.0,0.0,0.0,0.0,105.0,0.9404124271003504,4.0,2.0,2.0,343.0,18.0,1.0,1920.0,1080.0,32.0,0.0,0
27.0,1.0,2.0,0.0,0.0,3.0,0.0,18.0,0.0,0.0,2.8442888357109193,0.0,0.0,17.0,0.0,0.0,0.0,0.0,0.0,1.0,0.0,0.0,1.0,426.0,3.0,0.0,22.0,0.0,0.0,0.0,0.0,1.0,0.0,0.0,0.0,0.0,33.0,0.9812597408027447,5.0,4.0,22.0,402.0,16.0,1.0,1280.0,800.0,37.0,0.0,0
52.0,1.0,0.0,0.0,0.0,1.0,0.0,21.0,0.0,0.0,2.9992144432379497,0.0,0.0,12.0,0.0,0.0,1.0,1.0,0.0,1.0,0.0,0.0,1.0,1166.0,1.0,0.0,16.0,0.0,0.0,0.0,0.0,3.0,0.0,1.0,0.0,0.0,78.0,0.9503043292255657,9.0,4.0,16.0,330.0,7.0,1.0,1920.0,1080.0,31.0,0.0,0
29.0,1.0,0.0,0.0,0.0,1.0,0.0,13.0,0.0,0.0,2.84088180427659,0.0,0.0,14.0,0.0,0.0,1.0,1.0,0.0,1.0,0.0,0.0,1.0,101.0,3.0,1.0,7.0,0.0,0.0,0.0,0.0,3.0,0.0,0.0,0.0,0.0,59.0,0.9231374801024012,14.0,2.0,7.0,195.0,10.0,1.0,1920.0,1080.0,24.0,0.0,0
30.0,1.0,1.0,0.0,0.0,2.0,0.0,13.0,0.0,0.0,3.229960114484249,0.0,0.0,16.0,0.0,0.0,0.0,0.0,0.0,1.0,0.0,0.0,1.0,2037.0,1.0,0.0,23.0,0.0,0.0,0.0,0.0,0.0,1.0,0.0,0.0,0.0,49.0,0.9958847200372608,4.0,3.0,23.0,171.0,11.0,1.0,1280.0,800.0,11.0,0.0,0
54.0,1.0,0.0,0.0,0.0,1.0,0.0,17.0,1.0,0.058823529411764705,3.2489975954396453,0.0,0.0,4.0,0.0,0.0,0.0,0.0,0.0,1.0,0.0,0.0,1.0,164.0,3.0,0.0,7.0,0.0,0.0,0.0,0.0,2.0,0.0,0.0,0.0,0.0,29.0,0.9760990622323382,10.0,2.0,7.0,333.0,9.0,1.0,1920.0,1080.0,5.0,0.0,0
43.0,1.0,1.0,0.0,2.0,2.0,0.0,7.0,0.0,0.0,2.363862855131715,0.0,0.0,27.0,5.0,0.0,0.0,0.0,0.0,1.0,0.0,0.0,1.0,640.0,1.0,0.0,12.0,0.0,0.0,0.0,0.0,2.0,0.0,0.0,0.0,0.0,30.0,0.9613931351053518,13.0,8.0,12.0,183.0,6.0,1.0,1920.0,1080.0,41.0,0.0,0
20.0,1.0,1.0,0.0,0.0,2.0,0.0,13.0,0.0,0.0,3.315233136078686,0.0,0.0,20.0,0.0,0.0,0.0,0.0,0.0,1.0,0.0,0.0,1.0,1281.0,0.0,0.0,26.0,0.0,0.0,0.0,0.0,3.0,0.0,0.0,0.0,0.0,31.0,0.9993757722502746,9.0,0.0,26.0,315.0,8.0,1.0,1280.0,800.0,5.0,0.0,0
32.0,1.0,1.0,0.0,0.0,2.0,0.0,15.0,0.0,0.0,2.707005604712422,0.0,0.0,34.0,0.0,0.0,1.0,1.0,0.0,1.0,0.0,0.0,1.0,645.0,1.0,0.0,6.0,1.0,1.0,0.0,0.0,0.0,2.0,0.0,0.0,1.0,36.0,0.9432407530222552,2.0,1.0,6.0,197.0,18.0,1.0,1920.0,1080.0,14.0,0.0,0
19.0,1.0,0.0,0.0,0.0,1.0,0.0,16.0,0.0,0.0,3.385033288543993,0.0,0.0,13.0,5.0,0.0,0.0,0.0,0.0,1.0,0.0,0.0,1.0,123.0,1.0,0.0,5.0,1.0,1.0,0.0,0.0,0.0,1.0,0.0,0.0,1.0,30.0,0.9754689949360901,2.0,1.0,5.0,455.0,19.0,1.0,1280.0,800.0,18.0,0.0,0
47.0,1.0,0.0,0.0,0.0,1.0,0.0,8.0,0.0,0.0,3.1082385921522615,0.0,0.0,9.0,5.0,0.0,0.0,0.0,0.0,1.0,0.0,0.0,1.0,930.0,0.0,2.0,2.0,0.0,0.0,0.0,0.0,1.0,0.0,0.0,0.0,0.0,47.0,0.9339041191156184,7.0,0.0,2.0,61.0,5.0,1.0,1920.0,1080.0,21.0,0.0,0
29.0,1.0,1.0,0.0,0.0,2.0,0.0,10.0,0.0,0.0,3.2891521512714395,0.0,0.0,8.0,20.0,0.0,0.0,0.0,0.0,1.0,0.0,0.0,1.0,1409.0,2.0,0.0,26.0,0.0,0.0,0.0,0.0,1.0,1.0,0.0,0.0,0.0,26.0,0.9609224755580812,13.0,4.0,26.0,253.0,9.0,1.0,1920.0,1080.0,23.0,0.0,0
38.0,1.0,1.0,0.0,1.0,2.0,0.0,21.0,0.0,0.0,2.423304722867106,0.0,0.0,9.0,0.0,0.0,0.0,0.0,0.0,1.0,0.0,0.0,1.0,2111.0,0.0,0.0,22.0,0.0,0.0,0.0,0.0,1.0,0.0,0.0,0.0,0.0,40.0,0.9509183799989968,8.0,7.0,22.0,269.0,0.0,1.0,1280.0,800.0,43.0,0.0,0
33.0,1.0,0.0,0.0,0.0,1.0,0.0,8.0,0.0,0.0,2.2171806806593923,0.0,0.0,7.0,20.0,0.0,1.0,1.0,0.0,1.0,0.0,0.0,1.0,323.0,0.0,0.0,7.0,0.0,0.0,0.0,0.0,2.0,0.0,0.0,0.0,0.0,18.0,0.9845728062633747,5.0,4.0,7.0,371.0,7.0,1.0,1280.0,800.0,5.0,0.0,0
54.0,1.0,0.0,0.0,0.0,1.0,0.0,9.0,0.0,0.0,2.4280842194779124,0.0,0.0,16.0,5.0,0.0,0.0,0.0,0.0,1.0,0.0,0.0,1.0,281.0,2.0,1.0,2.0,0.0,0.0,1.0,0.0,1.0,0.0,0.0,0.0,1.0,62.0,0.9618597660191984,2.0,1.0,2.0,356.0,11.0,1.0,1920.0,1080.0,37.0,0.0,0
45.0,1.0,1.0,0.0,0.0,2.0,0.0,19.0,0.0,0.0,2.3926264255095853,0.0,0.0,30.0,0.0,0.0,0.0,0.0,0.0,1.0,0.0,0.0,1.0,648.0,1.0,0.0,28.0,0.0,0.0,0.0,0.0,2.0,0.0,0.0,0.0,0.0,51.0,0.935574800504015,4.0,3.0,28.0,222.0,8.0,1.0,1280.0,800.0,41.0,0.0,0
54.0,1.0,0.0,0.0,0.0,1.0,0.0,17.0,0.0,0.0,2.2064602866600063,0.0,0.0,23.0,0.0,0.0,1.0,1.0,0.0,1.0,0.0,0.0,1.0,2446.0,0.0,0.0,7.0,0.0,0.0,0.0,0.0,2.0,0.0,0.0,0.0,0.0,83.0,0.9609815000627562,3.0,2.0,7.0,69.0,17.0,1.0,1920.0,1080.0,27.0,0.0,0
32.0,1.0,1.0,0.0,2.0,2.0,0.0,18.0,0.0,0.0,2.259620237554896,0.0,0.0,8.0,0.0,0.0,1.0,1.0,0.0,1.0,0.0,0.0,1.0,1919.0,3.0,0.0,22.0,0.0,0.0,0.0,0.0,3.0,0.0,0.0,0.0,0.0,105.0,0.9599569707338331,6.0,0.0,22.0,89.0,13.0,1.0,1920.0,1080.0,18.0,0.0,0
28.0,1.0,0.0,0.0,0.0,1.0,0.0,21.0,0.0,0.0,2.566445044739527,0.0,0.0,11.0,0.0,0.0,0.0,0.0,0.0,1.0,0.0,0.0,1.0,1288.0,2.0,0.0,25.0,0.0,0.0,0.0,0.0,3.0,0.0,0.0,0.0,0.0,115.0,0.9477739605069031,11.0,7.0,25.0,53.0,15.0,1.0,1920.0,1080.0,36.0,0.0,0
47.0,1.0,1.0,0.0,0.0,2.0,0.0,13.0,0.0,0.0,2.2589956111818412,0.0,0.0,22.0,0.0,0.0,0.0,0.0,0.0,1.0,0.0,0.0,1.0,1112.0,1.0,0.0,29.0,0.0,0.0,0.0,0.0,2.0,0.0,0.0,0.0,0.0,112.0,0.9209582951576132,3.0,2.0,29.0,248.0,19.0,1.0,1280.0,800.0,38.0,0.0,0
29.0,1.0,1.0,0.0,0.0,2.0,0.0,18.0,1.0,0.05555555555555555,2.814316823591138,0.0,0.0,28.0,0.0,0.0,0.0,0.0,0.0,1.0,0.0,0.0,1.0,515.0,1.0,0.0,10.0,0.0,0.0,0.0,0.0,1.0,0.0,0.0,0.0,0.0,70.0,0.9980506452292405,13.0,9.0,10.0,475.0,15.0,1.0,1920.0,1080.0,43.0,0.0,0
37.0,1.0,1.0,0.0,0.0,2.0,0.0,7.0,1.0,0.14285714285714285,2.6115119674124094,0.0,0.0,1.0,0.0,0.0,0.0,0.0,0.0,1.0,0.0,0.0,1.0,809.0,2.0,1.0,19.0,0.0,0.0,0.0,0.0,0.0,0.0,0.0,0.0,0.0,43.0,0.982278146329299,5.0,4.0,19.0,267.0,17.0,1.0,1920.0,1080.0,13.0,0.0,0
53.0,1.0,1.0,0.0,2.0,2.0,0.0,17.0,0.0,0.0,3.203229917338977,0.0,0.0,17.0,0.0,0.0,0.0,0.0,0.0,1.0,0.0,0.0,1.0,753.0,0.0,0.0,19.0,0.0,0.0,0.0,0.0,3.0,0.0,0.0,0.0,0.0,55.0,0.9291607028729807,3.0,2.0,19.0,437.0,2.0,1.0,1920.0,1080.0,27.0,0.0,0
42.0,1.0,1.0,0.0,0.0,2.0,0.0,9.0,0.0,0.0,3.048368457966634,0.0,0.0,7.0,0.0,0.0,0.0,0.0,0.0,1.0,0.0,0.0,1.0,645.0,0.0,0.0,27.0,0.0,0.0,0.0,0.0,2.0,0.0,0.0,0.0,0.0,97.0,0.9379017833264683,1.0,0.0,27.0,412.0,14.0,1.0,1920.0,1080.0,26.0,0.0,0
50.0,1.0,0.0,0.0,0.0,1.0,0.0,7.0,0.0,0.0,3.313115247462962,0.0,1.0,3.0,0.0,0.0,0.0,0.0,0.0,1.0,0.0,0.0,1.0,1435.0,2.0,2.0,21.0,0.0,0.0,0.0,0.0,0.0,1.0,0.0,0.0,0.0,23.0,0.9343006802776852,5.0,4.0,21.0,286.0,8.0,1.0,1280.0,800.0,22.0,0.0,0
33.0,1.0,0.0,0.0,1.0,1.0,0.0,17.0,1.0,0.058823529411764705,2.4791892131905944,0.0,0.0,33.0,20.0,0.0,0.0,0.0,0.0,1.0,0.0,0.0,1.0,1818.0,2.0,0.0,15.0,1.0,1.0,0.0,0.0,3.0,1.0,1.0,0.0,1.0,46.0,0.9650711144477465,10.0,0.0,15.0,245.0,7.0,1.0,1280.0,800.0,16.0,0.0,0
27.0,1.0,0.0,0.0,0.0,1.0,0.0,14.0,1.0,0.07142857142857142,2.4004339320371972,0.0,0.0,29.0,0.0,0.0,1.0,1.0,0.0,1.0,0.0,0.0,1.0,1184.0,0.0,0.0,16.0,0.0,0.0,0.0,0.0,3.0,0.0,0.0,0.0,0.0,44.0,0.9402578646010712,10.0,7.0,16.0,114.0,19.0,1.0,1920.0,1080.0,20.0,0.0,0
21.0,1.0,1.0,0.0,2.0,2.0,0.0,7.0,0.0,0.0,2.9593481424538854,0.0,0.0,34.0,0.0,0.0,0.0,0.0,0.0,1.0,0.0,0.0,1.0,2451.0,0.0,0.0,21.0,0.0,0.0,0.0,0.0,1.0,0.0,0.0,0.0,0.0,117.0,0.963463172403226,10.0,4.0,21.0,152.0,5.0,1.0,1280.0,800.0,29.0,0.0,0
26.0,1.0,1.0,0.0,0.0,2.0,0.0,8.0,1.0,0.125,3.3424094265945334,0.0,0.0,25.0,0.0,0.0,1.0,1.0,0.0,1.0,0.0,0.0,1.0,2407.0,2.0,0.0,14.0,0.0,0.0,0.0,1.0,3.0,0.0,0.0,0.0,1.0,69.0,0.9976271530179881,10.0,1.0,14.0,385.0,2.0,1.0,1920.0,1080.0,39.0,0.0,0
53.0,1.0,0.0,0.0,0.0,1.0,0.0,13.0,0.0,0.0,2.3946972946690672,0.0,1.0,4.0,0.0,0.0,0.0,0.0,0.0,1.0,0.0,0.0,1.0,1521.0,1.0,0.0,25.0,0.0,0.0,0.0,0.0,0.0,0.0,0.0,0.0,0.0,111.0,0.9609829667449554,5.0,0.0,25.0,174.0,5.0,1.0,1920.0,1080.0,21.0,0.0,0
43.0,1.0,0.0,0.0,0.0,1.0,0.0,12.0,2.0,0.16666666666666666,2.733881067818318,0.0,0.0,18.0,20.0,0.0,0.0,0.0,0.0,1.0,0.0,0.0,1.0,2177.0,2.0,0.0,6.0,0.0,0.0,0.0,0.0,0.0,0.0,0.0,0.0,0.0,118.0,0.9890078696325243,8.0,7.0,6.0,174.0,12.0,1.0,1280.0,800.0,35.0,0.0,0
45.0,1.0,1.0,0.0,0.0,2.0,0.0,8.0,0.0,0.0,2.5445041959514834,0.0,0.0,31.0,0.0,0.0,0.0,0.0,0.0,1.0,0.0,0.0,1.0,1592.0,1.0,1.0,29.0,0.0,0.0,0.0,0.0,1.0,0.0,0.0,0.0,0.0,67.0,0.9349345235853705,7.0,2.0,29.0,395.0,8.0,1.0,1920.0,1080.0,27.0,0.0,0
30.0,1.0,1.0,0.0,0.0,2.0,0.0,13.0,0.0,0.0,2.6421765449782795,0.0,0.0,12.0,5.0,0.0,0.0,0.0,0.0,1.0,0.0,0.0,1.0,1176.0,2.0,1.0,12.0,0.0,0.0,0.0,0.0,0.0,0.0,0.0,0.0,0.0,91.0,0.9614601849130568,9.0,1.0,12.0,212.0,15.0,1.0,1920.0,1080.0,42.0,0.0,0
52.0,1.0,0.0,0.0,0.0,1.0,0.0,9.0,0.0,0.0,3.1632377043406654,0.0,0.0,14.0,0.0,0.0,0.0,0.0,0.0,1.0,0.0,0.0,1.0,2431.0,1.0,0.0,13.0,0.0,0.0,0.0,1.0,1.0,0.0,0.0,0.0,1.0,98.0,0.96196968812955,1.0,0.0,13.0,340.0,4.0,1.0,1920.0,1080.0,13.0,0.0,0
39.0,1.0,1.0,0.0,0.0,2.0,0.0,7.0,0.0,0.0,2.4624875971739053,0.0,0.0,14.0,0.0,0.0,1.0,1.0,0.0,1.0,0.0,0.0,1.0,2432.0,1.0,0.0,6.0,0.0,0.0,0.0,0.0,0.0,0.0,0.0,0.0,0.0,108.0,0.9623812788308672,4.0,3.0,6.0,32.0,19.0,1.0,1280.0,800.0,39.0,0.0,0
22.0,1.0,1.0,0.0,0.0,2.0,0.0,8.0,0.0,0.0,2.7485867352764486,0.0,0.0,3.0,0.0,0.0,1.0,1.0,0.0,1.0,0.0,0.0,1.0,2234.0,2.0,0.0,6.0,0.0,0.0,0.0,0.0,2.0,0.0,0.0,0.0,0.0,56.0,0.9670481955454162,4.0,3.0,6.0,290.0,16.0,1.0,1280.0,800.0,16.0,0.0,0
37.0,1.0,1.0,0.0,0.0,2.0,0.0,21.0,0.0,0.0,3.2305925553791086,0.0,0.0,8.0,5.0,0.0,0.0,0.0,0.0,1.0,0.0,0.0,1.0,2122.0,1.0,0.0,24.0,0.0,0.0,0.0,0.0,2.0,0.0,0.0,0.0,0.0,104.0,0.9497450298344532,8.0,7.0,24.0,279.0,11.0,1.0,1920.0,1080.0,24.0,0.0,0
50.0,1.0,0.0,0.0,0.0,1.0,0.0,10.0,0.0,0.0,2.6043562333989714,0.0,0.0,1.0,0.0,0.0,1.0,1.0,0.0,1.0,0.0,0.0,1.0,1711.0,1.0,1.0,3.0,0.0,0.0,0.0,0.0,0.0,0.0,0.0,0.0,0.0,116.0,0.9908132425804749,1.0,0.0,3.0,332.0,14.0,1.0,1280.0,800.0,26.0,0.0,0
49.0,1.0,1.0,0.0,0.0,2.0,0.0,13.0,0.0,0.0,2.5385950991280892,0.0,0.0,31.0,0.0,0.0,0.0,0.0,0.0,1.0,0.0,0.0,1.0,83.0,0.0,0.0,5.0,0.0,0.0,0.0,0.0,1.0,0.0,0.0,0.0,0.0,22.0,0.9955848683572911,6.0,3.0,5.0,101.0,19.0,1.0,1920.0,1080.0,38.0,0.0,0
21.0,1.0,1.0,0.0,0.0,2.0,0.0,9.0,0.0,0.0,2.517710040834218,0.0,0.0,0.0,0.0,0.0,1.0,1.0,0.0,1.0,0.0,0.0,1.0,1221.0,1.0,0.0,15.0,1.0,0.0,0.0,0.0,3.0,1.0,0.0,0.0,1.0,58.0,0.9631352696578026,7.0,0.0,15.0,487.0,10.0,1.0,1920.0,1080.0,23.0,0.0,0
36.0,1.0,1.0,0.0,1.0,2.0,0.0,18.0,0.0,0.0,2.6888127317454886,0.0,0.0,7.0,0.0,0.0,0.0,0.0,0.0,1.0,0.0,0.0,1.0,929.0,1.0,0.0,4.0,0.0,0.0,0.0,0.0,2.0,0.0,0.0,0.0,0.0,46.0,0.9208714027592261,9.0,4.0,4.0,251.0,16.0,1.0,1920.0,1080.0,32.0,0.0,0
40.0,1.0,1.0,0.0,2.0,2.0,0.0,20.0,0.0,0.0,2.771938466153404,0.0,0.0,26.0,0.0,0.0,0.0,0.0,0.0,1.0,0.0,0.0,1.0,1328.0,1.0,0.0,22.0,0.0,0.0,0.0,0.0,3.0,0.0,0.0,0.0,0.0,18.0,0.9898297182498338,7.0,3.0,22.0,286.0,12.0,1.0,1920.0,1080.0,43.0,0.0,0
30.0,1.0,1.0,0.0,0.0,2.0,0.0,16.0,0.0,0.0,2.58350829219271,0.0,0.0,4.0,0.0,0.0,0.0,0.0,0.0,1.0,0.0,0.0,1.0,2050.0,2.0,0.0,26.0,0.0,0.0,0.0,0.0,1.0,0.0,0.0,0.0,0.0,49.0,0.9577173661833995,6.0,1.0,26.0,67.0,4.0,1.0,1280.0,800.0,4.0,0.0,0
48.0,1.0,1.0,0.0,0.0,2.0,0.0,11.0,0.0,0.0,2.8155322761320316,0.0,0.0,2.0,0.0,0.0,0.0,0.0,0.0,1.0,0.0,0.0,1.0,1253.0,0.0,1.0,26.0,0.0,0.0,0.0,0.0,0.0,0.0,0.0,0.0,0.0,35.0,0.9518052807031342,9.0,3.0,26.0,225.0,14.0,1.0,1920.0,1080.0,24.0,0.0,0
26.0,1.0,1.0,0.0,2.0,2.0,0.0,19.0,1.0,0.05263157894736842,3.335087910055824,0.0,0.0,17.0,0.0,0.0,0.0,0.0,0.0,1.0,0.0,0.0,1.0,559.0,0.0,0.0,18.0,0.0,0.0,0.0,0.0,0.0,0.0,0.0,0.0,0.0,82.0,0.97565960716222,7.0,6.0,18.0,335.0,7.0,1.0,1280.0,800.0,6.0,0.0,0
53.0,1.0,1.0,0.0,0.0,2.0,0.0,21.0,0.0,0.0,3.392679669276832,0.0,0.0,5.0,0.0,0.0,0.0,0.0,0.0,1.0,0.0,0.0,1.0,264.0,0.0,0.0,14.0,0.0,0.0,0.0,0.0,1.0,0.0,0.0,0.0,0.0,51.0,0.9738315043191431,6.0,5.0,14.0,255.0,18.0,1.0,1920.0,1080.0,17.0,0.0,0
19.0,1.0,1.0,0.0,0.0,2.0,0.0,7.0,0.0,0.0,2.6881549524067174,0.0,0.0,34.0,0.0,0.0,0.0,0.0,0.0,1.0,0.0,0.0,1.0,1665.0,1.0,0.0,11.0,0.0,0.0,0.0,0.0,0.0,1.0,1.0,0.0,0.0,95.0,0.9908205398238915,8.0,3.0,11.0,390.0,3.0,1.0,1920.0,1080.0,42.0,0.0,0
38.0,1.0,0.0,0.0,0.0,1.0,0.0,13.0,0.0,0.0,2.758791714469343,0.0,0.0,18.0,0.0,0.0,1.0,1.0,0.0,1.0,0.0,0.0,1.0,2478.0,1.0,1.0,4.0,0.0,0.0,0.0,0.0,0.0,0.0,0.0,0.0,0.0,104.0,0.9698406068499626,3.0,2.0,4.0,135.0,12.0,1.0,1920.0,1080.0,33.0,0.0,0
30.0,1.0,1.0,0.0,0.0,2.0,0.0,9.0,0.0,0.0,2.5537532943976737,0.0,0.0,30.0,0.0,0.0,0.0,0.0,0.0,1.0,0.0,0.0,1.0,2148.0,2.0,0.0,16.0,0.0,0.0,0.0,0.0,1.0,1.0,0.0,0.0,0.0,64.0,0.9618071096822993,13.0,9.0,16.0,283.0,5.0,1.0,1920.0,1080.0,16.0,0.0,0
36.0,1.0,0.0,0.0,0.0,1.0,0.0,17.0,0.0,0.0,2.275494240129826,0.0,0.0,7.0,0.0,0.0,1.0,1.0,0.0,1.0,0.0,0.0,1.0,2222.0,0.0,0.0,24.0,0.0,0.0,0.0,0.0,2.0,0.0,0.0,0.0,0.0,69.0,0.9558922085869047,7.0,3.0,24.0,320.0,2.0,1.0,1280.0,800.0,13.0,0.0,0
48.0,1.0,0.0,0.0,0.0,1.0,0.0,11.0,0.0,0.0,3.1601496452345748,0.0,0.0,34.0,0.0,0.0,0.0,0.0,0.0,1.0,0.0,0.0,1.0,1792.0,1.0,1.0,14.0,0.0,0.0,0.0,0.0,0.0,0.0,0.0,0.0,0.0,45.0,0.9202771527278025,4.0,3.0,14.0,428.0,14.0,1.0,1280.0,800.0,25.0,0.0,0
47.0,1.0,1.0,0.0,2.0,2.0,0.0,17.0,0.0,0.0,3.35510613277605,0.0,0.0,20.0,0.0,0.0,0.0,0.0,0.0,1.0,0.0,0.0,1.0,2000.0,1.0,0.0,10.0,0.0,0.0,0.0,0.0,1.0,0.0,0.0,0.0,0.0,29.0,0.961625488659507,5.0,4.0,10.0,198.0,10.0,1.0,1280.0,800.0,22.0,0.0,0
48.0,1.0,0.0,0.0,0.0,1.0,0.0,13.0,0.0,0.0,2.848739938443835,0.0,0.0,28.0,0.0,0.0,1.0,1.0,0.0,1.0,0.0,0.0,1.0,304.0,0.0,0.0,23.0,0.0,0.0,0.0,0.0,3.0,0.0,0.0,0.0,0.0,109.0,0.9324829159364086,5.0,0.0,23.0,479.0,9.0,1.0,1280.0,800.0,41.0,0.0,0
21.0,1.0,1.0,0.0,0.0,2.0,0.0,7.0,0.0,0.0,2.906266281523117,0.0,0.0,10.0,0.0,0.0,1.0,1.0,0.0,1.0,0.0,0.0,1.0,1929.0,1.0,0.0,18.0,0.0,0.0,0.0,0.0,1.0,0.0,0.0,0.0,0.0,29.0,0.9859355037333216,8.0,5.0,18.0,488.0,17.0,1.0,1920.0,1080.0,27.0,0.0,0
38.0,1.0,0.0,0.0,0.0,1.0,0.0,20.0,0.0,0.0,2.6700072047342642,0.0,0.0,0.0,0.0,0.0,0.0,0.0,0.0,1.0,0.0,0.0,1.0,436.0,1.0,0.0,6.0,0.0,0.0,0.0,0.0,1.0,0.0,0.0,0.0,0.0,64.0,0.9794957944022811,10.0,6.0,6.0,377.0,17.0,1.0,1280.0,800.0,11.0,0.0,0
19.0,1.0,1.0,0.0,1.0,2.0,0.0,13.0,0.0,0.0,2.6853882141168706,0.0,0.0,0.0,0.0,0.0,0.0,0.0,0.0,1.0,0.0,0.0,1.0,625.0,1.0,0.0,19.0,0.0,0.0,0.0,0.0,3.0,1.0,0.0,0.0,0.0,47.0,0.9382768036079313,14.0,5.0,19.0,53.0,7.0,1.0,1280.0,800.0,7.0,0.0,0
45.0,1.0,0.0,0.0,0.0,1.0,0.0,18.0,1.0,0.05555555555555555,3.3445223030853652,0.0,0.0,3.0,0.0,0.0,1.0,1.0,0.0,1.0,0.0,0.0,1.0,1554.0,1.0,2.0,19.0,0.0,0.0,0.0,0.0,1.0,0.0,0.0,0.0,0.0,47.0,0.9752753515213487,11.0,9.0,19.0,104.0,13.0,1.0,1280.0,800.0,38.0,0.0,0
46.0,1.0,0.0,0.0,0.0,1.0,0.0,7.0,0.0,0.0,2.1824840947580495,0.0,0.0,10.0,5.0,0.0,0.0,0.0,0.0,1.0,0.0,0.0,1.0,2382.0,1.0,2.0,27.0,1.0,0.0,0.0,1.0,0.0,1.0,0.0,0.0,1.0,51.0,0.9249921856221497,3.0,2.0,27.0,99.0,9.0,1.0,1920.0,1080.0,26.0,0.0,0
47.0,1.0,1.0,0.0,0.0,2.0,0.0,10.0,0.0,0.0,2.868192001233057,0.0,0.0,12.0,0.0,0.0,0.0,0.0,0.0,1.0,0.0,0.0,1.0,836.0,0.0,0.0,14.0,0.0,0.0,0.0,0.0,3.0,0.0,0.0,0.0,0.0,79.0,0.9939461597894265,5.0,1.0,14.0,240.0,10.0,1.0,1280.0,800.0,8.0,0.0,0
47.0,1.0,0.0,0.0,0.0,1.0,0.0,17.0,0.0,0.0,2.826840296764205,0.0,0.0,11.0,0.0,0.0,0.0,0.0,0.0,1.0,0.0,0.0,1.0,1190.0,1.0,0.0,20.0,0.0,0.0,0.0,0.0,1.0,1.0,0.0,0.0,0.0,82.0,0.9513198190628214,14.0,1.0,20.0,125.0,18.0,1.0,1920.0,1080.0,44.0,0.0,0
25.0,1.0,1.0,0.0,0.0,2.0,0.0,21.0,0.0,0.0,3.307922143151324,0.0,0.0,22.0,0.0,0.0,0.0,0.0,0.0,1.0,0.0,0.0,1.0,730.0,1.0,1.0,15.0,0.0,0.0,0.0,0.0,0.0,0.0,0.0,0.0,0.0,84.0,0.9575574812007909,2.0,1.0,15.0,361.0,10.0,1.0,1920.0,1080.0,26.0,0.0,0
36.0,1.0,0.0,0.0,0.0,1.0,0.0,15.0,0.0,0.0,3.042750045438125,0.0,0.0,0.0,0.0,0.0,1.0,1.0,0.0,1.0,0.0,0.0,1.0,1113.0,1.0,0.0,14.0,0.0,0.0,1.0,0.0,1.0,1.0,0.0,0.0,1.0,102.0,0.9916110420769213,1.0,0.0,14.0,140.0,2.0,1.0,1920.0,1080.0,26.0,0.0,0
31.0,1.0,1.0,0.0,0.0,2.0,0.0,10.0,0.0,0.0,2.6967821193820423,0.0,1.0,2.0,0.0,0.0,1.0,1.0,0.0,1.0,0.0,0.0,1.0,840.0,2.0,0.0,18.0,0.0,0.0,0.0,0.0,0.0,0.0,0.0,0.0,0.0,56.0,0.9543474189839725,2.0,1.0,18.0,73.0,17.0,1.0,1920.0,1080.0,3.0,0.0,0
45.0,1.0,1.0,0.0,0.0,2.0,0.0,18.0,0.0,0.0,2.7140181455568015,0.0,0.0,11.0,20.0,0.0,1.0,1.0,0.0,1.0,0.0,0.0,1.0,2155.0,2.0,0.0,11.0,0.0,0.0,0.0,0.0,2.0,0.0,0.0,0.0,0.0,64.0,0.9944772092013235,5.0,2.0,11.0,258.0,14.0,1.0,1920.0,1080.0,28.0,0.0,0
23.0,1.0,1.0,0.0,0.0,2.0,0.0,16.0,0.0,0.0,2.619710811976053,0.0,0.0,3.0,5.0,0.0,0.0,0.0,0.0,1.0,0.0,0.0,1.0,2117.0,2.0,0.0,15.0,0.0,0.0,0.0,0.0,1.0,0.0,0.0,0.0,0.0,69.0,0.9509305753770965,8.0,5.0,15.0,232.0,11.0,1.0,1280.0,800.0,41.0,0.0,0
42.0,1.0,0.0,0.0,1.0,1.0,0.0,10.0,0.0,0.0,2.35806163869026,0.0,0.0,34.0,20.0,0.0,0.0,0.0,0.0,1.0,0.0,0.0,1.0,1974.0,2.0,2.0,24.0,1.0,0.0,0.0,0.0,1.0,1.0,0.0,0.0,1.0,59.0,0.9352007435865002,13.0,1.0,24.0,184.0,6.0,1.0,1920.0,1080.0,6.0,0.0,0
39.0,1.0,1.0,0.0,0.0,2.0,0.0,9.0,0.0,0.0,2.8006356640937144,0.0,0.0,27.0,0.0,0.0,0.0,0.0,0.0,1.0,0.0,0.0,1.0,849.0,0.0,0.0,15.0,0.0,0.0,0.0,0.0,2.0,0.0,0.0,0.0,0.0,96.0,0.9695291756242737,14.0,7.0,15.0,457.0,15.0,1.0,1920.0,1080.0,14.0,0.0,0
33.0,1.0,1.0,0.0,2.0,2.0,0.0,13.0,0.0,0.0,2.2466303363548144,0.0,0.0,26.0,0.0,0.0,0.0,0.0,0.0,1.0,0.0,0.0,1.0,1813.0,1.0,0.0,27.0,0.0,0.0,0.0,0.0,1.0,0.0,0.0,0.0,0.0,91.0,0.9479836504635543,1.0,0.0,27.0,398.0,18.0,1.0,1920.0,1080.0,6.0,0.0,0
26.0,1.0,1.0,0.0,0.0,2.0,0.0,13.0,0.0,0.0,2.1778858286451452,0.0,0.0,25.0,0.0,0.0,0.0,0.0,0.0,1.0,0.0,0.0,1.0,1363.0,1.0,0.0,9.0,0.0,0.0,0.0,0.0,3.0,0.0,0.0,0.0,0.0,83.0,0.970927522209464,6.0,4.0,9.0,345.0,7.0,1.0,1920.0,1080.0,5.0,0.0,0
54.0,1.0,1.0,0.0,0.0,2.0,0.0,20.0,0.0,0.0,3.2902547145228858,0.0,0.0,10.0,0.0,0.0,0.0,0.0,0.0,1.0,0.0,0.0,1.0,2175.0,2.0,0.0,14.0,0.0,0.0,0.0,0.0,3.0,0.0,0.0,0.0,0.0,101.0,0.9865376900394549,10.0,8.0,14.0,496.0,2.0,1.0,1920.0,1080.0,7.0,0.0,0
38.0,1.0,0.0,0.0,1.0,1.0,0.0,7.0,0.0,0.0,3.0280016845173447,0.0,0.0,23.0,5.0,0.0,1.0,1.0,0.0,1.0,0.0,0.0,1.0,2145.0,1.0,1.0,28.0,0.0,0.0,0.0,0.0,2.0,0.0,0.0,0.0,0.0,109.0,0.9985838749056335,5.0,4.0,28.0,43.0,9.0,1.0,1280.0,800.0,39.0,0.0,0
48.0,1.0,1.0,0.0,0.0,2.0,0.0,12.0,0.0,0.0,3.272162439079785,0.0,0.0,15.0,0.0,0.0,0.0,0.0,0.0,1.0,0.0,0.0,1.0,1976.0,2.0,1.0,16.0,0.0,0.0,0.0,0.0,3.0,1.0,0.0,0.0,0.0,28.0,0.9720934142466026,11.0,2.0,16.0,333.0,5.0,1.0,1280.0,800.0,17.0,0.0,0
34.0,1.0,0.0,0.0,0.0,1.0,0.0,21.0,1.0,0.047619047619047616,3.146316590105431,0.0,0.0,1.0,0.0,0.0,1.0,1.0,0.0,1.0,0.0,0.0,1.0,2464.0,0.0,1.0,25.0,0.0,0.0,0.0,0.0,3.0,0.0,0.0,0.0,0.0,15.0,0.998357155976441,6.0,5.0,25.0,189.0,3.0,1.0,1280.0,800.0,17.0,0.0,0
28.0,1.0,1.0,0.0,1.0,2.0,0.0,16.0,0.0,0.0,2.671339426421581,0.0,0.0,34.0,0.0,0.0,0.0,0.0,0.0,1.0,0.0,0.0,1.0,2242.0,1.0,0.0,17.0,0.0,0.0,0.0,0.0,3.0,0.0,0.0,0.0,0.0,61.0,0.9739111519157104,5.0,4.0,17.0,238.0,6.0,1.0,1920.0,1080.0,31.0,0.0,0
32.0,1.0,1.0,0.0,0.0,2.0,0.0,21.0,0.0,0.0,2.8367650529884756,0.0,0.0,9.0,5.0,0.0,0.0,0.0,0.0,1.0,0.0,0.0,1.0,2197.0,0.0,0.0,3.0,0.0,0.0,0.0,0.0,1.0,0.0,0.0,0.0,0.0,29.0,0.9405576062175316,4.0,1.0,3.0,266.0,14.0,1.0,1280.0,800.0,18.0,0.0,0
39.0,1.0,2.0,0.0,0.0,3.0,0.0,11.0,0.0,0.0,2.3356788813451668,0.0,0.0,27.0,0.0,0.0,1.0,1.0,0.0,1.0,0.0,0.0,1.0,1051.0,1.0,1.0,5.0,0.0,0.0,1.0,0.0,2.0,0.0,0.0,0.0,1.0,106.0,0.9277269784215156,4.0,3.0,5.0,492.0,11.0,1.0,1920.0,1080.0,13.0,0.0,0
19.0,1.0,1.0,0.0,0.0,2.0,0.0,20.0,0.0,0.0,3.0793422869721,0.0,0.0,27.0,5.0,0.0,0.0,0.0,0.0,1.0,0.0,0.0,1.0,1325.0,0.0,0.0,25.0,0.0,0.0,0.0,0.0,0.0,0.0,0.0,0.0,0.0,111.0,0.9972437534315156,3.0,2.0,25.0,283.0,13.0,1.0,1280.0,800.0,43.0,0.0,0
41.0,1.0,1.0,0.0,0.0,2.0,0.0,9.0,0.0,0.0,2.7154958581456996,0.0,0.0,8.0,0.0,0.0,0.0,0.0,0.0,1.0,0.0,0.0,1.0,1108.0,3.0,0.0,5.0,0.0,0.0,0.0,0.0,1.0,1.0,0.0,0.0,0.0,64.0,0.9717114441206463,11.0,7.0,5.0,79.0,11.0,1.0,1920.0,1080.0,7.0,0.0,0
25.0,1.0,1.0,0.0,0.0,2.0,0.0,18.0,0.0,0.0,3.328920097730377,0.0,0.0,23.0,0.0,0.0,0.0,0.0,0.0,1.0,0.0,0.0,0.0,2333.0,0.0,0.0,21.0,0.0,0.0,0.0,0.0,1.0,0.0,0.0,0.0,0.0,108.0,0.9919602208105237,5.0,4.0,21.0,465.0,17.0,1.0,1920.0,1080.0,16.0,0.0,0
36.0,1.0,1.0,0.0,2.0,2.0,0.0,21.0,0.0,0.0,3.185309537697777,0.0,0.0,27.0,5.0,0.0,0.0,0.0,0.0,1.0,0.0,0.0,1.0,1091.0,1.0,0.0,26.0,0.0,0.0,0.0,0.0,0.0,0.0,0.0,0.0,0.0,105.0,0.949694039749445,5.0,4.0,26.0,195.0,1.0,1.0,1920.0,1080.0,23.0,0.0,0
42.0,1.0,0.0,0.0,0.0,1.0,0.0,15.0,0.0,0.0,3.183087430602539,0.0,0.0,30.0,5.0,0.0,0.0,0.0,0.0,1.0,0.0,0.0,1.0,1480.0,2.0,0.0,27.0,0.0,0.0,0.0,0.0,3.0,0.0,0.0,0.0,0.0,43.0,0.9997525131763836,3.0,2.0,27.0,177.0,4.0,1.0,1920.0,1080.0,20.0,0.0,0
52.0,1.0,0.0,0.0,0.0,1.0,0.0,16.0,0.0,0.0,2.583289457589678,0.0,0.0,14.0,0.0,0.0,1.0,1.0,0.0,1.0,0.0,0.0,1.0,526.0,0.0,1.0,4.0,0.0,0.0,0.0,0.0,3.0,0.0,0.0,0.0,0.0,75.0,0.9699976030685875,14.0,9.0,4.0,422.0,8.0,1.0,1920.0,1080.0,12.0,0.0,0
19.0,1.0,2.0,0.0,0.0,3.0,0.0,19.0,0.0,0.0,2.3065770653381454,0.0,0.0,5.0,0.0,0.0,0.0,0.0,0.0,1.0,0.0,0.0,1.0,823.0,0.0,0.0,14.0,0.0,0.0,0.0,0.0,2.0,0.0,0.0,0.0,0.0,72.0,0.9749527982946571,7.0,6.0,14.0,126.0,17.0,1.0,1920.0,1080.0,16.0,0.0,0
32.0,1.0,1.0,0.0,0.0,2.0,0.0,11.0,0.0,0.0,2.453544249383427,0.0,0.0,31.0,5.0,0.0,1.0,1.0,0.0,1.0,0.0,0.0,1.0,980.0,2.0,2.0,7.0,1.0,1.0,0.0,0.0,2.0,3.0,0.0,0.0,1.0,47.0,0.9573950239549766,1.0,0.0,7.0,342.0,2.0,1.0,1280.0,800.0,14.0,0.0,0
48.0,1.0,0.0,0.0,1.0,1.0,0.0,12.0,0.0,0.0,3.230203861784481,0.0,0.0,26.0,0.0,0.0,0.0,0.0,0.0,1.0,0.0,0.0,1.0,370.0,1.0,0.0,5.0,0.0,0.0,0.0,0.0,1.0,0.0,0.0,0.0,0.0,53.0,0.9342108981235437,9.0,8.0,5.0,144.0,17.0,1.0,1920.0,1080.0,19.0,0.0,0
41.0,1.0,1.0,0.0,2.0,2.0,0.0,10.0,0.0,0.0,2.312709240712517,0.0,0.0,6.0,0.0,0.0,1.0,1.0,0.0,1.0,0.0,0.0,1.0,244.0,1.0,0.0,20.0,1.0,1.0,0.0,0.0,1.0,3.0,0.0,0.0,1.0,45.0,0.9778331345761109,10.0,4.0,20.0,165.0,10.0,1.0,1920.0,1080.0,24.0,0.0,0
18.0,1.0,0.0,0.0,0.0,1.0,0.0,19.0,0.0,0.0,2.7945181394500604,0.0,1.0,11.0,0.0,0.0,1.0,1.0,0.0,1.0,0.0,0.0,1.0,1559.0,0.0,0.0,25.0,0.0,0.0,0.0,0.0,2.0,0.0,0.0,0.0,0.0,102.0,0.9865871344070944,13.0,4.0,25.0,186.0,16.0,1.0,1920.0,1080.0,2.0,0.0,0
22.0,1.0,0.0,0.0,0.0,1.0,0.0,21.0,0.0,0.0,2.3112567028769373,0.0,0.0,20.0,5.0,0.0,0.0,0.0,0.0,1.0,0.0,0.0,1.0,1063.0,1.0,0.0,7.0,0.0,0.0,0.0,0.0,1.0,1.0,0.0,0.0,0.0,56.0,0.9276361000148182,6.0,5.0,7.0,93.0,13.0,1.0,1920.0,1080.0,14.0,0.0,0
28.0,1.0,1.0,0.0,0.0,2.0,0.0,18.0,0.0,0.0,2.8689238518967306,0.0,0.0,26.0,5.0,0.0,1.0,1.0,0.0,1.0,0.0,0.0,1.0,533.0,1.0,0.0,3.0,0.0,0.0,0.0,0.0,0.0,0.0,0.0,0.0,0.0,18.0,0.9544930794507842,8.0,4.0,3.0,393.0,4.0,1.0,1920.0,1080.0,4.0,0.0,0
47.0,1.0,1.0,0.0,0.0,2.0,0.0,8.0,0.0,0.0,2.5719716116501976,0.0,0.0,9.0,0.0,0.0,0.0,0.0,0.0,1.0,0.0,0.0,1.0,624.0,0.0,0.0,5.0,0.0,0.0,0.0,0.0,0.0,0.0,0.0,0.0,0.0,94.0,0.9962539880955219,14.0,3.0,5.0,132.0,13.0,1.0,1920.0,1080.0,10.0,0.0,0
32.0,1.0,0.0,0.0,0.0,1.0,0.0,10.0,0.0,0.0,2.850777674286176,0.0,0.0,22.0,20.0,0.0,0.0,0.0,0.0,1.0,0.0,0.0,1.0,444.0,3.0,0.0,27.0,0.0,0.0,0.0,1.0,0.0,1.0,0.0,0.0,1.0,17.0,0.9731489629180867,5.0,4.0,27.0,28.0,10.0,1.0,1920.0,1080.0,34.0,0.0,0
45.0,1.0,1.0,0.0,0.0,2.0,0.0,15.0,0.0,0.0,3.0358695273001093,0.0,0.0,23.0,5.0,0.0,1.0,1.0,0.0,1.0,0.0,0.0,1.0,2265.0,1.0,0.0,13.0,0.0,0.0,1.0,0.0,1.0,0.0,0.0,0.0,1.0,23.0,0.9815303121297424,9.0,8.0,13.0,93.0,5.0,1.0,1280.0,800.0,11.0,0.0,0
50.0,1.0,1.0,0.0,0.0,2.0,0.0,18.0,0.0,0.0,3.2430913605661664,0.0,0.0,3.0,0.0,0.0,1.0,1.0,0.0,1.0,0.0,0.0,1.0,540.0,0.0,0.0,3.0,0.0,0.0,0.0,0.0,2.0,0.0,0.0,0.0,0.0,39.0,0.9875631394287504,7.0,6.0,3.0,210.0,13.0,1.0,1280.0,800.0,31.0,0.0,0
39.0,1.0,1.0,0.0,0.0,2.0,0.0,19.0,0.0,0.0,3.362185691471594,0.0,0.0,30.0,0.0,0.0,1.0,1.0,0.0,1.0,0.0,0.0,1.0,700.0,2.0,0.0,28.0,0.0,0.0,0.0,0.0,0.0,1.0,0.0,0.0,0.0,104.0,0.9685141192643952,11.0,8.0,28.0,180.0,3.0,1.0,1920.0,1080.0,44.0,0.0,0
54.0,1.0,1.0,0.0,0.0,2.0,0.0,9.0,0.0,0.0,2.4952825987584535,0.0,0.0,0.0,5.0,0.0,1.0,1.0,0.0,1.0,0.0,0.0,1.0,1984.0,1.0,0.0,7.0,1.0,1.0,0.0,0.0,0.0,1.0,0.0,0.0,1.0,31.0,0.9861200533584582,13.0,4.0,7.0,141.0,11.0,1.0,1920.0,1080.0,27.0,0.0,0
36.0,1.0,1.0,0.0,0.0,2.0,0.0,14.0,0.0,0.0,3.0450562477993515,0.0,0.0,10.0,20.0,0.0,0.0,0.0,0.0,1.0,0.0,0.0,1.0,814.0,2.0,0.0,6.0,0.0,0.0,0.0,0.0,2.0,0.0,0.0,0.0,0.0,79.0,0.947028570330956,2.0,1.0,6.0,206.0,17.0,1.0,1920.0,1080.0,38.0,0.0,0
35.0,1.0,1.0,0.0,1.0,2.0,0.0,20.0,0.0,0.0,3.126470819581633,0.0,0.0,10.0,0.0,0.0,0.0,0.0,0.0,1.0,0.0,0.0,1.0,2379.0,2.0,0.0,15.0,0.0,0.0,0.0,0.0,1.0,0.0,0.0,0.0,0.0,42.0,0.9292951339135425,3.0,2.0,15.0,139.0,17.0,1.0,1920.0,1080.0,15.0,0.0,0
26.0,1.0,1.0,0.0,0.0,2.0,0.0,14.0,0.0,0.0,2.2460384016572528,0.0,0.0,7.0,5.0,0.0,0.0,0.0,0.0,1.0,0.0,0.0,1.0,1628.0,0.0,0.0,13.0,0.0,0.0,0.0,0.0,2.0,1.0,0.0,0.0,0.0,101.0,0.9544315833502068,8.0,0.0,13.0,228.0,9.0,1.0,1920.0,1080.0,42.0,0.0,0
51.0,1.0,1.0,0.0,0.0,2.0,0.0,14.0,0.0,0.0,3.2091295908414836,0.0,0.0,31.0,0.0,0.0,0.0,0.0,0.0,1.0,0.0,0.0,1.0,166.0,1.0,0.0,23.0,0.0,0.0,0.0,0.0,2.0,0.0,0.0,0.0,0.0,115.0,0.9944038930913223,7.0,6.0,23.0,418.0,0.0,1.0,1280.0,800.0,36.0,0.0,0
20.0,1.0,1.0,0.0,0.0,2.0,0.0,16.0,0.0,0.0,2.693164143355718,0.0,0.0,19.0,0.0,0.0,0.0,0.0,0.0,1.0,0.0,0.0,1.0,1542.0,2.0,1.0,23.0,0.0,0.0,0.0,0.0,0.0,0.0,0.0,0.0,0.0,91.0,0.928782991176662,11.0,9.0,23.0,329.0,1.0,1.0,1920.0,1080.0,38.0,0.0,0
42.0,1.0,0.0,0.0,0.0,1.0,0.0,10.0,0.0,0.0,3.2394360691288018,0.0,0.0,24.0,0.0,0.0,1.0,1.0,0.0,1.0,0.0,0.0,1.0,2363.0,2.0,0.0,15.0,1.0,1.0,0.0,0.0,2.0,3.0,0.0,0.0,1.0,57.0,0.9716752136609076,11.0,8.0,15.0,278.0,4.0,1.0,1280.0,800.0,43.0,0.0,0
53.0,1.0,1.0,0.0,0.0,2.0,0.0,15.0,0.0,0.0,3.3413180987161093,0.0,0.0,23.0,0.0,0.0,0.0,0.0,0.0,1.0,0.0,0.0,1.0,1709.0,0.0,1.0,21.0,0.0,0.0,0.0,0.0,3.0,0.0,0.0,0.0,0.0,72.0,0.9942736568755142,8.0,6.0,21.0,485.0,1.0,1.0,1920.0,1080.0,18.0,0.0,0
18.0,1.0,1.0,0.0,0.0,2.0,0.0,7.0,0.0,0.0,2.14447896206998,0.0,0.0,4.0,0.0,0.0,0.0,0.0,0.0,1.0,0.0,0.0,1.0,1518.0,1.0,0.0,13.0,1.0,1.0,0.0,0.0,2.0,2.0,0.0,0.0,1.0,77.0,0.9821265968835895,8.0,5.0,13.0,282.0,8.0,1.0,1920.0,1080.0,18.0,0.0,0
49.0,1.0,0.0,0.0,0.0,1.0,0.0,15.0,0.0,0.0,3.3914642641804296,0.0,0.0,2.0,0.0,0.0,1.0,1.0,0.0,1.0,0.0,0.0,1.0,590.0,0.0,0.0,7.0,0.0,0.0,0.0,0.0,2.0,0.0,0.0,0.0,0.0,66.0,0.936051566981288,5.0,4.0,7.0,251.0,15.0,1.0,1920.0,1080.0,39.0,0.0,0
40.0,1.0,1.0,0.0,0.0,2.0,0.0,13.0,0.0,0.0,2.511356513421422,0.0,0.0,19.0,0.0,0.0,0.0,0.0,0.0,1.0,0.0,0.0,1.0,449.0,2.0,0.0,25.0,0.0,0.0,0.0,0.0,1.0,0.0,0.0,0.0,0.0,19.0,0.9817580863387368,3.0,0.0,25.0,104.0,18.0,1.0,1920.0,1080.0,24.0,0.0,0
24.0,1.0,0.0,0.0,0.0,1.0,0.0,17.0,0.0,0.0,2.227303084981251,0.0,1.0,32.0,0.0,0.0,1.0,1.0,0.0,1.0,0.0,0.0,1.0,1963.0,3.0,0.0,13.0,0.0,0.0,0.0,0.0,2.0,0.0,0.0,0.0,0.0,60.0,0.9239483234559333,7.0,6.0,13.0,13.0,11.0,1.0,1920.0,1080.0,10.0,0.0,0
39.0,1.0,0.0,0.0,0.0,1.0,0.0,21.0,0.0,0.0,2.91005533452309,0.0,0.0,33.0,0.0,0.0,0.0,0.0,0.0,1.0,0.0,0.0,1.0,895.0,3.0,0.0,14.0,0.0,0.0,0.0,0.0,3.0,0.0,0.0,0.0,0.0,35.0,0.9729443480545934,6.0,0.0,14.0,154.0,8.0,1.0,1280.0,800.0,13.0,0.0,0
21.0,1.0,0.0,0.0,2.0,1.0,0.0,13.0,0.0,0.0,2.367501678540683,0.0,0.0,7.0,0.0,0.0,1.0,1.0,0.0,1.0,0.0,0.0,1.0,1840.0,2.0,0.0,25.0,0.0,0.0,1.0,0.0,2.0,0.0,0.0,0.0,1.0,67.0,0.9435215256954995,12.0,8.0,25.0,394.0,15.0,1.0,1920.0,1080.0,36.0,0.0,0
28.0,1.0,0.0,0.0,0.0,1.0,0.0,15.0,1.0,0.06666666666666667,3.1208535206870156,0.0,0.0,8.0,0.0,0.0,1.0,1.0,0.0,1.0,0.0,0.0,1.0,2483.0,0.0,0.0,7.0,0.0,0.0,0.0,0.0,1.0,0.0,0.0,0.0,0.0,33.0,0.9629969896215201,12.0,0.0,7.0,104.0,12.0,1.0,1920.0,1080.0,38.0,0.0,0
28.0,1.0,1.0,0.0,0.0,2.0,0.0,21.0,0.0,0.0,2.4373170176557593,0.0,0.0,29.0,0.0,0.0,0.0,0.0,0.0,1.0,0.0,0.0,1.0,2352.0,1.0,0.0,13.0,0.0,0.0,0.0,0.0,0.0,1.0,0.0,0.0,0.0,105.0,0.9340309203269876,6.0,4.0,13.0,435.0,15.0,1.0,1920.0,1080.0,38.0,0.0,0
33.0,1.0,1.0,0.0,0.0,2.0,0.0,8.0,0.0,0.0,3.2121218422084077,0.0,0.0,30.0,0.0,0.0,1.0,1.0,0.0,1.0,0.0,0.0,1.0,1096.0,2.0,0.0,15.0,0.0,0.0,0.0,0.0,0.0,0.0,0.0,0.0,0.0,36.0,0.9411091900831936,4.0,1.0,15.0,362.0,4.0,1.0,1920.0,1080.0,36.0,0.0,0
37.0,1.0,0.0,0.0,0.0,1.0,0.0,16.0,0.0,0.0,2.2267183942715354,0.0,0.0,21.0,0.0,0.0,1.0,1.0,0.0,1.0,0.0,0.0,1.0,1749.0,0.0,0.0,11.0,0.0,0.0,0.0,0.0,3.0,0.0,0.0,0.0,0.0,36.0,0.9227000847021967,11.0,6.0,11.0,118.0,1.0,1.0,1920.0,1080.0,27.0,0.0,0
28.0,1.0,1.0,0.0,0.0,2.0,0.0,10.0,1.0,0.1,2.836387274611348,0.0,0.0,31.0,20.0,0.0,0.0,0.0,0.0,1.0,0.0,0.0,1.0,2245.0,2.0,1.0,6.0,0.0,0.0,0.0,0.0,0.0,0.0,0.0,0.0,0.0,56.0,0.9886316605820127,8.0,7.0,6.0,134.0,8.0,1.0,1920.0,1080.0,18.0,0.0,0
22.0,1.0,0.0,0.0,0.0,1.0,0.0,20.0,0.0,0.0,2.2480453899995116,0.0,0.0,10.0,20.0,0.0,0.0,0.0,0.0,1.0,0.0,0.0,1.0,2390.0,0.0,0.0,11.0,0.0,0.0,0.0,0.0,3.0,1.0,0.0,0.0,0.0,57.0,0.9338126356919235,13.0,1.0,11.0,90.0,8.0,1.0,1280.0,800.0,14.0,0.0,0
35.0,1.0,1.0,0.0,0.0,2.0,0.0,16.0,0.0,0.0,2.935562554674395,0.0,0.0,14.0,0.0,0.0,0.0,0.0,0.0,1.0,0.0,0.0,1.0,440.0,1.0,0.0,29.0,0.0,0.0,0.0,0.0,0.0,1.0,0.0,0.0,0.0,107.0,0.9358193440640922,13.0,3.0,29.0,422.0,19.0,1.0,1920.0,1080.0,28.0,0.0,0
37.0,1.0,0.0,0.0,0.0,1.0,0.0,15.0,0.0,0.0,3.2442238348329835,0.0,0.0,12.0,0.0,0.0,0.0,0.0,0.0,1.0,0.0,0.0,1.0,714.0,2.0,0.0,14.0,0.0,0.0,0.0,0.0,0.0,0.0,1.0,0.0,0.0,34.0,0.9662164400812362,9.0,5.0,14.0,67.0,3.0,1.0,1920.0,1080.0,8.0,0.0,0
31.0,1.0,1.0,0.0,0.0,2.0,0.0,13.0,0.0,0.0,3.2980313855826555,0.0,0.0,21.0,0.0,0.0,0.0,0.0,0.0,1.0,0.0,0.0,1.0,2101.0,0.0,0.0,10.0,0.0,0.0,0.0,0.0,3.0,0.0,0.0,0.0,0.0,71.0,0.9412889692959939,13.0,2.0,10.0,246.0,5.0,1.0,1920.0,1080.0,32.0,0.0,0
21.0,1.0,1.0,0.0,0.0,2.0,0.0,11.0,0.0,0.0,2.7753144019171234,0.0,0.0,17.0,0.0,0.0,0.0,0.0,0.0,1.0,0.0,0.0,1.0,681.0,0.0,0.0,8.0,0.0,0.0,0.0,0.0,0.0,1.0,0.0,0.0,0.0,24.0,0.9605251187745902,8.0,7.0,8.0,179.0,6.0,1.0,1920.0,1080.0,20.0,0.0,0
26.0,1.0,0.0,0.0,0.0,1.0,0.0,12.0,0.0,0.0,3.202189685055791,0.0,0.0,13.0,0.0,0.0,0.0,0.0,0.0,1.0,0.0,0.0,1.0,2346.0,1.0,0.0,24.0,0.0,0.0,0.0,0.0,3.0,0.0,0.0,0.0,0.0,18.0,0.9851466709765575,5.0,0.0,24.0,230.0,13.0,1.0,1920.0,1080.0,14.0,0.0,0
51.0,1.0,0.0,0.0,0.0,1.0,0.0,7.0,0.0,0.0,2.2180136884610917,0.0,0.0,31.0,0.0,0.0,0.0,0.0,0.0,1.0,0.0,0.0,1.0,362.0,2.0,0.0,22.0,0.0,0.0,0.0,0.0,2.0,0.0,0.0,0.0,0.0,15.0,0.921671696976446,12.0,3.0,22.0,66.0,14.0,1.0,1920.0,1080.0,16.0,0.0,0
28.0,1.0,0.0,0.0,2.0,1.0,0.0,8.0,0.0,0.0,2.722027114478733,0.0,0.0,22.0,0.0,0.0,0.0,0.0,0.0,1.0,0.0,0.0,1.0,1661.0,2.0,0.0,5.0,1.0,1.0,0.0,0.0,0.0,2.0,0.0,0.0,1.0,30.0,0.957200530576987,1.0,0.0,5.0,315.0,11.0,1.0,1920.0,1080.0,13.0,0.0,0
44.0,0.0,1.0,0.0,1.0,2.0,0.0,7.0,0.0,0.0,2.4986642339094933,0.0,0.0,20.0,0.0,0.0,0.0,0.0,0.0,0.0,0.0,0.0,0.0,2410.0,2.0,1.0,4.0,0.0,0.0,0.0,0.0,1.0,0.0,0.0,0.0,0.0,113.0,0.3035067197158728,13.0,3.0,4.0,291.0,9.0,1.0,1280.0,800.0,7.0,0.0,0
32.0,1.0,0.0,0.0,0.0,1.0,0.0,20.0,0.0,0.0,2.7264188481021825,0.0,0.0,21.0,0.0,0.0,0.0,0.0,0.0,1.0,0.0,0.0,1.0,401.0,1.0,1.0,17.0,0.0,0.0,0.0,0.0,1.0,0.0,0.0,0.0,0.0,34.0,0.9384428097593375,5.0,2.0,17.0,97.0,4.0,1.0,1280.0,800.0,33.0,0.0,0
48.0,1.0,1.0,0.0,0.0,2.0,0.0,19.0,0.0,0.0,2.5856268270705804,0.0,0.0,34.0,20.0,0.0,0.0,0.0,0.0,1.0,0.0,0.0,1.0,1803.0,1.0,0.0,4.0,0.0,0.0,0.0,0.0,2.0,1.0,0.0,0.0,0.0,68.0,0.9234690640134582,11.0,2.0,4.0,170.0,9.0,1.0,1920.0,1080.0,44.0,0.0,0
38.0,1.0,1.0,0.0,1.0,2.0,0.0,16.0,0.0,0.0,2.585192166188142,0.0,0.0,23.0,0.0,0.0,1.0,1.0,0.0,1.0,0.0,0.0,1.0,95.0,0.0,0.0,6.0,0.0,0.0,0.0,0.0,2.0,1.0,0.0,0.0,0.0,17.0,0.9345104838160304,5.0,4.0,6.0,179.0,9.0,1.0,1920.0,1080.0,44.0,0.0,0
38.0,1.0,0.0,0.0,2.0,1.0,0.0,9.0,0.0,0.0,2.9023884169177006,0.0,0.0,23.0,0.0,0.0,1.0,1.0,0.0,1.0,0.0,0.0,1.0,864.0,0.0,0.0,7.0,0.0,0.0,0.0,0.0,3.0,0.0,0.0,0.0,0.0,108.0,0.9399349349355303,10.0,5.0,7.0,274.0,1.0,1.0,1280.0,800.0,27.0,0.0,0
30.0,1.0,0.0,0.0,0.0,1.0,0.0,13.0,0.0,0.0,3.293221705980499,0.0,0.0,13.0,0.0,0.0,0.0,0.0,0.0,1.0,0.0,0.0,1.0,377.0,0.0,1.0,12.0,0.0,0.0,0.0,0.0,1.0,1.0,0.0,0.0,0.0,95.0,0.9222649173908185,6.0,5.0,12.0,258.0,3.0,1.0,1920.0,1080.0,31.0,0.0,0
50.0,1.0,1.0,0.0,0.0,2.0,0.0,14.0,0.0,0.0,2.743669539763676,0.0,1.0,29.0,0.0,0.0,1.0,1.0,0.0,1.0,0.0,0.0,1.0,1401.0,1.0,0.0,6.0,0.0,0.0,0.0,0.0,1.0,0.0,0.0,0.0,0.0,44.0,0.9844296826981785,10.0,8.0,6.0,290.0,11.0,1.0,1920.0,1080.0,41.0,0.0,0
47.0,1.0,1.0,0.0,0.0,2.0,0.0,18.0,0.0,0.0,3.2452002888147096,0.0,0.0,33.0,0.0,0.0,1.0,1.0,0.0,1.0,0.0,0.0,1.0,178.0,2.0,0.0,23.0,1.0,0.0,0.0,0.0,0.0,1.0,0.0,0.0,1.0,41.0,0.9955834673362858,10.0,3.0,23.0,117.0,16.0,1.0,1920.0,1080.0,28.0,0.0,0
34.0,1.0,0.0,0.0,0.0,1.0,0.0,16.0,0.0,0.0,2.682052756585769,0.0,0.0,33.0,0.0,0.0,0.0,0.0,0.0,1.0,0.0,0.0,1.0,437.0,0.0,1.0,25.0,0.0,0.0,0.0,0.0,3.0,0.0,0.0,0.0,0.0,39.0,0.9403070785392903,7.0,6.0,25.0,178.0,0.0,1.0,1920.0,1080.0,26.0,0.0,0
27.0,1.0,1.0,0.0,0.0,2.0,0.0,16.0,0.0,0.0,2.691465803601242,0.0,0.0,26.0,0.0,0.0,1.0,1.0,0.0,1.0,0.0,0.0,1.0,253.0,1.0,0.0,16.0,0.0,0.0,0.0,0.0,0.0,0.0,0.0,0.0,0.0,57.0,0.9229383487635704,2.0,1.0,16.0,306.0,3.0,1.0,1920.0,1080.0,16.0,0.0,0
32.0,1.0,0.0,0.0,0.0,1.0,0.0,12.0,0.0,0.0,2.841297220490677,0.0,0.0,14.0,0.0,0.0,1.0,1.0,0.0,1.0,0.0,0.0,1.0,1590.0,0.0,0.0,2.0,0.0,0.0,0.0,0.0,2.0,1.0,0.0,0.0,0.0,93.0,0.9986842199102219,14.0,4.0,2.0,335.0,18.0,1.0,1920.0,1080.0,16.0,0.0,0
24.0,1.0,1.0,0.0,0.0,2.0,0.0,14.0,0.0,0.0,2.3031358129549395,0.0,0.0,4.0,5.0,0.0,0.0,0.0,0.0,1.0,0.0,0.0,1.0,1192.0,3.0,0.0,2.0,0.0,0.0,0.0,0.0,1.0,0.0,0.0,0.0,0.0,22.0,0.9870870206559241,7.0,1.0,2.0,109.0,2.0,1.0,1280.0,800.0,33.0,0.0,0
18.0,0.0,0.0,0.0,0.0,1.0,0.0,12.0,0.0,0.0,3.356124516174012,0.0,0.0,11.0,0.0,0.0,0.0,0.0,0.0,0.0,0.0,0.0,0.0,1045.0,2.0,2.0,17.0,0.0,0.0,0.0,0.0,2.0,1.0,0.0,0.0,0.0,97.0,0.455510810201179,3.0,2.0,17.0,51.0,15.0,1.0,1920.0,1080.0,38.0,0.0,0
30.0,1.0,1.0,0.0,1.0,2.0,0.0,21.0,0.0,0.0,3.2113297322182586,0.0,0.0,30.0,5.0,0.0,1.0,1.0,0.0,1.0,0.0,0.0,1.0,817.0,1.0,0.0,17.0,0.0,0.0,0.0,0.0,2.0,0.0,0.0,0.0,0.0,30.0,0.9279122821065899,13.0,0.0,17.0,186.0,4.0,1.0,1920.0,1080.0,2.0,0.0,0
47.0,1.0,1.0,0.0,0.0,2.0,0.0,13.0,0.0,0.0,3.113983622545091,0.0,0.0,28.0,0.0,0.0,0.0,0.0,0.0,1.0,0.0,0.0,1.0,1175.0,1.0,1.0,28.0,0.0,0.0,0.0,0.0,3.0,0.0,1.0,0.0,0.0,112.0,0.9961619421735659,10.0,7.0,28.0,339.0,18.0,1.0,1920.0,1080.0,34.0,0.0,0
40.0,1.0,0.0,0.0,0.0,1.0,0.0,8.0,0.0,0.0,3.001115979168523,0.0,0.0,32.0,0.0,0.0,1.0,1.0,0.0,1.0,0.0,0.0,1.0,820.0,2.0,0.0,17.0,1.0,0.0,0.0,0.0,1.0,2.0,0.0,0.0,1.0,96.0,0.9374766185606154,4.0,3.0,17.0,398.0,10.0,1.0,1920.0,1080.0,4.0,0.0,0
31.0,1.0,1.0,0.0,0.0,2.0,0.0,18.0,0.0,0.0,2.431941134693214,0.0,0.0,29.0,0.0,0.0,0.0,0.0,0.0,1.0,0.0,0.0,1.0,1633.0,1.0,0.0,9.0,0.0,0.0,0.0,0.0,3.0,0.0,0.0,0.0,0.0,34.0,0.9910023244808577,5.0,4.0,9.0,477.0,5.0,1.0,1920.0,1080.0,11.0,0.0,0
25.0,1.0,0.0,0.0,2.0,1.0,0.0,20.0,0.0,0.0,2.9490134262432877,0.0,0.0,22.0,0.0,0.0,0.0,0.0,0.0,1.0,0.0,0.0,1.0,462.0,0.0,0.0,3.0,0.0,0.0,0.0,0.0,3.0,0.0,1.0,0.0,0.0,60.0,0.940731855892736,11.0,9.0,3.0,223.0,5.0,1.0,1280.0,800.0,29.0,0.0,0
43.0,1.0,0.0,0.0,1.0,1.0,0.0,12.0,0.0,0.0,3.0392709392251405,0.0,0.0,7.0,20.0,0.0,1.0,1.0,0.0,1.0,0.0,0.0,1.0,577.0,1.0,0.0,6.0,0.0,0.0,0.0,0.0,0.0,0.0,0.0,0.0,0.0,96.0,0.9293220432559454,11.0,6.0,6.0,178.0,18.0,1.0,1920.0,1080.0,11.0,0.0,0
37.0,1.0,1.0,0.0,0.0,2.0,0.0,8.0,0.0,0.0,2.8310144173782024,0.0,0.0,10.0,0.0,0.0,0.0,0.0,0.0,1.0,0.0,0.0,1.0,2204.0,1.0,0.0,29.0,0.0,0.0,0.0,0.0,2.0,0.0,0.0,0.0,0.0,99.0,0.9934982605196425,7.0,3.0,29.0,297.0,16.0,1.0,1280.0,800.0,21.0,0.0,0
18.0,1.0,1.0,0.0,0.0,2.0,0.0,15.0,0.0,0.0,2.3181606198850813,0.0,0.0,19.0,0.0,0.0,0.0,0.0,0.0,1.0,0.0,0.0,1.0,1440.0,1.0,0.0,8.0,0.0,0.0,0.0,0.0,2.0,1.0,0.0,0.0,0.0,22.0,0.9978944763518565,12.0,1.0,8.0,355.0,16.0,1.0,1920.0,1080.0,16.0,0.0,0
48.0,1.0,0.0,0.0,2.0,1.0,0.0,14.0,0.0,0.0,2.1875068654480057,0.0,0.0,14.0,0.0,0.0,0.0,0.0,0.0,1.0,0.0,0.0,1.0,2260.0,1.0,0.0,27.0,0.0,0.0,0.0,0.0,2.0,0.0,0.0,0.0,0.0,70.0,0.9879746230879936,14.0,5.0,27.0,151.0,19.0,1.0,1920.0,1080.0,40.0,0.0,0
39.0,1.0,1.0,0.0,0.0,2.0,0.0,17.0,0.0,0.0,2.8434339308621603,0.0,0.0,12.0,0.0,0.0,1.0,1.0,0.0,1.0,0.0,0.0,1.0,1651.0,0.0,0.0,28.0,0.0,0.0,0.0,0.0,1.0,1.0,1.0,0.0,0.0,107.0,0.9244944287774489,7.0,2.0,28.0,462.0,1.0,1.0,1920.0,1080.0,13.0,0.0,0
24.0,1.0,1.0,0.0,0.0,2.0,0.0,11.0,1.0,0.09090909090909091,3.0134985512587784,0.0,0.0,6.0,0.0,0.0,0.0,0.0,0.0,1.0,0.0,0.0,1.0,2265.0,1.0,0.0,9.0,0.0,0.0,0.0,0.0,2.0,0.0,0.0,0.0,0.0,48.0,0.9729248464683422,11.0,7.0,9.0,229.0,2.0,1.0,1920.0,1080.0,27.0,0.0,0
24.0,1.0,1.0,0.0,0.0,2.0,0.0,8.0,0.0,0.0,2.7976021901735377,0.0,0.0,34.0,0.0,0.0,1.0,1.0,0.0,1.0,0.0,0.0,1.0,623.0,0.0,1.0,17.0,0.0,0.0,0.0,0.0,2.0,0.0,0.0,0.0,0.0,103.0,0.9582742941415564,8.0,1.0,17.0,285.0,16.0,1.0,1920.0,1080.0,44.0,0.0,0
30.0,1.0,0.0,0.0,2.0,1.0,0.0,21.0,0.0,0.0,2.6087073223336783,0.0,0.0,4.0,5.0,0.0,0.0,0.0,0.0,1.0,0.0,0.0,1.0,1043.0,1.0,0.0,23.0,0.0,0.0,0.0,0.0,2.0,1.0,0.0,0.0,0.0,41.0,0.9255203871360322,7.0,3.0,23.0,196.0,16.0,1.0,1920.0,1080.0,30.0,0.0,0
22.0,1.0,1.0,0.0,0.0,2.0,0.0,20.0,1.0,0.05,2.609773462318987,0.0,0.0,21.0,0.0,0.0,0.0,0.0,0.0,1.0,0.0,0.0,1.0,1700.0,1.0,0.0,18.0,0.0,0.0,0.0,0.0,0.0,0.0,0.0,0.0,0.0,119.0,0.9365168140553675,5.0,4.0,18.0,414.0,5.0,1.0,1920.0,1080.0,10.0,0.0,0
24.0,1.0,1.0,0.0,0.0,2.0,0.0,12.0,0.0,0.0,3.02255571802489,0.0,0.0,10.0,0.0,0.0,0.0,0.0,0.0,1.0,0.0,0.0,0.0,1633.0,0.0,0.0,5.0,0.0,0.0,0.0,0.0,0.0,0.0,0.0,0.0,0.0,43.0,0.9674566956218488,7.0,5.0,5.0,224.0,6.0,1.0,1920.0,1080.0,11.0,0.0,0
44.0,1.0,1.0,0.0,0.0,2.0,0.0,19.0,0.0,0.0,3.0025242692621203,0.0,0.0,24.0,0.0,0.0,0.0,0.0,0.0,1.0,0.0,0.0,1.0,987.0,1.0,0.0,25.0,0.0,0.0,0.0,0.0,0.0,1.0,0.0,0.0,0.0,74.0,0.9574344974351745,8.0,4.0,25.0,85.0,8.0,1.0,1920.0,1080.0,31.0,0.0,0
47.0,1.0,1.0,0.0,0.0,2.0,0.0,13.0,0.0,0.0,2.999322504785494,0.0,0.0,0.0,0.0,0.0,0.0,0.0,0.0,1.0,0.0,0.0,1.0,817.0,1.0,1.0,16.0,0.0,0.0,0.0,0.0,0.0,0.0,0.0,0.0,0.0,62.0,0.9860093096728071,7.0,5.0,16.0,483.0,11.0,1.0,1920.0,1080.0,44.0,0.0,0
19.0,1.0,1.0,0.0,0.0,2.0,0.0,17.0,0.0,0.0,2.3816868614897904,0.0,0.0,28.0,0.0,0.0,1.0,1.0,0.0,1.0,0.0,0.0,1.0,938.0,0.0,0.0,7.0,0.0,0.0,0.0,0.0,0.0,1.0,0.0,0.0,0.0,26.0,0.976177526557336,1.0,0.0,7.0,435.0,7.0,1.0,1920.0,1080.0,18.0,0.0,0
48.0,1.0,0.0,0.0,0.0,1.0,0.0,11.0,0.0,0.0,2.8037291008094307,0.0,0.0,15.0,0.0,0.0,0.0,0.0,0.0,1.0,0.0,0.0,1.0,2486.0,1.0,0.0,10.0,0.0,0.0,0.0,0.0,2.0,1.0,0.0,0.0,0.0,72.0,0.9392571975426594,7.0,3.0,10.0,59.0,7.0,1.0,1920.0,1080.0,40.0,0.0,0
30.0,1.0,1.0,0.0,0.0,2.0,0.0,20.0,0.0,0.0,2.2275645755629574,0.0,0.0,13.0,5.0,0.0,1.0,1.0,0.0,1.0,0.0,0.0,1.0,1124.0,1.0,0.0,6.0,0.0,0.0,0.0,1.0,3.0,1.0,1.0,0.0,1.0,32.0,0.9725960806835312,11.0,5.0,6.0,453.0,8.0,1.0,1920.0,1080.0,8.0,0.0,0
48.0,1.0,1.0,0.0,0.0,2.0,0.0,7.0,0.0,0.0,3.0275009050586066,0.0,0.0,16.0,0.0,0.0,0.0,0.0,0.0,1.0,0.0,0.0,1.0,375.0,1.0,0.0,9.0,0.0,0.0,0.0,0.0,2.0,1.0,0.0,0.0,0.0,60.0,0.9524410797779426,2.0,1.0,9.0,354.0,11.0,1.0,1920.0,1080.0,42.0,0.0,0
18.0,1.0,0.0,0.0,0.0,1.0,0.0,8.0,0.0,0.0,3.362434867185907,0.0,0.0,9.0,0.0,0.0,1.0,1.0,0.0,1.0,0.0,0.0,1.0,1783.0,0.0,0.0,15.0,0.0,0.0,0.0,0.0,1.0,0.0,0.0,0.0,0.0,112.0,0.9677156471606291,6.0,4.0,15.0,164.0,11.0,1.0,1920.0,1080.0,17.0,0.0,0
19.0,1.0,0.0,0.0,0.0,1.0,0.0,14.0,0.0,0.0,2.2084516448744997,0.0,0.0,29.0,0.0,0.0,0.0,0.0,0.0,1.0,0.0,0.0,1.0,851.0,1.0,1.0,15.0,0.0,0.0,0.0,0.0,2.0,0.0,1.0,0.0,0.0,15.0,0.9303810645838397,6.0,0.0,15.0,191.0,16.0,1.0,1920.0,1080.0,7.0,0.0,0
20.0,1.0,1.0,0.0,1.0,2.0,0.0,9.0,0.0,0.0,3.212785202264384,0.0,0.0,6.0,0.0,0.0,0.0,0.0,0.0,1.0,0.0,0.0,1.0,1638.0,1.0,1.0,2.0,0.0,0.0,0.0,0.0,3.0,1.0,0.0,0.0,0.0,43.0,0.9797461740370457,2.0,1.0,2.0,203.0,13.0,1.0,1920.0,1080.0,20.0,0.0,0
22.0,1.0,1.0,0.0,0.0,2.0,0.0,10.0,0.0,0.0,2.662872395874746,0.0,0.0,8.0,0.0,0.0,0.0,0.0,0.0,1.0,0.0,0.0,1.0,2024.0,1.0,0.0,10.0,0.0,0.0,0.0,0.0,0.0,0.0,0.0,0.0,0.0,119.0,0.9544451873735892,10.0,9.0,10.0,236.0,18.0,1.0,1280.0,800.0,38.0,0.0,0
21.0,1.0,0.0,0.0,0.0,1.0,0.0,17.0,0.0,0.0,3.3755339391456682,0.0,0.0,25.0,0.0,0.0,1.0,1.0,0.0,1.0,0.0,0.0,1.0,2251.0,0.0,0.0,3.0,0.0,0.0,0.0,0.0,0.0,0.0,0.0,0.0,0.0,66.0,0.9729849075199493,4.0,3.0,3.0,51.0,4.0,1.0,1920.0,1080.0,24.0,0.0,0
49.0,1.0,1.0,0.0,0.0,2.0,0.0,9.0,0.0,0.0,2.325385101274243,0.0,0.0,32.0,20.0,0.0,1.0,1.0,0.0,1.0,0.0,0.0,1.0,116.0,0.0,0.0,23.0,0.0,0.0,0.0,0.0,3.0,0.0,0.0,0.0,0.0,51.0,0.9424300638230526,14.0,8.0,23.0,156.0,9.0,1.0,1280.0,800.0,42.0,0.0,0
49.0,1.0,0.0,0.0,0.0,1.0,0.0,13.0,0.0,0.0,2.5624535214851067,0.0,0.0,31.0,0.0,0.0,0.0,0.0,0.0,1.0,0.0,0.0,1.0,1057.0,0.0,1.0,13.0,0.0,0.0,0.0,0.0,0.0,1.0,0.0,0.0,0.0,46.0,0.9802587332481133,14.0,0.0,13.0,93.0,5.0,1.0,1920.0,1080.0,21.0,0.0,0
43.0,1.0,0.0,0.0,0.0,1.0,0.0,19.0,0.0,0.0,3.334123130513462,0.0,0.0,11.0,0.0,0.0,0.0,0.0,0.0,1.0,0.0,0.0,1.0,442.0,1.0,0.0,9.0,0.0,0.0,0.0,0.0,0.0,0.0,0.0,0.0,0.0,110.0,0.9440184758050302,6.0,4.0,9.0,36.0,10.0,1.0,1280.0,800.0,35.0,0.0,0
42.0,1.0,0.0,0.0,0.0,1.0,0.0,12.0,2.0,0.16666666666666666,2.353967035511977,0.0,0.0,15.0,0.0,0.0,0.0,0.0,0.0,1.0,0.0,0.0,1.0,1139.0,0.0,0.0,7.0,0.0,0.0,0.0,0.0,0.0,0.0,0.0,0.0,0.0,38.0,0.9993972063022207,5.0,0.0,7.0,79.0,3.0,1.0,1920.0,1080.0,35.0,0.0,0
39.0,1.0,0.0,0.0,0.0,1.0,0.0,12.0,0.0,0.0,3.0703265113768796,0.0,0.0,13.0,0.0,0.0,0.0,0.0,0.0,1.0,0.0,0.0,1.0,681.0,1.0,0.0,16.0,0.0,0.0,0.0,0.0,2.0,0.0,0.0,0.0,0.0,33.0,0.9614173333042018,3.0,2.0,16.0,27.0,12.0,1.0,1280.0,800.0,31.0,0.0,0
19.0,1.0,0.0,0.0,0.0,1.0,0.0,15.0,1.0,0.06666666666666667,2.318139047312106,0.0,0.0,7.0,0.0,0.0,0.0,0.0,0.0,1.0,0.0,0.0,1.0,284.0,3.0,0.0,15.0,0.0,0.0,0.0,0.0,0.0,0.0,0.0,0.0,0.0,24.0,0.9786129301616185,13.0,3.0,15.0,404.0,13.0,1.0,1920.0,1080.0,19.0,0.0,0
23.0,1.0,1.0,0.0,0.0,2.0,0.0,14.0,0.0,0.0,2.835835269735372,0.0,0.0,28.0,0.0,0.0,1.0,1.0,0.0,1.0,0.0,0.0,1.0,1064.0,1.0,2.0,5.0,0.0,0.0,0.0,0.0,3.0,0.0,0.0,0.0,0.0,103.0,0.963932516502594,5.0,4.0,5.0,247.0,17.0,1.0,1920.0,1080.0,12.0,0.0,0
28.0,1.0,2.0,0.0,0.0,3.0,0.0,7.0,0.0,0.0,2.3061347982776566,0.0,0.0,2.0,5.0,0.0,1.0,1.0,0.0,1.0,0.0,0.0,1.0,2438.0,1.0,0.0,17.0,0.0,0.0,0.0,0.0,3.0,0.0,0.0,0.0,0.0,39.0,0.9486734684162389,10.0,0.0,17.0,299.0,19.0,1.0,1920.0,1080.0,41.0,0.0,0
41.0,1.0,0.0,0.0,0.0,1.0,0.0,11.0,0.0,0.0,2.708554608486447,0.0,0.0,29.0,0.0,0.0,0.0,0.0,0.0,1.0,0.0,0.0,1.0,1724.0,3.0,0.0,6.0,0.0,0.0,0.0,0.0,1.0,0.0,0.0,0.0,0.0,78.0,0.9534799976373471,7.0,3.0,6.0,361.0,18.0,1.0,1280.0,800.0,21.0,0.0,0
47.0,1.0,0.0,0.0,0.0,1.0,0.0,16.0,0.0,0.0,2.764526003333055,0.0,0.0,2.0,0.0,0.0,0.0,0.0,0.0,1.0,0.0,0.0,1.0,710.0,0.0,1.0,14.0,0.0,0.0,0.0,0.0,0.0,1.0,0.0,0.0,0.0,90.0,0.9704838834822949,1.0,0.0,14.0,199.0,5.0,1.0,1920.0,1080.0,41.0,0.0,0
39.0,1.0,1.0,0.0,1.0,2.0,0.0,16.0,0.0,0.0,2.16034780108078,0.0,0.0,19.0,0.0,0.0,0.0,0.0,0.0,1.0,0.0,0.0,1.0,792.0,1.0,0.0,27.0,0.0,0.0,0.0,0.0,1.0,0.0,0.0,0.0,0.0,97.0,0.9436413951672766,5.0,4.0,27.0,330.0,2.0,1.0,1280.0,800.0,19.0,0.0,0
42.0,1.0,1.0,0.0,0.0,2.0,0.0,15.0,0.0,0.0,2.9011705783068313,0.0,0.0,1.0,0.0,0.0,0.0,0.0,0.0,1.0,0.0,0.0,1.0,1320.0,0.0,0.0,22.0,0.0,0.0,0.0,0.0,1.0,1.0,0.0,0.0,0.0,83.0,0.9705100246083324,7.0,6.0,22.0,49.0,3.0,1.0,1920.0,1080.0,3.0,0.0,0
37.0,1.0,1.0,0.0,0.0,2.0,0.0,13.0,0.0,0.0,3.282511888235836,0.0,0.0,23.0,0.0,0.0,0.0,0.0,0.0,1.0,0.0,0.0,1.0,2488.0,0.0,1.0,12.0,0.0,0.0,0.0,0.0,3.0,0.0,0.0,0.0,0.0,82.0,0.9544745154616017,1.0,0.0,12.0,394.0,15.0,1.0,1920.0,1080.0,13.0,0.0,0
36.0,1.0,1.0,0.0,1.0,2.0,0.0,7.0,0.0,0.0,3.1946869062209506,0.0,0.0,16.0,0.0,0.0,1.0,1.0,0.0,1.0,0.0,0.0,1.0,560.0,1.0,0.0,3.0,0.0,0.0,0.0,1.0,2.0,0.0,0.0,0.0,1.0,60.0,0.9218324693277747,3.0,2.0,3.0,428.0,18.0,1.0,1920.0,1080.0,5.0,0.0,0
18.0,1.0,1.0,0.0,0.0,2.0,0.0,8.0,0.0,0.0,3.13679843875644,0.0,0.0,34.0,0.0,0.0,0.0,0.0,0.0,1.0,0.0,0.0,1.0,2414.0,1.0,0.0,17.0,0.0,0.0,0.0,0.0,2.0,1.0,0.0,0.0,0.0,83.0,0.981279440821302,9.0,1.0,17.0,472.0,5.0,1.0,1920.0,1080.0,18.0,0.0,0
20.0,1.0,1.0,0.0,0.0,2.0,0.0,21.0,0.0,0.0,3.3134719860123374,0.0,0.0,3.0,0.0,0.0,1.0,1.0,0.0,1.0,0.0,0.0,1.0,673.0,1.0,1.0,28.0,1.0,0.0,0.0,0.0,1.0,1.0,0.0,0.0,1.0,55.0,0.9238924625599305,8.0,1.0,28.0,478.0,17.0,1.0,1280.0,800.0,7.0,0.0,0
41.0,1.0,0.0,0.0,1.0,1.0,0.0,8.0,0.0,0.0,2.5162839221002113,0.0,0.0,24.0,20.0,0.0,0.0,0.0,0.0,1.0,0.0,0.0,1.0,404.0,2.0,0.0,19.0,0.0,0.0,0.0,0.0,3.0,0.0,0.0,0.0,0.0,101.0,0.941980422093961,10.0,7.0,19.0,313.0,4.0,1.0,1920.0,1080.0,29.0,0.0,0
25.0,1.0,1.0,0.0,2.0,2.0,0.0,20.0,0.0,0.0,3.3087468277433354,0.0,0.0,10.0,0.0,0.0,0.0,0.0,0.0,1.0,0.0,0.0,1.0,429.0,1.0,2.0,17.0,0.0,0.0,0.0,0.0,3.0,0.0,0.0,0.0,0.0,97.0,0.9253328610622296,3.0,2.0,17.0,66.0,6.0,1.0,1280.0,800.0,26.0,0.0,0
43.0,1.0,0.0,0.0,0.0,1.0,0.0,19.0,0.0,0.0,2.7970719223888336,0.0,0.0,27.0,0.0,0.0,1.0,1.0,0.0,1.0,0.0,0.0,1.0,1051.0,1.0,1.0,20.0,0.0,0.0,0.0,0.0,0.0,0.0,0.0,0.0,0.0,44.0,0.952518536025201,9.0,3.0,20.0,345.0,18.0,1.0,1920.0,1080.0,29.0,0.0,0
40.0,1.0,1.0,0.0,0.0,2.0,0.0,21.0,0.0,0.0,3.0680239494491093,0.0,0.0,30.0,0.0,0.0,0.0,0.0,0.0,1.0,0.0,0.0,1.0,1920.0,1.0,0.0,14.0,0.0,0.0,0.0,0.0,3.0,0.0,1.0,0.0,0.0,98.0,0.9454956670288693,12.0,2.0,14.0,25.0,5.0,1.0,1280.0,800.0,24.0,0.0,0
22.0,1.0,1.0,0.0,0.0,2.0,0.0,17.0,0.0,0.0,3.223924737392804,0.0,0.0,33.0,0.0,0.0,0.0,0.0,0.0,1.0,0.0,0.0,1.0,1585.0,0.0,0.0,19.0,0.0,0.0,0.0,0.0,0.0,0.0,0.0,0.0,0.0,99.0,0.9288830963671881,2.0,1.0,19.0,303.0,9.0,1.0,1920.0,1080.0,9.0,0.0,0
18.0,1.0,1.0,0.0,0.0,2.0,0.0,12.0,1.0,0.08333333333333333,3.275382614031958,0.0,0.0,32.0,0.0,0.0,1.0,1.0,0.0,1.0,0.0,0.0,1.0,1554.0,1.0,1.0,26.0,1.0,1.0,0.0,0.0,3.0,1.0,0.0,0.0,1.0,87.0,0.9941056039006376,9.0,4.0,26.0,317.0,13.0,1.0,1920.0,1080.0,35.0,0.0,0
34.0,1.0,1.0,0.0,0.0,2.0,0.0,12.0,1.0,0.08333333333333333,2.9478198652192837,0.0,0.0,22.0,0.0,0.0,0.0,0.0,0.0,1.0,0.0,0.0,1.0,173.0,1.0,2.0,27.0,0.0,0.0,0.0,0.0,0.0,0.0,0.0,0.0,0.0,99.0,0.9731984820190425,14.0,8.0,27.0,311.0,10.0,1.0,1280.0,800.0,29.0,0.0,0
45.0,1.0,0.0,0.0,2.0,1.0,0.0,18.0,0.0,0.0,2.355712797305469,0.0,0.0,33.0,0.0,0.0,0.0,0.0,0.0,1.0,0.0,0.0,1.0,1419.0,2.0,0.0,17.0,0.0,0.0,0.0,0.0,0.0,1.0,0.0,0.0,0.0,63.0,0.9822599908948028,10.0,8.0,17.0,256.0,11.0,1.0,1920.0,1080.0,7.0,0.0,0
43.0,1.0,0.0,0.0,1.0,1.0,0.0,21.0,0.0,0.0,2.3860001959283905,0.0,0.0,29.0,0.0,0.0,0.0,0.0,0.0,1.0,0.0,0.0,1.0,1964.0,1.0,0.0,15.0,0.0,0.0,0.0,0.0,2.0,0.0,0.0,0.0,0.0,35.0,0.9899304426378166,9.0,8.0,15.0,57.0,11.0,1.0,1280.0,800.0,39.0,0.0,0
41.0,1.0,1.0,0.0,0.0,2.0,0.0,18.0,0.0,0.0,2.5318252741250316,0.0,0.0,25.0,0.0,0.0,0.0,0.0,0.0,1.0,0.0,0.0,1.0,954.0,2.0,0.0,15.0,0.0,0.0,0.0,0.0,1.0,0.0,1.0,0.0,0.0,111.0,0.9736733427242793,12.0,0.0,15.0,487.0,1.0,1.0,1280.0,800.0,37.0,0.0,0
40.0,1.0,1.0,0.0,0.0,2.0,0.0,11.0,0.0,0.0,2.743286416726032,0.0,0.0,6.0,0.0,0.0,0.0,0.0,0.0,1.0,0.0,0.0,1.0,944.0,1.0,1.0,5.0,0.0,0.0,0.0,0.0,0.0,0.0,0.0,0.0,0.0,52.0,0.9328060929994688,11.0,6.0,5.0,333.0,6.0,1.0,1920.0,1080.0,39.0,0.0,0
50.0,1.0,1.0,0.0,0.0,2.0,0.0,9.0,0.0,0.0,2.8714872609217283,0.0,0.0,6.0,0.0,0.0,1.0,1.0,0.0,1.0,0.0,0.0,0.0,106.0,1.0,1.0,10.0,1.0,1.0,0.0,0.0,2.0,3.0,0.0,0.0,1.0,17.0,0.9516427516850371,9.0,8.0,10.0,384.0,11.0,1.0,1920.0,1080.0,31.0,0.0,0
27.0,1.0,0.0,0.0,0.0,1.0,0.0,9.0,0.0,0.0,2.704110886466694,0.0,0.0,25.0,0.0,0.0,0.0,0.0,0.0,1.0,0.0,0.0,1.0,1626.0,0.0,1.0,3.0,0.0,0.0,0.0,0.0,3.0,0.0,0.0,0.0,0.0,103.0,0.9950468207612924,12.0,1.0,3.0,344.0,15.0,1.0,1920.0,1080.0,3.0,0.0,0
33.0,1.0,0.0,0.0,0.0,1.0,0.0,15.0,1.0,0.06666666666666667,2.9629455729840215,0.0,0.0,19.0,0.0,0.0,1.0,1.0,0.0,1.0,0.0,0.0,1.0,1189.0,1.0,0.0,20.0,1.0,1.0,0.0,0.0,3.0,1.0,1.0,0.0,1.0,59.0,0.9708631947839313,6.0,3.0,20.0,302.0,6.0,1.0,1280.0,800.0,14.0,0.0,0
31.0,1.0,0.0,0.0,0.0,1.0,0.0,11.0,0.0,0.0,2.886781732275619,0.0,0.0,0.0,0.0,0.0,0.0,0.0,0.0,1.0,0.0,0.0,1.0,622.0,1.0,1.0,17.0,0.0,0.0,0.0,0.0,1.0,0.0,0.0,0.0,0.0,67.0,0.9798906624388726,6.0,5.0,17.0,381.0,10.0,1.0,1920.0,1080.0,18.0,0.0,0
51.0,1.0,2.0,0.0,0.0,3.0,0.0,16.0,0.0,0.0,3.0585045554104715,0.0,0.0,17.0,0.0,0.0,1.0,1.0,0.0,1.0,0.0,0.0,1.0,106.0,2.0,0.0,22.0,0.0,0.0,0.0,1.0,2.0,0.0,0.0,0.0,1.0,23.0,0.9740709568481992,3.0,2.0,22.0,165.0,10.0,1.0,1920.0,1080.0,30.0,0.0,0
51.0,1.0,1.0,0.0,0.0,2.0,0.0,8.0,0.0,0.0,3.323795624970138,0.0,0.0,21.0,0.0,0.0,0.0,0.0,0.0,1.0,0.0,0.0,1.0,1335.0,1.0,1.0,29.0,0.0,0.0,0.0,0.0,0.0,1.0,0.0,0.0,0.0,33.0,0.9934566880727019,13.0,0.0,29.0,80.0,2.0,1.0,1920.0,1080.0,37.0,0.0,0
43.0,1.0,0.0,0.0,0.0,1.0,0.0,7.0,0.0,0.0,3.1151015482643585,0.0,0.0,20.0,0.0,0.0,1.0,1.0,0.0,1.0,0.0,0.0,1.0,1262.0,1.0,0.0,3.0,1.0,0.0,0.0,0.0,2.0,1.0,0.0,0.0,1.0,82.0,0.9742078568630754,10.0,4.0,3.0,190.0,17.0,1.0,1280.0,800.0,11.0,0.0,0
33.0,0.0,1.0,0.0,0.0,2.0,0.0,14.0,0.0,0.0,2.881777329856904,0.0,0.0,1.0,20.0,0.0,1.0,1.0,0.0,0.0,0.0,0.0,0.0,2183.0,1.0,1.0,2.0,0.0,0.0,0.0,0.0,0.0,0.0,0.0,0.0,0.0,29.0,0.2448448723923493,7.0,2.0,2.0,371.0,5.0,1.0,1280.0,800.0,27.0,0.0,0
29.0,1.0,0.0,0.0,0.0,1.0,0.0,8.0,0.0,0.0,2.5759945283737418,0.0,0.0,15.0,0.0,0.0,1.0,1.0,0.0,1.0,0.0,0.0,1.0,1250.0,0.0,1.0,6.0,0.0,0.0,0.0,0.0,0.0,0.0,0.0,0.0,0.0,60.0,0.9531687567388955,14.0,5.0,6.0,9.0,0.0,1.0,1920.0,1080.0,20.0,0.0,0
41.0,1.0,1.0,0.0,1.0,2.0,0.0,13.0,0.0,0.0,2.260684028762206,0.0,0.0,27.0,0.0,0.0,1.0,1.0,0.0,1.0,0.0,0.0,1.0,1370.0,0.0,0.0,4.0,0.0,0.0,0.0,0.0,2.0,0.0,0.0,0.0,0.0,64.0,0.9286576338853925,1.0,0.0,4.0,404.0,14.0,1.0,1920.0,1080.0,4.0,0.0,0
18.0,1.0,0.0,0.0,1.0,1.0,0.0,8.0,0.0,0.0,2.5496425049667133,0.0,0.0,17.0,0.0,0.0,1.0,1.0,0.0,1.0,0.0,0.0,1.0,1121.0,1.0,0.0,2.0,1.0,0.0,0.0,1.0,0.0,3.0,0.0,0.0,1.0,34.0,0.93190210502778,6.0,5.0,2.0,142.0,10.0,1.0,1920.0,1080.0,26.0,0.0,0
40.0,1.0,0.0,0.0,0.0,1.0,0.0,18.0,0.0,0.0,2.5153565438305567,0.0,1.0,12.0,0.0,0.0,1.0,1.0,0.0,1.0,0.0,0.0,1.0,1121.0,1.0,0.0,24.0,0.0,0.0,0.0,0.0,2.0,0.0,0.0,0.0,0.0,70.0,0.9504886109556094,5.0,4.0,24.0,317.0,16.0,1.0,1920.0,1080.0,11.0,0.0,0
38.0,1.0,0.0,0.0,0.0,1.0,0.0,21.0,0.0,0.0,3.369134671632647,0.0,0.0,11.0,5.0,0.0,0.0,0.0,0.0,1.0,0.0,0.0,1.0,985.0,1.0,0.0,7.0,0.0,0.0,0.0,0.0,2.0,0.0,0.0,0.0,0.0,82.0,0.9760539531675646,7.0,6.0,7.0,138.0,10.0,1.0,1920.0,1080.0,16.0,0.0,0
26.0,1.0,2.0,0.0,0.0,3.0,0.0,18.0,0.0,0.0,2.503208161953753,0.0,0.0,25.0,5.0,0.0,0.0,0.0,0.0,1.0,0.0,0.0,1.0,1597.0,2.0,1.0,17.0,0.0,0.0,0.0,0.0,3.0,1.0,0.0,0.0,0.0,19.0,0.983336121023764,11.0,0.0,17.0,312.0,10.0,1.0,1920.0,1080.0,30.0,0.0,0
42.0,1.0,1.0,0.0,0.0,2.0,0.0,7.0,0.0,0.0,2.6433844314455355,0.0,0.0,14.0,0.0,0.0,1.0,1.0,0.0,1.0,0.0,0.0,1.0,622.0,0.0,0.0,17.0,0.0,0.0,0.0,0.0,1.0,0.0,1.0,0.0,0.0,65.0,0.9726449646788543,10.0,6.0,17.0,104.0,16.0,1.0,1920.0,1080.0,38.0,0.0,0
36.0,1.0,0.0,0.0,0.0,1.0,0.0,14.0,0.0,0.0,2.1821590862681264,0.0,0.0,17.0,0.0,0.0,0.0,0.0,0.0,1.0,0.0,0.0,1.0,567.0,1.0,0.0,20.0,1.0,0.0,0.0,0.0,3.0,2.0,0.0,0.0,1.0,35.0,0.9358645695757127,12.0,8.0,20.0,429.0,9.0,1.0,1920.0,1080.0,7.0,0.0,0
27.0,1.0,1.0,0.0,0.0,2.0,0.0,8.0,0.0,0.0,2.643467083851929,0.0,0.0,31.0,0.0,0.0,1.0,1.0,0.0,1.0,0.0,0.0,1.0,1619.0,0.0,0.0,10.0,0.0,0.0,0.0,0.0,2.0,0.0,0.0,0.0,0.0,77.0,0.9457983002975642,12.0,6.0,10.0,115.0,0.0,1.0,1920.0,1080.0,42.0,0.0,0
26.0,1.0,1.0,0.0,0.0,2.0,0.0,8.0,0.0,0.0,3.036144454537326,0.0,0.0,2.0,5.0,0.0,1.0,1.0,0.0,1.0,0.0,0.0,0.0,229.0,1.0,0.0,21.0,0.0,0.0,0.0,0.0,2.0,0.0,0.0,0.0,0.0,90.0,0.9747550756352171,8.0,4.0,21.0,31.0,9.0,1.0,1920.0,1080.0,15.0,0.0,0
51.0,1.0,0.0,0.0,0.0,1.0,0.0,16.0,0.0,0.0,2.5638216067805426,0.0,0.0,34.0,0.0,0.0,0.0,0.0,0.0,1.0,0.0,0.0,1.0,1132.0,1.0,1.0,11.0,0.0,0.0,0.0,0.0,1.0,0.0,0.0,0.0,0.0,77.0,0.9549870698930264,3.0,2.0,11.0,229.0,14.0,1.0,1920.0,1080.0,14.0,0.0,0
39.0,1.0,1.0,0.0,0.0,2.0,0.0,13.0,0.0,0.0,2.38933111286124,0.0,0.0,5.0,0.0,0.0,1.0,1.0,0.0,1.0,0.0,0.0,1.0,2388.0,1.0,0.0,3.0,0.0,0.0,0.0,0.0,0.0,0.0,0.0,0.0,0.0,26.0,0.9778249533898331,14.0,6.0,3.0,250.0,13.0,1.0,1920.0,1080.0,15.0,0.0,0
34.0,1.0,0.0,0.0,1.0,1.0,0.0,17.0,0.0,0.0,2.849122725157544,0.0,0.0,5.0,0.0,0.0,0.0,0.0,0.0,1.0,0.0,0.0,1.0,240.0,0.0,0.0,23.0,0.0,0.0,0.0,0.0,2.0,0.0,0.0,0.0,0.0,110.0,0.967484007160347,8.0,1.0,23.0,248.0,19.0,1.0,1920.0,1080.0,6.0,0.0,0
35.0,1.0,1.0,0.0,0.0,2.0,0.0,9.0,0.0,0.0,2.445115144797918,0.0,0.0,18.0,0.0,0.0,0.0,0.0,0.0,1.0,0.0,0.0,1.0,2025.0,2.0,0.0,6.0,0.0,0.0,0.0,0.0,1.0,0.0,0.0,0.0,0.0,71.0,0.9335879900553571,3.0,1.0,6.0,425.0,4.0,1.0,1920.0,1080.0,3.0,0.0,0
50.0,1.0,1.0,0.0,0.0,2.0,0.0,14.0,1.0,0.07142857142857142,3.303143123442112,0.0,0.0,0.0,0.0,0.0,0.0,0.0,0.0,1.0,0.0,0.0,1.0,516.0,2.0,0.0,28.0,0.0,0.0,0.0,0.0,1.0,1.0,0.0,0.0,0.0,116.0,0.9605701822811538,10.0,7.0,28.0,202.0,17.0,1.0,1280.0,800.0,42.0,0.0,0
19.0,1.0,0.0,0.0,0.0,1.0,0.0,16.0,0.0,0.0,2.9539336004895955,0.0,0.0,24.0,0.0,0.0,1.0,1.0,0.0,1.0,0.0,0.0,1.0,327.0,1.0,1.0,17.0,0.0,0.0,0.0,0.0,0.0,0.0,0.0,0.0,0.0,116.0,0.92905151684712,13.0,0.0,17.0,401.0,5.0,1.0,1920.0,1080.0,33.0,0.0,0
26.0,1.0,0.0,0.0,0.0,1.0,0.0,20.0,0.0,0.0,2.317253135568821,0.0,0.0,23.0,0.0,0.0,0.0,0.0,0.0,1.0,0.0,0.0,1.0,975.0,0.0,0.0,24.0,0.0,0.0,0.0,0.0,0.0,0.0,0.0,0.0,0.0,118.0,0.9716553221650012,10.0,8.0,24.0,447.0,10.0,1.0,1920.0,1080.0,40.0,0.0,0
25.0,1.0,0.0,0.0,0.0,1.0,0.0,13.0,0.0,0.0,2.587777174790686,0.0,0.0,2.0,5.0,0.0,0.0,0.0,0.0,1.0,0.0,0.0,1.0,2115.0,0.0,1.0,21.0,0.0,0.0,0.0,0.0,0.0,0.0,0.0,0.0,0.0,99.0,0.9858181776997877,4.0,3.0,21.0,220.0,9.0,1.0,1920.0,1080.0,39.0,0.0,0
30.0,1.0,1.0,0.0,0.0,2.0,0.0,13.0,1.0,0.07692307692307693,2.380893252475385,0.0,0.0,20.0,5.0,0.0,0.0,0.0,0.0,1.0,0.0,0.0,1.0,626.0,0.0,0.0,9.0,0.0,0.0,0.0,0.0,0.0,0.0,0.0,0.0,0.0,80.0,0.9247758257823931,6.0,5.0,9.0,493.0,8.0,1.0,1920.0,1080.0,39.0,0.0,0
29.0,1.0,1.0,0.0,2.0,2.0,0.0,19.0,0.0,0.0,2.453166848687919,0.0,0.0,9.0,0.0,0.0,0.0,0.0,0.0,1.0,0.0,0.0,1.0,1903.0,2.0,0.0,28.0,0.0,0.0,0.0,0.0,0.0,0.0,0.0,0.0,0.0,70.0,0.9622285870510386,8.0,2.0,28.0,290.0,0.0,1.0,1280.0,800.0,34.0,0.0,0
44.0,1.0,1.0,0.0,0.0,2.0,0.0,18.0,0.0,0.0,2.647336554433085,0.0,0.0,29.0,0.0,0.0,0.0,0.0,0.0,1.0,0.0,0.0,1.0,914.0,1.0,0.0,17.0,0.0,0.0,0.0,0.0,0.0,1.0,0.0,0.0,0.0,94.0,0.9504541188193175,10.0,0.0,17.0,123.0,9.0,1.0,1920.0,1080.0,21.0,0.0,0
26.0,1.0,0.0,0.0,0.0,1.0,0.0,8.0,0.0,0.0,2.3710146125709306,0.0,0.0,4.0,0.0,0.0,1.0,1.0,0.0,1.0,0.0,0.0,1.0,1702.0,1.0,0.0,16.0,1.0,0.0,0.0,0.0,1.0,2.0,0.0,0.0,1.0,58.0,0.9617719512864047,8.0,2.0,16.0,447.0,5.0,1.0,1920.0,1080.0,32.0,0.0,0
23.0,1.0,1.0,0.0,0.0,2.0,0.0,19.0,0.0,0.0,3.1384911871813124,0.0,0.0,11.0,0.0,0.0,0.0,0.0,0.0,1.0,0.0,0.0,1.0,1664.0,0.0,0.0,24.0,0.0,0.0,0.0,0.0,3.0,1.0,0.0,0.0,0.0,36.0,0.9930190778744847,8.0,0.0,24.0,250.0,8.0,1.0,1920.0,1080.0,31.0,0.0,0
44.0,1.0,1.0,0.0,0.0,2.0,0.0,8.0,0.0,0.0,3.0279275856390946,0.0,0.0,13.0,0.0,0.0,0.0,0.0,0.0,1.0,0.0,0.0,1.0,2001.0,0.0,1.0,7.0,0.0,0.0,0.0,0.0,1.0,0.0,0.0,0.0,0.0,18.0,0.9859883819530991,11.0,0.0,7.0,64.0,5.0,1.0,1920.0,1080.0,20.0,0.0,0
39.0,1.0,1.0,0.0,0.0,2.0,0.0,17.0,0.0,0.0,2.777294963781562,0.0,0.0,22.0,0.0,0.0,0.0,0.0,0.0,1.0,0.0,0.0,1.0,546.0,2.0,1.0,11.0,0.0,0.0,0.0,0.0,1.0,0.0,0.0,0.0,0.0,24.0,0.9722439177209293,2.0,1.0,11.0,303.0,15.0,1.0,1920.0,1080.0,24.0,0.0,0
29.0,1.0,1.0,0.0,1.0,2.0,0.0,17.0,0.0,0.0,2.1876390152857024,0.0,0.0,9.0,5.0,0.0,0.0,0.0,0.0,1.0,0.0,0.0,1.0,1433.0,0.0,0.0,27.0,0.0,0.0,0.0,0.0,0.0,0.0,0.0,0.0,0.0,75.0,0.9593753906411007,3.0,2.0,27.0,388.0,0.0,1.0,1920.0,1080.0,28.0,0.0,0
43.0,1.0,1.0,0.0,0.0,2.0,0.0,15.0,0.0,0.0,2.9854183516488013,0.0,0.0,8.0,0.0,0.0,0.0,0.0,0.0,1.0,0.0,0.0,1.0,129.0,1.0,0.0,25.0,0.0,0.0,0.0,0.0,1.0,0.0,0.0,0.0,0.0,51.0,0.9679662928020039,6.0,5.0,25.0,347.0,15.0,1.0,1920.0,1080.0,36.0,0.0,0
37.0,1.0,1.0,0.0,1.0,2.0,0.0,10.0,0.0,0.0,2.407174020451378,0.0,0.0,19.0,0.0,0.0,0.0,0.0,0.0,1.0,0.0,0.0,1.0,2449.0,2.0,2.0,27.0,0.0,0.0,0.0,0.0,1.0,0.0,0.0,0.0,0.0,75.0,0.996270538752044,8.0,7.0,27.0,345.0,8.0,1.0,1920.0,1080.0,3.0,0.0,0
45.0,1.0,0.0,0.0,0.0,1.0,0.0,13.0,0.0,0.0,3.0837008421075423,0.0,0.0,27.0,0.0,0.0,1.0,1.0,0.0,1.0,0.0,0.0,1.0,2249.0,1.0,0.0,10.0,1.0,0.0,0.0,0.0,0.0,2.0,0.0,0.0,1.0,27.0,0.9882003880665783,8.0,6.0,10.0,246.0,4.0,1.0,1280.0,800.0,4.0,0.0,0
43.0,1.0,1.0,0.0,0.0,2.0,0.0,7.0,0.0,0.0,2.768004666576281,0.0,0.0,24.0,0.0,0.0,1.0,1.0,0.0,1.0,0.0,0.0,1.0,2489.0,0.0,0.0,13.0,0.0,0.0,0.0,0.0,1.0,0.0,0.0,0.0,0.0,39.0,0.9593098107077802,11.0,3.0,13.0,231.0,12.0,1.0,1920.0,1080.0,11.0,0.0,0
28.0,1.0,2.0,0.0,0.0,3.0,0.0,20.0,0.0,0.0,3.1434403307992627,0.0,1.0,28.0,0.0,0.0,0.0,0.0,0.0,1.0,0.0,0.0,1.0,1506.0,1.0,1.0,13.0,0.0,0.0,0.0,0.0,0.0,0.0,0.0,0.0,0.0,31.0,0.9577281121042578,7.0,1.0,13.0,8.0,19.0,1.0,1920.0,1080.0,27.0,0.0,0
50.0,1.0,0.0,0.0,0.0,1.0,0.0,12.0,0.0,0.0,2.879357072349692,0.0,0.0,2.0,0.0,0.0,0.0,0.0,0.0,1.0,0.0,0.0,1.0,2393.0,3.0,0.0,23.0,0.0,0.0,0.0,0.0,3.0,1.0,0.0,0.0,0.0,86.0,0.9966274726326774,5.0,3.0,23.0,362.0,10.0,1.0,1920.0,1080.0,38.0,0.0,0
39.0,1.0,1.0,0.0,0.0,2.0,0.0,13.0,0.0,0.0,2.1914115705330803,0.0,0.0,27.0,0.0,0.0,0.0,0.0,0.0,1.0,0.0,0.0,1.0,715.0,1.0,1.0,20.0,0.0,0.0,0.0,0.0,0.0,1.0,0.0,0.0,0.0,37.0,0.9521316710947989,5.0,1.0,20.0,123.0,5.0,1.0,1920.0,1080.0,24.0,0.0,0
30.0,1.0,0.0,0.0,0.0,1.0,0.0,8.0,0.0,0.0,2.5838873292870246,0.0,0.0,26.0,0.0,0.0,0.0,0.0,0.0,1.0,0.0,0.0,1.0,1445.0,1.0,0.0,21.0,0.0,0.0,0.0,0.0,0.0,0.0,0.0,0.0,0.0,107.0,0.9506290237355954,9.0,1.0,21.0,333.0,7.0,1.0,1280.0,800.0,15.0,0.0,0
30.0,1.0,1.0,0.0,0.0,2.0,0.0,21.0,0.0,0.0,3.144693536454761,0.0,0.0,17.0,0.0,0.0,1.0,1.0,0.0,1.0,0.0,0.0,1.0,151.0,1.0,1.0,6.0,0.0,0.0,0.0,0.0,2.0,0.0,0.0,0.0,0.0,42.0,0.9251578035733081,5.0,4.0,6.0,409.0,10.0,1.0,1920.0,1080.0,40.0,0.0,0
50.0,1.0,1.0,0.0,0.0,2.0,0.0,8.0,0.0,0.0,2.3732756440685194,0.0,0.0,14.0,0.0,0.0,0.0,0.0,0.0,1.0,0.0,0.0,1.0,2425.0,1.0,0.0,15.0,0.0,0.0,0.0,0.0,3.0,0.0,0.0,0.0,0.0,23.0,0.9985761719377547,13.0,4.0,15.0,433.0,14.0,1.0,1920.0,1080.0,15.0,0.0,0
37.0,1.0,1.0,0.0,0.0,2.0,0.0,10.0,1.0,0.1,2.763602956426101,0.0,0.0,6.0,0.0,0.0,0.0,0.0,0.0,1.0,0.0,0.0,1.0,2028.0,0.0,0.0,7.0,0.0,0.0,0.0,0.0,2.0,0.0,0.0,0.0,0.0,36.0,0.9563547893259827,11.0,8.0,7.0,167.0,10.0,1.0,1920.0,1080.0,32.0,0.0,0
49.0,1.0,1.0,0.0,0.0,2.0,0.0,10.0,0.0,0.0,3.326110934933436,0.0,0.0,2.0,20.0,0.0,1.0,1.0,0.0,1.0,0.0,0.0,1.0,2177.0,0.0,0.0,17.0,0.0,0.0,0.0,0.0,2.0,0.0,0.0,0.0,0.0,45.0,0.9436792396220636,4.0,2.0,17.0,101.0,2.0,1.0,1920.0,1080.0,10.0,0.0,0
36.0,1.0,0.0,0.0,0.0,1.0,0.0,19.0,1.0,0.05263157894736842,3.305122059969749,0.0,0.0,25.0,5.0,0.0,0.0,0.0,0.0,1.0,0.0,0.0,1.0,326.0,0.0,2.0,3.0,0.0,0.0,0.0,0.0,1.0,0.0,0.0,0.0,0.0,62.0,0.9564830291851564,10.0,8.0,3.0,377.0,17.0,1.0,1920.0,1080.0,41.0,0.0,0
53.0,1.0,1.0,0.0,0.0,2.0,0.0,13.0,0.0,0.0,2.159423631893532,0.0,0.0,21.0,0.0,0.0,0.0,0.0,0.0,1.0,0.0,0.0,1.0,774.0,2.0,1.0,17.0,0.0,0.0,0.0,0.0,3.0,0.0,0.0,0.0,0.0,16.0,0.9325016967059411,1.0,0.0,17.0,49.0,9.0,1.0,1920.0,1080.0,40.0,0.0,0
46.0,1.0,0.0,0.0,0.0,1.0,0.0,15.0,0.0,0.0,3.0478333521842904,0.0,0.0,22.0,0.0,0.0,1.0,1.0,0.0,1.0,0.0,0.0,1.0,143.0,0.0,1.0,5.0,0.0,0.0,0.0,0.0,1.0,0.0,0.0,0.0,0.0,68.0,0.9548211068431259,2.0,1.0,5.0,17.0,0.0,1.0,1920.0,1080.0,8.0,0.0,0
52.0,1.0,0.0,0.0,0.0,1.0,0.0,7.0,0.0,0.0,3.089094408125811,0.0,0.0,5.0,0.0,0.0,0.0,0.0,0.0,1.0,0.0,0.0,1.0,2393.0,0.0,0.0,5.0,0.0,0.0,0.0,0.0,3.0,0.0,0.0,0.0,0.0,22.0,0.9345171882608027,9.0,7.0,5.0,169.0,8.0,1.0,1920.0,1080.0,27.0,0.0,0
18.0,1.0,0.0,0.0,1.0,1.0,0.0,11.0,0.0,0.0,2.8667023593507364,0.0,0.0,15.0,0.0,0.0,0.0,0.0,0.0,1.0,0.0,0.0,1.0,691.0,1.0,0.0,14.0,0.0,0.0,0.0,0.0,2.0,0.0,0.0,0.0,0.0,49.0,0.9838271387822966,7.0,2.0,14.0,138.0,12.0,1.0,1920.0,1080.0,27.0,0.0,0
32.0,1.0,0.0,0.0,0.0,1.0,0.0,21.0,0.0,0.0,2.9700814524308257,0.0,0.0,32.0,0.0,0.0,0.0,0.0,0.0,1.0,0.0,0.0,1.0,1989.0,0.0,1.0,17.0,0.0,0.0,0.0,0.0,1.0,0.0,0.0,0.0,0.0,114.0,0.924615457719109,12.0,6.0,17.0,440.0,2.0,1.0,1920.0,1080.0,13.0,0.0,0
37.0,1.0,0.0,0.0,0.0,1.0,0.0,18.0,0.0,0.0,2.317470161081436,0.0,0.0,3.0,0.0,0.0,1.0,1.0,0.0,1.0,0.0,0.0,1.0,1740.0,2.0,0.0,13.0,1.0,1.0,0.0,0.0,2.0,1.0,0.0,0.0,1.0,43.0,0.9226269344504099,5.0,4.0,13.0,372.0,3.0,1.0,1920.0,1080.0,34.0,0.0,0
53.0,1.0,1.0,0.0,0.0,2.0,0.0,14.0,0.0,0.0,3.0540540634168365,0.0,0.0,29.0,0.0,0.0,0.0,0.0,0.0,1.0,0.0,0.0,1.0,971.0,1.0,0.0,15.0,0.0,0.0,0.0,0.0,3.0,0.0,0.0,0.0,0.0,55.0,0.9999979094117005,3.0,2.0,15.0,346.0,4.0,1.0,1920.0,1080.0,3.0,0.0,0
34.0,1.0,0.0,0.0,0.0,1.0,0.0,21.0,0.0,0.0,2.2010262006045846,0.0,0.0,1.0,0.0,0.0,0.0,0.0,0.0,1.0,0.0,0.0,1.0,1571.0,0.0,2.0,25.0,0.0,0.0,0.0,0.0,0.0,0.0,0.0,0.0,0.0,109.0,0.9569939470480725,6.0,5.0,25.0,128.0,5.0,1.0,1920.0,1080.0,11.0,0.0,0
24.0,1.0,1.0,0.0,1.0,2.0,0.0,12.0,0.0,0.0,3.1426425503862787,0.0,0.0,12.0,0.0,0.0,0.0,0.0,0.0,1.0,0.0,0.0,1.0,1666.0,1.0,1.0,22.0,0.0,0.0,0.0,0.0,0.0,0.0,0.0,0.0,0.0,103.0,0.9397550954713471,9.0,7.0,22.0,114.0,16.0,1.0,1280.0,800.0,40.0,0.0,0
41.0,1.0,1.0,0.0,0.0,2.0,0.0,21.0,0.0,0.0,2.588361984507315,0.0,0.0,11.0,0.0,0.0,1.0,1.0,0.0,1.0,0.0,0.0,1.0,1597.0,2.0,0.0,26.0,1.0,0.0,0.0,0.0,1.0,3.0,0.0,0.0,1.0,117.0,0.9879754122648209,8.0,0.0,26.0,192.0,15.0,1.0,1920.0,1080.0,5.0,0.0,0
48.0,1.0,0.0,0.0,0.0,1.0,0.0,18.0,0.0,0.0,2.9998213602713935,0.0,0.0,31.0,0.0,0.0,0.0,0.0,0.0,1.0,0.0,0.0,1.0,221.0,0.0,0.0,25.0,0.0,0.0,0.0,0.0,2.0,0.0,1.0,0.0,0.0,75.0,0.9599669322497514,10.0,6.0,25.0,339.0,8.0,1.0,1920.0,1080.0,24.0,0.0,0
45.0,1.0,0.0,0.0,0.0,1.0,0.0,8.0,0.0,0.0,3.3909317722204895,0.0,1.0,19.0,5.0,0.0,0.0,0.0,0.0,1.0,0.0,0.0,1.0,2220.0,0.0,0.0,8.0,0.0,0.0,0.0,0.0,1.0,0.0,0.0,0.0,0.0,21.0,0.9780131493543205,4.0,3.0,8.0,157.0,10.0,1.0,1280.0,800.0,28.0,0.0,0
42.0,1.0,0.0,0.0,0.0,1.0,0.0,21.0,0.0,0.0,2.2219775715172103,0.0,0.0,28.0,0.0,0.0,0.0,0.0,0.0,1.0,0.0,0.0,1.0,1024.0,0.0,0.0,16.0,0.0,0.0,0.0,0.0,3.0,1.0,0.0,0.0,0.0,97.0,0.9628275079392138,4.0,3.0,16.0,158.0,1.0,1.0,1280.0,800.0,23.0,0.0,0
48.0,1.0,1.0,0.0,0.0,2.0,0.0,10.0,0.0,0.0,2.349980468175465,0.0,0.0,21.0,0.0,0.0,0.0,0.0,0.0,1.0,0.0,0.0,1.0,1127.0,1.0,0.0,22.0,1.0,0.0,0.0,0.0,0.0,3.0,0.0,0.0,1.0,44.0,0.956284610377259,12.0,8.0,22.0,266.0,9.0,1.0,1280.0,800.0,25.0,0.0,0
32.0,1.0,1.0,0.0,0.0,2.0,0.0,8.0,0.0,0.0,3.288666868807669,0.0,0.0,30.0,0.0,0.0,0.0,0.0,0.0,1.0,0.0,0.0,1.0,1376.0,1.0,0.0,19.0,0.0,0.0,0.0,0.0,0.0,0.0,0.0,0.0,0.0,84.0,0.9964671728728114,13.0,2.0,19.0,446.0,16.0,1.0,1920.0,1080.0,26.0,0.0,0
42.0,1.0,1.0,0.0,0.0,2.0,0.0,14.0,0.0,0.0,2.551759586394959,0.0,0.0,13.0,20.0,0.0,0.0,0.0,0.0,1.0,0.0,0.0,1.0,162.0,1.0,1.0,23.0,0.0,0.0,0.0,0.0,0.0,0.0,0.0,0.0,0.0,43.0,0.9651343622343568,2.0,1.0,23.0,363.0,0.0,1.0,1920.0,1080.0,23.0,0.0,0
30.0,1.0,1.0,0.0,0.0,2.0,0.0,7.0,0.0,0.0,2.5111229743598567,0.0,0.0,31.0,0.0,0.0,0.0,0.0,0.0,1.0,0.0,0.0,1.0,2403.0,1.0,1.0,22.0,0.0,0.0,0.0,0.0,1.0,0.0,0.0,0.0,0.0,59.0,0.9813078371064845,7.0,0.0,22.0,447.0,7.0,1.0,1280.0,800.0,9.0,0.0,0
19.0,1.0,1.0,0.0,1.0,2.0,0.0,11.0,0.0,0.0,2.3591673104514324,0.0,0.0,31.0,0.0,0.0,0.0,0.0,0.0,1.0,0.0,0.0,1.0,1476.0,0.0,0.0,26.0,0.0,0.0,0.0,0.0,2.0,1.0,0.0,0.0,0.0,38.0,0.9432910853983496,10.0,8.0,26.0,182.0,0.0,1.0,1920.0,1080.0,11.0,0.0,0
47.0,1.0,1.0,0.0,0.0,2.0,0.0,14.0,0.0,0.0,3.1059250618014644,0.0,0.0,5.0,0.0,0.0,0.0,0.0,0.0,1.0,0.0,0.0,1.0,1590.0,1.0,1.0,25.0,0.0,0.0,0.0,0.0,1.0,0.0,0.0,0.0,0.0,29.0,0.9909491863513278,4.0,3.0,25.0,465.0,8.0,1.0,1280.0,800.0,11.0,0.0,0
40.0,1.0,0.0,0.0,1.0,1.0,0.0,14.0,0.0,0.0,2.292069681406457,0.0,0.0,6.0,0.0,0.0,1.0,1.0,0.0,1.0,0.0,0.0,1.0,1249.0,0.0,0.0,8.0,0.0,0.0,0.0,0.0,2.0,0.0,0.0,0.0,0.0,112.0,0.9639018011009416,5.0,4.0,8.0,177.0,16.0,1.0,1920.0,1080.0,19.0,0.0,0
42.0,1.0,0.0,0.0,0.0,1.0,0.0,13.0,0.0,0.0,2.151713391387701,0.0,0.0,27.0,0.0,0.0,1.0,1.0,0.0,1.0,0.0,0.0,1.0,916.0,1.0,0.0,13.0,1.0,1.0,0.0,0.0,0.0,1.0,1.0,0.0,1.0,57.0,0.9781847996429331,1.0,0.0,13.0,90.0,17.0,1.0,1920.0,1080.0,21.0,0.0,0
53.0,1.0,0.0,0.0,0.0,1.0,0.0,21.0,0.0,0.0,2.331826724292039,0.0,0.0,4.0,0.0,0.0,0.0,0.0,0.0,1.0,0.0,0.0,1.0,2336.0,1.0,1.0,3.0,0.0,0.0,0.0,0.0,2.0,0.0,0.0,0.0,0.0,95.0,0.9912077628314953,7.0,0.0,3.0,208.0,18.0,1.0,1280.0,800.0,8.0,0.0,0
32.0,1.0,1.0,0.0,2.0,2.0,0.0,18.0,0.0,0.0,3.2266069173317744,0.0,0.0,29.0,0.0,0.0,0.0,0.0,0.0,1.0,0.0,0.0,1.0,1461.0,0.0,0.0,19.0,0.0,0.0,0.0,0.0,3.0,0.0,0.0,0.0,0.0,39.0,0.9254439244003971,13.0,4.0,19.0,30.0,11.0,1.0,1280.0,800.0,44.0,0.0,0
26.0,1.0,0.0,0.0,0.0,1.0,0.0,11.0,1.0,0.09090909090909091,2.2346521169120326,0.0,0.0,5.0,0.0,0.0,0.0,0.0,0.0,1.0,0.0,0.0,1.0,2068.0,0.0,1.0,13.0,0.0,0.0,0.0,0.0,2.0,1.0,0.0,0.0,0.0,81.0,0.9977359262269385,11.0,3.0,13.0,149.0,0.0,1.0,1920.0,1080.0,4.0,0.0,0
31.0,1.0,1.0,0.0,0.0,2.0,0.0,21.0,0.0,0.0,2.3477725517444292,0.0,0.0,9.0,0.0,0.0,0.0,0.0,0.0,1.0,0.0,0.0,1.0,263.0,3.0,0.0,29.0,1.0,1.0,0.0,0.0,1.0,1.0,0.0,0.0,1.0,65.0,0.9466211679391627,4.0,3.0,29.0,107.0,4.0,1.0,1920.0,1080.0,29.0,0.0,0
20.0,1.0,1.0,0.0,0.0,2.0,0.0,16.0,0.0,0.0,2.9267764064679604,0.0,0.0,1.0,0.0,0.0,0.0,0.0,0.0,1.0,0.0,0.0,1.0,2053.0,1.0,0.0,23.0,0.0,0.0,0.0,0.0,0.0,1.0,0.0,0.0,0.0,38.0,0.9448429420282289,9.0,7.0,23.0,329.0,11.0,1.0,1920.0,1080.0,17.0,0.0,0
29.0,1.0,1.0,0.0,0.0,2.0,0.0,21.0,0.0,0.0,3.088947111172254,0.0,0.0,22.0,5.0,0.0,1.0,1.0,0.0,1.0,0.0,0.0,1.0,1833.0,2.0,0.0,21.0,0.0,0.0,0.0,0.0,1.0,0.0,0.0,0.0,0.0,87.0,0.9313805795976653,5.0,4.0,21.0,496.0,11.0,1.0,1920.0,1080.0,15.0,0.0,0
26.0,1.0,0.0,0.0,0.0,1.0,0.0,15.0,1.0,0.06666666666666667,2.309896823315081,0.0,0.0,5.0,0.0,0.0,0.0,0.0,0.0,1.0,0.0,0.0,1.0,1447.0,2.0,0.0,26.0,0.0,0.0,0.0,0.0,0.0,1.0,0.0,0.0,0.0,77.0,0.9685647921912862,14.0,3.0,26.0,472.0,9.0,1.0,1920.0,1080.0,20.0,0.0,0
23.0,1.0,0.0,0.0,0.0,1.0,0.0,16.0,0.0,0.0,2.5210318674259624,0.0,0.0,1.0,5.0,0.0,0.0,0.0,0.0,1.0,0.0,0.0,1.0,1041.0,2.0,0.0,3.0,1.0,1.0,0.0,0.0,1.0,1.0,0.0,0.0,1.0,55.0,0.9963607045817311,7.0,2.0,3.0,336.0,5.0,1.0,1920.0,1080.0,39.0,0.0,0
36.0,1.0,1.0,0.0,0.0,2.0,0.0,9.0,0.0,0.0,3.1907285458344674,0.0,0.0,34.0,20.0,0.0,0.0,0.0,0.0,1.0,0.0,0.0,1.0,2377.0,2.0,0.0,18.0,1.0,0.0,0.0,0.0,2.0,3.0,0.0,0.0,1.0,92.0,0.923897800497851,9.0,8.0,18.0,64.0,10.0,1.0,1280.0,800.0,17.0,0.0,0
44.0,1.0,0.0,0.0,0.0,1.0,0.0,7.0,0.0,0.0,2.4735677872961253,0.0,0.0,25.0,0.0,0.0,1.0,1.0,0.0,1.0,0.0,0.0,1.0,1804.0,0.0,0.0,13.0,0.0,0.0,0.0,0.0,3.0,1.0,0.0,0.0,0.0,113.0,0.9627451535828316,4.0,1.0,13.0,428.0,1.0,1.0,1920.0,1080.0,39.0,0.0,0
24.0,1.0,1.0,0.0,0.0,2.0,0.0,20.0,0.0,0.0,3.1418595281189123,0.0,0.0,18.0,0.0,0.0,0.0,0.0,0.0,1.0,0.0,0.0,1.0,1626.0,1.0,0.0,29.0,0.0,0.0,0.0,0.0,3.0,0.0,0.0,0.0,0.0,85.0,0.9632831317734883,10.0,2.0,29.0,23.0,1.0,1.0,1920.0,1080.0,3.0,0.0,0
33.0,1.0,1.0,0.0,0.0,2.0,0.0,7.0,0.0,0.0,2.160539032155877,0.0,0.0,15.0,0.0,0.0,0.0,0.0,0.0,1.0,0.0,0.0,1.0,2077.0,1.0,1.0,20.0,0.0,0.0,0.0,0.0,0.0,0.0,0.0,0.0,0.0,52.0,0.9530020515614979,9.0,0.0,20.0,110.0,5.0,1.0,1920.0,1080.0,44.0,0.0,0
24.0,1.0,2.0,0.0,0.0,3.0,0.0,15.0,0.0,0.0,2.435761071104699,0.0,0.0,12.0,0.0,0.0,0.0,0.0,0.0,1.0,0.0,0.0,1.0,2083.0,0.0,0.0,29.0,0.0,0.0,0.0,0.0,3.0,1.0,0.0,0.0,0.0,79.0,0.9749932643016817,1.0,0.0,29.0,70.0,5.0,1.0,1920.0,1080.0,42.0,0.0,0
36.0,1.0,1.0,0.0,2.0,2.0,0.0,19.0,0.0,0.0,3.2293526356553786,0.0,0.0,0.0,0.0,0.0,0.0,0.0,0.0,1.0,0.0,0.0,1.0,2316.0,1.0,0.0,17.0,0.0,0.0,0.0,0.0,3.0,0.0,0.0,0.0,0.0,77.0,0.9811718592632821,5.0,1.0,17.0,477.0,8.0,1.0,1920.0,1080.0,36.0,0.0,0
50.0,1.0,0.0,0.0,0.0,1.0,0.0,12.0,0.0,0.0,2.5658491612747163,0.0,0.0,15.0,0.0,0.0,0.0,0.0,0.0,1.0,0.0,0.0,1.0,446.0,3.0,0.0,17.0,0.0,0.0,0.0,0.0,0.0,0.0,0.0,0.0,0.0,91.0,0.9229193837180301,12.0,9.0,17.0,274.0,19.0,1.0,1920.0,1080.0,12.0,0.0,0
44.0,1.0,0.0,0.0,0.0,1.0,0.0,21.0,0.0,0.0,3.343617986591461,0.0,0.0,3.0,0.0,0.0,1.0,1.0,0.0,1.0,0.0,0.0,1.0,1159.0,1.0,0.0,24.0,0.0,0.0,0.0,0.0,0.0,0.0,0.0,0.0,0.0,102.0,0.9955654034651326,4.0,3.0,24.0,375.0,17.0,1.0,1920.0,1080.0,17.0,0.0,0
38.0,1.0,0.0,0.0,0.0,1.0,0.0,8.0,0.0,0.0,2.6748240468423354,0.0,0.0,30.0,5.0,0.0,1.0,1.0,0.0,1.0,0.0,0.0,1.0,169.0,0.0,1.0,15.0,0.0,0.0,0.0,0.0,3.0,0.0,0.0,0.0,0.0,57.0,0.9718084408465372,8.0,5.0,15.0,276.0,3.0,1.0,1920.0,1080.0,43.0,0.0,0
22.0,1.0,0.0,0.0,0.0,1.0,0.0,13.0,1.0,0.07692307692307693,2.7216135475196164,0.0,0.0,7.0,0.0,0.0,0.0,0.0,0.0,1.0,0.0,0.0,1.0,338.0,1.0,1.0,22.0,0.0,0.0,0.0,0.0,2.0,0.0,0.0,0.0,0.0,89.0,0.9331979664484051,8.0,2.0,22.0,454.0,8.0,1.0,1280.0,800.0,10.0,0.0,0
32.0,1.0,1.0,0.0,1.0,2.0,0.0,11.0,0.0,0.0,2.7439937624717747,0.0,0.0,22.0,0.0,0.0,0.0,0.0,0.0,1.0,0.0,0.0,1.0,2217.0,1.0,0.0,9.0,0.0,0.0,0.0,0.0,1.0,0.0,0.0,0.0,0.0,70.0,0.9258511696811007,3.0,2.0,9.0,430.0,18.0,1.0,1280.0,800.0,24.0,0.0,0
52.0,1.0,1.0,0.0,0.0,2.0,0.0,20.0,0.0,0.0,2.3169005092717554,0.0,0.0,17.0,0.0,0.0,1.0,1.0,0.0,1.0,0.0,0.0,1.0,1265.0,0.0,1.0,24.0,0.0,0.0,0.0,0.0,3.0,0.0,0.0,0.0,0.0,107.0,0.9727597992367094,2.0,1.0,24.0,144.0,9.0,1.0,1920.0,1080.0,18.0,0.0,0
48.0,1.0,0.0,0.0,0.0,1.0,0.0,10.0,0.0,0.0,2.3188115565426877,0.0,0.0,2.0,0.0,0.0,0.0,0.0,0.0,1.0,0.0,0.0,1.0,1257.0,0.0,0.0,15.0,0.0,0.0,0.0,0.0,2.0,0.0,0.0,0.0,0.0,104.0,0.9540186373998929,5.0,4.0,15.0,399.0,3.0,1.0,1280.0,800.0,14.0,0.0,0
18.0,1.0,1.0,0.0,0.0,2.0,0.0,20.0,0.0,0.0,2.9839688912093907,0.0,0.0,8.0,0.0,0.0,1.0,1.0,0.0,1.0,0.0,0.0,1.0,2480.0,1.0,0.0,27.0,1.0,1.0,0.0,0.0,3.0,2.0,0.0,0.0,1.0,64.0,0.920164561658285,13.0,2.0,27.0,215.0,19.0,1.0,1280.0,800.0,28.0,0.0,0
25.0,1.0,0.0,0.0,1.0,1.0,0.0,21.0,0.0,0.0,2.1689672956851846,0.0,0.0,13.0,5.0,0.0,1.0,1.0,0.0,1.0,0.0,0.0,1.0,276.0,0.0,0.0,25.0,0.0,0.0,0.0,0.0,3.0,0.0,0.0,0.0,0.0,20.0,0.9880166414473242,7.0,6.0,25.0,114.0,4.0,1.0,1920.0,1080.0,9.0,0.0,0
45.0,1.0,0.0,0.0,0.0,1.0,0.0,18.0,0.0,0.0,2.118835292007075,0.0,0.0,29.0,0.0,0.0,1.0,1.0,0.0,1.0,0.0,0.0,1.0,826.0,1.0,0.0,21.0,1.0,0.0,0.0,1.0,0.0,1.0,0.0,0.0,1.0,23.0,0.9643648571010219,11.0,4.0,21.0,401.0,10.0,1.0,1920.0,1080.0,34.0,0.0,0
23.0,1.0,1.0,0.0,0.0,2.0,0.0,13.0,0.0,0.0,2.7429152471263394,0.0,0.0,14.0,0.0,0.0,1.0,1.0,0.0,1.0,0.0,0.0,1.0,810.0,1.0,0.0,28.0,1.0,0.0,0.0,0.0,2.0,3.0,0.0,0.0,1.0,82.0,0.9563660367114918,3.0,2.0,28.0,166.0,16.0,1.0,1920.0,1080.0,21.0,0.0,0
29.0,1.0,1.0,0.0,0.0,2.0,0.0,17.0,1.0,0.058823529411764705,2.249437889215766,0.0,0.0,18.0,0.0,0.0,0.0,0.0,0.0,1.0,0.0,0.0,1.0,1777.0,1.0,0.0,16.0,0.0,0.0,0.0,0.0,1.0,1.0,0.0,0.0,0.0,111.0,0.9670958362891514,7.0,4.0,16.0,445.0,3.0,1.0,1920.0,1080.0,39.0,0.0,0
44.0,1.0,0.0,0.0,1.0,1.0,0.0,21.0,0.0,0.0,3.301668535943157,0.0,0.0,14.0,0.0,0.0,0.0,0.0,0.0,1.0,0.0,0.0,1.0,1090.0,3.0,0.0,3.0,0.0,0.0,0.0,0.0,3.0,0.0,0.0,0.0,0.0,110.0,0.9363518674929664,14.0,2.0,3.0,14.0,13.0,1.0,1920.0,1080.0,44.0,0.0,0
23.0,1.0,1.0,0.0,0.0,2.0,0.0,8.0,0.0,0.0,2.972053499623857,0.0,0.0,34.0,0.0,0.0,0.0,0.0,0.0,1.0,0.0,0.0,1.0,2244.0,0.0,0.0,14.0,0.0,0.0,0.0,0.0,0.0,1.0,0.0,0.0,0.0,62.0,0.950697384843096,5.0,4.0,14.0,183.0,3.0,1.0,1920.0,1080.0,12.0,0.0,0
33.0,1.0,1.0,0.0,0.0,2.0,0.0,19.0,1.0,0.05263157894736842,2.4674514534957033,0.0,0.0,17.0,0.0,0.0,1.0,1.0,0.0,1.0,0.0,0.0,1.0,1657.0,2.0,1.0,29.0,0.0,0.0,0.0,0.0,3.0,0.0,0.0,0.0,0.0,58.0,0.9654528168676757,13.0,6.0,29.0,128.0,13.0,1.0,1280.0,800.0,27.0,0.0,0
23.0,1.0,0.0,0.0,0.0,1.0,0.0,18.0,0.0,0.0,2.9928423655649223,0.0,0.0,21.0,0.0,0.0,1.0,1.0,0.0,1.0,0.0,0.0,1.0,1210.0,2.0,0.0,6.0,1.0,0.0,0.0,0.0,0.0,3.0,1.0,0.0,1.0,39.0,0.9605663839258171,9.0,8.0,6.0,223.0,7.0,1.0,1920.0,1080.0,39.0,0.0,0
32.0,1.0,0.0,0.0,0.0,1.0,0.0,19.0,0.0,0.0,2.4448353091961,0.0,0.0,16.0,0.0,0.0,0.0,0.0,0.0,1.0,0.0,0.0,1.0,218.0,1.0,1.0,7.0,0.0,0.0,0.0,0.0,1.0,0.0,0.0,0.0,0.0,71.0,0.9698546369120234,6.0,5.0,7.0,77.0,4.0,1.0,1920.0,1080.0,28.0,0.0,0
32.0,1.0,0.0,0.0,0.0,1.0,0.0,7.0,0.0,0.0,3.190526275493715,0.0,0.0,24.0,0.0,0.0,0.0,0.0,0.0,1.0,0.0,0.0,1.0,1757.0,0.0,0.0,11.0,0.0,0.0,0.0,0.0,3.0,0.0,0.0,0.0,0.0,79.0,0.9845666335842096,11.0,3.0,11.0,102.0,1.0,1.0,1920.0,1080.0,25.0,0.0,0
28.0,1.0,1.0,0.0,0.0,2.0,0.0,16.0,1.0,0.0625,2.7784449451240594,0.0,0.0,7.0,0.0,0.0,0.0,0.0,0.0,1.0,0.0,0.0,1.0,93.0,1.0,0.0,9.0,0.0,0.0,0.0,0.0,2.0,1.0,0.0,0.0,0.0,64.0,0.9397698123537023,8.0,4.0,9.0,55.0,4.0,1.0,1920.0,1080.0,26.0,0.0,0
30.0,1.0,0.0,0.0,1.0,1.0,0.0,14.0,0.0,0.0,3.190628256601639,0.0,0.0,30.0,0.0,0.0,0.0,0.0,0.0,1.0,0.0,0.0,1.0,2463.0,1.0,0.0,28.0,0.0,0.0,0.0,0.0,2.0,1.0,0.0,0.0,0.0,18.0,0.9966427615751688,6.0,5.0,28.0,86.0,16.0,1.0,1280.0,800.0,19.0,0.0,0
35.0,1.0,1.0,0.0,0.0,2.0,0.0,14.0,0.0,0.0,2.701713811680116,0.0,0.0,12.0,0.0,0.0,0.0,0.0,0.0,1.0,0.0,0.0,1.0,770.0,2.0,0.0,9.0,0.0,0.0,0.0,0.0,3.0,1.0,0.0,0.0,0.0,89.0,0.9209000417878362,4.0,0.0,9.0,135.0,6.0,1.0,1280.0,800.0,41.0,0.0,0
39.0,1.0,1.0,0.0,0.0,2.0,0.0,8.0,0.0,0.0,2.1971625943451185,0.0,0.0,11.0,0.0,0.0,0.0,0.0,0.0,1.0,0.0,0.0,1.0,2320.0,1.0,0.0,2.0,0.0,0.0,0.0,0.0,0.0,0.0,0.0,0.0,0.0,42.0,0.9857781060205167,8.0,4.0,2.0,181.0,6.0,1.0,1280.0,800.0,21.0,0.0,0
25.0,1.0,0.0,0.0,2.0,1.0,0.0,11.0,0.0,0.0,3.223507020910535,0.0,0.0,5.0,0.0,0.0,0.0,0.0,0.0,1.0,0.0,0.0,1.0,171.0,1.0,1.0,29.0,0.0,0.0,0.0,0.0,0.0,0.0,0.0,0.0,0.0,54.0,0.978960932727645,9.0,0.0,29.0,228.0,2.0,1.0,1920.0,1080.0,44.0,0.0,0
42.0,1.0,0.0,0.0,0.0,1.0,0.0,7.0,0.0,0.0,2.1227613806912062,0.0,0.0,28.0,0.0,0.0,1.0,1.0,0.0,1.0,0.0,0.0,1.0,1779.0,2.0,2.0,20.0,0.0,0.0,1.0,0.0,0.0,0.0,0.0,0.0,1.0,44.0,0.9484476315264825,4.0,3.0,20.0,200.0,16.0,1.0,1920.0,1080.0,22.0,0.0,0
31.0,1.0,1.0,0.0,0.0,2.0,0.0,21.0,0.0,0.0,3.2780976182974326,0.0,0.0,19.0,0.0,0.0,1.0,1.0,0.0,1.0,0.0,0.0,1.0,821.0,2.0,2.0,16.0,1.0,1.0,0.0,0.0,3.0,3.0,0.0,0.0,1.0,25.0,0.9272518583238829,3.0,2.0,16.0,408.0,6.0,1.0,1920.0,1080.0,5.0,0.0,0
42.0,1.0,0.0,0.0,0.0,1.0,0.0,14.0,0.0,0.0,2.777689841822452,0.0,0.0,10.0,0.0,0.0,0.0,0.0,0.0,1.0,0.0,0.0,1.0,592.0,0.0,0.0,19.0,0.0,0.0,0.0,0.0,0.0,1.0,0.0,0.0,0.0,43.0,0.960996003106677,14.0,7.0,19.0,226.0,7.0,1.0,1920.0,1080.0,29.0,0.0,0
22.0,1.0,1.0,0.0,0.0,2.0,0.0,7.0,0.0,0.0,3.174537599783132,0.0,0.0,9.0,0.0,0.0,0.0,0.0,0.0,1.0,0.0,0.0,1.0,1017.0,1.0,0.0,7.0,0.0,0.0,0.0,0.0,1.0,0.0,0.0,0.0,0.0,36.0,0.9483858704034661,8.0,6.0,7.0,379.0,7.0,1.0,1920.0,1080.0,17.0,0.0,0
25.0,1.0,0.0,0.0,0.0,1.0,0.0,11.0,0.0,0.0,2.2317008768697884,0.0,0.0,19.0,5.0,0.0,1.0,1.0,0.0,1.0,0.0,0.0,1.0,236.0,0.0,0.0,10.0,0.0,0.0,0.0,0.0,2.0,0.0,0.0,0.0,0.0,85.0,0.9569076322654916,11.0,5.0,10.0,370.0,14.0,1.0,1920.0,1080.0,41.0,0.0,0
21.0,1.0,0.0,0.0,0.0,1.0,0.0,11.0,1.0,0.09090909090909091,2.8176275973043996,0.0,0.0,6.0,0.0,0.0,0.0,0.0,0.0,1.0,0.0,0.0,1.0,412.0,0.0,0.0,21.0,0.0,0.0,0.0,0.0,0.0,0.0,0.0,0.0,0.0,59.0,0.9860451591476306,3.0,2.0,21.0,150.0,14.0,1.0,1280.0,800.0,42.0,0.0,0
35.0,1.0,1.0,0.0,0.0,2.0,0.0,13.0,0.0,0.0,2.431723514785045,0.0,0.0,6.0,0.0,0.0,0.0,0.0,0.0,1.0,0.0,0.0,1.0,977.0,1.0,0.0,4.0,0.0,0.0,0.0,0.0,0.0,0.0,0.0,0.0,0.0,65.0,0.9272362933592281,6.0,1.0,4.0,61.0,13.0,1.0,1280.0,800.0,3.0,0.0,0
27.0,1.0,0.0,0.0,0.0,1.0,0.0,17.0,0.0,0.0,3.167046368317989,0.0,0.0,12.0,0.0,0.0,1.0,1.0,0.0,1.0,0.0,0.0,0.0,282.0,1.0,0.0,24.0,0.0,0.0,0.0,1.0,2.0,0.0,0.0,0.0,1.0,84.0,0.9648830980178459,14.0,4.0,24.0,308.0,5.0,1.0,1280.0,800.0,13.0,0.0,0
49.0,1.0,1.0,0.0,0.0,2.0,0.0,13.0,0.0,0.0,2.285519969978094,0.0,0.0,13.0,0.0,0.0,0.0,0.0,0.0,1.0,0.0,0.0,1.0,339.0,0.0,0.0,21.0,0.0,0.0,0.0,0.0,1.0,0.0,1.0,0.0,0.0,48.0,0.990662410520961,14.0,6.0,21.0,387.0,3.0,1.0,1280.0,800.0,9.0,0.0,0
32.0,1.0,1.0,0.0,0.0,2.0,0.0,16.0,0.0,0.0,3.0293706700331375,0.0,1.0,33.0,0.0,0.0,0.0,0.0,0.0,1.0,0.0,0.0,1.0,1410.0,1.0,0.0,21.0,0.0,0.0,0.0,0.0,0.0,0.0,0.0,0.0,0.0,38.0,0.9219402348834604,4.0,2.0,21.0,238.0,12.0,1.0,1920.0,1080.0,12.0,0.0,0
36.0,1.0,0.0,0.0,0.0,1.0,0.0,18.0,0.0,0.0,2.912591378790424,0.0,0.0,3.0,0.0,0.0,0.0,0.0,0.0,1.0,0.0,0.0,1.0,1851.0,1.0,0.0,6.0,0.0,0.0,0.0,0.0,1.0,0.0,0.0,0.0,0.0,88.0,0.9934094304142325,2.0,1.0,6.0,358.0,15.0,1.0,1280.0,800.0,6.0,0.0,0
49.0,1.0,0.0,0.0,0.0,1.0,0.0,15.0,0.0,0.0,3.2104424445327524,0.0,0.0,25.0,0.0,0.0,0.0,0.0,0.0,1.0,0.0,0.0,1.0,1634.0,1.0,1.0,23.0,0.0,0.0,0.0,0.0,0.0,1.0,0.0,0.0,0.0,71.0,0.9387074604476904,1.0,0.0,23.0,324.0,9.0,1.0,1280.0,800.0,19.0,0.0,0
49.0,1.0,1.0,0.0,0.0,2.0,0.0,17.0,0.0,0.0,2.5017306878730414,0.0,0.0,12.0,0.0,0.0,0.0,0.0,0.0,1.0,0.0,0.0,1.0,1543.0,0.0,1.0,13.0,0.0,0.0,0.0,0.0,0.0,0.0,0.0,0.0,0.0,115.0,0.9345618785470329,5.0,3.0,13.0,377.0,6.0,1.0,1920.0,1080.0,26.0,0.0,0
21.0,1.0,1.0,0.0,0.0,2.0,0.0,21.0,0.0,0.0,2.9401545334206878,0.0,0.0,12.0,0.0,0.0,0.0,0.0,0.0,1.0,0.0,0.0,1.0,2064.0,0.0,0.0,26.0,0.0,0.0,0.0,0.0,2.0,0.0,0.0,0.0,0.0,75.0,0.9729429546771938,8.0,3.0,26.0,210.0,17.0,1.0,1920.0,1080.0,31.0,0.0,0
42.0,1.0,0.0,0.0,0.0,1.0,0.0,11.0,0.0,0.0,2.8445677018209876,0.0,0.0,18.0,0.0,0.0,1.0,1.0,0.0,1.0,0.0,0.0,1.0,2400.0,3.0,1.0,24.0,0.0,0.0,0.0,0.0,3.0,0.0,0.0,0.0,0.0,117.0,0.9241413904753653,8.0,4.0,24.0,170.0,19.0,1.0,1920.0,1080.0,40.0,0.0,0
44.0,1.0,1.0,0.0,2.0,2.0,0.0,16.0,2.0,0.125,2.7850081038720687,0.0,0.0,30.0,0.0,0.0,0.0,0.0,0.0,1.0,0.0,0.0,1.0,1880.0,0.0,1.0,17.0,0.0,0.0,0.0,0.0,1.0,0.0,1.0,0.0,0.0,89.0,0.9552601378666102,6.0,0.0,17.0,52.0,19.0,1.0,1280.0,800.0,34.0,0.0,0
43.0,1.0,0.0,0.0,0.0,1.0,0.0,17.0,0.0,0.0,3.313857110267817,0.0,0.0,25.0,0.0,0.0,1.0,1.0,0.0,1.0,0.0,0.0,1.0,591.0,0.0,1.0,3.0,0.0,0.0,0.0,0.0,0.0,0.0,0.0,0.0,0.0,101.0,0.9744237803331894,5.0,4.0,3.0,304.0,6.0,1.0,1920.0,1080.0,29.0,0.0,0
49.0,1.0,1.0,0.0,0.0,2.0,0.0,10.0,0.0,0.0,3.3794821189342055,0.0,0.0,14.0,0.0,0.0,0.0,0.0,0.0,1.0,0.0,0.0,1.0,2311.0,0.0,1.0,8.0,0.0,0.0,0.0,0.0,1.0,0.0,0.0,0.0,0.0,55.0,0.9999053076204194,9.0,3.0,8.0,236.0,8.0,1.0,1280.0,800.0,3.0,0.0,0
52.0,1.0,0.0,0.0,0.0,1.0,0.0,11.0,0.0,0.0,3.363285240584796,0.0,0.0,32.0,0.0,0.0,1.0,1.0,0.0,1.0,0.0,0.0,1.0,1175.0,2.0,0.0,26.0,0.0,0.0,0.0,0.0,1.0,0.0,0.0,0.0,0.0,46.0,0.9532042844605395,9.0,6.0,26.0,436.0,8.0,1.0,1920.0,1080.0,36.0,0.0,0
39.0,1.0,1.0,0.0,1.0,2.0,0.0,18.0,0.0,0.0,3.08789822432211,0.0,0.0,13.0,0.0,0.0,1.0,1.0,0.0,1.0,0.0,0.0,1.0,1424.0,2.0,1.0,5.0,0.0,0.0,0.0,0.0,3.0,0.0,0.0,0.0,0.0,68.0,0.9467516942096956,6.0,4.0,5.0,462.0,8.0,1.0,1920.0,1080.0,13.0,0.0,0
21.0,1.0,1.0,0.0,0.0,2.0,0.0,19.0,0.0,0.0,3.19350180751187,0.0,0.0,20.0,0.0,0.0,0.0,0.0,0.0,1.0,0.0,0.0,1.0,636.0,0.0,0.0,14.0,0.0,0.0,0.0,0.0,0.0,0.0,1.0,0.0,0.0,59.0,0.9207158619111406,11.0,3.0,14.0,142.0,1.0,1.0,1920.0,1080.0,38.0,0.0,0
35.0,1.0,1.0,0.0,0.0,2.0,0.0,20.0,0.0,0.0,2.997883820837246,0.0,0.0,34.0,0.0,0.0,0.0,0.0,0.0,1.0,0.0,0.0,1.0,1624.0,2.0,1.0,20.0,0.0,0.0,0.0,0.0,0.0,0.0,0.0,0.0,0.0,96.0,0.9384437344177322,12.0,5.0,20.0,273.0,16.0,1.0,1920.0,1080.0,2.0,0.0,0
41.0,1.0,0.0,0.0,0.0,1.0,0.0,11.0,0.0,0.0,3.3380687298517318,0.0,0.0,30.0,5.0,0.0,0.0,0.0,0.0,1.0,0.0,0.0,1.0,94.0,2.0,1.0,10.0,0.0,0.0,0.0,0.0,1.0,0.0,0.0,0.0,0.0,15.0,0.9740991378472699,3.0,2.0,10.0,109.0,10.0,1.0,1920.0,1080.0,2.0,0.0,0
49.0,1.0,1.0,0.0,0.0,2.0,0.0,15.0,0.0,0.0,2.691485224605595,0.0,0.0,8.0,5.0,0.0,0.0,0.0,0.0,1.0,0.0,0.0,1.0,2154.0,1.0,0.0,27.0,0.0,0.0,0.0,0.0,1.0,0.0,0.0,0.0,0.0,100.0,0.9492949320962724,2.0,1.0,27.0,110.0,6.0,1.0,1280.0,800.0,34.0,0.0,0
19.0,1.0,0.0,0.0,0.0,1.0,0.0,17.0,0.0,0.0,2.393688699039136,0.0,0.0,0.0,0.0,0.0,0.0,0.0,0.0,1.0,0.0,0.0,1.0,300.0,1.0,0.0,23.0,0.0,0.0,0.0,0.0,1.0,0.0,1.0,0.0,0.0,53.0,0.9416415644688696,12.0,8.0,23.0,479.0,2.0,1.0,1920.0,1080.0,5.0,0.0,0
21.0,1.0,1.0,0.0,0.0,2.0,0.0,12.0,0.0,0.0,3.3885808995543316,0.0,0.0,34.0,0.0,0.0,0.0,0.0,0.0,1.0,0.0,0.0,1.0,1727.0,1.0,2.0,14.0,0.0,0.0,0.0,0.0,0.0,1.0,0.0,0.0,0.0,95.0,0.9965932389214561,6.0,2.0,14.0,113.0,6.0,1.0,1920.0,1080.0,38.0,0.0,0
40.0,1.0,1.0,0.0,0.0,2.0,0.0,13.0,0.0,0.0,2.1657522907167586,0.0,0.0,34.0,0.0,0.0,1.0,1.0,0.0,1.0,0.0,0.0,1.0,185.0,0.0,1.0,5.0,0.0,0.0,0.0,0.0,2.0,0.0,0.0,0.0,0.0,109.0,0.9447979337225201,7.0,6.0,5.0,436.0,7.0,1.0,1920.0,1080.0,44.0,0.0,0
23.0,1.0,0.0,0.0,0.0,1.0,0.0,20.0,0.0,0.0,2.9299716383137766,0.0,0.0,27.0,0.0,0.0,0.0,0.0,0.0,1.0,0.0,0.0,1.0,504.0,0.0,0.0,9.0,0.0,0.0,0.0,0.0,1.0,1.0,0.0,0.0,0.0,63.0,0.9631675722988023,6.0,5.0,9.0,230.0,7.0,1.0,1920.0,1080.0,3.0,0.0,0
34.0,1.0,1.0,0.0,0.0,2.0,0.0,8.0,0.0,0.0,2.3612683951127154,0.0,0.0,3.0,0.0,0.0,1.0,1.0,0.0,1.0,0.0,0.0,1.0,1845.0,0.0,0.0,8.0,0.0,0.0,0.0,0.0,1.0,0.0,0.0,0.0,0.0,73.0,0.9364273398009312,4.0,3.0,8.0,436.0,13.0,1.0,1920.0,1080.0,10.0,0.0,0
44.0,1.0,1.0,0.0,0.0,2.0,0.0,18.0,0.0,0.0,3.1239949229262898,0.0,0.0,19.0,0.0,0.0,0.0,0.0,0.0,1.0,0.0,0.0,0.0,115.0,1.0,0.0,8.0,0.0,0.0,0.0,0.0,3.0,0.0,0.0,0.0,0.0,58.0,0.9589377647124036,9.0,5.0,8.0,71.0,6.0,1.0,1920.0,1080.0,22.0,0.0,0
50.0,1.0,1.0,0.0,0.0,2.0,0.0,12.0,0.0,0.0,3.099743028422786,0.0,0.0,17.0,0.0,0.0,0.0,0.0,0.0,1.0,0.0,0.0,1.0,2064.0,1.0,1.0,3.0,0.0,0.0,0.0,0.0,1.0,0.0,0.0,0.0,0.0,55.0,0.9945095510412125,9.0,8.0,3.0,128.0,10.0,1.0,1920.0,1080.0,19.0,0.0,0
25.0,1.0,1.0,0.0,2.0,2.0,0.0,10.0,0.0,0.0,2.815913481375425,0.0,0.0,16.0,0.0,0.0,1.0,1.0,0.0,1.0,0.0,0.0,1.0,1957.0,1.0,0.0,25.0,0.0,0.0,0.0,0.0,1.0,0.0,0.0,0.0,0.0,68.0,0.9260471386162121,6.0,5.0,25.0,45.0,9.0,1.0,1920.0,1080.0,43.0,0.0,0
27.0,1.0,0.0,0.0,0.0,1.0,0.0,19.0,0.0,0.0,3.3327147099551,0.0,0.0,8.0,0.0,0.0,1.0,1.0,0.0,1.0,0.0,0.0,1.0,1612.0,0.0,0.0,19.0,0.0,0.0,0.0,0.0,1.0,0.0,0.0,0.0,0.0,46.0,0.926298698548454,5.0,4.0,19.0,323.0,11.0,1.0,1920.0,1080.0,43.0,0.0,0
24.0,1.0,1.0,0.0,0.0,2.0,0.0,11.0,0.0,0.0,3.020042510587829,0.0,0.0,8.0,0.0,0.0,1.0,1.0,0.0,1.0,0.0,0.0,1.0,2474.0,1.0,0.0,11.0,0.0,0.0,0.0,0.0,1.0,1.0,0.0,0.0,0.0,112.0,0.9879454985504037,13.0,3.0,11.0,142.0,8.0,1.0,1280.0,800.0,10.0,0.0,0
27.0,1.0,0.0,0.0,0.0,1.0,0.0,19.0,0.0,0.0,2.3763883554590612,0.0,0.0,5.0,0.0,0.0,0.0,0.0,0.0,1.0,0.0,0.0,1.0,1024.0,3.0,0.0,21.0,0.0,0.0,0.0,0.0,2.0,0.0,0.0,0.0,0.0,116.0,0.9660450999859233,14.0,4.0,21.0,198.0,8.0,1.0,1920.0,1080.0,21.0,0.0,0
19.0,1.0,0.0,0.0,0.0,1.0,0.0,9.0,0.0,0.0,2.4503166419500673,0.0,0.0,18.0,0.0,0.0,0.0,0.0,0.0,1.0,0.0,0.0,1.0,1442.0,0.0,0.0,5.0,0.0,0.0,0.0,0.0,3.0,0.0,0.0,0.0,0.0,79.0,0.926567578127262,6.0,3.0,5.0,426.0,12.0,1.0,1920.0,1080.0,30.0,0.0,0
26.0,1.0,1.0,0.0,0.0,2.0,0.0,12.0,1.0,0.08333333333333333,3.0992685305091285,0.0,1.0,10.0,0.0,0.0,0.0,0.0,0.0,1.0,0.0,0.0,1.0,791.0,2.0,0.0,12.0,0.0,0.0,0.0,0.0,2.0,0.0,0.0,0.0,0.0,94.0,0.9886854828752751,7.0,2.0,12.0,282.0,15.0,1.0,1920.0,1080.0,7.0,0.0,0
28.0,1.0,1.0,0.0,0.0,2.0,0.0,12.0,0.0,0.0,3.0015264627440494,0.0,0.0,8.0,0.0,0.0,0.0,0.0,0.0,1.0,0.0,0.0,1.0,2448.0,0.0,2.0,11.0,0.0,0.0,0.0,0.0,0.0,0.0,1.0,0.0,0.0,107.0,0.9342575012710884,12.0,3.0,11.0,120.0,16.0,1.0,1920.0,1080.0,43.0,0.0,0
35.0,1.0,1.0,0.0,0.0,2.0,0.0,7.0,0.0,0.0,2.611313207539435,0.0,0.0,16.0,0.0,0.0,0.0,0.0,0.0,1.0,0.0,0.0,1.0,1339.0,1.0,0.0,26.0,0.0,0.0,0.0,0.0,0.0,0.0,0.0,0.0,0.0,18.0,0.9946096820570731,1.0,0.0,26.0,305.0,11.0,1.0,1920.0,1080.0,38.0,0.0,0
49.0,1.0,1.0,0.0,0.0,2.0,0.0,9.0,0.0,0.0,2.4903020541913294,0.0,0.0,29.0,0.0,0.0,1.0,1.0,0.0,1.0,0.0,0.0,1.0,1502.0,0.0,0.0,5.0,0.0,0.0,0.0,0.0,2.0,1.0,0.0,0.0,0.0,53.0,0.9527064493212384,1.0,0.0,5.0,448.0,7.0,1.0,1280.0,800.0,43.0,0.0,0
39.0,1.0,0.0,0.0,0.0,1.0,0.0,13.0,0.0,0.0,2.625141556533237,0.0,0.0,23.0,0.0,0.0,1.0,1.0,0.0,1.0,0.0,0.0,1.0,1367.0,1.0,0.0,8.0,0.0,0.0,1.0,0.0,0.0,0.0,0.0,0.0,1.0,49.0,0.9800739337898584,6.0,1.0,8.0,331.0,7.0,1.0,1920.0,1080.0,30.0,0.0,0
48.0,1.0,1.0,0.0,0.0,2.0,0.0,14.0,0.0,0.0,2.3829716784789166,0.0,0.0,6.0,0.0,0.0,0.0,0.0,0.0,1.0,0.0,0.0,1.0,1794.0,0.0,1.0,26.0,0.0,0.0,0.0,0.0,2.0,0.0,0.0,0.0,0.0,27.0,0.9998975257647874,6.0,4.0,26.0,487.0,14.0,1.0,1920.0,1080.0,27.0,0.0,0
34.0,1.0,1.0,0.0,0.0,2.0,0.0,14.0,0.0,0.0,2.859561299064965,0.0,0.0,29.0,0.0,0.0,0.0,0.0,0.0,1.0,0.0,0.0,1.0,1228.0,0.0,1.0,27.0,0.0,0.0,0.0,0.0,3.0,0.0,0.0,0.0,0.0,109.0,0.9529337219630756,10.0,3.0,27.0,469.0,5.0,1.0,1920.0,1080.0,14.0,0.0,0
41.0,1.0,0.0,0.0,0.0,1.0,0.0,7.0,2.0,0.2857142857142857,2.6977315943080793,0.0,0.0,23.0,0.0,0.0,0.0,0.0,0.0,1.0,0.0,0.0,1.0,2450.0,3.0,0.0,24.0,0.0,0.0,0.0,0.0,1.0,1.0,0.0,0.0,0.0,50.0,0.9248280851962127,14.0,6.0,24.0,82.0,10.0,1.0,1920.0,1080.0,11.0,0.0,0
44.0,1.0,0.0,0.0,1.0,1.0,0.0,14.0,0.0,0.0,2.824133686306094,0.0,0.0,4.0,0.0,0.0,0.0,0.0,0.0,1.0,0.0,0.0,1.0,1000.0,1.0,1.0,26.0,0.0,0.0,0.0,0.0,1.0,1.0,0.0,0.0,0.0,93.0,0.9287823393166538,7.0,3.0,26.0,442.0,9.0,1.0,1920.0,1080.0,5.0,0.0,0
27.0,1.0,0.0,0.0,0.0,1.0,0.0,18.0,0.0,0.0,3.0996994953360457,0.0,0.0,18.0,0.0,0.0,0.0,0.0,0.0,1.0,0.0,0.0,1.0,1458.0,1.0,0.0,13.0,0.0,0.0,0.0,0.0,0.0,0.0,0.0,0.0,0.0,23.0,0.9335755446795448,7.0,1.0,13.0,58.0,7.0,1.0,1280.0,800.0,11.0,0.0,0
29.0,1.0,1.0,0.0,0.0,2.0,0.0,20.0,0.0,0.0,2.1614072834222413,0.0,0.0,19.0,5.0,0.0,0.0,0.0,0.0,1.0,0.0,0.0,1.0,2234.0,0.0,0.0,16.0,0.0,0.0,0.0,0.0,2.0,0.0,0.0,0.0,0.0,58.0,0.9270843401577529,8.0,7.0,16.0,222.0,18.0,1.0,1920.0,1080.0,20.0,0.0,0
34.0,1.0,0.0,0.0,0.0,1.0,0.0,16.0,0.0,0.0,2.5627190446950774,0.0,0.0,10.0,0.0,0.0,0.0,0.0,0.0,1.0,0.0,0.0,1.0,459.0,2.0,0.0,24.0,0.0,0.0,0.0,0.0,1.0,1.0,0.0,0.0,0.0,25.0,0.9572108241484454,13.0,7.0,24.0,254.0,15.0,1.0,1920.0,1080.0,42.0,0.0,0
44.0,1.0,1.0,0.0,0.0,2.0,0.0,9.0,0.0,0.0,2.4303100219547775,0.0,0.0,34.0,0.0,0.0,0.0,0.0,0.0,1.0,0.0,0.0,1.0,2348.0,0.0,0.0,22.0,0.0,0.0,0.0,0.0,2.0,0.0,0.0,0.0,0.0,73.0,0.9347322907366049,12.0,4.0,22.0,379.0,10.0,1.0,1920.0,1080.0,15.0,0.0,0
37.0,1.0,0.0,0.0,0.0,1.0,0.0,11.0,0.0,0.0,2.62145106735123,0.0,0.0,14.0,0.0,0.0,0.0,0.0,0.0,1.0,0.0,0.0,1.0,1861.0,3.0,0.0,17.0,0.0,0.0,0.0,0.0,0.0,0.0,0.0,0.0,0.0,88.0,0.9638007718249966,10.0,7.0,17.0,191.0,4.0,1.0,1920.0,1080.0,24.0,0.0,0
30.0,1.0,1.0,0.0,0.0,2.0,0.0,13.0,0.0,0.0,2.3432147004991695,0.0,1.0,20.0,0.0,0.0,0.0,0.0,0.0,1.0,0.0,0.0,1.0,1417.0,1.0,0.0,23.0,0.0,0.0,0.0,0.0,1.0,0.0,0.0,0.0,0.0,48.0,0.9867936514601016,8.0,7.0,23.0,74.0,19.0,1.0,1920.0,1080.0,35.0,0.0,0
24.0,1.0,0.0,0.0,0.0,1.0,0.0,8.0,0.0,0.0,3.3385876061281503,0.0,0.0,14.0,0.0,0.0,0.0,0.0,0.0,1.0,0.0,0.0,1.0,522.0,2.0,0.0,3.0,0.0,0.0,0.0,0.0,0.0,0.0,1.0,0.0,0.0,23.0,0.9757378618576488,11.0,7.0,3.0,387.0,13.0,1.0,1920.0,1080.0,13.0,0.0,0
27.0,1.0,1.0,0.0,0.0,2.0,0.0,7.0,0.0,0.0,2.133020986693051,0.0,0.0,11.0,0.0,0.0,1.0,1.0,0.0,1.0,0.0,0.0,1.0,2256.0,1.0,0.0,20.0,1.0,1.0,0.0,1.0,0.0,3.0,1.0,0.0,1.0,53.0,0.9386526398829284,4.0,3.0,20.0,277.0,5.0,1.0,1920.0,1080.0,42.0,0.0,0
22.0,1.0,0.0,0.0,0.0,1.0,0.0,10.0,0.0,0.0,2.3185888594206356,0.0,0.0,23.0,0.0,0.0,1.0,1.0,0.0,1.0,0.0,0.0,1.0,2003.0,1.0,0.0,10.0,0.0,0.0,0.0,0.0,1.0,1.0,0.0,0.0,0.0,30.0,0.9519606874629734,13.0,5.0,10.0,68.0,13.0,1.0,1920.0,1080.0,19.0,0.0,0
45.0,1.0,0.0,0.0,0.0,1.0,0.0,17.0,0.0,0.0,3.058420766192051,0.0,0.0,21.0,0.0,0.0,0.0,0.0,0.0,1.0,0.0,0.0,1.0,1992.0,1.0,0.0,27.0,0.0,0.0,0.0,0.0,2.0,1.0,0.0,0.0,0.0,112.0,0.9216394892311105,5.0,3.0,27.0,341.0,0.0,1.0,1920.0,1080.0,4.0,0.0,0
33.0,1.0,1.0,0.0,0.0,2.0,0.0,16.0,0.0,0.0,2.6244882098727405,0.0,0.0,16.0,0.0,0.0,0.0,0.0,0.0,1.0,0.0,0.0,0.0,237.0,2.0,0.0,14.0,0.0,0.0,0.0,0.0,3.0,0.0,1.0,0.0,0.0,107.0,0.9630279553203335,14.0,6.0,14.0,262.0,11.0,1.0,1920.0,1080.0,29.0,0.0,0
41.0,1.0,0.0,0.0,2.0,1.0,0.0,19.0,0.0,0.0,2.1461952070185513,0.0,0.0,3.0,0.0,0.0,0.0,0.0,0.0,1.0,0.0,0.0,1.0,1287.0,1.0,0.0,16.0,1.0,0.0,0.0,0.0,3.0,1.0,0.0,0.0,1.0,80.0,0.9789725763421018,10.0,4.0,16.0,176.0,9.0,1.0,1280.0,800.0,39.0,0.0,0
48.0,1.0,1.0,0.0,0.0,2.0,0.0,7.0,0.0,0.0,2.5093572427006765,0.0,0.0,14.0,0.0,0.0,0.0,0.0,0.0,1.0,0.0,0.0,1.0,2183.0,1.0,0.0,29.0,0.0,0.0,0.0,0.0,3.0,1.0,0.0,0.0,0.0,117.0,0.976387405557827,3.0,2.0,29.0,66.0,15.0,1.0,1280.0,800.0,36.0,0.0,0
50.0,1.0,1.0,0.0,2.0,2.0,0.0,18.0,1.0,0.05555555555555555,2.1261880641811417,0.0,0.0,7.0,0.0,0.0,0.0,0.0,0.0,1.0,0.0,0.0,1.0,2022.0,2.0,1.0,26.0,0.0,0.0,0.0,0.0,2.0,0.0,0.0,0.0,0.0,62.0,0.9394279434909979,10.0,7.0,26.0,158.0,5.0,1.0,1280.0,800.0,42.0,0.0,0
19.0,1.0,1.0,0.0,0.0,2.0,0.0,18.0,0.0,0.0,2.229086704490231,0.0,0.0,3.0,0.0,0.0,1.0,1.0,0.0,1.0,0.0,0.0,1.0,2380.0,3.0,0.0,23.0,1.0,1.0,0.0,0.0,3.0,1.0,0.0,0.0,1.0,40.0,0.9446262231407467,1.0,0.0,23.0,101.0,10.0,1.0,1920.0,1080.0,16.0,0.0,0
18.0,1.0,1.0,0.0,0.0,2.0,0.0,9.0,0.0,0.0,2.968140702932497,0.0,0.0,24.0,5.0,0.0,0.0,0.0,0.0,1.0,0.0,0.0,1.0,991.0,0.0,0.0,24.0,0.0,0.0,0.0,0.0,1.0,0.0,0.0,0.0,0.0,31.0,0.9382964109720102,14.0,1.0,24.0,153.0,13.0,1.0,1280.0,800.0,40.0,0.0,0
45.0,0.0,1.0,0.0,0.0,2.0,0.0,13.0,0.0,0.0,2.9336910546338686,0.0,0.0,1.0,0.0,0.0,0.0,0.0,0.0,0.0,0.0,0.0,0.0,931.0,0.0,0.0,20.0,0.0,0.0,0.0,0.0,0.0,0.0,0.0,0.0,0.0,108.0,0.4915634397560352,8.0,0.0,20.0,106.0,15.0,1.0,1920.0,1080.0,24.0,0.0,0
37.0,1.0,0.0,0.0,0.0,1.0,0.0,15.0,0.0,0.0,3.2264354083263687,0.0,0.0,13.0,0.0,0.0,0.0,0.0,0.0,1.0,0.0,0.0,1.0,2155.0,1.0,0.0,7.0,0.0,0.0,0.0,0.0,3.0,1.0,0.0,0.0,0.0,61.0,0.9997920221055687,8.0,2.0,7.0,261.0,11.0,1.0,1920.0,1080.0,39.0,0.0,0
34.0,1.0,1.0,0.0,0.0,2.0,0.0,8.0,0.0,0.0,2.1281955139391764,0.0,0.0,25.0,5.0,0.0,1.0,1.0,0.0,1.0,0.0,0.0,1.0,161.0,2.0,0.0,10.0,1.0,0.0,0.0,1.0,0.0,2.0,0.0,0.0,1.0,67.0,0.9900965447998387,3.0,2.0,10.0,414.0,4.0,1.0,1920.0,1080.0,16.0,0.0,0
20.0,1.0,1.0,0.0,0.0,2.0,0.0,17.0,0.0,0.0,3.2575612814182078,0.0,0.0,31.0,0.0,0.0,0.0,0.0,0.0,1.0,0.0,0.0,1.0,1714.0,0.0,0.0,2.0,0.0,0.0,0.0,0.0,1.0,1.0,0.0,0.0,0.0,19.0,0.9553564161300078,1.0,0.0,2.0,493.0,19.0,1.0,1920.0,1080.0,41.0,0.0,0
19.0,1.0,1.0,0.0,0.0,2.0,0.0,9.0,0.0,0.0,2.4755231875766937,0.0,0.0,3.0,0.0,0.0,0.0,0.0,0.0,1.0,0.0,0.0,1.0,676.0,3.0,1.0,6.0,0.0,0.0,0.0,0.0,0.0,0.0,0.0,0.0,0.0,56.0,0.9322560621155552,6.0,1.0,6.0,360.0,13.0,1.0,1920.0,1080.0,26.0,0.0,0
45.0,1.0,0.0,0.0,0.0,1.0,0.0,19.0,1.0,0.05263157894736842,2.453318533225505,0.0,0.0,8.0,0.0,0.0,0.0,0.0,0.0,1.0,0.0,0.0,1.0,1961.0,0.0,1.0,11.0,0.0,0.0,0.0,0.0,2.0,1.0,0.0,0.0,0.0,42.0,0.948593081545862,13.0,9.0,11.0,304.0,16.0,1.0,1920.0,1080.0,24.0,0.0,0
34.0,1.0,1.0,0.0,0.0,2.0,0.0,19.0,0.0,0.0,3.0171578704512783,0.0,0.0,0.0,0.0,0.0,0.0,0.0,0.0,1.0,0.0,0.0,1.0,469.0,2.0,0.0,29.0,0.0,0.0,0.0,0.0,0.0,0.0,0.0,0.0,0.0,64.0,0.9634410483815254,12.0,6.0,29.0,213.0,9.0,1.0,1920.0,1080.0,19.0,0.0,0
32.0,1.0,0.0,0.0,0.0,1.0,0.0,12.0,2.0,0.16666666666666666,2.5748734383639285,0.0,0.0,15.0,0.0,0.0,1.0,1.0,0.0,1.0,0.0,0.0,1.0,1695.0,3.0,0.0,28.0,1.0,1.0,0.0,0.0,2.0,2.0,0.0,0.0,1.0,35.0,0.9434362536872795,12.0,5.0,28.0,120.0,4.0,1.0,1280.0,800.0,40.0,0.0,0
35.0,1.0,2.0,0.0,0.0,3.0,0.0,18.0,1.0,0.05555555555555555,2.4894666218732526,0.0,0.0,14.0,0.0,0.0,1.0,1.0,0.0,1.0,0.0,0.0,1.0,1422.0,1.0,1.0,19.0,0.0,0.0,0.0,0.0,2.0,0.0,1.0,0.0,0.0,20.0,0.9833950693919684,10.0,5.0,19.0,262.0,6.0,1.0,1920.0,1080.0,15.0,0.0,0
38.0,1.0,1.0,0.0,2.0,2.0,0.0,17.0,0.0,0.0,2.2519442812526553,0.0,0.0,12.0,0.0,0.0,0.0,0.0,0.0,1.0,0.0,0.0,1.0,661.0,0.0,1.0,4.0,0.0,0.0,0.0,0.0,1.0,1.0,0.0,0.0,0.0,113.0,0.9525365976777433,14.0,9.0,4.0,101.0,3.0,1.0,1920.0,1080.0,9.0,0.0,0
34.0,1.0,0.0,0.0,0.0,1.0,0.0,13.0,0.0,0.0,2.688564359291654,0.0,0.0,4.0,5.0,0.0,0.0,0.0,0.0,1.0,0.0,0.0,1.0,1975.0,2.0,0.0,26.0,0.0,0.0,0.0,0.0,3.0,0.0,0.0,0.0,0.0,114.0,0.975838944318645,10.0,4.0,26.0,272.0,4.0,1.0,1280.0,800.0,31.0,0.0,0
44.0,1.0,0.0,0.0,0.0,1.0,0.0,10.0,0.0,0.0,2.5248347701975535,0.0,0.0,21.0,0.0,0.0,0.0,0.0,0.0,1.0,0.0,0.0,1.0,1492.0,1.0,0.0,7.0,0.0,0.0,0.0,0.0,1.0,0.0,0.0,0.0,0.0,109.0,0.9686854392392127,10.0,6.0,7.0,474.0,13.0,1.0,1920.0,1080.0,23.0,0.0,0
49.0,1.0,1.0,0.0,1.0,2.0,0.0,12.0,0.0,0.0,3.339545114029224,0.0,0.0,18.0,0.0,0.0,0.0,0.0,0.0,1.0,0.0,0.0,1.0,275.0,3.0,0.0,21.0,1.0,0.0,0.0,0.0,2.0,1.0,0.0,0.0,1.0,16.0,0.9501886467652236,5.0,4.0,21.0,409.0,8.0,1.0,1920.0,1080.0,29.0,0.0,0
38.0,0.0,0.0,0.0,1.0,1.0,0.0,17.0,0.0,0.0,2.231512603594316,0.0,0.0,31.0,5.0,0.0,0.0,0.0,0.0,0.0,0.0,0.0,0.0,1753.0,0.0,0.0,10.0,0.0,0.0,0.0,0.0,2.0,0.0,0.0,0.0,0.0,18.0,0.2844513397277846,6.0,1.0,10.0,45.0,17.0,1.0,1920.0,1080.0,27.0,0.0,0
50.0,1.0,0.0,0.0,0.0,1.0,0.0,12.0,0.0,0.0,2.9856023730458805,0.0,0.0,27.0,0.0,0.0,1.0,1.0,0.0,1.0,0.0,0.0,1.0,594.0,2.0,0.0,14.0,1.0,0.0,0.0,0.0,0.0,3.0,0.0,0.0,1.0,89.0,0.9507936435648732,10.0,7.0,14.0,419.0,5.0,1.0,1920.0,1080.0,20.0,0.0,0
35.0,1.0,1.0,0.0,1.0,2.0,0.0,16.0,0.0,0.0,3.0573560941492497,0.0,0.0,29.0,5.0,0.0,0.0,0.0,0.0,1.0,0.0,0.0,1.0,2415.0,1.0,0.0,5.0,0.0,0.0,0.0,0.0,2.0,1.0,0.0,0.0,0.0,74.0,0.954506864744601,1.0,0.0,5.0,251.0,3.0,1.0,1920.0,1080.0,28.0,0.0,0
42.0,1.0,0.0,0.0,0.0,1.0,0.0,13.0,0.0,0.0,2.9221143003824186,0.0,0.0,27.0,0.0,0.0,1.0,1.0,0.0,1.0,0.0,0.0,1.0,116.0,1.0,0.0,18.0,0.0,0.0,0.0,0.0,0.0,1.0,0.0,0.0,0.0,70.0,0.9205576760631563,7.0,2.0,18.0,397.0,19.0,1.0,1920.0,1080.0,20.0,0.0,0
21.0,1.0,1.0,0.0,1.0,2.0,0.0,11.0,0.0,0.0,2.3310130735597303,0.0,0.0,23.0,0.0,0.0,0.0,0.0,0.0,1.0,0.0,0.0,1.0,1578.0,1.0,0.0,28.0,0.0,0.0,0.0,0.0,1.0,0.0,0.0,0.0,0.0,92.0,0.9703676503280688,13.0,1.0,28.0,292.0,1.0,1.0,1920.0,1080.0,21.0,0.0,0
43.0,1.0,1.0,0.0,0.0,2.0,0.0,15.0,1.0,0.06666666666666667,2.7797577978957557,0.0,0.0,7.0,5.0,0.0,0.0,0.0,0.0,1.0,0.0,0.0,1.0,1348.0,0.0,0.0,26.0,0.0,0.0,0.0,0.0,2.0,1.0,1.0,0.0,0.0,79.0,0.9721629282714922,7.0,1.0,26.0,164.0,0.0,1.0,1280.0,800.0,29.0,0.0,0
20.0,1.0,0.0,0.0,0.0,1.0,0.0,18.0,0.0,0.0,2.991775767081215,0.0,0.0,20.0,0.0,0.0,0.0,0.0,0.0,1.0,0.0,0.0,1.0,2036.0,0.0,0.0,23.0,0.0,0.0,0.0,0.0,1.0,0.0,1.0,0.0,0.0,80.0,0.9200812888740856,3.0,2.0,23.0,496.0,0.0,1.0,1920.0,1080.0,39.0,0.0,0
18.0,1.0,0.0,0.0,0.0,1.0,0.0,8.0,0.0,0.0,2.512275922302456,0.0,0.0,1.0,0.0,0.0,1.0,1.0,0.0,1.0,0.0,0.0,1.0,884.0,0.0,0.0,9.0,0.0,0.0,0.0,0.0,1.0,0.0,0.0,0.0,0.0,108.0,0.9568924886367971,4.0,3.0,9.0,237.0,11.0,1.0,1920.0,1080.0,36.0,0.0,0
40.0,1.0,0.0,0.0,0.0,1.0,0.0,13.0,0.0,0.0,2.937654136787696,0.0,0.0,14.0,5.0,0.0,0.0,0.0,0.0,1.0,0.0,0.0,1.0,1017.0,2.0,0.0,28.0,0.0,0.0,0.0,0.0,3.0,0.0,0.0,0.0,0.0,60.0,0.9269356449053092,2.0,1.0,28.0,99.0,2.0,1.0,1920.0,1080.0,21.0,0.0,0
53.0,1.0,0.0,0.0,0.0,1.0,0.0,21.0,0.0,0.0,3.0893108290568065,0.0,1.0,13.0,0.0,0.0,0.0,0.0,0.0,1.0,0.0,0.0,1.0,1590.0,3.0,0.0,2.0,0.0,0.0,0.0,0.0,2.0,0.0,0.0,0.0,0.0,78.0,0.9557791446906599,5.0,4.0,2.0,395.0,7.0,1.0,1280.0,800.0,5.0,0.0,0
42.0,1.0,0.0,0.0,0.0,1.0,0.0,13.0,0.0,0.0,2.245692365728095,0.0,0.0,23.0,0.0,0.0,1.0,1.0,0.0,1.0,0.0,0.0,1.0,2342.0,1.0,0.0,18.0,1.0,0.0,0.0,0.0,3.0,3.0,0.0,0.0,1.0,35.0,0.9820247857294356,6.0,3.0,18.0,178.0,7.0,1.0,1920.0,1080.0,9.0,0.0,0
54.0,0.0,0.0,0.0,1.0,1.0,0.0,8.0,0.0,0.0,2.2988919087719237,0.0,0.0,29.0,5.0,0.0,0.0,0.0,0.0,0.0,0.0,0.0,0.0,1497.0,1.0,0.0,8.0,0.0,0.0,0.0,0.0,2.0,0.0,0.0,0.0,0.0,54.0,0.4079329758567104,4.0,2.0,8.0,475.0,8.0,1.0,1920.0,1080.0,39.0,0.0,0
25.0,1.0,1.0,0.0,0.0,2.0,0.0,16.0,0.0,0.0,3.091781593091774,0.0,0.0,13.0,0.0,0.0,0.0,0.0,0.0,1.0,0.0,0.0,1.0,403.0,1.0,1.0,7.0,1.0,0.0,0.0,0.0,1.0,3.0,0.0,0.0,1.0,62.0,0.9226608011821166,3.0,2.0,7.0,386.0,15.0,1.0,1280.0,800.0,12.0,0.0,0
40.0,1.0,1.0,0.0,1.0,2.0,0.0,17.0,0.0,0.0,3.117041295059726,0.0,0.0,9.0,0.0,0.0,0.0,0.0,0.0,1.0,0.0,0.0,1.0,1614.0,2.0,0.0,13.0,1.0,1.0,0.0,0.0,1.0,1.0,0.0,0.0,1.0,102.0,0.9628857059096801,13.0,3.0,13.0,273.0,3.0,1.0,1920.0,1080.0,10.0,0.0,0
36.0,1.0,1.0,0.0,0.0,2.0,0.0,20.0,0.0,0.0,2.7644362092414525,0.0,0.0,2.0,0.0,0.0,0.0,0.0,0.0,1.0,0.0,0.0,1.0,1901.0,0.0,1.0,13.0,0.0,0.0,0.0,0.0,1.0,0.0,0.0,0.0,0.0,73.0,0.9291856894885879,14.0,0.0,13.0,376.0,14.0,1.0,1920.0,1080.0,42.0,0.0,0
36.0,1.0,1.0,0.0,0.0,2.0,0.0,9.0,0.0,0.0,2.1126177485227675,0.0,0.0,4.0,0.0,0.0,0.0,0.0,0.0,1.0,0.0,0.0,1.0,1151.0,1.0,0.0,15.0,0.0,0.0,0.0,0.0,0.0,1.0,0.0,0.0,0.0,40.0,0.9945741595933928,3.0,2.0,15.0,222.0,16.0,1.0,1920.0,1080.0,17.0,0.0,0
43.0,1.0,1.0,0.0,0.0,2.0,0.0,10.0,0.0,0.0,2.7909838981825086,0.0,0.0,19.0,0.0,0.0,0.0,0.0,0.0,1.0,0.0,0.0,1.0,2148.0,0.0,0.0,25.0,0.0,0.0,0.0,0.0,0.0,0.0,1.0,0.0,0.0,93.0,0.9576551993441423,12.0,4.0,25.0,368.0,17.0,1.0,1920.0,1080.0,29.0,0.0,0
23.0,1.0,0.0,0.0,0.0,1.0,0.0,15.0,0.0,0.0,2.361529779903033,0.0,0.0,15.0,0.0,0.0,1.0,1.0,0.0,1.0,0.0,0.0,1.0,2313.0,1.0,0.0,7.0,1.0,1.0,0.0,0.0,0.0,2.0,0.0,0.0,1.0,117.0,0.9407768864081967,7.0,6.0,7.0,492.0,0.0,1.0,1920.0,1080.0,34.0,0.0,0
44.0,1.0,2.0,0.0,0.0,3.0,0.0,18.0,0.0,0.0,2.3821006243062035,0.0,0.0,19.0,0.0,0.0,0.0,0.0,0.0,1.0,0.0,0.0,1.0,2286.0,1.0,0.0,19.0,0.0,0.0,0.0,0.0,3.0,0.0,0.0,0.0,0.0,113.0,0.9619809563217,10.0,5.0,19.0,294.0,11.0,1.0,1920.0,1080.0,10.0,0.0,0
51.0,1.0,0.0,0.0,0.0,1.0,0.0,13.0,0.0,0.0,2.786632460772294,0.0,0.0,14.0,5.0,0.0,0.0,0.0,0.0,1.0,0.0,0.0,1.0,221.0,0.0,0.0,26.0,0.0,0.0,0.0,0.0,3.0,0.0,0.0,0.0,0.0,66.0,0.940816484046915,13.0,7.0,26.0,241.0,19.0,1.0,1920.0,1080.0,41.0,0.0,0
53.0,1.0,1.0,0.0,0.0,2.0,0.0,16.0,0.0,0.0,2.1385907239763116,0.0,0.0,23.0,0.0,0.0,0.0,0.0,0.0,1.0,0.0,0.0,1.0,521.0,3.0,0.0,14.0,0.0,0.0,0.0,0.0,2.0,0.0,1.0,0.0,0.0,111.0,0.940910466830109,10.0,8.0,14.0,239.0,17.0,1.0,1920.0,1080.0,31.0,0.0,0
47.0,1.0,0.0,0.0,0.0,1.0,0.0,18.0,0.0,0.0,2.1509905904613076,0.0,0.0,16.0,0.0,0.0,1.0,1.0,0.0,1.0,0.0,0.0,1.0,489.0,1.0,2.0,18.0,1.0,0.0,0.0,1.0,3.0,2.0,0.0,0.0,1.0,89.0,0.9522910097879531,7.0,5.0,18.0,393.0,4.0,1.0,1920.0,1080.0,5.0,0.0,0
47.0,1.0,1.0,0.0,0.0,2.0,0.0,19.0,0.0,0.0,2.51053518839323,0.0,0.0,6.0,5.0,0.0,0.0,0.0,0.0,1.0,0.0,0.0,1.0,2474.0,1.0,0.0,10.0,0.0,0.0,0.0,0.0,1.0,0.0,0.0,0.0,0.0,53.0,0.9269876300109272,9.0,8.0,10.0,32.0,14.0,1.0,1920.0,1080.0,30.0,0.0,0
47.0,1.0,0.0,0.0,0.0,1.0,0.0,15.0,0.0,0.0,3.358174105296654,0.0,0.0,16.0,0.0,0.0,1.0,1.0,0.0,1.0,0.0,0.0,1.0,1816.0,1.0,0.0,8.0,1.0,1.0,0.0,0.0,2.0,2.0,1.0,0.0,1.0,73.0,0.977880251091374,1.0,0.0,8.0,212.0,19.0,1.0,1280.0,800.0,17.0,0.0,0
25.0,1.0,1.0,0.0,0.0,2.0,0.0,13.0,0.0,0.0,2.4653616212427503,0.0,0.0,16.0,0.0,0.0,1.0,1.0,0.0,1.0,0.0,0.0,1.0,2152.0,1.0,1.0,9.0,1.0,1.0,0.0,0.0,1.0,3.0,0.0,0.0,1.0,94.0,0.9204370659393503,14.0,0.0,9.0,488.0,10.0,1.0,1920.0,1080.0,23.0,0.0,0
45.0,1.0,0.0,0.0,0.0,1.0,0.0,7.0,0.0,0.0,2.8869355916022292,0.0,0.0,24.0,0.0,0.0,0.0,0.0,0.0,1.0,0.0,0.0,1.0,1069.0,0.0,2.0,25.0,0.0,0.0,0.0,0.0,0.0,1.0,0.0,0.0,0.0,53.0,0.957548838454153,14.0,1.0,25.0,464.0,12.0,1.0,1920.0,1080.0,41.0,0.0,0
35.0,1.0,0.0,0.0,0.0,1.0,0.0,17.0,0.0,0.0,2.88372141912538,0.0,0.0,19.0,0.0,0.0,1.0,1.0,0.0,1.0,0.0,0.0,1.0,1653.0,1.0,0.0,9.0,1.0,1.0,0.0,0.0,2.0,3.0,0.0,0.0,1.0,93.0,0.95951053643034,4.0,3.0,9.0,206.0,0.0,1.0,1920.0,1080.0,21.0,0.0,0
39.0,1.0,1.0,0.0,0.0,2.0,0.0,17.0,0.0,0.0,2.771474292871789,0.0,0.0,29.0,5.0,0.0,0.0,0.0,0.0,1.0,0.0,0.0,1.0,1186.0,1.0,0.0,19.0,0.0,0.0,0.0,0.0,3.0,0.0,0.0,0.0,0.0,113.0,0.9358998150020683,11.0,4.0,19.0,250.0,6.0,1.0,1920.0,1080.0,19.0,0.0,0
51.0,1.0,1.0,0.0,0.0,2.0,0.0,16.0,0.0,0.0,3.0647447678848616,0.0,0.0,14.0,0.0,0.0,0.0,0.0,0.0,1.0,0.0,0.0,1.0,476.0,1.0,0.0,22.0,0.0,0.0,0.0,0.0,3.0,0.0,0.0,0.0,0.0,92.0,0.9888274448928102,13.0,0.0,22.0,81.0,16.0,1.0,1920.0,1080.0,35.0,0.0,0
31.0,1.0,1.0,0.0,0.0,2.0,0.0,9.0,0.0,0.0,3.0132306451157103,0.0,0.0,18.0,0.0,0.0,0.0,0.0,0.0,1.0,0.0,0.0,1.0,151.0,0.0,0.0,20.0,0.0,0.0,0.0,0.0,1.0,0.0,1.0,0.0,0.0,59.0,0.968155693005821,7.0,6.0,20.0,61.0,9.0,1.0,1920.0,1080.0,13.0,0.0,0
32.0,1.0,1.0,0.0,0.0,2.0,0.0,18.0,0.0,0.0,2.8813283678526775,0.0,0.0,31.0,0.0,0.0,0.0,0.0,0.0,1.0,0.0,0.0,1.0,152.0,0.0,0.0,24.0,0.0,0.0,0.0,0.0,2.0,0.0,0.0,0.0,0.0,45.0,0.9809777301735892,10.0,5.0,24.0,431.0,12.0,1.0,1920.0,1080.0,15.0,0.0,0
37.0,1.0,0.0,0.0,0.0,1.0,0.0,10.0,0.0,0.0,2.639446429714101,0.0,0.0,7.0,0.0,0.0,1.0,1.0,0.0,1.0,0.0,0.0,1.0,2001.0,1.0,0.0,13.0,1.0,1.0,0.0,0.0,0.0,2.0,0.0,0.0,1.0,102.0,0.9738351765481679,9.0,0.0,13.0,167.0,0.0,1.0,1920.0,1080.0,7.0,0.0,0
43.0,1.0,0.0,0.0,0.0,1.0,0.0,18.0,0.0,0.0,2.1715178294897908,0.0,0.0,30.0,0.0,0.0,0.0,0.0,0.0,1.0,0.0,0.0,1.0,1015.0,1.0,0.0,5.0,0.0,0.0,0.0,0.0,1.0,0.0,0.0,0.0,0.0,41.0,0.9567836608923068,9.0,2.0,5.0,141.0,3.0,1.0,1920.0,1080.0,32.0,0.0,0
40.0,1.0,1.0,0.0,0.0,2.0,0.0,12.0,0.0,0.0,3.1132764371031145,0.0,0.0,21.0,5.0,0.0,1.0,1.0,0.0,1.0,0.0,0.0,1.0,999.0,1.0,1.0,2.0,0.0,0.0,0.0,1.0,0.0,1.0,0.0,0.0,1.0,38.0,0.9235012065806556,2.0,1.0,2.0,322.0,12.0,1.0,1920.0,1080.0,17.0,0.0,0
20.0,1.0,1.0,0.0,0.0,2.0,0.0,21.0,0.0,0.0,3.2139473940840166,0.0,0.0,28.0,0.0,0.0,0.0,0.0,0.0,1.0,0.0,0.0,0.0,315.0,2.0,0.0,3.0,0.0,0.0,0.0,0.0,0.0,0.0,0.0,0.0,0.0,26.0,0.9960437887319459,4.0,2.0,3.0,409.0,6.0,1.0,1920.0,1080.0,30.0,0.0,0
53.0,1.0,0.0,0.0,0.0,1.0,0.0,8.0,0.0,0.0,2.5886272137128974,0.0,0.0,30.0,0.0,0.0,0.0,0.0,0.0,1.0,0.0,0.0,1.0,1067.0,1.0,0.0,19.0,0.0,0.0,0.0,0.0,3.0,0.0,0.0,0.0,0.0,106.0,0.9429505518234681,11.0,0.0,19.0,266.0,11.0,1.0,1920.0,1080.0,27.0,0.0,0
32.0,1.0,1.0,0.0,0.0,2.0,0.0,12.0,0.0,0.0,3.358205721658554,0.0,0.0,1.0,0.0,0.0,0.0,0.0,0.0,1.0,0.0,0.0,1.0,634.0,0.0,0.0,26.0,0.0,0.0,0.0,0.0,2.0,0.0,0.0,0.0,0.0,44.0,0.9738353893354449,4.0,3.0,26.0,276.0,7.0,1.0,1920.0,1080.0,9.0,0.0,0
44.0,1.0,1.0,0.0,0.0,2.0,0.0,10.0,0.0,0.0,2.554112227822209,0.0,0.0,16.0,0.0,0.0,0.0,0.0,0.0,1.0,0.0,0.0,1.0,424.0,2.0,0.0,10.0,0.0,0.0,0.0,0.0,0.0,0.0,0.0,0.0,0.0,79.0,0.9250606355520388,2.0,1.0,10.0,447.0,6.0,1.0,1920.0,1080.0,22.0,0.0,0
32.0,1.0,1.0,0.0,0.0,2.0,0.0,14.0,0.0,0.0,3.140603104069408,0.0,0.0,20.0,0.0,0.0,1.0,1.0,0.0,1.0,0.0,0.0,1.0,1955.0,1.0,1.0,3.0,0.0,0.0,1.0,0.0,2.0,0.0,0.0,0.0,1.0,75.0,0.9970982218266591,14.0,6.0,3.0,456.0,11.0,1.0,1920.0,1080.0,32.0,0.0,0
54.0,1.0,1.0,0.0,0.0,2.0,0.0,19.0,0.0,0.0,2.5957517268342523,0.0,0.0,11.0,0.0,0.0,1.0,1.0,0.0,1.0,0.0,0.0,1.0,2206.0,0.0,0.0,19.0,0.0,0.0,0.0,0.0,2.0,0.0,0.0,0.0,0.0,68.0,0.9351603342317191,3.0,2.0,19.0,190.0,15.0,1.0,1280.0,800.0,14.0,0.0,0
46.0,1.0,1.0,0.0,2.0,2.0,0.0,12.0,0.0,0.0,2.676106189261871,0.0,0.0,2.0,0.0,0.0,0.0,0.0,0.0,1.0,0.0,0.0,1.0,1789.0,1.0,0.0,14.0,0.0,0.0,0.0,0.0,0.0,0.0,0.0,0.0,0.0,79.0,0.996081001146029,10.0,9.0,14.0,481.0,9.0,1.0,1920.0,1080.0,8.0,0.0,0
18.0,1.0,1.0,0.0,0.0,2.0,0.0,17.0,0.0,0.0,2.9179358909502113,0.0,0.0,4.0,0.0,0.0,0.0,0.0,0.0,1.0,0.0,0.0,1.0,977.0,0.0,0.0,12.0,0.0,0.0,0.0,0.0,3.0,0.0,0.0,0.0,0.0,57.0,0.9300180720962565,2.0,1.0,12.0,64.0,4.0,1.0,1280.0,800.0,26.0,0.0,0
39.0,1.0,1.0,0.0,0.0,2.0,0.0,19.0,0.0,0.0,2.699524085775689,0.0,0.0,27.0,0.0,0.0,1.0,1.0,0.0,1.0,0.0,0.0,1.0,918.0,2.0,0.0,10.0,0.0,0.0,0.0,0.0,0.0,0.0,0.0,0.0,0.0,31.0,0.9240112017682189,2.0,1.0,10.0,440.0,0.0,1.0,1920.0,1080.0,24.0,0.0,0
50.0,1.0,0.0,0.0,0.0,1.0,0.0,21.0,1.0,0.047619047619047616,3.0824630094543006,0.0,0.0,31.0,0.0,0.0,0.0,0.0,0.0,1.0,0.0,0.0,1.0,2241.0,2.0,1.0,15.0,0.0,0.0,0.0,0.0,1.0,0.0,0.0,0.0,0.0,53.0,0.9313808169747181,6.0,5.0,15.0,394.0,12.0,1.0,1280.0,800.0,35.0,0.0,0
33.0,1.0,1.0,0.0,0.0,2.0,0.0,11.0,0.0,0.0,2.2741077356585975,0.0,0.0,26.0,0.0,0.0,0.0,0.0,0.0,1.0,0.0,0.0,1.0,1477.0,2.0,0.0,11.0,0.0,0.0,0.0,0.0,3.0,0.0,0.0,0.0,0.0,28.0,0.9787208588111302,5.0,4.0,11.0,428.0,0.0,1.0,1920.0,1080.0,19.0,0.0,0
54.0,1.0,1.0,0.0,1.0,2.0,0.0,20.0,0.0,0.0,3.008644629106222,0.0,0.0,32.0,20.0,0.0,0.0,0.0,0.0,1.0,0.0,0.0,1.0,1882.0,2.0,1.0,19.0,0.0,0.0,0.0,0.0,0.0,0.0,0.0,0.0,0.0,112.0,0.957026043843937,12.0,1.0,19.0,447.0,3.0,1.0,1280.0,800.0,18.0,0.0,0
45.0,1.0,0.0,0.0,0.0,1.0,0.0,16.0,0.0,0.0,2.124453316111113,0.0,0.0,20.0,0.0,0.0,0.0,0.0,0.0,1.0,0.0,0.0,1.0,1487.0,1.0,1.0,29.0,0.0,0.0,0.0,0.0,2.0,0.0,1.0,0.0,0.0,102.0,0.9384036660575247,11.0,0.0,29.0,262.0,8.0,1.0,1280.0,800.0,10.0,0.0,0
22.0,1.0,0.0,0.0,0.0,1.0,0.0,10.0,0.0,0.0,2.7054514193189516,0.0,0.0,34.0,0.0,0.0,1.0,1.0,0.0,1.0,0.0,0.0,1.0,333.0,1.0,1.0,25.0,1.0,1.0,0.0,0.0,3.0,1.0,0.0,0.0,1.0,102.0,0.9569575507280113,6.0,4.0,25.0,272.0,3.0,1.0,1280.0,800.0,4.0,0.0,0
46.0,1.0,1.0,0.0,1.0,2.0,0.0,9.0,0.0,0.0,3.298680947316072,0.0,0.0,20.0,0.0,0.0,1.0,1.0,0.0,1.0,0.0,0.0,1.0,2225.0,1.0,0.0,4.0,1.0,0.0,0.0,0.0,0.0,2.0,0.0,0.0,1.0,49.0,0.9210230830188436,1.0,0.0,4.0,399.0,11.0,1.0,1920.0,1080.0,40.0,0.0,0
23.0,1.0,0.0,0.0,0.0,1.0,0.0,20.0,0.0,0.0,2.69925537910162,0.0,0.0,10.0,0.0,0.0,0.0,0.0,0.0,1.0,0.0,0.0,1.0,1246.0,1.0,0.0,10.0,0.0,0.0,0.0,0.0,0.0,0.0,0.0,0.0,0.0,108.0,0.9672960608513628,10.0,1.0,10.0,14.0,10.0,1.0,1280.0,800.0,38.0,0.0,0
20.0,1.0,1.0,0.0,0.0,2.0,0.0,18.0,0.0,0.0,2.768969287188459,0.0,0.0,20.0,0.0,0.0,0.0,0.0,0.0,1.0,0.0,0.0,1.0,1015.0,0.0,1.0,24.0,0.0,0.0,0.0,0.0,1.0,1.0,1.0,0.0,0.0,27.0,0.9233122287347416,10.0,2.0,24.0,166.0,1.0,1.0,1280.0,800.0,5.0,0.0,0
49.0,1.0,0.0,0.0,0.0,1.0,0.0,14.0,0.0,0.0,3.0410515921450356,0.0,0.0,28.0,0.0,0.0,1.0,1.0,0.0,1.0,0.0,0.0,1.0,2228.0,1.0,1.0,24.0,0.0,0.0,0.0,0.0,3.0,1.0,0.0,0.0,0.0,37.0,0.9400702383283159,1.0,0.0,24.0,359.0,2.0,1.0,1920.0,1080.0,28.0,0.0,0
29.0,1.0,0.0,0.0,0.0,1.0,0.0,18.0,0.0,0.0,2.889663626661046,0.0,0.0,22.0,0.0,0.0,0.0,0.0,0.0,1.0,0.0,0.0,1.0,1818.0,0.0,0.0,14.0,0.0,0.0,0.0,0.0,0.0,0.0,0.0,0.0,0.0,42.0,0.9394481308505409,2.0,1.0,14.0,464.0,12.0,1.0,1920.0,1080.0,41.0,0.0,0
52.0,1.0,0.0,0.0,0.0,1.0,0.0,15.0,0.0,0.0,2.9140295055002072,0.0,0.0,21.0,5.0,0.0,1.0,1.0,0.0,1.0,0.0,0.0,1.0,2175.0,1.0,0.0,23.0,1.0,1.0,0.0,0.0,0.0,1.0,0.0,0.0,1.0,116.0,0.9928217244745818,7.0,0.0,23.0,380.0,0.0,1.0,1280.0,800.0,31.0,0.0,0
53.0,1.0,1.0,0.0,0.0,2.0,0.0,15.0,0.0,0.0,3.2875634100307343,0.0,0.0,21.0,0.0,0.0,0.0,0.0,0.0,1.0,0.0,0.0,1.0,255.0,1.0,0.0,2.0,0.0,0.0,0.0,0.0,0.0,0.0,0.0,0.0,0.0,32.0,0.9870438554875669,5.0,4.0,2.0,78.0,15.0,1.0,1920.0,1080.0,35.0,0.0,0
40.0,1.0,1.0,0.0,0.0,2.0,0.0,8.0,1.0,0.125,3.394411812947897,0.0,0.0,11.0,0.0,0.0,1.0,1.0,0.0,1.0,0.0,0.0,1.0,2054.0,0.0,0.0,3.0,0.0,0.0,0.0,0.0,2.0,0.0,0.0,0.0,0.0,86.0,0.9992153675147091,5.0,3.0,3.0,145.0,13.0,1.0,1280.0,800.0,37.0,0.0,0
27.0,1.0,1.0,0.0,0.0,2.0,0.0,7.0,0.0,0.0,2.2551048970341125,0.0,0.0,19.0,0.0,0.0,1.0,1.0,0.0,1.0,0.0,0.0,1.0,1796.0,0.0,0.0,27.0,0.0,0.0,0.0,0.0,0.0,1.0,0.0,0.0,0.0,43.0,0.9692335144326379,7.0,6.0,27.0,193.0,17.0,1.0,1920.0,1080.0,31.0,0.0,0
53.0,1.0,1.0,0.0,0.0,2.0,0.0,12.0,0.0,0.0,3.393479824888158,0.0,0.0,1.0,0.0,0.0,0.0,0.0,0.0,1.0,0.0,0.0,1.0,1691.0,0.0,0.0,26.0,0.0,0.0,0.0,0.0,1.0,0.0,0.0,0.0,0.0,93.0,0.9897643060885345,9.0,4.0,26.0,6.0,16.0,1.0,1920.0,1080.0,24.0,0.0,0
45.0,1.0,1.0,0.0,0.0,2.0,0.0,8.0,0.0,0.0,2.363827288571803,0.0,0.0,29.0,0.0,0.0,1.0,1.0,0.0,1.0,0.0,0.0,1.0,2481.0,0.0,0.0,23.0,0.0,0.0,0.0,0.0,0.0,1.0,0.0,0.0,0.0,35.0,0.9642917863093579,6.0,5.0,23.0,30.0,5.0,1.0,1920.0,1080.0,7.0,0.0,0
42.0,1.0,1.0,0.0,0.0,2.0,0.0,14.0,0.0,0.0,3.392162744782132,0.0,0.0,32.0,5.0,0.0,1.0,1.0,0.0,1.0,0.0,0.0,1.0,251.0,0.0,0.0,6.0,0.0,0.0,0.0,0.0,3.0,0.0,0.0,0.0,0.0,116.0,0.9837082919732949,7.0,2.0,6.0,45.0,9.0,1.0,1920.0,1080.0,25.0,0.0,0
51.0,1.0,0.0,0.0,0.0,1.0,0.0,10.0,0.0,0.0,2.631296270329385,0.0,0.0,30.0,0.0,0.0,1.0,1.0,0.0,1.0,0.0,0.0,1.0,487.0,1.0,0.0,12.0,0.0,0.0,0.0,0.0,0.0,1.0,0.0,0.0,0.0,48.0,0.9719255269568635,2.0,0.0,12.0,381.0,17.0,1.0,1280.0,800.0,6.0,0.0,0
40.0,1.0,0.0,0.0,2.0,1.0,0.0,20.0,1.0,0.05,2.335774091302249,0.0,1.0,30.0,0.0,0.0,0.0,0.0,0.0,1.0,0.0,0.0,1.0,776.0,1.0,0.0,5.0,0.0,0.0,0.0,0.0,3.0,0.0,0.0,0.0,0.0,40.0,0.9768469731925878,6.0,0.0,5.0,157.0,7.0,1.0,1920.0,1080.0,35.0,0.0,0
44.0,1.0,1.0,0.0,0.0,2.0,0.0,8.0,0.0,0.0,2.582363851789629,0.0,0.0,8.0,0.0,0.0,0.0,0.0,0.0,1.0,0.0,0.0,1.0,1588.0,1.0,0.0,10.0,0.0,0.0,0.0,0.0,2.0,0.0,0.0,0.0,0.0,82.0,0.9474638724210759,13.0,5.0,10.0,120.0,4.0,1.0,1920.0,1080.0,29.0,0.0,0
53.0,1.0,1.0,0.0,1.0,2.0,0.0,20.0,0.0,0.0,2.2823275239645757,0.0,0.0,3.0,0.0,0.0,1.0,1.0,0.0,1.0,0.0,0.0,1.0,593.0,0.0,1.0,15.0,0.0,0.0,0.0,0.0,0.0,0.0,0.0,0.0,0.0,107.0,0.9905656264314522,10.0,4.0,15.0,471.0,6.0,1.0,1280.0,800.0,18.0,0.0,0
36.0,1.0,1.0,0.0,0.0,2.0,0.0,10.0,0.0,0.0,3.2953098355683217,0.0,0.0,17.0,0.0,0.0,0.0,0.0,0.0,1.0,0.0,0.0,1.0,1849.0,3.0,0.0,17.0,0.0,0.0,0.0,0.0,2.0,0.0,0.0,0.0,0.0,36.0,0.9777963623607214,13.0,3.0,17.0,484.0,15.0,1.0,1920.0,1080.0,40.0,0.0,0
29.0,1.0,0.0,0.0,0.0,1.0,0.0,19.0,0.0,0.0,2.6054971985004967,0.0,0.0,31.0,0.0,0.0,0.0,0.0,0.0,1.0,0.0,0.0,1.0,197.0,1.0,0.0,13.0,0.0,0.0,0.0,0.0,1.0,0.0,0.0,0.0,0.0,50.0,0.9472167297098534,10.0,5.0,13.0,163.0,12.0,1.0,1920.0,1080.0,44.0,0.0,0
22.0,1.0,0.0,0.0,0.0,1.0,0.0,18.0,1.0,0.05555555555555555,2.733969478000404,0.0,0.0,22.0,0.0,0.0,0.0,0.0,0.0,1.0,0.0,0.0,1.0,712.0,1.0,0.0,22.0,1.0,0.0,0.0,0.0,2.0,2.0,0.0,0.0,1.0,18.0,0.9256185251728862,6.0,5.0,22.0,87.0,1.0,1.0,1280.0,800.0,42.0,0.0,0
28.0,1.0,2.0,0.0,0.0,3.0,0.0,18.0,1.0,0.05555555555555555,3.351704696095792,0.0,0.0,23.0,0.0,0.0,0.0,0.0,0.0,1.0,0.0,0.0,1.0,1319.0,3.0,2.0,27.0,0.0,0.0,0.0,0.0,2.0,0.0,0.0,0.0,0.0,106.0,0.9859243591735207,13.0,1.0,27.0,423.0,13.0,1.0,1920.0,1080.0,14.0,0.0,0
40.0,1.0,0.0,0.0,0.0,1.0,0.0,19.0,0.0,0.0,3.0383836819835017,0.0,0.0,22.0,20.0,0.0,0.0,0.0,0.0,1.0,0.0,0.0,1.0,1850.0,0.0,1.0,3.0,0.0,0.0,0.0,0.0,1.0,1.0,0.0,0.0,0.0,54.0,0.9650129272808233,14.0,7.0,3.0,244.0,13.0,1.0,1280.0,800.0,19.0,0.0,0
53.0,1.0,1.0,0.0,0.0,2.0,0.0,15.0,0.0,0.0,2.954814392486142,0.0,0.0,10.0,0.0,0.0,0.0,0.0,0.0,1.0,0.0,0.0,1.0,1589.0,0.0,1.0,14.0,0.0,0.0,0.0,0.0,2.0,1.0,1.0,0.0,0.0,18.0,0.9999341544411717,3.0,1.0,14.0,292.0,6.0,1.0,1280.0,800.0,34.0,0.0,0
34.0,1.0,1.0,0.0,1.0,2.0,0.0,8.0,0.0,0.0,3.1338608032811566,0.0,0.0,9.0,0.0,0.0,1.0,1.0,0.0,1.0,0.0,0.0,1.0,2249.0,2.0,0.0,11.0,0.0,0.0,0.0,0.0,0.0,0.0,0.0,0.0,0.0,97.0,0.9397968110517119,14.0,5.0,11.0,289.0,18.0,1.0,1920.0,1080.0,16.0,0.0,0
38.0,1.0,0.0,0.0,0.0,1.0,0.0,8.0,0.0,0.0,2.6436966018322385,0.0,0.0,3.0,20.0,0.0,1.0,1.0,0.0,1.0,0.0,0.0,1.0,361.0,0.0,0.0,2.0,0.0,0.0,0.0,0.0,2.0,0.0,0.0,0.0,0.0,77.0,0.9352514142242676,4.0,3.0,2.0,266.0,10.0,1.0,1920.0,1080.0,10.0,0.0,0
24.0,1.0,1.0,0.0,0.0,2.0,0.0,18.0,1.0,0.05555555555555555,2.2015032166849027,0.0,0.0,17.0,20.0,0.0,0.0,0.0,0.0,1.0,0.0,0.0,1.0,144.0,0.0,0.0,27.0,0.0,0.0,0.0,0.0,2.0,0.0,0.0,0.0,0.0,21.0,0.9941927805378058,2.0,1.0,27.0,455.0,14.0,1.0,1280.0,800.0,11.0,0.0,0
40.0,1.0,2.0,0.0,0.0,3.0,0.0,10.0,0.0,0.0,2.254088927549883,0.0,0.0,7.0,0.0,0.0,1.0,1.0,0.0,1.0,0.0,0.0,1.0,2227.0,1.0,0.0,29.0,0.0,0.0,0.0,0.0,1.0,0.0,0.0,0.0,0.0,65.0,0.9456341565437583,1.0,0.0,29.0,498.0,4.0,1.0,1280.0,800.0,9.0,0.0,0
47.0,1.0,0.0,0.0,0.0,1.0,0.0,11.0,0.0,0.0,2.6224019082154424,0.0,0.0,1.0,0.0,0.0,1.0,1.0,0.0,1.0,0.0,0.0,1.0,609.0,1.0,0.0,10.0,0.0,0.0,0.0,0.0,1.0,0.0,0.0,0.0,0.0,109.0,0.9345464166959963,8.0,3.0,10.0,352.0,19.0,1.0,1920.0,1080.0,43.0,0.0,0
27.0,1.0,1.0,0.0,0.0,2.0,0.0,16.0,0.0,0.0,2.266474186222247,0.0,0.0,6.0,0.0,0.0,1.0,1.0,0.0,1.0,0.0,0.0,1.0,2260.0,2.0,0.0,28.0,0.0,0.0,0.0,0.0,0.0,1.0,1.0,0.0,0.0,58.0,0.9330717237653794,3.0,2.0,28.0,412.0,1.0,1.0,1920.0,1080.0,41.0,0.0,0
21.0,1.0,0.0,0.0,0.0,1.0,0.0,15.0,0.0,0.0,2.3372722167997124,0.0,0.0,8.0,0.0,0.0,0.0,0.0,0.0,1.0,0.0,0.0,0.0,677.0,1.0,2.0,22.0,0.0,0.0,0.0,0.0,3.0,0.0,1.0,0.0,0.0,83.0,0.9268157547047693,9.0,1.0,22.0,270.0,11.0,1.0,1920.0,1080.0,26.0,0.0,0
51.0,1.0,0.0,0.0,0.0,1.0,0.0,18.0,0.0,0.0,2.6792720108947448,0.0,0.0,34.0,5.0,0.0,1.0,1.0,0.0,1.0,0.0,0.0,1.0,1837.0,0.0,0.0,4.0,0.0,0.0,0.0,0.0,0.0,0.0,0.0,0.0,0.0,114.0,0.9509984004418275,6.0,5.0,4.0,88.0,19.0,1.0,1920.0,1080.0,24.0,0.0,0
29.0,1.0,0.0,0.0,0.0,1.0,0.0,19.0,0.0,0.0,2.9684401924378077,0.0,0.0,4.0,0.0,0.0,0.0,0.0,0.0,1.0,0.0,0.0,1.0,1219.0,0.0,0.0,7.0,0.0,0.0,0.0,0.0,1.0,0.0,0.0,0.0,0.0,103.0,0.9711651824483739,4.0,2.0,7.0,263.0,16.0,1.0,1920.0,1080.0,7.0,0.0,0
29.0,1.0,0.0,0.0,0.0,1.0,0.0,10.0,0.0,0.0,3.327839659936565,0.0,0.0,12.0,0.0,0.0,1.0,1.0,0.0,1.0,0.0,0.0,1.0,987.0,1.0,0.0,17.0,0.0,0.0,0.0,0.0,1.0,0.0,0.0,0.0,0.0,86.0,0.9778788182102832,1.0,0.0,17.0,281.0,18.0,1.0,1920.0,1080.0,43.0,0.0,0
27.0,1.0,0.0,0.0,0.0,1.0,0.0,8.0,0.0,0.0,2.788540556249057,0.0,1.0,30.0,0.0,0.0,0.0,0.0,0.0,1.0,0.0,0.0,1.0,1108.0,1.0,0.0,16.0,0.0,0.0,0.0,0.0,0.0,0.0,0.0,0.0,0.0,66.0,0.9710869240187562,1.0,0.0,16.0,311.0,10.0,1.0,1920.0,1080.0,7.0,0.0,0
22.0,1.0,0.0,0.0,0.0,1.0,0.0,19.0,0.0,0.0,3.182049185143719,0.0,0.0,6.0,0.0,0.0,0.0,0.0,0.0,1.0,0.0,0.0,1.0,221.0,0.0,0.0,20.0,0.0,0.0,0.0,0.0,1.0,0.0,0.0,0.0,0.0,104.0,0.9754989441863657,5.0,4.0,20.0,383.0,16.0,1.0,1280.0,800.0,37.0,0.0,0
26.0,1.0,1.0,0.0,0.0,2.0,0.0,12.0,0.0,0.0,2.8220680710259405,0.0,0.0,34.0,0.0,0.0,0.0,0.0,0.0,1.0,0.0,0.0,1.0,630.0,3.0,0.0,26.0,0.0,0.0,0.0,0.0,0.0,0.0,1.0,0.0,0.0,91.0,0.9443952845409157,2.0,1.0,26.0,422.0,0.0,1.0,1920.0,1080.0,35.0,0.0,0
26.0,0.0,0.0,0.0,0.0,1.0,0.0,10.0,0.0,0.0,3.176028806078018,0.0,0.0,30.0,5.0,0.0,0.0,0.0,0.0,0.0,0.0,0.0,0.0,2223.0,1.0,0.0,20.0,0.0,0.0,0.0,0.0,3.0,0.0,0.0,0.0,0.0,53.0,0.1026945001399215,10.0,5.0,20.0,9.0,11.0,1.0,1920.0,1080.0,4.0,0.0,0
53.0,0.0,1.0,0.0,0.0,2.0,0.0,15.0,0.0,0.0,3.05294967773701,0.0,0.0,9.0,0.0,0.0,0.0,0.0,0.0,0.0,0.0,0.0,0.0,2316.0,2.0,0.0,2.0,0.0,0.0,0.0,0.0,0.0,0.0,0.0,0.0,0.0,62.0,0.10774271520161985,8.0,0.0,2.0,217.0,18.0,1.0,1920.0,1080.0,5.0,0.0,0
43.0,1.0,1.0,0.0,0.0,2.0,0.0,19.0,0.0,0.0,2.7825926583564047,0.0,0.0,1.0,5.0,0.0,1.0,1.0,0.0,1.0,0.0,0.0,1.0,107.0,2.0,1.0,26.0,0.0,0.0,0.0,0.0,2.0,1.0,1.0,0.0,0.0,28.0,0.9717704368398075,11.0,4.0,26.0,99.0,1.0,1.0,1920.0,1080.0,39.0,0.0,0
53.0,1.0,0.0,0.0,0.0,1.0,0.0,12.0,0.0,0.0,2.3489798927467014,0.0,0.0,10.0,0.0,0.0,0.0,0.0,0.0,1.0,0.0,0.0,1.0,1175.0,1.0,1.0,12.0,0.0,0.0,0.0,0.0,0.0,0.0,0.0,0.0,0.0,36.0,0.9884281791204054,8.0,6.0,12.0,204.0,5.0,1.0,1920.0,1080.0,3.0,0.0,0
38.0,0.0,1.0,0.0,1.0,2.0,0.0,10.0,0.0,0.0,2.4399068483209314,0.0,0.0,5.0,0.0,0.0,1.0,1.0,0.0,0.0,0.0,0.0,0.0,763.0,0.0,0.0,2.0,0.0,0.0,0.0,0.0,0.0,0.0,0.0,0.0,0.0,82.0,0.47200947886806066,5.0,1.0,2.0,306.0,13.0,1.0,1920.0,1080.0,17.0,0.0,0
23.0,1.0,1.0,0.0,1.0,2.0,0.0,7.0,0.0,0.0,3.2151389395563017,0.0,0.0,28.0,20.0,0.0,0.0,0.0,0.0,1.0,0.0,0.0,1.0,420.0,0.0,0.0,10.0,0.0,0.0,0.0,0.0,2.0,0.0,0.0,0.0,0.0,112.0,0.9675716994899127,2.0,1.0,10.0,272.0,6.0,1.0,1280.0,800.0,23.0,0.0,0
25.0,1.0,0.0,0.0,0.0,1.0,0.0,19.0,0.0,0.0,2.942178719534286,0.0,0.0,19.0,0.0,0.0,1.0,1.0,0.0,1.0,0.0,0.0,1.0,572.0,1.0,0.0,24.0,0.0,0.0,1.0,0.0,2.0,0.0,1.0,0.0,1.0,79.0,0.9939296813798297,4.0,3.0,24.0,125.0,8.0,1.0,1920.0,1080.0,13.0,0.0,0
24.0,1.0,1.0,0.0,0.0,2.0,0.0,21.0,1.0,0.047619047619047616,2.6831960080076933,0.0,0.0,17.0,0.0,0.0,0.0,0.0,0.0,1.0,0.0,0.0,1.0,527.0,0.0,0.0,2.0,0.0,0.0,0.0,0.0,0.0,1.0,1.0,0.0,0.0,84.0,0.933607415867895,10.0,6.0,2.0,190.0,0.0,1.0,1920.0,1080.0,24.0,0.0,0
36.0,1.0,0.0,0.0,2.0,1.0,0.0,12.0,0.0,0.0,2.701430978316502,0.0,0.0,0.0,0.0,0.0,0.0,0.0,0.0,1.0,0.0,0.0,1.0,842.0,2.0,0.0,9.0,0.0,0.0,0.0,0.0,3.0,0.0,0.0,0.0,0.0,24.0,0.9782301154131262,7.0,3.0,9.0,49.0,5.0,1.0,1280.0,800.0,28.0,0.0,0
46.0,1.0,1.0,0.0,0.0,2.0,0.0,16.0,0.0,0.0,2.3868392291721165,0.0,0.0,8.0,0.0,0.0,0.0,0.0,0.0,1.0,0.0,0.0,1.0,931.0,0.0,0.0,14.0,0.0,0.0,0.0,0.0,0.0,0.0,0.0,0.0,0.0,56.0,0.9502038150469239,12.0,6.0,14.0,248.0,0.0,1.0,1920.0,1080.0,14.0,0.0,0
54.0,1.0,2.0,0.0,0.0,3.0,0.0,10.0,0.0,0.0,3.087637043981229,0.0,0.0,19.0,0.0,0.0,1.0,1.0,0.0,1.0,0.0,0.0,1.0,311.0,0.0,1.0,2.0,0.0,0.0,0.0,0.0,1.0,0.0,0.0,0.0,0.0,115.0,0.9989015820661016,9.0,5.0,2.0,404.0,18.0,1.0,1280.0,800.0,40.0,0.0,0
40.0,1.0,0.0,0.0,0.0,1.0,0.0,9.0,1.0,0.1111111111111111,2.268056476859272,0.0,0.0,33.0,5.0,0.0,1.0,1.0,0.0,1.0,0.0,0.0,1.0,1209.0,1.0,0.0,26.0,0.0,0.0,0.0,0.0,0.0,0.0,1.0,0.0,0.0,90.0,0.9237169329822037,14.0,0.0,26.0,340.0,16.0,1.0,1280.0,800.0,4.0,0.0,0
48.0,0.0,1.0,0.0,0.0,2.0,0.0,14.0,0.0,0.0,3.0242928912610036,0.0,0.0,18.0,0.0,0.0,0.0,0.0,0.0,0.0,0.0,0.0,0.0,1690.0,2.0,0.0,28.0,0.0,0.0,0.0,0.0,1.0,0.0,0.0,0.0,0.0,117.0,0.18457957576222528,6.0,5.0,28.0,165.0,15.0,1.0,1920.0,1080.0,14.0,0.0,0
21.0,1.0,0.0,0.0,0.0,1.0,0.0,16.0,0.0,0.0,3.33088860197872,0.0,0.0,1.0,0.0,0.0,0.0,0.0,0.0,1.0,0.0,0.0,1.0,313.0,1.0,0.0,23.0,0.0,0.0,0.0,0.0,2.0,0.0,1.0,0.0,0.0,80.0,0.9653565290831759,12.0,1.0,23.0,278.0,15.0,1.0,1280.0,800.0,26.0,0.0,0
23.0,1.0,0.0,0.0,0.0,1.0,0.0,16.0,1.0,0.0625,2.752798924311993,0.0,0.0,9.0,5.0,0.0,0.0,0.0,0.0,1.0,0.0,0.0,1.0,473.0,0.0,1.0,3.0,0.0,0.0,0.0,0.0,2.0,1.0,0.0,0.0,0.0,33.0,0.9923249910026539,4.0,3.0,3.0,21.0,10.0,1.0,1920.0,1080.0,27.0,0.0,0
53.0,1.0,1.0,0.0,0.0,2.0,0.0,10.0,1.0,0.1,2.2871997977044827,0.0,0.0,34.0,0.0,0.0,1.0,1.0,0.0,1.0,0.0,0.0,1.0,2444.0,2.0,0.0,2.0,1.0,1.0,0.0,0.0,0.0,2.0,0.0,0.0,1.0,96.0,0.9525807806555615,10.0,1.0,2.0,446.0,0.0,1.0,1920.0,1080.0,44.0,0.0,0
19.0,1.0,0.0,0.0,0.0,1.0,0.0,7.0,0.0,0.0,3.092271564498158,0.0,0.0,0.0,0.0,0.0,0.0,0.0,0.0,1.0,0.0,0.0,1.0,508.0,3.0,0.0,21.0,0.0,0.0,0.0,0.0,0.0,0.0,0.0,0.0,0.0,77.0,0.9317975070035373,10.0,7.0,21.0,296.0,2.0,1.0,1920.0,1080.0,19.0,0.0,0
48.0,1.0,1.0,0.0,0.0,2.0,0.0,16.0,0.0,0.0,3.0094972575339054,0.0,0.0,30.0,0.0,0.0,0.0,0.0,0.0,1.0,0.0,0.0,1.0,1413.0,2.0,0.0,8.0,0.0,0.0,0.0,0.0,3.0,1.0,0.0,0.0,0.0,65.0,0.9260824086109861,8.0,7.0,8.0,471.0,16.0,1.0,1920.0,1080.0,10.0,0.0,0
33.0,1.0,1.0,0.0,0.0,2.0,0.0,17.0,0.0,0.0,3.021614073228276,0.0,0.0,30.0,0.0,0.0,1.0,1.0,0.0,1.0,0.0,0.0,1.0,2380.0,3.0,0.0,5.0,1.0,0.0,0.0,0.0,2.0,1.0,0.0,0.0,1.0,27.0,0.9931846927402788,9.0,1.0,5.0,487.0,11.0,1.0,1920.0,1080.0,15.0,0.0,0
25.0,1.0,0.0,0.0,0.0,1.0,0.0,20.0,0.0,0.0,2.41316047023525,0.0,0.0,9.0,0.0,0.0,0.0,0.0,0.0,1.0,0.0,0.0,1.0,812.0,0.0,0.0,5.0,0.0,0.0,0.0,0.0,1.0,0.0,0.0,0.0,0.0,52.0,0.9425487686222822,14.0,9.0,5.0,134.0,16.0,1.0,1280.0,800.0,26.0,0.0,0
31.0,1.0,1.0,0.0,1.0,2.0,0.0,18.0,0.0,0.0,2.750730877573276,0.0,0.0,32.0,0.0,0.0,0.0,0.0,0.0,1.0,0.0,0.0,1.0,238.0,3.0,1.0,27.0,0.0,0.0,0.0,0.0,0.0,0.0,0.0,0.0,0.0,94.0,0.9858782759536567,14.0,4.0,27.0,16.0,6.0,1.0,1920.0,1080.0,38.0,0.0,0
46.0,1.0,0.0,0.0,0.0,1.0,0.0,15.0,0.0,0.0,2.6827786174663233,0.0,0.0,25.0,0.0,0.0,0.0,0.0,0.0,1.0,0.0,0.0,1.0,1459.0,2.0,2.0,23.0,0.0,0.0,0.0,0.0,2.0,1.0,0.0,0.0,0.0,85.0,0.9340075114279678,10.0,5.0,23.0,383.0,6.0,1.0,1920.0,1080.0,26.0,0.0,0
47.0,1.0,1.0,0.0,0.0,2.0,0.0,16.0,0.0,0.0,3.1830618996077824,0.0,0.0,0.0,0.0,0.0,1.0,1.0,0.0,1.0,0.0,0.0,1.0,138.0,1.0,0.0,16.0,0.0,0.0,0.0,0.0,1.0,0.0,0.0,0.0,0.0,38.0,0.922930337789098,8.0,1.0,16.0,82.0,1.0,1.0,1920.0,1080.0,7.0,0.0,0
29.0,1.0,1.0,0.0,0.0,2.0,0.0,17.0,0.0,0.0,2.780992385993062,0.0,0.0,19.0,0.0,0.0,1.0,1.0,0.0,1.0,0.0,0.0,1.0,2232.0,1.0,1.0,29.0,0.0,0.0,0.0,0.0,1.0,0.0,0.0,0.0,0.0,104.0,0.9678060641121452,7.0,6.0,29.0,92.0,2.0,1.0,1280.0,800.0,39.0,0.0,0
24.0,1.0,1.0,0.0,0.0,2.0,0.0,8.0,0.0,0.0,2.2308159154402376,0.0,0.0,26.0,0.0,0.0,0.0,0.0,0.0,1.0,0.0,0.0,1.0,1499.0,2.0,0.0,11.0,0.0,0.0,0.0,0.0,3.0,0.0,0.0,0.0,0.0,61.0,0.968454252040982,11.0,4.0,11.0,414.0,13.0,1.0,1920.0,1080.0,13.0,0.0,0
20.0,1.0,1.0,0.0,0.0,2.0,0.0,15.0,0.0,0.0,2.6424089544832117,0.0,0.0,21.0,0.0,0.0,0.0,0.0,0.0,1.0,0.0,0.0,1.0,855.0,0.0,0.0,16.0,0.0,0.0,0.0,0.0,1.0,0.0,0.0,0.0,0.0,104.0,0.9209896946293546,2.0,1.0,16.0,418.0,0.0,1.0,1920.0,1080.0,34.0,0.0,0
24.0,1.0,2.0,0.0,0.0,3.0,0.0,18.0,0.0,0.0,2.1963756489190844,0.0,0.0,4.0,0.0,0.0,1.0,1.0,0.0,1.0,0.0,0.0,1.0,712.0,0.0,0.0,5.0,0.0,0.0,0.0,0.0,2.0,0.0,0.0,0.0,0.0,46.0,0.9811458301714537,4.0,3.0,5.0,248.0,12.0,1.0,1920.0,1080.0,31.0,0.0,0
19.0,1.0,1.0,0.0,0.0,2.0,0.0,17.0,0.0,0.0,2.914565767173904,0.0,0.0,34.0,0.0,0.0,0.0,0.0,0.0,1.0,0.0,0.0,1.0,785.0,1.0,1.0,19.0,1.0,1.0,0.0,0.0,3.0,2.0,0.0,0.0,1.0,36.0,0.9374464287967801,4.0,3.0,19.0,173.0,12.0,1.0,1920.0,1080.0,9.0,0.0,0
26.0,1.0,0.0,0.0,0.0,1.0,0.0,8.0,0.0,0.0,2.2799851909503426,0.0,0.0,13.0,0.0,0.0,1.0,1.0,0.0,1.0,0.0,0.0,1.0,435.0,2.0,1.0,21.0,0.0,0.0,0.0,0.0,1.0,1.0,0.0,0.0,0.0,31.0,0.9341803741901835,8.0,7.0,21.0,169.0,8.0,1.0,1920.0,1080.0,24.0,0.0,0
27.0,1.0,1.0,0.0,2.0,2.0,0.0,18.0,0.0,0.0,2.754259735852142,0.0,0.0,25.0,0.0,0.0,0.0,0.0,0.0,1.0,0.0,0.0,1.0,975.0,0.0,0.0,27.0,0.0,0.0,0.0,0.0,3.0,1.0,0.0,0.0,0.0,102.0,0.936481129061311,5.0,4.0,27.0,294.0,3.0,1.0,1920.0,1080.0,3.0,0.0,0
47.0,1.0,1.0,0.0,0.0,2.0,0.0,12.0,1.0,0.08333333333333333,2.6508502173917714,0.0,0.0,12.0,0.0,0.0,0.0,0.0,0.0,1.0,0.0,0.0,1.0,2137.0,0.0,0.0,21.0,0.0,0.0,0.0,0.0,0.0,0.0,0.0,0.0,0.0,32.0,0.9450921126915617,8.0,7.0,21.0,219.0,12.0,1.0,1280.0,800.0,2.0,0.0,0
30.0,1.0,1.0,0.0,0.0,2.0,0.0,13.0,0.0,0.0,3.2028402449538635,0.0,1.0,1.0,0.0,0.0,1.0,1.0,0.0,1.0,0.0,0.0,1.0,1419.0,1.0,0.0,10.0,0.0,0.0,1.0,0.0,1.0,0.0,0.0,0.0,1.0,41.0,0.934746551409139,1.0,0.0,10.0,499.0,18.0,1.0,1920.0,1080.0,35.0,0.0,0
45.0,1.0,1.0,0.0,0.0,2.0,0.0,16.0,0.0,0.0,3.1240265864547694,0.0,0.0,1.0,0.0,0.0,0.0,0.0,0.0,1.0,0.0,0.0,1.0,1635.0,3.0,0.0,22.0,0.0,0.0,0.0,0.0,1.0,0.0,0.0,0.0,0.0,72.0,0.9350460410068774,12.0,4.0,22.0,216.0,10.0,1.0,1920.0,1080.0,39.0,0.0,0
33.0,1.0,1.0,0.0,0.0,2.0,0.0,17.0,0.0,0.0,3.095670101515437,0.0,0.0,22.0,20.0,0.0,0.0,0.0,0.0,1.0,0.0,0.0,1.0,1234.0,0.0,0.0,20.0,0.0,0.0,0.0,0.0,2.0,0.0,0.0,0.0,0.0,75.0,0.9318192646443325,3.0,2.0,20.0,455.0,1.0,1.0,1280.0,800.0,20.0,0.0,0
37.0,1.0,0.0,0.0,0.0,1.0,0.0,15.0,0.0,0.0,3.212561711354616,0.0,0.0,9.0,0.0,0.0,1.0,1.0,0.0,1.0,0.0,0.0,1.0,2267.0,2.0,1.0,14.0,0.0,0.0,0.0,0.0,3.0,0.0,0.0,0.0,0.0,68.0,0.9746096999917446,14.0,9.0,14.0,423.0,8.0,1.0,1920.0,1080.0,40.0,0.0,0
38.0,1.0,1.0,0.0,0.0,2.0,0.0,8.0,0.0,0.0,3.214010537748906,0.0,0.0,4.0,5.0,0.0,0.0,0.0,0.0,1.0,0.0,0.0,1.0,375.0,1.0,1.0,19.0,0.0,0.0,0.0,0.0,2.0,0.0,0.0,0.0,0.0,56.0,0.9494937106801058,12.0,1.0,19.0,231.0,16.0,1.0,1920.0,1080.0,13.0,0.0,0
37.0,1.0,1.0,0.0,0.0,2.0,0.0,21.0,0.0,0.0,2.227493296707713,0.0,0.0,13.0,5.0,0.0,0.0,0.0,0.0,1.0,0.0,0.0,1.0,2064.0,2.0,0.0,16.0,0.0,0.0,0.0,0.0,2.0,0.0,0.0,0.0,0.0,37.0,0.9589264179317817,6.0,0.0,16.0,388.0,11.0,1.0,1920.0,1080.0,17.0,0.0,0
52.0,1.0,1.0,0.0,0.0,2.0,0.0,10.0,0.0,0.0,2.7545967164815472,0.0,0.0,18.0,5.0,0.0,0.0,0.0,0.0,1.0,0.0,0.0,1.0,1736.0,0.0,0.0,21.0,0.0,0.0,0.0,0.0,0.0,0.0,0.0,0.0,0.0,115.0,0.9639119103479776,3.0,0.0,21.0,17.0,4.0,1.0,1920.0,1080.0,39.0,0.0,0
22.0,1.0,0.0,0.0,0.0,1.0,0.0,16.0,0.0,0.0,3.356151727469103,0.0,1.0,6.0,0.0,0.0,0.0,0.0,0.0,1.0,0.0,0.0,1.0,495.0,2.0,1.0,14.0,0.0,0.0,0.0,0.0,3.0,0.0,0.0,0.0,0.0,89.0,0.9530942490741444,14.0,1.0,14.0,88.0,0.0,1.0,1920.0,1080.0,30.0,0.0,0
46.0,1.0,0.0,0.0,0.0,1.0,0.0,19.0,0.0,0.0,3.0636403396092895,0.0,0.0,32.0,0.0,0.0,0.0,0.0,0.0,1.0,0.0,0.0,1.0,2443.0,0.0,0.0,6.0,0.0,0.0,0.0,0.0,1.0,0.0,0.0,0.0,0.0,55.0,0.9551401382564318,3.0,2.0,6.0,240.0,6.0,1.0,1920.0,1080.0,16.0,0.0,0
54.0,1.0,0.0,0.0,0.0,1.0,0.0,17.0,0.0,0.0,3.3044050719683673,0.0,0.0,34.0,0.0,0.0,1.0,1.0,0.0,1.0,0.0,0.0,1.0,150.0,1.0,0.0,13.0,0.0,0.0,1.0,0.0,3.0,0.0,0.0,0.0,1.0,93.0,0.9927010906431696,5.0,1.0,13.0,206.0,7.0,1.0,1920.0,1080.0,21.0,0.0,0
20.0,1.0,1.0,0.0,0.0,2.0,0.0,18.0,0.0,0.0,3.1548588604869314,0.0,0.0,13.0,0.0,0.0,0.0,0.0,0.0,1.0,0.0,0.0,1.0,1935.0,1.0,0.0,11.0,0.0,0.0,0.0,0.0,1.0,0.0,0.0,0.0,0.0,56.0,0.9416733492712388,14.0,2.0,11.0,89.0,3.0,1.0,1920.0,1080.0,8.0,0.0,0
40.0,1.0,1.0,0.0,0.0,2.0,0.0,7.0,0.0,0.0,2.6218343918857965,0.0,0.0,20.0,0.0,0.0,0.0,0.0,0.0,1.0,0.0,0.0,1.0,1103.0,2.0,0.0,21.0,0.0,0.0,0.0,0.0,3.0,1.0,0.0,0.0,0.0,99.0,0.9750969648540899,1.0,0.0,21.0,182.0,11.0,1.0,1920.0,1080.0,32.0,0.0,0
46.0,1.0,0.0,0.0,0.0,1.0,0.0,17.0,0.0,0.0,3.2167962209168657,0.0,0.0,30.0,20.0,0.0,0.0,0.0,0.0,1.0,0.0,0.0,1.0,1666.0,1.0,0.0,9.0,0.0,0.0,0.0,0.0,2.0,0.0,0.0,0.0,0.0,65.0,0.9786839435177902,11.0,6.0,9.0,332.0,16.0,1.0,1920.0,1080.0,40.0,0.0,0
31.0,1.0,1.0,0.0,0.0,2.0,0.0,15.0,0.0,0.0,3.3930162940574515,0.0,0.0,4.0,0.0,0.0,1.0,1.0,0.0,1.0,0.0,0.0,1.0,469.0,2.0,1.0,21.0,1.0,1.0,0.0,0.0,0.0,1.0,1.0,0.0,1.0,19.0,0.9538795530052647,5.0,4.0,21.0,162.0,16.0,1.0,1920.0,1080.0,17.0,0.0,0
23.0,1.0,1.0,0.0,0.0,2.0,0.0,10.0,0.0,0.0,3.2167575416194025,0.0,0.0,2.0,0.0,0.0,1.0,1.0,0.0,1.0,0.0,0.0,1.0,2172.0,2.0,0.0,4.0,1.0,0.0,0.0,0.0,3.0,3.0,0.0,0.0,1.0,69.0,0.9442405360614013,1.0,0.0,4.0,274.0,6.0,1.0,1920.0,1080.0,30.0,0.0,0
33.0,1.0,1.0,0.0,0.0,2.0,0.0,14.0,0.0,0.0,2.261104527554382,0.0,0.0,19.0,0.0,0.0,0.0,0.0,0.0,1.0,0.0,0.0,1.0,661.0,1.0,0.0,8.0,0.0,0.0,0.0,0.0,2.0,0.0,0.0,0.0,0.0,83.0,0.9919704111417941,2.0,1.0,8.0,237.0,14.0,1.0,1920.0,1080.0,2.0,0.0,0
38.0,1.0,1.0,0.0,0.0,2.0,0.0,17.0,0.0,0.0,3.2951434881853774,0.0,1.0,32.0,5.0,0.0,0.0,0.0,0.0,1.0,0.0,0.0,1.0,130.0,1.0,0.0,20.0,0.0,0.0,0.0,0.0,1.0,0.0,0.0,0.0,0.0,102.0,0.9435223298085899,5.0,2.0,20.0,311.0,12.0,1.0,1920.0,1080.0,9.0,0.0,0
18.0,1.0,0.0,0.0,0.0,1.0,0.0,17.0,0.0,0.0,2.533264243165236,0.0,0.0,7.0,0.0,0.0,1.0,1.0,0.0,1.0,0.0,0.0,1.0,921.0,1.0,2.0,24.0,1.0,0.0,0.0,0.0,2.0,3.0,0.0,0.0,1.0,55.0,0.9464047842405696,12.0,7.0,24.0,233.0,10.0,1.0,1920.0,1080.0,22.0,0.0,0
24.0,1.0,1.0,0.0,1.0,2.0,0.0,12.0,0.0,0.0,2.714961755800009,0.0,0.0,29.0,0.0,0.0,0.0,0.0,0.0,1.0,0.0,0.0,1.0,2347.0,0.0,0.0,8.0,0.0,0.0,0.0,0.0,3.0,0.0,0.0,0.0,0.0,17.0,0.9962337714844351,12.0,3.0,8.0,358.0,8.0,1.0,1280.0,800.0,7.0,0.0,0
32.0,1.0,1.0,0.0,2.0,2.0,0.0,18.0,0.0,0.0,3.2317077081717276,0.0,0.0,19.0,0.0,0.0,1.0,1.0,0.0,1.0,0.0,0.0,1.0,1425.0,0.0,0.0,26.0,0.0,0.0,0.0,0.0,0.0,0.0,0.0,0.0,0.0,38.0,0.9569787338278757,10.0,6.0,26.0,166.0,18.0,1.0,1280.0,800.0,28.0,0.0,0
43.0,1.0,1.0,0.0,0.0,2.0,0.0,18.0,0.0,0.0,2.120938380004543,0.0,0.0,26.0,0.0,0.0,1.0,1.0,0.0,1.0,0.0,0.0,1.0,2298.0,2.0,0.0,4.0,0.0,0.0,0.0,0.0,2.0,0.0,1.0,0.0,0.0,76.0,0.9333456268732806,14.0,9.0,4.0,94.0,5.0,1.0,1920.0,1080.0,44.0,0.0,0
20.0,1.0,1.0,0.0,0.0,2.0,0.0,10.0,0.0,0.0,2.4877824639779,0.0,0.0,10.0,5.0,0.0,0.0,0.0,0.0,1.0,0.0,0.0,1.0,1581.0,3.0,0.0,21.0,0.0,0.0,0.0,0.0,1.0,0.0,0.0,0.0,0.0,24.0,0.9754172114155438,1.0,0.0,21.0,98.0,3.0,1.0,1280.0,800.0,15.0,0.0,0
20.0,1.0,0.0,0.0,0.0,1.0,0.0,19.0,1.0,0.05263157894736842,3.2809378012601003,0.0,0.0,22.0,5.0,0.0,1.0,1.0,0.0,1.0,0.0,0.0,1.0,1034.0,1.0,0.0,28.0,1.0,1.0,0.0,0.0,3.0,1.0,0.0,0.0,1.0,16.0,0.9423072224369463,9.0,2.0,28.0,323.0,7.0,1.0,1920.0,1080.0,41.0,0.0,0
21.0,0.0,0.0,0.0,0.0,1.0,0.0,14.0,0.0,0.0,2.184985641580195,0.0,0.0,2.0,0.0,0.0,0.0,0.0,0.0,0.0,0.0,0.0,0.0,2122.0,1.0,0.0,12.0,0.0,0.0,0.0,0.0,1.0,0.0,0.0,0.0,0.0,48.0,0.1771295269053387,10.0,0.0,12.0,331.0,6.0,1.0,1920.0,1080.0,23.0,0.0,0
18.0,1.0,1.0,0.0,0.0,2.0,0.0,16.0,0.0,0.0,2.284044238810657,0.0,0.0,33.0,0.0,0.0,1.0,1.0,0.0,1.0,0.0,0.0,1.0,337.0,2.0,0.0,23.0,0.0,0.0,0.0,0.0,0.0,0.0,0.0,0.0,0.0,38.0,0.9209423787177614,1.0,0.0,23.0,283.0,13.0,1.0,1920.0,1080.0,23.0,0.0,0
54.0,1.0,1.0,0.0,0.0,2.0,0.0,11.0,0.0,0.0,3.1417686930179856,0.0,0.0,15.0,0.0,0.0,0.0,0.0,0.0,1.0,0.0,0.0,1.0,1257.0,2.0,0.0,20.0,0.0,0.0,0.0,0.0,3.0,0.0,0.0,0.0,0.0,84.0,0.944149937218433,10.0,5.0,20.0,110.0,3.0,1.0,1280.0,800.0,7.0,0.0,0
23.0,1.0,2.0,0.0,1.0,3.0,0.0,8.0,0.0,0.0,3.070119607504921,0.0,0.0,20.0,0.0,0.0,0.0,0.0,0.0,1.0,0.0,0.0,1.0,1467.0,1.0,1.0,7.0,0.0,0.0,0.0,0.0,0.0,0.0,1.0,0.0,0.0,92.0,0.9704946284462669,10.0,6.0,7.0,107.0,6.0,1.0,1920.0,1080.0,23.0,0.0,0
45.0,1.0,1.0,0.0,1.0,2.0,0.0,11.0,1.0,0.09090909090909091,2.1205868143599624,0.0,0.0,22.0,0.0,0.0,0.0,0.0,0.0,1.0,0.0,0.0,1.0,715.0,1.0,1.0,16.0,0.0,0.0,0.0,0.0,1.0,0.0,0.0,0.0,0.0,89.0,0.9489333229733203,8.0,2.0,16.0,17.0,17.0,1.0,1920.0,1080.0,35.0,0.0,0
51.0,1.0,0.0,0.0,0.0,1.0,0.0,9.0,0.0,0.0,2.2701829002350347,0.0,0.0,8.0,5.0,0.0,0.0,0.0,0.0,1.0,0.0,0.0,1.0,841.0,1.0,0.0,20.0,0.0,0.0,0.0,0.0,3.0,1.0,0.0,0.0,0.0,63.0,0.9708731288433924,5.0,4.0,20.0,97.0,1.0,1.0,1920.0,1080.0,33.0,0.0,0
34.0,1.0,1.0,0.0,0.0,2.0,0.0,9.0,2.0,0.2222222222222222,2.955348239048308,0.0,0.0,30.0,5.0,0.0,0.0,0.0,0.0,1.0,0.0,0.0,1.0,1360.0,2.0,1.0,3.0,0.0,0.0,0.0,0.0,0.0,0.0,0.0,0.0,0.0,59.0,0.9806264509947049,2.0,1.0,3.0,343.0,9.0,1.0,1280.0,800.0,16.0,0.0,0
21.0,1.0,0.0,0.0,0.0,1.0,0.0,10.0,0.0,0.0,2.750143482895169,0.0,0.0,14.0,0.0,0.0,0.0,0.0,0.0,1.0,0.0,0.0,1.0,760.0,1.0,0.0,28.0,0.0,0.0,0.0,0.0,3.0,0.0,0.0,0.0,0.0,63.0,0.9224030250470517,6.0,0.0,28.0,237.0,6.0,1.0,1920.0,1080.0,5.0,0.0,0
19.0,1.0,0.0,0.0,0.0,1.0,0.0,16.0,0.0,0.0,3.3975974544715015,0.0,0.0,28.0,0.0,0.0,1.0,1.0,0.0,1.0,0.0,0.0,1.0,1263.0,1.0,0.0,3.0,1.0,0.0,0.0,0.0,2.0,1.0,0.0,0.0,1.0,74.0,0.993023395602342,4.0,3.0,3.0,449.0,11.0,1.0,1920.0,1080.0,23.0,0.0,0
38.0,1.0,0.0,0.0,0.0,1.0,0.0,10.0,0.0,0.0,3.061011943405216,0.0,0.0,22.0,0.0,0.0,1.0,1.0,0.0,1.0,0.0,0.0,1.0,848.0,1.0,0.0,6.0,1.0,0.0,0.0,0.0,1.0,2.0,0.0,0.0,1.0,85.0,0.975069412921538,6.0,4.0,6.0,166.0,3.0,1.0,1920.0,1080.0,41.0,0.0,0
54.0,1.0,1.0,0.0,2.0,2.0,0.0,8.0,0.0,0.0,2.121110689534131,0.0,0.0,17.0,0.0,0.0,0.0,0.0,0.0,1.0,0.0,0.0,1.0,1581.0,2.0,1.0,29.0,0.0,0.0,0.0,0.0,1.0,0.0,0.0,0.0,0.0,80.0,0.9564191151469869,12.0,0.0,29.0,40.0,15.0,1.0,1920.0,1080.0,9.0,0.0,0
26.0,1.0,0.0,0.0,0.0,1.0,0.0,16.0,0.0,0.0,3.391513959134917,0.0,0.0,3.0,5.0,0.0,0.0,0.0,0.0,1.0,0.0,0.0,1.0,1471.0,0.0,0.0,11.0,0.0,0.0,0.0,0.0,2.0,0.0,0.0,0.0,0.0,41.0,0.9435094929538962,12.0,9.0,11.0,86.0,12.0,1.0,1920.0,1080.0,15.0,0.0,0
23.0,1.0,1.0,0.0,0.0,2.0,0.0,9.0,0.0,0.0,2.9369326762274754,0.0,0.0,6.0,0.0,0.0,1.0,1.0,0.0,1.0,0.0,0.0,1.0,1262.0,1.0,0.0,9.0,1.0,0.0,0.0,0.0,1.0,2.0,0.0,0.0,1.0,77.0,0.9883300251913791,1.0,0.0,9.0,129.0,0.0,1.0,1920.0,1080.0,30.0,0.0,0
19.0,1.0,1.0,0.0,1.0,2.0,0.0,19.0,0.0,0.0,3.1129356730115614,0.0,0.0,9.0,0.0,0.0,0.0,0.0,0.0,1.0,0.0,0.0,1.0,824.0,0.0,1.0,12.0,0.0,0.0,0.0,0.0,2.0,0.0,0.0,0.0,0.0,53.0,0.95818813724196,6.0,5.0,12.0,243.0,7.0,1.0,1920.0,1080.0,11.0,0.0,0
21.0,1.0,1.0,0.0,0.0,2.0,0.0,20.0,0.0,0.0,2.7642547845673713,0.0,0.0,32.0,0.0,0.0,1.0,1.0,0.0,1.0,0.0,0.0,1.0,1261.0,1.0,0.0,5.0,1.0,0.0,0.0,0.0,0.0,3.0,0.0,0.0,1.0,28.0,0.9634146607907778,13.0,2.0,5.0,267.0,7.0,1.0,1920.0,1080.0,8.0,0.0,0
42.0,1.0,0.0,0.0,0.0,1.0,0.0,8.0,0.0,0.0,2.928485029189361,0.0,0.0,24.0,0.0,0.0,0.0,0.0,0.0,1.0,0.0,0.0,1.0,1637.0,1.0,1.0,6.0,0.0,0.0,0.0,0.0,3.0,0.0,0.0,0.0,0.0,43.0,0.9390351144000488,7.0,6.0,6.0,189.0,12.0,1.0,1920.0,1080.0,5.0,0.0,0
52.0,1.0,0.0,0.0,0.0,1.0,0.0,13.0,0.0,0.0,2.1730364776598963,0.0,0.0,19.0,0.0,0.0,0.0,0.0,0.0,1.0,0.0,0.0,1.0,865.0,1.0,0.0,12.0,0.0,0.0,0.0,0.0,0.0,0.0,0.0,0.0,0.0,62.0,0.9721548529054846,11.0,2.0,12.0,134.0,2.0,1.0,1920.0,1080.0,21.0,0.0,0
48.0,1.0,1.0,0.0,0.0,2.0,0.0,19.0,0.0,0.0,2.8182031934699334,0.0,0.0,1.0,0.0,0.0,0.0,0.0,0.0,1.0,0.0,0.0,1.0,1590.0,0.0,1.0,11.0,0.0,0.0,0.0,0.0,0.0,0.0,0.0,0.0,0.0,95.0,0.9203469459051923,11.0,0.0,11.0,6.0,0.0,1.0,1280.0,800.0,7.0,0.0,0
53.0,1.0,1.0,0.0,0.0,2.0,0.0,17.0,0.0,0.0,2.2172259706566595,0.0,0.0,2.0,0.0,0.0,1.0,1.0,0.0,1.0,0.0,0.0,1.0,885.0,1.0,0.0,12.0,0.0,0.0,0.0,0.0,2.0,0.0,0.0,0.0,0.0,89.0,0.959884772041391,5.0,4.0,12.0,211.0,12.0,1.0,1920.0,1080.0,44.0,0.0,0
18.0,1.0,1.0,0.0,0.0,2.0,0.0,13.0,0.0,0.0,2.9730462823032653,0.0,0.0,16.0,0.0,0.0,0.0,0.0,0.0,1.0,0.0,0.0,1.0,440.0,2.0,0.0,4.0,0.0,0.0,0.0,0.0,0.0,0.0,0.0,0.0,0.0,80.0,0.9927376754874367,9.0,1.0,4.0,20.0,4.0,1.0,1920.0,1080.0,23.0,0.0,0
43.0,1.0,0.0,0.0,0.0,1.0,0.0,15.0,0.0,0.0,2.7359111692699214,0.0,0.0,16.0,0.0,0.0,0.0,0.0,0.0,1.0,0.0,0.0,1.0,1524.0,2.0,2.0,14.0,0.0,0.0,0.0,0.0,1.0,0.0,0.0,0.0,0.0,115.0,0.9981362763200669,3.0,2.0,14.0,239.0,0.0,1.0,1280.0,800.0,4.0,0.0,0
48.0,1.0,0.0,0.0,0.0,1.0,0.0,9.0,0.0,0.0,3.15473709101844,0.0,0.0,8.0,0.0,0.0,0.0,0.0,0.0,1.0,0.0,0.0,1.0,410.0,0.0,0.0,12.0,0.0,0.0,0.0,0.0,2.0,0.0,0.0,0.0,0.0,112.0,0.9552657052049282,3.0,1.0,12.0,228.0,17.0,1.0,1920.0,1080.0,14.0,0.0,0
52.0,1.0,0.0,0.0,0.0,1.0,0.0,16.0,0.0,0.0,2.4448750699618818,0.0,0.0,1.0,0.0,0.0,0.0,0.0,0.0,1.0,0.0,0.0,1.0,224.0,0.0,0.0,12.0,0.0,0.0,0.0,0.0,0.0,1.0,0.0,0.0,0.0,108.0,0.9544876337061954,2.0,1.0,12.0,216.0,6.0,1.0,1920.0,1080.0,39.0,0.0,0
30.0,1.0,0.0,0.0,0.0,1.0,0.0,8.0,0.0,0.0,2.720890312417271,0.0,0.0,1.0,0.0,0.0,0.0,0.0,0.0,1.0,0.0,0.0,1.0,1930.0,2.0,0.0,24.0,0.0,0.0,0.0,0.0,3.0,0.0,0.0,0.0,0.0,76.0,0.9202166513362581,14.0,3.0,24.0,261.0,8.0,1.0,1920.0,1080.0,11.0,0.0,0
24.0,1.0,1.0,0.0,0.0,2.0,0.0,16.0,0.0,0.0,2.217262444760313,0.0,0.0,16.0,0.0,0.0,1.0,1.0,0.0,1.0,0.0,0.0,1.0,881.0,2.0,0.0,5.0,0.0,0.0,1.0,0.0,0.0,0.0,0.0,0.0,1.0,77.0,0.9833092003469716,2.0,1.0,5.0,96.0,14.0,1.0,1920.0,1080.0,8.0,0.0,0
24.0,1.0,0.0,0.0,0.0,1.0,0.0,9.0,0.0,0.0,2.3261574494254558,0.0,0.0,7.0,0.0,0.0,0.0,0.0,0.0,1.0,0.0,0.0,1.0,1646.0,1.0,0.0,11.0,1.0,0.0,0.0,0.0,3.0,3.0,0.0,0.0,1.0,103.0,0.9596318086517489,3.0,0.0,11.0,128.0,2.0,1.0,1280.0,800.0,13.0,0.0,0
48.0,1.0,0.0,0.0,0.0,1.0,0.0,17.0,0.0,0.0,3.339124662131523,0.0,0.0,7.0,0.0,0.0,0.0,0.0,0.0,1.0,0.0,0.0,1.0,714.0,0.0,2.0,22.0,0.0,0.0,0.0,0.0,1.0,0.0,0.0,0.0,0.0,49.0,0.96370666257072,3.0,1.0,22.0,365.0,7.0,1.0,1920.0,1080.0,6.0,0.0,0
48.0,1.0,1.0,0.0,0.0,2.0,0.0,18.0,0.0,0.0,2.853861215088149,0.0,0.0,2.0,0.0,0.0,1.0,1.0,0.0,1.0,0.0,0.0,1.0,624.0,0.0,0.0,26.0,0.0,0.0,0.0,0.0,1.0,0.0,0.0,0.0,0.0,101.0,0.9601413536627204,9.0,7.0,26.0,361.0,0.0,1.0,1920.0,1080.0,9.0,0.0,0
20.0,1.0,1.0,0.0,0.0,2.0,0.0,15.0,0.0,0.0,3.09123600221986,0.0,0.0,34.0,0.0,0.0,0.0,0.0,0.0,1.0,0.0,0.0,1.0,810.0,0.0,0.0,4.0,0.0,0.0,0.0,0.0,2.0,0.0,0.0,0.0,0.0,25.0,0.9970898088422061,10.0,1.0,4.0,179.0,10.0,1.0,1280.0,800.0,36.0,0.0,0
39.0,1.0,0.0,0.0,0.0,1.0,0.0,11.0,1.0,0.09090909090909091,2.147992936000546,0.0,0.0,31.0,20.0,0.0,0.0,0.0,0.0,1.0,0.0,0.0,1.0,693.0,0.0,1.0,19.0,0.0,0.0,0.0,0.0,1.0,0.0,0.0,0.0,0.0,91.0,0.9877825967351709,8.0,6.0,19.0,52.0,16.0,1.0,1920.0,1080.0,9.0,0.0,0
54.0,1.0,1.0,0.0,1.0,2.0,0.0,14.0,0.0,0.0,2.212387537474107,0.0,0.0,26.0,0.0,0.0,0.0,0.0,0.0,1.0,0.0,0.0,1.0,616.0,1.0,0.0,28.0,0.0,0.0,0.0,0.0,3.0,0.0,0.0,0.0,0.0,54.0,0.9881958134285594,8.0,0.0,28.0,391.0,6.0,1.0,1920.0,1080.0,44.0,0.0,0
23.0,1.0,0.0,0.0,0.0,1.0,0.0,15.0,0.0,0.0,2.1039103487289377,0.0,0.0,3.0,0.0,0.0,0.0,0.0,0.0,1.0,0.0,0.0,1.0,1232.0,1.0,0.0,15.0,0.0,0.0,0.0,0.0,1.0,1.0,0.0,0.0,0.0,38.0,0.9656485036639789,11.0,9.0,15.0,333.0,1.0,1.0,1920.0,1080.0,29.0,0.0,0
50.0,1.0,1.0,0.0,0.0,2.0,0.0,20.0,1.0,0.05,3.2431979100298163,0.0,1.0,20.0,20.0,0.0,1.0,1.0,0.0,1.0,0.0,0.0,1.0,673.0,2.0,2.0,19.0,0.0,0.0,0.0,0.0,1.0,0.0,0.0,0.0,0.0,67.0,0.9888843417004204,7.0,6.0,19.0,35.0,1.0,1.0,1920.0,1080.0,15.0,0.0,0
52.0,0.0,1.0,0.0,1.0,2.0,0.0,20.0,0.0,0.0,2.1747938681829675,0.0,0.0,33.0,20.0,0.0,1.0,1.0,0.0,0.0,0.0,0.0,0.0,431.0,0.0,0.0,14.0,0.0,0.0,0.0,0.0,1.0,0.0,0.0,0.0,0.0,113.0,0.11631713930424709,9.0,7.0,14.0,16.0,16.0,1.0,1920.0,1080.0,28.0,0.0,0
26.0,1.0,1.0,0.0,0.0,2.0,0.0,11.0,0.0,0.0,3.3520973563873233,0.0,0.0,3.0,20.0,0.0,1.0,1.0,0.0,1.0,0.0,0.0,1.0,929.0,1.0,0.0,11.0,0.0,0.0,0.0,0.0,2.0,0.0,0.0,0.0,0.0,106.0,0.9718073655379094,11.0,7.0,11.0,285.0,9.0,1.0,1920.0,1080.0,24.0,0.0,0
40.0,1.0,0.0,0.0,0.0,1.0,0.0,13.0,0.0,0.0,2.2709741085249924,0.0,0.0,33.0,0.0,0.0,0.0,0.0,0.0,1.0,0.0,0.0,1.0,1577.0,1.0,0.0,6.0,0.0,0.0,0.0,0.0,2.0,0.0,0.0,0.0,0.0,101.0,0.9262882224871156,14.0,0.0,6.0,275.0,12.0,1.0,1920.0,1080.0,2.0,0.0,0
49.0,1.0,1.0,0.0,2.0,2.0,0.0,18.0,0.0,0.0,3.3752382561619125,0.0,0.0,26.0,0.0,0.0,0.0,0.0,0.0,1.0,0.0,0.0,1.0,930.0,3.0,2.0,27.0,0.0,0.0,0.0,0.0,1.0,0.0,0.0,0.0,0.0,87.0,0.9711746452533068,11.0,6.0,27.0,414.0,0.0,1.0,1280.0,800.0,42.0,0.0,0
22.0,1.0,1.0,0.0,0.0,2.0,0.0,15.0,0.0,0.0,2.1520987958956757,0.0,0.0,10.0,0.0,0.0,0.0,0.0,0.0,1.0,0.0,0.0,1.0,687.0,2.0,0.0,26.0,0.0,0.0,0.0,0.0,3.0,0.0,0.0,0.0,0.0,101.0,0.9993934961506541,14.0,7.0,26.0,194.0,10.0,1.0,1920.0,1080.0,39.0,0.0,0
27.0,1.0,2.0,0.0,0.0,3.0,0.0,11.0,0.0,0.0,2.869521763901254,0.0,0.0,4.0,0.0,0.0,1.0,1.0,0.0,1.0,0.0,0.0,1.0,1220.0,1.0,2.0,9.0,1.0,1.0,0.0,0.0,0.0,2.0,0.0,0.0,1.0,72.0,0.9283133148217685,11.0,9.0,9.0,120.0,1.0,1.0,1920.0,1080.0,5.0,0.0,0
28.0,1.0,2.0,0.0,0.0,3.0,0.0,11.0,0.0,0.0,3.215936884966557,0.0,0.0,10.0,0.0,0.0,0.0,0.0,0.0,1.0,0.0,0.0,1.0,745.0,1.0,0.0,28.0,0.0,0.0,0.0,0.0,0.0,0.0,0.0,0.0,0.0,65.0,0.9874913710965765,7.0,6.0,28.0,270.0,13.0,1.0,1920.0,1080.0,23.0,0.0,0
46.0,1.0,1.0,0.0,1.0,2.0,0.0,10.0,0.0,0.0,2.8051560571289924,0.0,0.0,29.0,20.0,0.0,0.0,0.0,0.0,1.0,0.0,0.0,1.0,755.0,1.0,0.0,8.0,0.0,0.0,0.0,1.0,0.0,0.0,0.0,0.0,1.0,61.0,0.9440454713113355,13.0,4.0,8.0,222.0,10.0,1.0,1920.0,1080.0,19.0,0.0,0
50.0,1.0,0.0,0.0,0.0,1.0,0.0,21.0,0.0,0.0,2.1196336524016024,0.0,0.0,6.0,0.0,0.0,0.0,0.0,0.0,1.0,0.0,0.0,1.0,890.0,0.0,1.0,20.0,0.0,0.0,0.0,0.0,1.0,1.0,1.0,0.0,0.0,78.0,0.9209223810807778,9.0,1.0,20.0,53.0,19.0,1.0,1280.0,800.0,30.0,0.0,0
44.0,0.0,1.0,0.0,0.0,2.0,0.0,15.0,0.0,0.0,2.4978870603955654,0.0,0.0,15.0,0.0,0.0,1.0,1.0,0.0,0.0,0.0,0.0,0.0,2445.0,2.0,0.0,25.0,0.0,0.0,1.0,0.0,1.0,0.0,0.0,0.0,1.0,28.0,0.16089238270157372,8.0,2.0,25.0,289.0,1.0,1.0,1280.0,800.0,37.0,0.0,0
35.0,1.0,0.0,0.0,1.0,1.0,0.0,19.0,0.0,0.0,3.255491456950181,0.0,0.0,20.0,0.0,0.0,0.0,0.0,0.0,1.0,0.0,0.0,1.0,2025.0,0.0,0.0,3.0,0.0,0.0,0.0,0.0,0.0,0.0,0.0,0.0,0.0,107.0,0.9753091286601944,11.0,4.0,3.0,6.0,17.0,1.0,1920.0,1080.0,34.0,0.0,0
32.0,1.0,0.0,0.0,0.0,1.0,0.0,13.0,0.0,0.0,2.3924318028966898,0.0,0.0,3.0,0.0,0.0,1.0,1.0,0.0,1.0,0.0,0.0,1.0,1510.0,2.0,0.0,18.0,1.0,1.0,0.0,0.0,1.0,3.0,0.0,0.0,1.0,117.0,0.941398875938803,12.0,2.0,18.0,389.0,1.0,1.0,1920.0,1080.0,7.0,0.0,0
44.0,1.0,1.0,0.0,0.0,2.0,0.0,9.0,0.0,0.0,3.003597602381342,0.0,0.0,27.0,5.0,0.0,0.0,0.0,0.0,1.0,0.0,0.0,1.0,757.0,2.0,0.0,10.0,0.0,0.0,0.0,0.0,0.0,0.0,0.0,0.0,0.0,105.0,0.9950298386973551,9.0,0.0,10.0,32.0,2.0,1.0,1920.0,1080.0,22.0,0.0,0
37.0,1.0,1.0,0.0,2.0,2.0,0.0,11.0,0.0,0.0,2.4677875366740234,0.0,0.0,18.0,0.0,0.0,0.0,0.0,0.0,1.0,0.0,0.0,1.0,357.0,0.0,0.0,21.0,0.0,0.0,0.0,0.0,1.0,1.0,0.0,0.0,0.0,48.0,0.9589092782170309,8.0,5.0,21.0,328.0,1.0,1.0,1280.0,800.0,38.0,0.0,0
40.0,1.0,1.0,0.0,0.0,2.0,0.0,11.0,0.0,0.0,2.9763037266395194,0.0,0.0,21.0,0.0,0.0,1.0,1.0,0.0,1.0,0.0,0.0,1.0,1318.0,2.0,0.0,6.0,1.0,0.0,0.0,0.0,3.0,3.0,0.0,0.0,1.0,100.0,0.9908486479383604,8.0,7.0,6.0,115.0,1.0,1.0,1280.0,800.0,44.0,0.0,0
39.0,1.0,0.0,0.0,1.0,1.0,0.0,14.0,0.0,0.0,2.238917656137917,0.0,0.0,24.0,0.0,0.0,0.0,0.0,0.0,1.0,0.0,0.0,1.0,1567.0,1.0,2.0,10.0,0.0,0.0,0.0,0.0,1.0,0.0,0.0,0.0,0.0,20.0,0.9648228497572885,13.0,1.0,10.0,452.0,2.0,1.0,1280.0,800.0,43.0,0.0,0
20.0,0.0,0.0,0.0,0.0,1.0,0.0,14.0,0.0,0.0,3.2346324225535033,0.0,0.0,2.0,0.0,0.0,1.0,1.0,0.0,0.0,0.0,0.0,0.0,1857.0,0.0,0.0,15.0,0.0,0.0,0.0,0.0,2.0,0.0,0.0,0.0,0.0,27.0,0.14412915040978863,5.0,1.0,15.0,494.0,10.0,1.0,1920.0,1080.0,36.0,0.0,0
35.0,1.0,0.0,0.0,0.0,1.0,0.0,19.0,0.0,0.0,2.865272632785799,0.0,0.0,29.0,0.0,0.0,0.0,0.0,0.0,1.0,0.0,0.0,1.0,549.0,2.0,0.0,18.0,0.0,0.0,0.0,0.0,3.0,0.0,0.0,0.0,0.0,50.0,0.979707480792857,10.0,7.0,18.0,483.0,6.0,1.0,1280.0,800.0,34.0,0.0,0
35.0,1.0,1.0,0.0,0.0,2.0,0.0,9.0,1.0,0.1111111111111111,2.268142821884047,0.0,0.0,3.0,5.0,0.0,1.0,1.0,0.0,1.0,0.0,0.0,1.0,2384.0,1.0,0.0,10.0,0.0,0.0,0.0,0.0,1.0,0.0,0.0,0.0,0.0,44.0,0.9501640394440732,6.0,5.0,10.0,294.0,3.0,1.0,1920.0,1080.0,15.0,0.0,0
22.0,1.0,1.0,0.0,0.0,2.0,0.0,11.0,0.0,0.0,2.379375843419323,0.0,0.0,2.0,0.0,0.0,0.0,0.0,0.0,1.0,0.0,0.0,1.0,2454.0,0.0,0.0,6.0,0.0,0.0,0.0,0.0,0.0,0.0,0.0,0.0,0.0,76.0,0.9814294146875606,8.0,4.0,6.0,297.0,18.0,1.0,1920.0,1080.0,35.0,0.0,0
42.0,1.0,1.0,0.0,2.0,2.0,0.0,13.0,0.0,0.0,2.8725381435411084,0.0,0.0,27.0,0.0,0.0,1.0,1.0,0.0,1.0,0.0,0.0,1.0,1839.0,0.0,0.0,8.0,0.0,0.0,0.0,0.0,3.0,0.0,0.0,0.0,0.0,114.0,0.9604993763926725,13.0,2.0,8.0,329.0,2.0,1.0,1920.0,1080.0,3.0,0.0,0
39.0,1.0,0.0,0.0,1.0,1.0,0.0,19.0,0.0,0.0,2.206502639571564,0.0,0.0,6.0,0.0,0.0,0.0,0.0,0.0,1.0,0.0,0.0,1.0,1520.0,1.0,0.0,9.0,0.0,0.0,0.0,0.0,0.0,0.0,0.0,0.0,0.0,75.0,0.9547522434109261,3.0,2.0,9.0,367.0,16.0,1.0,1920.0,1080.0,15.0,0.0,0
45.0,1.0,1.0,0.0,0.0,2.0,0.0,10.0,0.0,0.0,2.289926859789121,0.0,1.0,21.0,5.0,0.0,0.0,0.0,0.0,1.0,0.0,0.0,0.0,162.0,1.0,1.0,21.0,0.0,0.0,0.0,0.0,1.0,0.0,0.0,0.0,0.0,41.0,0.9241206837169907,7.0,6.0,21.0,484.0,10.0,1.0,1920.0,1080.0,26.0,0.0,0
47.0,1.0,1.0,0.0,0.0,2.0,0.0,12.0,0.0,0.0,2.557220526196093,0.0,0.0,34.0,0.0,0.0,0.0,0.0,0.0,1.0,0.0,0.0,1.0,1201.0,0.0,0.0,5.0,0.0,0.0,0.0,0.0,2.0,0.0,0.0,0.0,0.0,116.0,0.9295977933785181,2.0,1.0,5.0,161.0,11.0,1.0,1280.0,800.0,16.0,0.0,0
47.0,1.0,0.0,0.0,0.0,1.0,0.0,7.0,0.0,0.0,2.5479706533031177,0.0,0.0,17.0,0.0,0.0,1.0,1.0,0.0,1.0,0.0,0.0,1.0,1123.0,1.0,0.0,8.0,0.0,0.0,0.0,0.0,3.0,0.0,0.0,0.0,0.0,26.0,0.9770352790830567,11.0,5.0,8.0,354.0,15.0,1.0,1920.0,1080.0,22.0,0.0,0
29.0,1.0,0.0,0.0,0.0,1.0,0.0,7.0,0.0,0.0,2.750098670645162,0.0,1.0,25.0,0.0,0.0,0.0,0.0,0.0,1.0,0.0,0.0,1.0,2302.0,2.0,1.0,9.0,1.0,0.0,0.0,0.0,1.0,1.0,0.0,0.0,1.0,95.0,0.9621001925411663,1.0,0.0,9.0,99.0,16.0,1.0,1920.0,1080.0,23.0,0.0,0
25.0,1.0,1.0,0.0,0.0,2.0,0.0,18.0,0.0,0.0,2.179851517885025,0.0,0.0,30.0,0.0,0.0,0.0,0.0,0.0,1.0,0.0,0.0,1.0,956.0,0.0,0.0,9.0,0.0,0.0,0.0,0.0,2.0,0.0,0.0,0.0,0.0,58.0,0.9627013164943389,5.0,3.0,9.0,420.0,2.0,1.0,1920.0,1080.0,20.0,0.0,0
48.0,1.0,2.0,0.0,0.0,3.0,0.0,17.0,1.0,0.058823529411764705,2.679368050236933,0.0,0.0,14.0,0.0,0.0,0.0,0.0,0.0,1.0,0.0,0.0,1.0,2102.0,1.0,0.0,13.0,0.0,0.0,0.0,0.0,2.0,0.0,1.0,0.0,0.0,80.0,0.9786456618809481,4.0,3.0,13.0,474.0,18.0,1.0,1280.0,800.0,43.0,0.0,0
40.0,1.0,1.0,0.0,0.0,2.0,0.0,14.0,0.0,0.0,2.7404785908215588,0.0,1.0,18.0,0.0,0.0,0.0,0.0,0.0,1.0,0.0,0.0,1.0,314.0,0.0,1.0,26.0,0.0,0.0,0.0,0.0,1.0,1.0,0.0,0.0,0.0,68.0,0.9230070473256855,12.0,1.0,26.0,340.0,0.0,1.0,1920.0,1080.0,2.0,0.0,0
53.0,1.0,1.0,0.0,0.0,2.0,0.0,19.0,1.0,0.05263157894736842,2.4432152983310704,0.0,0.0,32.0,0.0,0.0,1.0,1.0,0.0,1.0,0.0,0.0,1.0,1013.0,1.0,1.0,5.0,1.0,1.0,0.0,0.0,0.0,1.0,0.0,0.0,1.0,116.0,0.9409526529720376,11.0,5.0,5.0,370.0,2.0,1.0,1280.0,800.0,5.0,0.0,0
33.0,1.0,1.0,0.0,0.0,2.0,0.0,10.0,0.0,0.0,2.664451112124146,0.0,0.0,5.0,0.0,0.0,1.0,1.0,0.0,1.0,0.0,0.0,1.0,798.0,2.0,0.0,4.0,1.0,0.0,0.0,0.0,0.0,3.0,0.0,0.0,1.0,82.0,0.9249151608548891,11.0,0.0,4.0,434.0,9.0,1.0,1920.0,1080.0,22.0,0.0,0
33.0,1.0,0.0,0.0,0.0,1.0,0.0,21.0,0.0,0.0,2.124971702130128,0.0,0.0,13.0,0.0,0.0,0.0,0.0,0.0,1.0,0.0,0.0,1.0,210.0,2.0,0.0,5.0,0.0,0.0,0.0,0.0,1.0,1.0,0.0,0.0,0.0,61.0,0.996271004776055,6.0,5.0,5.0,413.0,9.0,1.0,1280.0,800.0,18.0,0.0,0
20.0,1.0,0.0,0.0,0.0,1.0,0.0,20.0,0.0,0.0,2.9779050693214693,0.0,0.0,20.0,20.0,0.0,0.0,0.0,0.0,1.0,0.0,0.0,1.0,1815.0,0.0,0.0,22.0,0.0,0.0,0.0,0.0,3.0,0.0,0.0,0.0,0.0,63.0,0.941641890152313,3.0,2.0,22.0,483.0,16.0,1.0,1280.0,800.0,38.0,0.0,0
47.0,1.0,0.0,0.0,0.0,1.0,0.0,9.0,0.0,0.0,2.217484278665056,0.0,0.0,0.0,0.0,0.0,0.0,0.0,0.0,1.0,0.0,0.0,0.0,1377.0,0.0,0.0,24.0,0.0,0.0,0.0,0.0,3.0,0.0,0.0,0.0,0.0,86.0,0.9974603691850664,9.0,5.0,24.0,112.0,18.0,1.0,1920.0,1080.0,37.0,0.0,0
53.0,1.0,1.0,0.0,0.0,2.0,0.0,10.0,0.0,0.0,3.1254334269538075,0.0,0.0,22.0,0.0,0.0,0.0,0.0,0.0,1.0,0.0,0.0,1.0,1883.0,1.0,0.0,8.0,0.0,0.0,0.0,0.0,2.0,0.0,0.0,0.0,0.0,83.0,0.9516197568757322,5.0,4.0,8.0,268.0,18.0,1.0,1920.0,1080.0,9.0,0.0,0
37.0,1.0,1.0,0.0,0.0,2.0,0.0,17.0,0.0,0.0,2.562966929403091,0.0,0.0,15.0,5.0,0.0,0.0,0.0,0.0,1.0,0.0,0.0,1.0,1257.0,0.0,0.0,5.0,0.0,0.0,0.0,0.0,3.0,0.0,0.0,0.0,0.0,38.0,0.9361849964069393,3.0,2.0,5.0,310.0,11.0,1.0,1280.0,800.0,39.0,0.0,0
25.0,1.0,0.0,0.0,0.0,1.0,0.0,7.0,0.0,0.0,3.01342498079329,0.0,0.0,28.0,0.0,0.0,1.0,1.0,0.0,1.0,0.0,0.0,1.0,2075.0,1.0,0.0,23.0,1.0,0.0,0.0,1.0,2.0,3.0,0.0,0.0,1.0,23.0,0.9339315622633158,12.0,2.0,23.0,300.0,5.0,1.0,1920.0,1080.0,4.0,0.0,0
34.0,1.0,0.0,0.0,0.0,1.0,0.0,20.0,0.0,0.0,3.0086923111227373,0.0,0.0,19.0,0.0,0.0,0.0,0.0,0.0,1.0,0.0,0.0,1.0,869.0,0.0,0.0,23.0,0.0,0.0,0.0,0.0,2.0,0.0,0.0,0.0,0.0,68.0,0.954764143374337,13.0,9.0,23.0,116.0,12.0,1.0,1920.0,1080.0,28.0,0.0,0
27.0,1.0,1.0,0.0,0.0,2.0,0.0,11.0,1.0,0.09090909090909091,3.0142405913006316,0.0,0.0,17.0,0.0,0.0,1.0,1.0,0.0,1.0,0.0,0.0,1.0,896.0,0.0,0.0,18.0,0.0,0.0,0.0,0.0,3.0,0.0,0.0,0.0,0.0,17.0,0.9927107800160869,14.0,5.0,18.0,473.0,16.0,1.0,1920.0,1080.0,37.0,0.0,0
38.0,1.0,1.0,0.0,0.0,2.0,0.0,21.0,0.0,0.0,3.272355825180278,0.0,1.0,9.0,5.0,0.0,0.0,0.0,0.0,1.0,0.0,0.0,1.0,857.0,1.0,0.0,17.0,0.0,0.0,0.0,0.0,2.0,0.0,0.0,0.0,0.0,34.0,0.9349075733810949,10.0,6.0,17.0,108.0,15.0,1.0,1280.0,800.0,29.0,0.0,0
40.0,1.0,1.0,0.0,1.0,2.0,0.0,17.0,0.0,0.0,2.932778396750759,0.0,0.0,21.0,0.0,0.0,1.0,1.0,0.0,1.0,0.0,0.0,1.0,2219.0,0.0,1.0,26.0,0.0,0.0,0.0,0.0,2.0,0.0,0.0,0.0,0.0,30.0,0.9405910411267108,5.0,4.0,26.0,64.0,9.0,1.0,1920.0,1080.0,27.0,0.0,0
53.0,1.0,1.0,0.0,0.0,2.0,0.0,13.0,0.0,0.0,2.871326013594201,0.0,0.0,9.0,0.0,0.0,0.0,0.0,0.0,1.0,0.0,0.0,1.0,384.0,1.0,1.0,4.0,0.0,0.0,0.0,0.0,1.0,0.0,0.0,0.0,0.0,36.0,0.98181275721162,12.0,1.0,4.0,207.0,15.0,1.0,1920.0,1080.0,27.0,0.0,0
43.0,1.0,0.0,0.0,0.0,1.0,0.0,9.0,0.0,0.0,2.5033633232529615,0.0,0.0,24.0,0.0,0.0,0.0,0.0,0.0,1.0,0.0,0.0,1.0,1956.0,0.0,0.0,16.0,0.0,0.0,0.0,0.0,0.0,0.0,0.0,0.0,0.0,19.0,0.9862404158930504,7.0,6.0,16.0,420.0,1.0,1.0,1920.0,1080.0,21.0,0.0,0
21.0,1.0,0.0,0.0,2.0,1.0,0.0,13.0,0.0,0.0,2.4884129856251986,0.0,0.0,2.0,0.0,0.0,0.0,0.0,0.0,1.0,0.0,0.0,1.0,1115.0,3.0,1.0,12.0,0.0,0.0,0.0,0.0,2.0,0.0,0.0,0.0,0.0,97.0,0.9350407959540844,1.0,0.0,12.0,305.0,7.0,1.0,1280.0,800.0,28.0,0.0,0
31.0,1.0,1.0,0.0,1.0,2.0,0.0,10.0,0.0,0.0,2.558836380952873,0.0,0.0,10.0,0.0,0.0,0.0,0.0,0.0,1.0,0.0,0.0,1.0,852.0,3.0,0.0,28.0,0.0,0.0,0.0,0.0,1.0,1.0,0.0,0.0,0.0,103.0,0.961447845869247,10.0,7.0,28.0,312.0,10.0,1.0,1280.0,800.0,10.0,0.0,0
35.0,1.0,1.0,0.0,0.0,2.0,0.0,7.0,0.0,0.0,3.0375982549466816,0.0,0.0,26.0,0.0,0.0,0.0,0.0,0.0,1.0,0.0,0.0,1.0,1842.0,0.0,0.0,28.0,0.0,0.0,0.0,0.0,1.0,1.0,0.0,0.0,0.0,24.0,0.9695303747577764,1.0,0.0,28.0,430.0,11.0,1.0,1920.0,1080.0,44.0,0.0,0
26.0,1.0,0.0,0.0,0.0,1.0,0.0,11.0,0.0,0.0,2.399015953738582,0.0,0.0,27.0,0.0,0.0,1.0,1.0,0.0,1.0,0.0,0.0,1.0,951.0,1.0,0.0,2.0,0.0,0.0,0.0,0.0,2.0,0.0,0.0,0.0,0.0,25.0,0.9839077731169903,1.0,0.0,2.0,364.0,0.0,1.0,1280.0,800.0,18.0,0.0,0
33.0,1.0,1.0,0.0,0.0,2.0,0.0,19.0,0.0,0.0,2.582417832540447,0.0,0.0,4.0,0.0,0.0,1.0,1.0,0.0,1.0,0.0,0.0,1.0,642.0,1.0,1.0,28.0,0.0,0.0,0.0,0.0,3.0,0.0,0.0,0.0,0.0,116.0,0.9811298678372107,12.0,6.0,28.0,415.0,18.0,1.0,1280.0,800.0,26.0,0.0,0
46.0,1.0,1.0,0.0,0.0,2.0,0.0,13.0,0.0,0.0,3.372353399753535,0.0,0.0,31.0,0.0,0.0,0.0,0.0,0.0,1.0,0.0,0.0,1.0,1691.0,0.0,0.0,22.0,0.0,0.0,0.0,0.0,0.0,0.0,0.0,0.0,0.0,102.0,0.9806501225759644,6.0,4.0,22.0,361.0,7.0,1.0,1280.0,800.0,36.0,0.0,0
22.0,1.0,0.0,0.0,0.0,1.0,0.0,14.0,0.0,0.0,2.765293207248243,0.0,0.0,25.0,0.0,0.0,0.0,0.0,0.0,1.0,0.0,0.0,1.0,2195.0,2.0,0.0,19.0,0.0,0.0,0.0,0.0,3.0,1.0,0.0,0.0,0.0,42.0,0.9707435435360351,11.0,1.0,19.0,32.0,1.0,1.0,1920.0,1080.0,24.0,0.0,0
52.0,1.0,0.0,0.0,1.0,1.0,0.0,8.0,1.0,0.125,2.400555650630667,0.0,0.0,13.0,0.0,0.0,0.0,0.0,0.0,1.0,0.0,0.0,1.0,858.0,1.0,0.0,17.0,0.0,0.0,0.0,0.0,1.0,0.0,0.0,0.0,0.0,38.0,0.9394492023270743,10.0,6.0,17.0,66.0,1.0,1.0,1920.0,1080.0,30.0,0.0,0
26.0,1.0,0.0,0.0,1.0,1.0,0.0,13.0,1.0,0.07692307692307693,2.7770723679765212,0.0,0.0,23.0,0.0,0.0,1.0,1.0,0.0,1.0,0.0,0.0,1.0,266.0,1.0,1.0,4.0,0.0,0.0,0.0,0.0,0.0,0.0,0.0,0.0,0.0,38.0,0.9500738685962048,4.0,3.0,4.0,432.0,15.0,1.0,1920.0,1080.0,33.0,0.0,0
34.0,0.0,0.0,0.0,0.0,1.0,0.0,18.0,0.0,0.0,2.556428745499425,0.0,0.0,33.0,0.0,0.0,0.0,0.0,0.0,0.0,0.0,0.0,0.0,1685.0,0.0,0.0,17.0,0.0,0.0,0.0,0.0,0.0,0.0,0.0,0.0,0.0,45.0,0.20043395042441384,10.0,0.0,17.0,346.0,16.0,1.0,1920.0,1080.0,7.0,0.0,0
42.0,1.0,0.0,0.0,0.0,1.0,0.0,7.0,0.0,0.0,2.163061501166292,0.0,0.0,12.0,0.0,0.0,0.0,0.0,0.0,1.0,0.0,0.0,1.0,957.0,1.0,0.0,17.0,0.0,0.0,0.0,0.0,0.0,0.0,0.0,0.0,0.0,25.0,0.9716023475906727,9.0,8.0,17.0,110.0,14.0,1.0,1920.0,1080.0,36.0,0.0,0
26.0,1.0,1.0,0.0,0.0,2.0,0.0,12.0,1.0,0.08333333333333333,3.281877173266306,0.0,0.0,31.0,5.0,0.0,1.0,1.0,0.0,1.0,0.0,0.0,1.0,118.0,1.0,0.0,6.0,1.0,0.0,0.0,0.0,3.0,3.0,0.0,0.0,1.0,103.0,0.9951411836408356,10.0,2.0,6.0,473.0,5.0,1.0,1920.0,1080.0,6.0,0.0,0
48.0,1.0,2.0,0.0,1.0,3.0,0.0,19.0,0.0,0.0,3.3869275741541958,0.0,0.0,3.0,0.0,0.0,1.0,1.0,0.0,1.0,0.0,0.0,1.0,361.0,1.0,0.0,12.0,0.0,0.0,0.0,0.0,1.0,0.0,0.0,0.0,0.0,101.0,0.9722840194998293,12.0,1.0,12.0,441.0,2.0,1.0,1920.0,1080.0,32.0,0.0,0
29.0,1.0,0.0,0.0,0.0,1.0,0.0,10.0,0.0,0.0,2.427231600702155,0.0,0.0,14.0,0.0,0.0,1.0,1.0,0.0,1.0,0.0,0.0,1.0,773.0,2.0,1.0,24.0,1.0,1.0,0.0,0.0,1.0,1.0,0.0,0.0,1.0,100.0,0.9830309653745329,14.0,7.0,24.0,89.0,6.0,1.0,1920.0,1080.0,8.0,0.0,0
30.0,1.0,1.0,0.0,1.0,2.0,0.0,21.0,0.0,0.0,2.668309966601582,0.0,0.0,34.0,0.0,0.0,1.0,1.0,0.0,1.0,0.0,0.0,1.0,838.0,1.0,2.0,11.0,1.0,0.0,0.0,0.0,1.0,1.0,0.0,0.0,1.0,38.0,0.9970272096370607,5.0,2.0,11.0,492.0,11.0,1.0,1280.0,800.0,33.0,0.0,0
38.0,1.0,1.0,0.0,0.0,2.0,0.0,8.0,0.0,0.0,2.331599330619968,0.0,0.0,17.0,0.0,0.0,1.0,1.0,0.0,1.0,0.0,0.0,1.0,934.0,2.0,0.0,17.0,1.0,1.0,0.0,0.0,1.0,3.0,1.0,0.0,1.0,62.0,0.9640363642745062,6.0,5.0,17.0,289.0,3.0,1.0,1280.0,800.0,39.0,0.0,0
43.0,1.0,1.0,0.0,0.0,2.0,0.0,14.0,0.0,0.0,3.3049986059474916,0.0,0.0,10.0,5.0,0.0,0.0,0.0,0.0,1.0,0.0,0.0,1.0,2164.0,2.0,1.0,15.0,0.0,0.0,0.0,0.0,0.0,1.0,0.0,0.0,0.0,95.0,0.9623277026434903,14.0,2.0,15.0,220.0,6.0,1.0,1280.0,800.0,25.0,0.0,0
41.0,1.0,1.0,0.0,0.0,2.0,0.0,21.0,0.0,0.0,2.1214315426693364,0.0,0.0,31.0,0.0,0.0,0.0,0.0,0.0,1.0,0.0,0.0,1.0,85.0,0.0,0.0,16.0,0.0,0.0,0.0,0.0,0.0,0.0,0.0,0.0,0.0,95.0,0.9556235251150157,12.0,5.0,16.0,367.0,1.0,1.0,1920.0,1080.0,30.0,0.0,0
25.0,1.0,1.0,0.0,0.0,2.0,0.0,17.0,0.0,0.0,3.172471208380039,0.0,0.0,29.0,0.0,0.0,1.0,1.0,0.0,1.0,0.0,0.0,1.0,941.0,0.0,0.0,5.0,0.0,0.0,0.0,0.0,3.0,0.0,0.0,0.0,0.0,72.0,0.9657303677768088,3.0,0.0,5.0,406.0,1.0,1.0,1920.0,1080.0,5.0,0.0,0
37.0,1.0,0.0,0.0,0.0,1.0,0.0,13.0,1.0,0.07692307692307693,3.1316049583670913,0.0,0.0,22.0,0.0,0.0,0.0,0.0,0.0,1.0,0.0,0.0,1.0,157.0,0.0,0.0,13.0,0.0,0.0,0.0,0.0,3.0,1.0,0.0,0.0,0.0,118.0,0.9796277286079453,4.0,3.0,13.0,313.0,11.0,1.0,1920.0,1080.0,28.0,0.0,0
41.0,1.0,0.0,0.0,1.0,1.0,0.0,11.0,0.0,0.0,3.0012842568856697,0.0,0.0,29.0,0.0,0.0,0.0,0.0,0.0,1.0,0.0,0.0,1.0,1124.0,2.0,1.0,6.0,0.0,0.0,0.0,0.0,1.0,0.0,0.0,0.0,0.0,53.0,0.9474669889611952,13.0,9.0,6.0,40.0,15.0,1.0,1920.0,1080.0,37.0,0.0,0
37.0,1.0,1.0,0.0,0.0,2.0,0.0,19.0,0.0,0.0,2.5294457777126214,0.0,0.0,4.0,0.0,0.0,1.0,1.0,0.0,1.0,0.0,0.0,1.0,289.0,1.0,0.0,7.0,0.0,0.0,0.0,0.0,1.0,0.0,0.0,0.0,0.0,25.0,0.9471929705947247,9.0,1.0,7.0,195.0,5.0,1.0,1280.0,800.0,33.0,0.0,0
30.0,1.0,1.0,0.0,0.0,2.0,0.0,10.0,0.0,0.0,2.580320786379768,0.0,0.0,6.0,0.0,0.0,1.0,1.0,0.0,1.0,0.0,0.0,1.0,962.0,0.0,0.0,14.0,0.0,0.0,0.0,0.0,0.0,0.0,0.0,0.0,0.0,19.0,0.9851188469341858,5.0,4.0,14.0,41.0,6.0,1.0,1920.0,1080.0,42.0,0.0,0
34.0,1.0,0.0,0.0,0.0,1.0,0.0,20.0,0.0,0.0,3.3891631530418898,0.0,0.0,30.0,0.0,0.0,0.0,0.0,0.0,1.0,0.0,0.0,1.0,771.0,0.0,1.0,23.0,0.0,0.0,0.0,0.0,0.0,0.0,0.0,0.0,0.0,22.0,0.9368180707714032,1.0,0.0,23.0,366.0,6.0,1.0,1920.0,1080.0,6.0,0.0,0
20.0,1.0,0.0,0.0,2.0,1.0,0.0,7.0,0.0,0.0,2.857150763759156,0.0,0.0,2.0,0.0,0.0,1.0,1.0,0.0,1.0,0.0,0.0,1.0,142.0,3.0,0.0,28.0,1.0,1.0,0.0,0.0,0.0,3.0,0.0,0.0,1.0,61.0,0.9711336657533723,5.0,4.0,28.0,335.0,13.0,1.0,1920.0,1080.0,43.0,0.0,0
30.0,0.0,1.0,0.0,1.0,2.0,0.0,19.0,0.0,0.0,3.240380480116028,0.0,0.0,18.0,0.0,0.0,1.0,1.0,0.0,0.0,0.0,0.0,0.0,1867.0,2.0,0.0,29.0,1.0,0.0,0.0,0.0,0.0,2.0,0.0,0.0,1.0,97.0,0.23491329432978247,11.0,0.0,29.0,194.0,4.0,1.0,1920.0,1080.0,35.0,0.0,0
46.0,1.0,1.0,0.0,0.0,2.0,0.0,11.0,0.0,0.0,2.211177420630884,0.0,0.0,33.0,0.0,0.0,1.0,1.0,0.0,1.0,0.0,0.0,1.0,1961.0,0.0,0.0,25.0,0.0,0.0,0.0,0.0,3.0,0.0,0.0,0.0,0.0,52.0,0.9879051131566432,3.0,0.0,25.0,318.0,15.0,1.0,1920.0,1080.0,34.0,0.0,0
40.0,1.0,0.0,0.0,0.0,1.0,0.0,16.0,0.0,0.0,3.1827036353533176,0.0,0.0,29.0,5.0,0.0,0.0,0.0,0.0,1.0,0.0,0.0,1.0,805.0,2.0,0.0,18.0,1.0,1.0,0.0,0.0,0.0,2.0,0.0,0.0,1.0,71.0,0.9385040058462398,4.0,3.0,18.0,329.0,18.0,1.0,1920.0,1080.0,23.0,0.0,0
40.0,1.0,1.0,0.0,0.0,2.0,0.0,7.0,0.0,0.0,2.2077725533612784,0.0,0.0,25.0,0.0,0.0,1.0,1.0,0.0,1.0,0.0,0.0,1.0,1781.0,1.0,0.0,16.0,1.0,0.0,0.0,0.0,0.0,3.0,1.0,0.0,1.0,95.0,0.9716194767367247,11.0,5.0,16.0,470.0,14.0,1.0,1920.0,1080.0,14.0,0.0,0
37.0,1.0,0.0,0.0,0.0,1.0,0.0,14.0,1.0,0.07142857142857142,2.831369403367133,0.0,0.0,15.0,0.0,0.0,1.0,1.0,0.0,1.0,0.0,0.0,1.0,486.0,0.0,1.0,8.0,0.0,0.0,0.0,0.0,2.0,0.0,0.0,0.0,0.0,60.0,0.9583103971700075,3.0,1.0,8.0,81.0,2.0,1.0,1920.0,1080.0,3.0,0.0,0
43.0,1.0,1.0,0.0,0.0,2.0,0.0,14.0,0.0,0.0,3.1275695333101305,0.0,0.0,19.0,0.0,0.0,1.0,1.0,0.0,1.0,0.0,0.0,1.0,1037.0,0.0,0.0,8.0,0.0,0.0,0.0,0.0,3.0,0.0,0.0,0.0,0.0,43.0,0.9368164173024368,7.0,6.0,8.0,149.0,18.0,1.0,1920.0,1080.0,25.0,0.0,0
35.0,1.0,1.0,0.0,0.0,2.0,0.0,15.0,0.0,0.0,2.8559112875573716,0.0,0.0,31.0,0.0,0.0,1.0,1.0,0.0,1.0,0.0,0.0,1.0,891.0,0.0,0.0,7.0,0.0,0.0,0.0,0.0,2.0,0.0,0.0,0.0,0.0,16.0,0.954565211192389,8.0,3.0,7.0,153.0,6.0,1.0,1920.0,1080.0,9.0,0.0,0
34.0,1.0,1.0,0.0,0.0,2.0,0.0,15.0,0.0,0.0,2.3390870367503998,0.0,0.0,22.0,0.0,0.0,1.0,1.0,0.0,1.0,0.0,0.0,1.0,2238.0,0.0,0.0,19.0,0.0,0.0,0.0,0.0,1.0,0.0,0.0,0.0,0.0,109.0,0.996411619479328,8.0,7.0,19.0,211.0,7.0,1.0,1920.0,1080.0,15.0,0.0,0
54.0,1.0,1.0,0.0,0.0,2.0,0.0,9.0,0.0,0.0,3.0152910449371055,0.0,0.0,4.0,0.0,0.0,0.0,0.0,0.0,1.0,0.0,0.0,1.0,1912.0,2.0,1.0,19.0,0.0,0.0,0.0,0.0,3.0,0.0,0.0,0.0,0.0,76.0,0.9400855306874917,10.0,7.0,19.0,159.0,7.0,1.0,1280.0,800.0,19.0,0.0,0
38.0,1.0,1.0,0.0,0.0,2.0,0.0,14.0,0.0,0.0,2.2340820817637095,0.0,1.0,18.0,0.0,0.0,0.0,0.0,0.0,1.0,0.0,0.0,1.0,1507.0,0.0,0.0,3.0,0.0,0.0,0.0,0.0,1.0,0.0,0.0,0.0,0.0,105.0,0.9280309341594893,3.0,2.0,3.0,404.0,18.0,1.0,1920.0,1080.0,37.0,0.0,0
35.0,1.0,1.0,0.0,0.0,2.0,0.0,21.0,0.0,0.0,2.1950729892691117,0.0,0.0,10.0,0.0,0.0,0.0,0.0,0.0,1.0,0.0,0.0,0.0,1372.0,2.0,0.0,17.0,0.0,0.0,0.0,0.0,0.0,0.0,0.0,0.0,0.0,40.0,0.9698231558002539,12.0,6.0,17.0,445.0,8.0,1.0,1920.0,1080.0,34.0,0.0,0
45.0,1.0,0.0,0.0,0.0,1.0,0.0,18.0,0.0,0.0,3.325876718977272,0.0,0.0,0.0,20.0,0.0,0.0,0.0,0.0,1.0,0.0,0.0,1.0,318.0,0.0,1.0,19.0,0.0,0.0,0.0,0.0,0.0,0.0,0.0,0.0,0.0,83.0,0.9438144274942261,7.0,1.0,19.0,198.0,14.0,1.0,1280.0,800.0,23.0,0.0,0
28.0,1.0,1.0,0.0,0.0,2.0,0.0,9.0,0.0,0.0,2.240203782659082,0.0,0.0,0.0,0.0,0.0,0.0,0.0,0.0,1.0,0.0,0.0,1.0,822.0,3.0,0.0,14.0,0.0,0.0,0.0,0.0,3.0,1.0,0.0,0.0,0.0,18.0,0.9697976093081295,8.0,5.0,14.0,108.0,15.0,1.0,1920.0,1080.0,3.0,0.0,0
44.0,1.0,1.0,0.0,0.0,2.0,0.0,8.0,0.0,0.0,2.425202035496476,0.0,0.0,33.0,5.0,0.0,1.0,1.0,0.0,1.0,0.0,0.0,1.0,554.0,1.0,0.0,11.0,1.0,1.0,0.0,0.0,2.0,2.0,0.0,0.0,1.0,65.0,0.9676322309599856,1.0,0.0,11.0,195.0,6.0,1.0,1920.0,1080.0,32.0,0.0,0
48.0,1.0,1.0,0.0,1.0,2.0,0.0,11.0,1.0,0.09090909090909091,2.811616217543693,0.0,0.0,8.0,0.0,0.0,0.0,0.0,0.0,1.0,0.0,0.0,1.0,1216.0,0.0,0.0,14.0,0.0,0.0,0.0,0.0,0.0,0.0,0.0,0.0,0.0,62.0,0.9797229267051225,7.0,6.0,14.0,67.0,10.0,1.0,1920.0,1080.0,40.0,0.0,0
54.0,1.0,1.0,0.0,0.0,2.0,0.0,9.0,0.0,0.0,2.9885739911630917,0.0,0.0,1.0,0.0,0.0,0.0,0.0,0.0,1.0,0.0,0.0,1.0,1181.0,0.0,1.0,10.0,0.0,0.0,0.0,0.0,3.0,0.0,0.0,0.0,0.0,116.0,0.9933960187831797,8.0,7.0,10.0,356.0,1.0,1.0,1920.0,1080.0,32.0,0.0,0
46.0,1.0,0.0,0.0,0.0,1.0,0.0,17.0,0.0,0.0,2.7630917006544387,0.0,0.0,5.0,0.0,0.0,1.0,1.0,0.0,1.0,0.0,0.0,1.0,930.0,1.0,0.0,12.0,0.0,0.0,0.0,1.0,3.0,0.0,0.0,0.0,1.0,106.0,0.9410341013523504,6.0,5.0,12.0,6.0,9.0,1.0,1920.0,1080.0,4.0,0.0,0
53.0,1.0,1.0,0.0,0.0,2.0,0.0,12.0,0.0,0.0,2.129203347496561,0.0,0.0,11.0,0.0,0.0,1.0,1.0,0.0,1.0,0.0,0.0,1.0,100.0,0.0,1.0,5.0,0.0,0.0,0.0,0.0,3.0,1.0,0.0,0.0,0.0,38.0,0.9693502289402333,2.0,1.0,5.0,48.0,8.0,1.0,1920.0,1080.0,39.0,0.0,0
26.0,1.0,1.0,0.0,1.0,2.0,0.0,10.0,0.0,0.0,2.3273502347317017,0.0,0.0,5.0,0.0,0.0,1.0,1.0,0.0,1.0,0.0,0.0,1.0,1667.0,1.0,1.0,18.0,0.0,0.0,1.0,0.0,0.0,0.0,0.0,0.0,1.0,36.0,0.9617282228660047,8.0,5.0,18.0,365.0,10.0,1.0,1920.0,1080.0,3.0,0.0,0
25.0,1.0,1.0,0.0,2.0,2.0,0.0,12.0,1.0,0.08333333333333333,2.729342737912905,0.0,0.0,30.0,0.0,0.0,1.0,1.0,0.0,1.0,0.0,0.0,1.0,2466.0,0.0,0.0,4.0,0.0,0.0,0.0,0.0,1.0,0.0,0.0,0.0,0.0,44.0,0.9574013583024581,14.0,0.0,4.0,87.0,1.0,1.0,1280.0,800.0,26.0,0.0,0
39.0,1.0,1.0,0.0,0.0,2.0,0.0,20.0,0.0,0.0,3.39676950119206,0.0,0.0,8.0,0.0,0.0,0.0,0.0,0.0,1.0,0.0,0.0,1.0,557.0,1.0,1.0,13.0,0.0,0.0,0.0,0.0,2.0,0.0,0.0,0.0,0.0,87.0,0.9685458071908557,2.0,1.0,13.0,499.0,17.0,1.0,1920.0,1080.0,28.0,0.0,0
25.0,1.0,0.0,0.0,0.0,1.0,0.0,20.0,1.0,0.05,3.1233417944519695,0.0,0.0,22.0,0.0,0.0,0.0,0.0,0.0,1.0,0.0,0.0,1.0,879.0,1.0,0.0,13.0,0.0,0.0,0.0,0.0,1.0,1.0,1.0,0.0,0.0,18.0,0.957756283551977,7.0,4.0,13.0,229.0,7.0,1.0,1280.0,800.0,26.0,0.0,0
53.0,1.0,0.0,0.0,0.0,1.0,0.0,16.0,0.0,0.0,2.1112043458785705,0.0,0.0,33.0,0.0,0.0,1.0,1.0,0.0,1.0,0.0,0.0,1.0,864.0,2.0,0.0,24.0,1.0,1.0,0.0,0.0,1.0,3.0,0.0,0.0,1.0,93.0,0.9281831511559008,10.0,0.0,24.0,430.0,9.0,1.0,1280.0,800.0,31.0,0.0,0
20.0,1.0,1.0,0.0,2.0,2.0,0.0,9.0,0.0,0.0,2.885032241008227,0.0,0.0,24.0,0.0,0.0,0.0,0.0,0.0,1.0,0.0,0.0,1.0,514.0,2.0,0.0,19.0,0.0,0.0,0.0,0.0,3.0,0.0,0.0,0.0,0.0,28.0,0.9947528339125127,8.0,3.0,19.0,330.0,12.0,1.0,1280.0,800.0,40.0,0.0,0
33.0,1.0,0.0,0.0,0.0,1.0,0.0,10.0,0.0,0.0,2.9678158405242803,0.0,0.0,20.0,0.0,0.0,1.0,1.0,0.0,1.0,0.0,0.0,1.0,1597.0,2.0,0.0,10.0,1.0,0.0,0.0,0.0,3.0,1.0,0.0,0.0,1.0,38.0,0.9346865954960029,6.0,3.0,10.0,234.0,11.0,1.0,1920.0,1080.0,19.0,0.0,0
52.0,1.0,0.0,0.0,0.0,1.0,0.0,8.0,0.0,0.0,2.498258147830464,0.0,0.0,33.0,0.0,0.0,0.0,0.0,0.0,1.0,0.0,0.0,1.0,1472.0,2.0,0.0,14.0,0.0,0.0,0.0,0.0,1.0,0.0,0.0,0.0,0.0,61.0,0.9730248748999812,9.0,0.0,14.0,243.0,1.0,1.0,1920.0,1080.0,9.0,0.0,0
18.0,1.0,1.0,0.0,0.0,2.0,0.0,12.0,0.0,0.0,2.9391405000698687,0.0,0.0,3.0,0.0,0.0,1.0,1.0,0.0,1.0,0.0,0.0,1.0,490.0,0.0,0.0,19.0,0.0,0.0,0.0,0.0,0.0,0.0,0.0,0.0,0.0,78.0,0.9236014254842507,9.0,8.0,19.0,489.0,7.0,1.0,1920.0,1080.0,30.0,0.0,0
22.0,1.0,1.0,0.0,0.0,2.0,0.0,15.0,0.0,0.0,2.3744951706343094,0.0,0.0,13.0,5.0,0.0,0.0,0.0,0.0,1.0,0.0,0.0,1.0,1852.0,1.0,0.0,11.0,0.0,0.0,0.0,0.0,3.0,0.0,1.0,0.0,0.0,112.0,0.9384933567532332,8.0,0.0,11.0,222.0,13.0,1.0,1920.0,1080.0,33.0,0.0,0
37.0,1.0,1.0,0.0,0.0,2.0,0.0,20.0,0.0,0.0,2.7496451233800454,0.0,0.0,23.0,0.0,0.0,0.0,0.0,0.0,1.0,0.0,0.0,1.0,1437.0,0.0,0.0,27.0,0.0,0.0,0.0,0.0,0.0,0.0,0.0,0.0,0.0,64.0,0.9262836733578493,9.0,4.0,27.0,343.0,7.0,1.0,1280.0,800.0,18.0,0.0,0
26.0,1.0,1.0,0.0,0.0,2.0,0.0,12.0,0.0,0.0,2.2299349012152705,0.0,0.0,27.0,0.0,0.0,0.0,0.0,0.0,1.0,0.0,0.0,1.0,361.0,0.0,1.0,12.0,0.0,0.0,0.0,0.0,1.0,0.0,0.0,0.0,0.0,27.0,0.9657775401404167,2.0,0.0,12.0,365.0,7.0,1.0,1920.0,1080.0,26.0,0.0,0
41.0,1.0,1.0,0.0,0.0,2.0,0.0,12.0,0.0,0.0,3.2809459508351035,0.0,0.0,10.0,5.0,0.0,1.0,1.0,0.0,1.0,0.0,0.0,1.0,1388.0,2.0,1.0,27.0,0.0,0.0,0.0,0.0,2.0,0.0,0.0,0.0,0.0,36.0,0.9763486014096066,3.0,2.0,27.0,62.0,6.0,1.0,1920.0,1080.0,28.0,0.0,0
38.0,1.0,1.0,0.0,0.0,2.0,0.0,7.0,0.0,0.0,2.7497991003211997,0.0,0.0,22.0,0.0,0.0,1.0,1.0,0.0,1.0,0.0,0.0,1.0,1113.0,2.0,0.0,15.0,0.0,0.0,0.0,0.0,1.0,0.0,0.0,0.0,0.0,98.0,0.9498892234194583,8.0,4.0,15.0,473.0,19.0,1.0,1280.0,800.0,17.0,0.0,0
37.0,1.0,0.0,0.0,0.0,1.0,0.0,16.0,0.0,0.0,2.3304709164346495,0.0,0.0,30.0,0.0,0.0,1.0,1.0,0.0,1.0,0.0,0.0,1.0,412.0,1.0,0.0,23.0,0.0,0.0,0.0,0.0,2.0,1.0,0.0,0.0,0.0,103.0,0.997090520966387,13.0,5.0,23.0,298.0,3.0,1.0,1920.0,1080.0,40.0,0.0,0
19.0,1.0,0.0,0.0,1.0,1.0,0.0,8.0,0.0,0.0,3.1878015593587126,0.0,0.0,4.0,0.0,0.0,0.0,0.0,0.0,1.0,0.0,0.0,1.0,1934.0,2.0,1.0,2.0,0.0,0.0,0.0,0.0,1.0,1.0,0.0,0.0,0.0,64.0,0.9600322026046136,1.0,0.0,2.0,426.0,13.0,1.0,1280.0,800.0,31.0,0.0,0
23.0,1.0,0.0,0.0,2.0,1.0,0.0,10.0,0.0,0.0,2.1457458099022078,0.0,0.0,12.0,0.0,0.0,1.0,1.0,0.0,1.0,0.0,0.0,1.0,1833.0,1.0,0.0,9.0,0.0,0.0,0.0,0.0,2.0,0.0,0.0,0.0,0.0,114.0,0.9428076498458628,10.0,1.0,9.0,250.0,14.0,1.0,1920.0,1080.0,36.0,0.0,0
30.0,1.0,0.0,0.0,2.0,1.0,0.0,20.0,0.0,0.0,3.307712415693472,0.0,0.0,0.0,20.0,0.0,1.0,1.0,0.0,1.0,0.0,0.0,1.0,2091.0,0.0,1.0,13.0,0.0,0.0,0.0,0.0,3.0,1.0,1.0,0.0,0.0,56.0,0.975329307087722,8.0,0.0,13.0,393.0,2.0,1.0,1280.0,800.0,33.0,0.0,0
28.0,1.0,0.0,0.0,0.0,1.0,0.0,9.0,0.0,0.0,2.4248093774316164,0.0,0.0,30.0,0.0,0.0,0.0,0.0,0.0,1.0,0.0,0.0,1.0,2208.0,1.0,0.0,3.0,0.0,0.0,0.0,0.0,1.0,0.0,0.0,0.0,0.0,19.0,0.9512247042889648,12.0,2.0,3.0,224.0,12.0,1.0,1920.0,1080.0,12.0,0.0,0
34.0,1.0,0.0,0.0,0.0,1.0,0.0,10.0,1.0,0.1,3.171922572222365,0.0,0.0,11.0,0.0,0.0,0.0,0.0,0.0,1.0,0.0,0.0,1.0,2236.0,1.0,0.0,14.0,0.0,0.0,0.0,0.0,1.0,0.0,1.0,0.0,0.0,95.0,0.9689164356042309,3.0,2.0,14.0,291.0,9.0,1.0,1280.0,800.0,26.0,0.0,0
21.0,1.0,1.0,0.0,0.0,2.0,0.0,10.0,1.0,0.1,2.7358566434902616,0.0,0.0,10.0,0.0,0.0,0.0,0.0,0.0,1.0,0.0,0.0,1.0,817.0,1.0,0.0,23.0,0.0,0.0,0.0,0.0,3.0,0.0,0.0,0.0,0.0,45.0,0.959804113995884,14.0,8.0,23.0,453.0,15.0,1.0,1280.0,800.0,43.0,0.0,0
23.0,1.0,1.0,0.0,1.0,2.0,0.0,21.0,0.0,0.0,2.5230204975407133,0.0,0.0,20.0,0.0,0.0,1.0,1.0,0.0,1.0,0.0,0.0,1.0,1612.0,2.0,0.0,5.0,0.0,0.0,0.0,0.0,3.0,0.0,0.0,0.0,0.0,59.0,0.9494614435093727,5.0,3.0,5.0,289.0,4.0,1.0,1280.0,800.0,5.0,0.0,0
25.0,1.0,0.0,0.0,0.0,1.0,0.0,8.0,0.0,0.0,2.30978538075147,0.0,0.0,1.0,0.0,0.0,1.0,1.0,0.0,1.0,0.0,0.0,1.0,2480.0,3.0,0.0,3.0,0.0,0.0,0.0,0.0,2.0,0.0,0.0,0.0,0.0,49.0,0.9517223442264987,4.0,0.0,3.0,485.0,0.0,1.0,1920.0,1080.0,42.0,0.0,0
37.0,1.0,0.0,0.0,0.0,1.0,0.0,16.0,0.0,0.0,3.2048820818576065,0.0,0.0,29.0,0.0,0.0,1.0,1.0,0.0,1.0,0.0,0.0,1.0,1727.0,0.0,0.0,15.0,0.0,0.0,0.0,0.0,2.0,0.0,0.0,0.0,0.0,38.0,0.9338475843167606,1.0,0.0,15.0,386.0,8.0,1.0,1920.0,1080.0,43.0,0.0,0
30.0,1.0,0.0,0.0,0.0,1.0,0.0,16.0,0.0,0.0,2.119044153174266,0.0,0.0,24.0,0.0,0.0,0.0,0.0,0.0,1.0,0.0,0.0,1.0,1678.0,1.0,0.0,21.0,0.0,0.0,0.0,0.0,1.0,1.0,1.0,0.0,0.0,28.0,0.9610940050068948,13.0,9.0,21.0,229.0,18.0,1.0,1280.0,800.0,38.0,0.0,0
53.0,1.0,0.0,0.0,0.0,1.0,0.0,12.0,0.0,0.0,2.982172053209536,0.0,0.0,12.0,0.0,0.0,0.0,0.0,0.0,1.0,0.0,0.0,1.0,640.0,3.0,0.0,20.0,0.0,0.0,0.0,0.0,3.0,0.0,0.0,0.0,0.0,69.0,0.9528990830741126,2.0,1.0,20.0,129.0,6.0,1.0,1280.0,800.0,4.0,0.0,0
34.0,1.0,0.0,0.0,1.0,1.0,0.0,18.0,0.0,0.0,2.1420244036781075,0.0,0.0,16.0,0.0,0.0,0.0,0.0,0.0,1.0,0.0,0.0,1.0,1122.0,1.0,1.0,6.0,0.0,0.0,0.0,0.0,3.0,0.0,0.0,0.0,0.0,57.0,0.9997857238178338,14.0,4.0,6.0,411.0,11.0,1.0,1920.0,1080.0,42.0,0.0,0
31.0,1.0,0.0,0.0,0.0,1.0,0.0,7.0,0.0,0.0,2.9482943473772747,0.0,0.0,18.0,0.0,0.0,1.0,1.0,0.0,1.0,0.0,0.0,1.0,1093.0,1.0,0.0,13.0,1.0,1.0,0.0,0.0,0.0,3.0,0.0,0.0,1.0,48.0,0.9936671348875037,5.0,4.0,13.0,145.0,17.0,1.0,1920.0,1080.0,34.0,0.0,0
35.0,1.0,1.0,0.0,0.0,2.0,0.0,14.0,0.0,0.0,3.385870155838737,0.0,0.0,32.0,0.0,0.0,0.0,0.0,0.0,1.0,0.0,0.0,1.0,1367.0,0.0,0.0,15.0,0.0,0.0,0.0,0.0,0.0,0.0,0.0,0.0,0.0,116.0,0.9638633265357568,14.0,2.0,15.0,46.0,8.0,1.0,1920.0,1080.0,27.0,0.0,0
53.0,0.0,0.0,0.0,0.0,1.0,0.0,20.0,1.0,0.05,2.3821879542798454,0.0,0.0,22.0,20.0,0.0,0.0,0.0,0.0,0.0,0.0,0.0,0.0,1323.0,1.0,0.0,26.0,0.0,0.0,0.0,0.0,0.0,0.0,0.0,0.0,0.0,109.0,0.3762776415833865,6.0,1.0,26.0,14.0,3.0,1.0,1280.0,800.0,26.0,0.0,0
49.0,1.0,1.0,0.0,1.0,2.0,0.0,9.0,0.0,0.0,3.031815741990264,0.0,0.0,15.0,0.0,0.0,1.0,1.0,0.0,1.0,0.0,0.0,1.0,801.0,1.0,0.0,23.0,0.0,0.0,0.0,0.0,1.0,0.0,0.0,0.0,0.0,38.0,0.9433133097397096,3.0,2.0,23.0,129.0,11.0,1.0,1920.0,1080.0,26.0,0.0,0
37.0,1.0,0.0,0.0,0.0,1.0,0.0,7.0,0.0,0.0,2.7450037418429285,0.0,0.0,5.0,0.0,0.0,1.0,1.0,0.0,1.0,0.0,0.0,1.0,474.0,0.0,1.0,14.0,0.0,0.0,0.0,0.0,3.0,0.0,0.0,0.0,0.0,54.0,0.9485006672328883,13.0,3.0,14.0,71.0,19.0,1.0,1920.0,1080.0,4.0,0.0,0
54.0,1.0,0.0,0.0,1.0,1.0,0.0,17.0,0.0,0.0,2.819529910079066,0.0,0.0,25.0,0.0,0.0,0.0,0.0,0.0,1.0,0.0,0.0,1.0,2427.0,0.0,0.0,8.0,0.0,0.0,0.0,0.0,0.0,0.0,0.0,0.0,0.0,49.0,0.9561642994060735,6.0,5.0,8.0,15.0,18.0,1.0,1920.0,1080.0,35.0,0.0,0
31.0,1.0,1.0,0.0,0.0,2.0,0.0,7.0,0.0,0.0,2.482212042975555,0.0,0.0,33.0,0.0,0.0,1.0,1.0,0.0,1.0,0.0,0.0,1.0,585.0,1.0,0.0,4.0,0.0,0.0,0.0,0.0,0.0,0.0,0.0,0.0,0.0,82.0,0.9298275728769696,14.0,5.0,4.0,277.0,9.0,1.0,1920.0,1080.0,20.0,0.0,0
49.0,1.0,0.0,0.0,1.0,1.0,0.0,20.0,0.0,0.0,2.8311432390386417,0.0,0.0,5.0,0.0,0.0,0.0,0.0,0.0,1.0,0.0,0.0,1.0,1283.0,0.0,0.0,11.0,0.0,0.0,0.0,0.0,3.0,0.0,0.0,0.0,0.0,118.0,0.9960391676666033,1.0,0.0,11.0,331.0,13.0,1.0,1920.0,1080.0,22.0,0.0,0
51.0,1.0,0.0,0.0,0.0,1.0,0.0,14.0,0.0,0.0,3.117723280722198,0.0,1.0,24.0,0.0,0.0,1.0,1.0,0.0,1.0,0.0,0.0,1.0,2087.0,0.0,1.0,20.0,0.0,0.0,0.0,0.0,0.0,0.0,0.0,0.0,0.0,39.0,0.969108485553654,7.0,6.0,20.0,117.0,1.0,1.0,1920.0,1080.0,17.0,0.0,0
31.0,1.0,1.0,0.0,0.0,2.0,0.0,20.0,0.0,0.0,2.534527707573184,0.0,0.0,4.0,0.0,0.0,1.0,1.0,0.0,1.0,0.0,0.0,1.0,648.0,1.0,0.0,10.0,0.0,0.0,0.0,0.0,2.0,0.0,0.0,0.0,0.0,110.0,0.9423229660065037,2.0,1.0,10.0,494.0,13.0,1.0,1920.0,1080.0,26.0,0.0,0
53.0,1.0,0.0,0.0,1.0,1.0,0.0,11.0,0.0,0.0,2.2133880705755353,0.0,1.0,23.0,0.0,0.0,1.0,1.0,0.0,1.0,0.0,0.0,1.0,2484.0,2.0,0.0,28.0,1.0,1.0,0.0,0.0,1.0,2.0,0.0,0.0,1.0,33.0,0.942001811604352,6.0,5.0,28.0,118.0,10.0,1.0,1920.0,1080.0,41.0,0.0,0
47.0,1.0,1.0,0.0,0.0,2.0,0.0,9.0,0.0,0.0,2.326001506784862,0.0,0.0,28.0,0.0,0.0,0.0,0.0,0.0,1.0,0.0,0.0,1.0,1944.0,2.0,0.0,3.0,0.0,0.0,0.0,0.0,3.0,0.0,1.0,0.0,0.0,58.0,0.9445342588035209,3.0,2.0,3.0,183.0,6.0,1.0,1280.0,800.0,22.0,0.0,0
31.0,1.0,1.0,0.0,0.0,2.0,0.0,20.0,1.0,0.05,2.9357534063843103,0.0,0.0,26.0,5.0,0.0,0.0,0.0,0.0,1.0,0.0,0.0,1.0,220.0,1.0,1.0,5.0,0.0,0.0,0.0,0.0,0.0,1.0,0.0,0.0,0.0,67.0,0.9631231421555274,11.0,1.0,5.0,397.0,5.0,1.0,1920.0,1080.0,6.0,0.0,0
27.0,1.0,1.0,0.0,0.0,2.0,0.0,18.0,1.0,0.05555555555555555,2.3462541060972395,0.0,0.0,4.0,0.0,0.0,1.0,1.0,0.0,1.0,0.0,0.0,1.0,836.0,0.0,0.0,24.0,0.0,0.0,0.0,0.0,0.0,0.0,0.0,0.0,0.0,71.0,0.9494692752515448,10.0,4.0,24.0,144.0,8.0,1.0,1920.0,1080.0,30.0,0.0,0
40.0,1.0,1.0,0.0,0.0,2.0,0.0,13.0,0.0,0.0,3.287381188920059,0.0,0.0,33.0,0.0,0.0,0.0,0.0,0.0,1.0,0.0,0.0,1.0,1733.0,0.0,0.0,10.0,0.0,0.0,0.0,0.0,2.0,1.0,0.0,0.0,0.0,92.0,0.9310276530370651,12.0,3.0,10.0,284.0,6.0,1.0,1280.0,800.0,42.0,0.0,0
53.0,1.0,0.0,0.0,0.0,1.0,0.0,13.0,0.0,0.0,2.8764901837700183,0.0,0.0,24.0,0.0,0.0,1.0,1.0,0.0,1.0,0.0,0.0,1.0,805.0,1.0,1.0,29.0,0.0,0.0,0.0,0.0,0.0,0.0,0.0,0.0,0.0,109.0,0.95423858877802,7.0,1.0,29.0,159.0,0.0,1.0,1280.0,800.0,15.0,0.0,0
53.0,1.0,1.0,0.0,2.0,2.0,0.0,21.0,0.0,0.0,3.3079266843539505,0.0,0.0,29.0,5.0,0.0,1.0,1.0,0.0,1.0,0.0,0.0,1.0,2300.0,3.0,1.0,3.0,0.0,0.0,0.0,0.0,2.0,0.0,0.0,0.0,0.0,34.0,0.9505696237627825,7.0,3.0,3.0,251.0,16.0,1.0,1920.0,1080.0,41.0,0.0,0
42.0,1.0,0.0,0.0,0.0,1.0,0.0,7.0,0.0,0.0,3.343354398018166,0.0,0.0,2.0,0.0,0.0,0.0,0.0,0.0,1.0,0.0,0.0,1.0,2059.0,1.0,0.0,11.0,1.0,0.0,0.0,0.0,3.0,3.0,0.0,0.0,1.0,56.0,0.9840502841615131,8.0,5.0,11.0,228.0,17.0,1.0,1920.0,1080.0,10.0,0.0,0
42.0,1.0,0.0,0.0,0.0,1.0,0.0,12.0,0.0,0.0,2.9024902631380165,0.0,0.0,9.0,0.0,0.0,0.0,0.0,0.0,1.0,0.0,0.0,1.0,1550.0,1.0,0.0,26.0,0.0,0.0,0.0,0.0,0.0,0.0,0.0,0.0,0.0,65.0,0.9348351615527472,12.0,7.0,26.0,135.0,12.0,1.0,1920.0,1080.0,15.0,0.0,0
24.0,1.0,1.0,0.0,1.0,2.0,0.0,16.0,0.0,0.0,3.165341926813432,0.0,1.0,20.0,0.0,0.0,1.0,1.0,0.0,1.0,0.0,0.0,1.0,1316.0,1.0,0.0,8.0,1.0,0.0,0.0,0.0,0.0,1.0,1.0,0.0,1.0,58.0,0.946523954770524,4.0,3.0,8.0,81.0,11.0,1.0,1920.0,1080.0,14.0,0.0,0
43.0,1.0,1.0,0.0,0.0,2.0,0.0,10.0,1.0,0.1,3.17596234522989,0.0,0.0,29.0,0.0,0.0,0.0,0.0,0.0,1.0,0.0,0.0,1.0,428.0,0.0,0.0,21.0,0.0,0.0,0.0,0.0,1.0,0.0,0.0,0.0,0.0,109.0,0.9306371928517171,1.0,0.0,21.0,210.0,4.0,1.0,1920.0,1080.0,21.0,0.0,0
32.0,1.0,1.0,0.0,0.0,2.0,0.0,19.0,0.0,0.0,3.3772461388208725,0.0,0.0,12.0,0.0,0.0,1.0,1.0,0.0,1.0,0.0,0.0,1.0,1974.0,1.0,1.0,10.0,1.0,0.0,0.0,0.0,2.0,1.0,0.0,0.0,1.0,119.0,0.9225928311070019,9.0,4.0,10.0,143.0,5.0,1.0,1920.0,1080.0,5.0,0.0,0
18.0,1.0,1.0,0.0,0.0,2.0,0.0,19.0,0.0,0.0,2.6999865405303796,0.0,0.0,5.0,0.0,0.0,0.0,0.0,0.0,1.0,0.0,0.0,1.0,2434.0,1.0,1.0,11.0,0.0,0.0,0.0,0.0,3.0,1.0,0.0,0.0,0.0,71.0,0.9584364713259589,7.0,2.0,11.0,229.0,14.0,1.0,1920.0,1080.0,33.0,0.0,0
32.0,1.0,1.0,0.0,0.0,2.0,0.0,14.0,0.0,0.0,3.202587521486023,0.0,0.0,28.0,20.0,0.0,0.0,0.0,0.0,1.0,0.0,0.0,1.0,2091.0,1.0,1.0,21.0,0.0,0.0,0.0,0.0,0.0,0.0,0.0,0.0,0.0,89.0,0.9427603078010823,9.0,5.0,21.0,112.0,0.0,1.0,1920.0,1080.0,7.0,0.0,0
49.0,1.0,1.0,0.0,0.0,2.0,0.0,12.0,1.0,0.08333333333333333,3.2880473440791036,0.0,0.0,14.0,0.0,0.0,0.0,0.0,0.0,1.0,0.0,0.0,1.0,1226.0,2.0,0.0,22.0,0.0,0.0,0.0,0.0,3.0,0.0,0.0,0.0,0.0,37.0,0.9722119019379457,9.0,8.0,22.0,295.0,2.0,1.0,1920.0,1080.0,6.0,0.0,0
22.0,1.0,1.0,0.0,0.0,2.0,0.0,13.0,0.0,0.0,2.1067872513713346,0.0,0.0,31.0,0.0,0.0,0.0,0.0,0.0,1.0,0.0,0.0,1.0,1700.0,1.0,0.0,27.0,0.0,0.0,0.0,0.0,0.0,0.0,0.0,0.0,0.0,100.0,0.9486237218315352,3.0,2.0,27.0,191.0,4.0,1.0,1920.0,1080.0,11.0,0.0,0
18.0,1.0,1.0,0.0,0.0,2.0,0.0,20.0,2.0,0.1,2.2311319355821744,0.0,0.0,34.0,0.0,0.0,1.0,1.0,0.0,1.0,0.0,0.0,1.0,1171.0,0.0,0.0,13.0,0.0,0.0,0.0,0.0,2.0,0.0,0.0,0.0,0.0,81.0,0.9503131588317236,14.0,8.0,13.0,232.0,19.0,1.0,1280.0,800.0,8.0,0.0,0
36.0,1.0,1.0,0.0,0.0,2.0,0.0,15.0,0.0,0.0,2.5964400929975504,0.0,0.0,33.0,5.0,0.0,0.0,0.0,0.0,1.0,0.0,0.0,1.0,1112.0,1.0,2.0,2.0,0.0,0.0,0.0,0.0,2.0,1.0,0.0,0.0,0.0,55.0,0.9213834826194699,4.0,3.0,2.0,177.0,16.0,1.0,1920.0,1080.0,24.0,0.0,0
25.0,1.0,0.0,0.0,0.0,1.0,0.0,17.0,0.0,0.0,3.358029983760952,0.0,0.0,15.0,0.0,0.0,0.0,0.0,0.0,1.0,0.0,0.0,1.0,1490.0,1.0,0.0,16.0,0.0,0.0,0.0,0.0,3.0,1.0,0.0,0.0,0.0,112.0,0.9896160424982294,3.0,2.0,16.0,101.0,17.0,1.0,1920.0,1080.0,21.0,0.0,0
26.0,1.0,0.0,0.0,0.0,1.0,0.0,20.0,0.0,0.0,2.313583186688859,0.0,0.0,19.0,0.0,0.0,0.0,0.0,0.0,1.0,0.0,0.0,1.0,461.0,0.0,0.0,23.0,0.0,0.0,0.0,0.0,0.0,0.0,0.0,0.0,0.0,79.0,0.9613570481986831,12.0,6.0,23.0,326.0,11.0,1.0,1920.0,1080.0,31.0,0.0,0
52.0,1.0,1.0,0.0,0.0,2.0,0.0,13.0,0.0,0.0,3.1195253186574456,0.0,0.0,2.0,0.0,0.0,0.0,0.0,0.0,1.0,0.0,0.0,1.0,1093.0,0.0,1.0,28.0,0.0,0.0,0.0,0.0,1.0,0.0,0.0,0.0,0.0,115.0,0.9434201095235168,2.0,1.0,28.0,449.0,3.0,1.0,1920.0,1080.0,31.0,0.0,0
28.0,1.0,0.0,0.0,1.0,1.0,0.0,21.0,0.0,0.0,2.6939591858344905,0.0,0.0,11.0,0.0,0.0,0.0,0.0,0.0,1.0,0.0,0.0,1.0,2082.0,2.0,0.0,4.0,0.0,0.0,0.0,0.0,2.0,0.0,0.0,0.0,0.0,37.0,0.9874725833498116,8.0,0.0,4.0,439.0,18.0,1.0,1920.0,1080.0,36.0,0.0,0
39.0,1.0,1.0,0.0,0.0,2.0,0.0,7.0,1.0,0.14285714285714285,2.123943384549764,0.0,0.0,2.0,0.0,0.0,0.0,0.0,0.0,1.0,0.0,0.0,1.0,179.0,2.0,1.0,12.0,0.0,0.0,0.0,0.0,2.0,0.0,0.0,0.0,0.0,94.0,0.9595217404592937,14.0,7.0,12.0,330.0,14.0,1.0,1920.0,1080.0,13.0,0.0,0
40.0,1.0,0.0,0.0,0.0,1.0,0.0,15.0,1.0,0.06666666666666667,3.0284360693824306,0.0,1.0,34.0,0.0,0.0,1.0,1.0,0.0,1.0,0.0,0.0,1.0,1170.0,2.0,0.0,3.0,0.0,0.0,0.0,0.0,2.0,0.0,0.0,0.0,0.0,64.0,0.9655138448676096,6.0,3.0,3.0,269.0,4.0,1.0,1920.0,1080.0,10.0,0.0,0
33.0,1.0,0.0,0.0,0.0,1.0,0.0,18.0,0.0,0.0,2.5687707055673283,0.0,0.0,5.0,0.0,0.0,0.0,0.0,0.0,1.0,0.0,0.0,1.0,1172.0,1.0,0.0,6.0,0.0,0.0,0.0,0.0,2.0,0.0,0.0,0.0,0.0,32.0,0.9945223971347482,2.0,1.0,6.0,149.0,8.0,1.0,1920.0,1080.0,19.0,0.0,0
45.0,1.0,1.0,0.0,0.0,2.0,0.0,11.0,0.0,0.0,3.016883783321534,0.0,0.0,31.0,0.0,0.0,0.0,0.0,0.0,1.0,0.0,0.0,1.0,849.0,0.0,0.0,16.0,0.0,0.0,0.0,0.0,1.0,0.0,1.0,0.0,0.0,15.0,0.9248788449293709,6.0,5.0,16.0,128.0,6.0,1.0,1920.0,1080.0,16.0,0.0,0
37.0,1.0,1.0,0.0,0.0,2.0,0.0,17.0,0.0,0.0,2.609623299292665,0.0,0.0,20.0,0.0,0.0,0.0,0.0,0.0,1.0,0.0,0.0,1.0,1569.0,0.0,0.0,10.0,0.0,0.0,0.0,0.0,0.0,0.0,1.0,0.0,0.0,109.0,0.9950792273894437,9.0,8.0,10.0,233.0,5.0,1.0,1920.0,1080.0,27.0,0.0,0
23.0,1.0,1.0,0.0,0.0,2.0,0.0,14.0,0.0,0.0,2.407192093409975,0.0,0.0,14.0,0.0,0.0,1.0,1.0,0.0,1.0,0.0,0.0,1.0,254.0,1.0,0.0,4.0,0.0,0.0,0.0,0.0,1.0,0.0,0.0,0.0,0.0,51.0,0.9393726399764823,10.0,3.0,4.0,53.0,18.0,1.0,1920.0,1080.0,34.0,0.0,0
26.0,1.0,0.0,0.0,1.0,1.0,0.0,16.0,0.0,0.0,2.697226492441848,0.0,0.0,22.0,0.0,0.0,1.0,1.0,0.0,1.0,0.0,0.0,1.0,868.0,0.0,0.0,7.0,0.0,0.0,0.0,0.0,3.0,0.0,0.0,0.0,0.0,118.0,0.9929500121357615,4.0,3.0,7.0,371.0,13.0,1.0,1920.0,1080.0,21.0,0.0,0
49.0,1.0,2.0,0.0,2.0,3.0,0.0,11.0,0.0,0.0,2.2721936021107982,0.0,0.0,34.0,0.0,0.0,0.0,0.0,0.0,1.0,0.0,0.0,1.0,672.0,1.0,0.0,28.0,0.0,0.0,0.0,0.0,3.0,0.0,0.0,0.0,0.0,22.0,0.9910031107978288,5.0,2.0,28.0,281.0,18.0,1.0,1920.0,1080.0,3.0,0.0,0
45.0,1.0,1.0,0.0,0.0,2.0,0.0,15.0,0.0,0.0,2.5079671447045713,0.0,0.0,33.0,0.0,0.0,0.0,0.0,0.0,1.0,0.0,0.0,1.0,1263.0,0.0,1.0,3.0,0.0,0.0,0.0,0.0,0.0,0.0,0.0,0.0,0.0,61.0,0.9429415168452421,14.0,7.0,3.0,293.0,17.0,1.0,1280.0,800.0,40.0,0.0,0
21.0,0.0,0.0,0.0,0.0,1.0,0.0,15.0,1.0,0.06666666666666667,3.1405503862549082,0.0,0.0,18.0,20.0,0.0,1.0,1.0,0.0,0.0,0.0,0.0,0.0,1971.0,1.0,2.0,13.0,0.0,0.0,0.0,0.0,0.0,0.0,0.0,0.0,0.0,101.0,0.15693281045240678,14.0,6.0,13.0,437.0,13.0,1.0,1280.0,800.0,10.0,0.0,0
42.0,1.0,0.0,0.0,0.0,1.0,0.0,12.0,0.0,0.0,2.5741984413633427,0.0,0.0,14.0,0.0,0.0,1.0,1.0,0.0,1.0,0.0,0.0,1.0,2141.0,1.0,0.0,17.0,1.0,1.0,0.0,0.0,0.0,1.0,0.0,0.0,1.0,32.0,0.9585827306469964,14.0,7.0,17.0,86.0,13.0,1.0,1920.0,1080.0,41.0,0.0,0
35.0,1.0,0.0,0.0,0.0,1.0,0.0,7.0,0.0,0.0,2.77738368076111,0.0,0.0,16.0,0.0,0.0,0.0,0.0,0.0,1.0,0.0,0.0,1.0,520.0,0.0,0.0,14.0,0.0,0.0,0.0,0.0,1.0,0.0,0.0,0.0,0.0,34.0,0.9655394803039006,7.0,5.0,14.0,192.0,10.0,1.0,1920.0,1080.0,23.0,0.0,0
48.0,1.0,0.0,0.0,0.0,1.0,0.0,19.0,0.0,0.0,3.3811318748965147,0.0,0.0,19.0,0.0,0.0,1.0,1.0,0.0,1.0,0.0,0.0,1.0,804.0,0.0,1.0,3.0,0.0,0.0,0.0,0.0,3.0,0.0,0.0,0.0,0.0,113.0,0.9712020038572171,9.0,1.0,3.0,483.0,6.0,1.0,1280.0,800.0,3.0,0.0,0
54.0,1.0,2.0,0.0,0.0,3.0,0.0,12.0,0.0,0.0,2.137056238596748,0.0,1.0,29.0,5.0,0.0,1.0,1.0,0.0,1.0,0.0,0.0,1.0,1716.0,0.0,1.0,25.0,0.0,0.0,0.0,0.0,1.0,1.0,0.0,0.0,0.0,82.0,0.9680067289523336,6.0,2.0,25.0,189.0,19.0,1.0,1280.0,800.0,37.0,0.0,0
31.0,1.0,1.0,0.0,0.0,2.0,0.0,13.0,0.0,0.0,2.4745541733873577,0.0,0.0,32.0,0.0,0.0,0.0,0.0,0.0,1.0,0.0,0.0,1.0,1302.0,2.0,1.0,23.0,0.0,0.0,0.0,0.0,0.0,0.0,0.0,0.0,0.0,91.0,0.9320252855298398,13.0,3.0,23.0,203.0,5.0,1.0,1920.0,1080.0,29.0,0.0,0
52.0,1.0,0.0,0.0,1.0,1.0,0.0,18.0,0.0,0.0,3.2183417611308247,0.0,0.0,0.0,0.0,0.0,1.0,1.0,0.0,1.0,0.0,0.0,1.0,108.0,1.0,0.0,23.0,0.0,0.0,0.0,0.0,3.0,0.0,0.0,0.0,0.0,80.0,0.9262593000385015,6.0,5.0,23.0,294.0,6.0,1.0,1280.0,800.0,26.0,0.0,0
26.0,1.0,1.0,0.0,0.0,2.0,0.0,14.0,1.0,0.07142857142857142,3.363519390341608,0.0,0.0,25.0,0.0,0.0,1.0,1.0,0.0,1.0,0.0,0.0,1.0,1131.0,1.0,0.0,21.0,0.0,0.0,0.0,0.0,0.0,0.0,0.0,0.0,0.0,90.0,0.9963680411067372,5.0,4.0,21.0,369.0,18.0,1.0,1280.0,800.0,8.0,0.0,0
39.0,1.0,0.0,0.0,0.0,1.0,0.0,14.0,0.0,0.0,2.9611328080586086,0.0,0.0,16.0,5.0,0.0,1.0,1.0,0.0,1.0,0.0,0.0,1.0,2454.0,0.0,0.0,14.0,0.0,0.0,0.0,0.0,2.0,1.0,0.0,0.0,0.0,107.0,0.9396528720204577,7.0,2.0,14.0,231.0,1.0,1.0,1280.0,800.0,24.0,0.0,0
31.0,1.0,0.0,0.0,0.0,1.0,0.0,7.0,0.0,0.0,2.9061717700408676,0.0,0.0,22.0,0.0,0.0,1.0,1.0,0.0,1.0,0.0,0.0,1.0,161.0,1.0,1.0,8.0,0.0,0.0,0.0,0.0,1.0,0.0,0.0,0.0,0.0,84.0,0.9879582756387764,6.0,5.0,8.0,93.0,18.0,1.0,1280.0,800.0,14.0,0.0,0
49.0,1.0,0.0,0.0,0.0,1.0,0.0,18.0,0.0,0.0,2.8637757521752176,0.0,0.0,2.0,0.0,0.0,0.0,0.0,0.0,1.0,0.0,0.0,1.0,296.0,2.0,0.0,19.0,1.0,0.0,0.0,0.0,3.0,2.0,0.0,0.0,1.0,47.0,0.9620763448233299,9.0,6.0,19.0,88.0,6.0,1.0,1280.0,800.0,5.0,0.0,0
54.0,1.0,0.0,0.0,0.0,1.0,0.0,9.0,0.0,0.0,2.541532126551489,0.0,0.0,31.0,0.0,0.0,0.0,0.0,0.0,1.0,0.0,0.0,1.0,1409.0,1.0,1.0,14.0,0.0,0.0,0.0,0.0,2.0,0.0,1.0,0.0,0.0,92.0,0.9542299586972508,9.0,5.0,14.0,417.0,11.0,1.0,1920.0,1080.0,21.0,0.0,0
19.0,1.0,0.0,0.0,0.0,1.0,0.0,8.0,0.0,0.0,2.770010862811221,0.0,0.0,34.0,0.0,0.0,0.0,0.0,0.0,1.0,0.0,0.0,1.0,2193.0,0.0,0.0,5.0,0.0,0.0,0.0,0.0,0.0,0.0,0.0,0.0,0.0,61.0,0.9829005852135038,3.0,1.0,5.0,491.0,8.0,1.0,1920.0,1080.0,38.0,0.0,0
20.0,1.0,0.0,0.0,1.0,1.0,0.0,14.0,0.0,0.0,2.265754702515672,0.0,0.0,23.0,0.0,0.0,0.0,0.0,0.0,1.0,0.0,0.0,1.0,1905.0,0.0,0.0,16.0,0.0,0.0,0.0,0.0,1.0,0.0,0.0,0.0,0.0,117.0,0.9449608572554672,10.0,3.0,16.0,327.0,0.0,1.0,1920.0,1080.0,2.0,0.0,0
53.0,1.0,1.0,0.0,0.0,2.0,0.0,9.0,0.0,0.0,2.7025836818292746,0.0,0.0,6.0,0.0,0.0,0.0,0.0,0.0,1.0,0.0,0.0,1.0,1617.0,2.0,0.0,2.0,0.0,0.0,0.0,0.0,0.0,0.0,0.0,0.0,0.0,49.0,0.9914447929948846,4.0,3.0,2.0,100.0,10.0,1.0,1920.0,1080.0,4.0,0.0,0
38.0,1.0,0.0,0.0,0.0,1.0,0.0,19.0,0.0,0.0,2.115425691698656,0.0,0.0,27.0,5.0,0.0,1.0,1.0,0.0,1.0,0.0,0.0,1.0,1451.0,0.0,0.0,29.0,0.0,0.0,0.0,0.0,1.0,0.0,0.0,0.0,0.0,56.0,0.9221906739294081,9.0,8.0,29.0,332.0,1.0,1.0,1920.0,1080.0,19.0,0.0,0
24.0,1.0,0.0,0.0,2.0,1.0,0.0,7.0,0.0,0.0,2.3760158005342826,0.0,0.0,10.0,20.0,0.0,0.0,0.0,0.0,1.0,0.0,0.0,1.0,639.0,3.0,1.0,13.0,0.0,0.0,0.0,0.0,2.0,1.0,0.0,0.0,0.0,30.0,0.9977853142926094,4.0,3.0,13.0,29.0,16.0,1.0,1280.0,800.0,43.0,0.0,0
24.0,1.0,2.0,0.0,0.0,3.0,0.0,12.0,0.0,0.0,3.243341582429994,0.0,0.0,3.0,0.0,0.0,1.0,1.0,0.0,1.0,0.0,0.0,1.0,1169.0,1.0,0.0,16.0,1.0,1.0,0.0,0.0,1.0,3.0,0.0,0.0,1.0,83.0,0.935924232285176,12.0,4.0,16.0,190.0,8.0,1.0,1280.0,800.0,19.0,0.0,0
52.0,1.0,0.0,0.0,1.0,1.0,0.0,11.0,0.0,0.0,3.252431760039615,0.0,0.0,32.0,5.0,0.0,1.0,1.0,0.0,1.0,0.0,0.0,1.0,1349.0,0.0,0.0,3.0,0.0,0.0,0.0,0.0,1.0,0.0,0.0,0.0,0.0,48.0,0.9610800583336889,10.0,2.0,3.0,353.0,1.0,1.0,1920.0,1080.0,8.0,0.0,0
25.0,1.0,2.0,0.0,2.0,3.0,0.0,19.0,0.0,0.0,2.264648647422734,0.0,0.0,2.0,0.0,0.0,0.0,0.0,0.0,1.0,0.0,0.0,1.0,2271.0,0.0,0.0,14.0,0.0,0.0,0.0,0.0,3.0,1.0,0.0,0.0,0.0,111.0,0.996724741893737,3.0,2.0,14.0,339.0,11.0,1.0,1920.0,1080.0,36.0,0.0,0
51.0,1.0,0.0,0.0,1.0,1.0,0.0,16.0,0.0,0.0,2.180169872399133,0.0,0.0,18.0,0.0,0.0,1.0,1.0,0.0,1.0,0.0,0.0,1.0,2138.0,0.0,0.0,9.0,0.0,0.0,0.0,0.0,2.0,1.0,0.0,0.0,0.0,104.0,0.9936325185623818,13.0,9.0,9.0,60.0,7.0,1.0,1280.0,800.0,41.0,0.0,0
31.0,1.0,1.0,0.0,0.0,2.0,0.0,16.0,0.0,0.0,3.003877718008789,0.0,0.0,14.0,0.0,0.0,0.0,0.0,0.0,1.0,0.0,0.0,1.0,852.0,0.0,0.0,27.0,0.0,0.0,0.0,0.0,2.0,0.0,0.0,0.0,0.0,65.0,0.9844573560573526,2.0,1.0,27.0,412.0,14.0,1.0,1920.0,1080.0,41.0,0.0,0
50.0,1.0,0.0,0.0,0.0,1.0,0.0,13.0,0.0,0.0,2.98477329800678,0.0,0.0,26.0,5.0,0.0,0.0,0.0,0.0,1.0,0.0,0.0,1.0,713.0,0.0,0.0,24.0,0.0,0.0,0.0,0.0,0.0,0.0,0.0,0.0,0.0,65.0,0.9445918653186426,3.0,2.0,24.0,492.0,18.0,1.0,1920.0,1080.0,7.0,0.0,0
32.0,1.0,0.0,0.0,0.0,1.0,0.0,7.0,0.0,0.0,2.920601641163133,0.0,0.0,8.0,0.0,0.0,1.0,1.0,0.0,1.0,0.0,0.0,1.0,546.0,1.0,2.0,18.0,0.0,0.0,0.0,0.0,0.0,1.0,0.0,0.0,0.0,109.0,0.984569581934865,13.0,0.0,18.0,284.0,16.0,1.0,1280.0,800.0,35.0,0.0,0
49.0,1.0,1.0,0.0,0.0,2.0,0.0,7.0,0.0,0.0,3.1797049300744997,0.0,0.0,7.0,0.0,0.0,0.0,0.0,0.0,1.0,0.0,0.0,1.0,610.0,3.0,2.0,19.0,0.0,0.0,0.0,0.0,3.0,1.0,0.0,0.0,0.0,110.0,0.9434648509217785,9.0,4.0,19.0,371.0,18.0,1.0,1280.0,800.0,25.0,0.0,0
51.0,1.0,2.0,0.0,0.0,3.0,0.0,12.0,0.0,0.0,2.270563203886088,0.0,0.0,9.0,0.0,0.0,0.0,0.0,0.0,1.0,0.0,0.0,1.0,1657.0,1.0,0.0,14.0,0.0,0.0,0.0,0.0,1.0,0.0,0.0,0.0,0.0,17.0,0.9443663998297629,3.0,2.0,14.0,319.0,19.0,1.0,1920.0,1080.0,11.0,0.0,0
18.0,1.0,1.0,0.0,0.0,2.0,0.0,7.0,0.0,0.0,2.8937164702319804,0.0,0.0,1.0,0.0,0.0,1.0,1.0,0.0,1.0,0.0,0.0,1.0,1131.0,2.0,1.0,28.0,0.0,0.0,1.0,0.0,3.0,0.0,0.0,0.0,1.0,72.0,0.9393357868637954,5.0,4.0,28.0,27.0,4.0,1.0,1920.0,1080.0,44.0,0.0,0
47.0,1.0,0.0,0.0,0.0,1.0,0.0,21.0,2.0,0.09523809523809523,3.1752142406959782,0.0,0.0,15.0,5.0,0.0,1.0,1.0,0.0,1.0,0.0,0.0,1.0,1322.0,1.0,0.0,17.0,0.0,0.0,0.0,0.0,2.0,1.0,0.0,0.0,0.0,61.0,0.9942547491666567,2.0,1.0,17.0,474.0,5.0,1.0,1920.0,1080.0,25.0,0.0,0
39.0,1.0,0.0,0.0,0.0,1.0,0.0,13.0,0.0,0.0,3.2211936398809042,0.0,0.0,9.0,0.0,0.0,0.0,0.0,0.0,1.0,0.0,0.0,1.0,1376.0,1.0,0.0,10.0,0.0,0.0,0.0,0.0,1.0,0.0,0.0,0.0,0.0,88.0,0.9571304223375405,14.0,2.0,10.0,29.0,16.0,1.0,1280.0,800.0,20.0,0.0,0
35.0,1.0,0.0,0.0,0.0,1.0,0.0,18.0,0.0,0.0,2.582121025435305,0.0,0.0,18.0,0.0,0.0,1.0,1.0,0.0,1.0,0.0,0.0,1.0,1064.0,0.0,1.0,12.0,0.0,0.0,0.0,0.0,0.0,1.0,0.0,0.0,0.0,83.0,0.9855102040909369,7.0,2.0,12.0,367.0,5.0,1.0,1920.0,1080.0,21.0,0.0,0
25.0,1.0,1.0,0.0,1.0,2.0,0.0,14.0,0.0,0.0,2.668334081559862,0.0,0.0,32.0,5.0,0.0,1.0,1.0,0.0,1.0,0.0,0.0,1.0,516.0,0.0,1.0,12.0,0.0,0.0,0.0,0.0,0.0,0.0,0.0,0.0,0.0,119.0,0.9521623073826667,5.0,1.0,12.0,255.0,15.0,1.0,1920.0,1080.0,39.0,0.0,0
38.0,1.0,0.0,0.0,1.0,1.0,0.0,7.0,0.0,0.0,3.330601371466836,0.0,0.0,6.0,5.0,0.0,1.0,1.0,0.0,1.0,0.0,0.0,1.0,2006.0,1.0,0.0,29.0,0.0,0.0,0.0,0.0,1.0,0.0,0.0,0.0,0.0,48.0,0.9805294894550245,6.0,3.0,29.0,402.0,2.0,1.0,1280.0,800.0,41.0,0.0,0
52.0,1.0,0.0,0.0,0.0,1.0,0.0,21.0,0.0,0.0,3.1331693629511985,0.0,0.0,19.0,0.0,0.0,0.0,0.0,0.0,1.0,0.0,0.0,1.0,145.0,2.0,0.0,3.0,0.0,0.0,0.0,0.0,3.0,0.0,0.0,0.0,0.0,41.0,0.9242027166719767,3.0,2.0,3.0,273.0,12.0,1.0,1920.0,1080.0,2.0,0.0,0
42.0,1.0,0.0,0.0,0.0,1.0,0.0,13.0,0.0,0.0,2.7259043936169007,0.0,0.0,7.0,0.0,0.0,0.0,0.0,0.0,1.0,0.0,0.0,1.0,2469.0,2.0,1.0,21.0,0.0,0.0,0.0,0.0,3.0,1.0,0.0,0.0,0.0,15.0,0.9554445029551943,3.0,2.0,21.0,422.0,16.0,1.0,1920.0,1080.0,40.0,0.0,0
28.0,1.0,1.0,0.0,0.0,2.0,0.0,14.0,0.0,0.0,3.1227308030593797,0.0,0.0,20.0,0.0,0.0,0.0,0.0,0.0,1.0,0.0,0.0,1.0,1029.0,0.0,1.0,16.0,0.0,0.0,0.0,0.0,3.0,0.0,0.0,0.0,0.0,18.0,0.9433594125247631,6.0,2.0,16.0,146.0,9.0,1.0,1920.0,1080.0,12.0,0.0,0
27.0,1.0,1.0,0.0,0.0,2.0,0.0,10.0,0.0,0.0,3.322796004609408,0.0,1.0,31.0,0.0,0.0,0.0,0.0,0.0,1.0,0.0,0.0,1.0,548.0,0.0,0.0,15.0,0.0,0.0,0.0,0.0,0.0,0.0,0.0,0.0,0.0,71.0,0.9594888243305771,9.0,2.0,15.0,297.0,10.0,1.0,1920.0,1080.0,27.0,0.0,0
32.0,1.0,0.0,0.0,0.0,1.0,0.0,8.0,0.0,0.0,3.1813155028176006,0.0,0.0,19.0,0.0,0.0,0.0,0.0,0.0,1.0,0.0,0.0,1.0,1654.0,1.0,0.0,10.0,0.0,0.0,0.0,0.0,2.0,1.0,0.0,0.0,0.0,82.0,0.948822399388954,1.0,0.0,10.0,412.0,15.0,1.0,1920.0,1080.0,27.0,0.0,0
52.0,1.0,1.0,0.0,0.0,2.0,0.0,14.0,1.0,0.07142857142857142,2.761243520100803,0.0,0.0,33.0,0.0,0.0,1.0,1.0,0.0,1.0,0.0,0.0,1.0,1645.0,1.0,0.0,15.0,1.0,1.0,0.0,0.0,2.0,1.0,0.0,0.0,1.0,89.0,0.9619068192308977,14.0,5.0,15.0,352.0,17.0,1.0,1920.0,1080.0,3.0,0.0,0
43.0,1.0,1.0,0.0,0.0,2.0,0.0,11.0,0.0,0.0,2.632298213440742,0.0,0.0,3.0,20.0,0.0,0.0,0.0,0.0,1.0,0.0,0.0,1.0,1495.0,0.0,0.0,4.0,0.0,0.0,0.0,0.0,2.0,0.0,0.0,0.0,0.0,107.0,0.9215868019705773,7.0,6.0,4.0,57.0,7.0,1.0,1920.0,1080.0,4.0,0.0,0
51.0,1.0,0.0,0.0,2.0,1.0,0.0,16.0,0.0,0.0,2.818729964891473,0.0,0.0,32.0,0.0,0.0,1.0,1.0,0.0,1.0,0.0,0.0,0.0,763.0,2.0,0.0,7.0,1.0,1.0,0.0,1.0,0.0,3.0,0.0,0.0,1.0,58.0,0.9381333355613387,9.0,0.0,7.0,135.0,19.0,1.0,1920.0,1080.0,14.0,0.0,0
36.0,1.0,1.0,0.0,0.0,2.0,0.0,20.0,0.0,0.0,2.7780737308087966,0.0,0.0,8.0,0.0,0.0,1.0,1.0,0.0,1.0,0.0,0.0,1.0,1870.0,2.0,0.0,29.0,1.0,0.0,0.0,0.0,3.0,2.0,1.0,0.0,1.0,27.0,0.9412988326019348,1.0,0.0,29.0,495.0,14.0,1.0,1280.0,800.0,31.0,0.0,0
25.0,1.0,0.0,0.0,0.0,1.0,0.0,20.0,0.0,0.0,3.2615570401354637,0.0,0.0,8.0,20.0,0.0,1.0,1.0,0.0,1.0,0.0,0.0,1.0,772.0,0.0,1.0,14.0,0.0,0.0,0.0,0.0,3.0,1.0,0.0,0.0,0.0,89.0,0.9692043091243288,2.0,0.0,14.0,469.0,19.0,1.0,1280.0,800.0,5.0,0.0,0
28.0,1.0,0.0,0.0,0.0,1.0,0.0,15.0,0.0,0.0,2.859274576903605,0.0,0.0,12.0,0.0,0.0,0.0,0.0,0.0,1.0,0.0,0.0,1.0,1285.0,1.0,0.0,12.0,0.0,0.0,0.0,0.0,0.0,0.0,1.0,0.0,0.0,63.0,0.9609803250701199,9.0,5.0,12.0,51.0,16.0,1.0,1920.0,1080.0,20.0,0.0,0
24.0,1.0,1.0,0.0,0.0,2.0,0.0,19.0,0.0,0.0,2.2959996656244526,0.0,0.0,3.0,0.0,0.0,1.0,1.0,0.0,1.0,0.0,0.0,1.0,576.0,0.0,0.0,25.0,0.0,0.0,0.0,0.0,2.0,0.0,0.0,0.0,0.0,62.0,0.982849050329103,14.0,4.0,25.0,130.0,18.0,1.0,1280.0,800.0,24.0,0.0,0
47.0,1.0,0.0,0.0,0.0,1.0,0.0,12.0,0.0,0.0,2.250623097934272,0.0,0.0,9.0,20.0,0.0,0.0,0.0,0.0,1.0,0.0,0.0,1.0,2440.0,1.0,0.0,16.0,0.0,0.0,0.0,0.0,3.0,1.0,0.0,0.0,0.0,97.0,0.9486912809722676,12.0,9.0,16.0,255.0,17.0,1.0,1280.0,800.0,44.0,0.0,0
21.0,1.0,0.0,0.0,0.0,1.0,0.0,7.0,0.0,0.0,3.0721187777799885,0.0,0.0,32.0,0.0,0.0,0.0,0.0,0.0,1.0,0.0,0.0,1.0,1900.0,0.0,0.0,8.0,0.0,0.0,0.0,0.0,0.0,0.0,0.0,0.0,0.0,37.0,0.933952303971676,7.0,2.0,8.0,404.0,7.0,1.0,1920.0,1080.0,10.0,0.0,0
24.0,1.0,0.0,0.0,0.0,1.0,0.0,13.0,0.0,0.0,2.490772851432523,0.0,0.0,0.0,0.0,0.0,0.0,0.0,0.0,1.0,0.0,0.0,1.0,934.0,3.0,2.0,19.0,0.0,0.0,0.0,0.0,3.0,1.0,0.0,0.0,0.0,48.0,0.9716401777470827,2.0,1.0,19.0,65.0,9.0,1.0,1920.0,1080.0,37.0,0.0,0
38.0,1.0,0.0,0.0,0.0,1.0,0.0,8.0,0.0,0.0,2.690279489839983,0.0,0.0,29.0,5.0,0.0,1.0,1.0,0.0,1.0,0.0,0.0,1.0,2133.0,1.0,1.0,24.0,0.0,0.0,0.0,0.0,3.0,0.0,0.0,0.0,0.0,94.0,0.9714290659921404,8.0,7.0,24.0,381.0,7.0,1.0,1920.0,1080.0,40.0,0.0,0
39.0,1.0,0.0,0.0,0.0,1.0,0.0,10.0,0.0,0.0,2.561031150164342,0.0,0.0,26.0,0.0,0.0,1.0,1.0,0.0,1.0,0.0,0.0,1.0,140.0,0.0,0.0,9.0,0.0,0.0,0.0,0.0,1.0,1.0,0.0,0.0,0.0,19.0,0.9645572153946596,12.0,6.0,9.0,235.0,14.0,1.0,1920.0,1080.0,19.0,0.0,0
28.0,1.0,1.0,0.0,0.0,2.0,0.0,12.0,0.0,0.0,2.1967679649990277,0.0,0.0,15.0,0.0,0.0,1.0,1.0,0.0,1.0,0.0,0.0,1.0,921.0,1.0,0.0,15.0,0.0,0.0,0.0,0.0,3.0,0.0,0.0,0.0,0.0,55.0,0.9354207644280568,7.0,4.0,15.0,265.0,1.0,1.0,1280.0,800.0,18.0,0.0,0
26.0,1.0,1.0,0.0,0.0,2.0,0.0,11.0,0.0,0.0,2.559936962378333,0.0,0.0,2.0,20.0,0.0,1.0,1.0,0.0,1.0,0.0,0.0,1.0,625.0,0.0,0.0,23.0,0.0,0.0,0.0,0.0,1.0,0.0,0.0,0.0,0.0,85.0,0.9347708653018576,3.0,2.0,23.0,123.0,9.0,1.0,1920.0,1080.0,22.0,0.0,0
30.0,1.0,1.0,0.0,0.0,2.0,0.0,12.0,1.0,0.08333333333333333,2.3788566253723995,0.0,0.0,5.0,0.0,0.0,1.0,1.0,0.0,1.0,0.0,0.0,1.0,2174.0,2.0,0.0,4.0,1.0,0.0,0.0,0.0,0.0,3.0,0.0,0.0,1.0,72.0,0.9778163770085566,1.0,0.0,4.0,206.0,13.0,1.0,1920.0,1080.0,26.0,0.0,0
54.0,1.0,1.0,0.0,0.0,2.0,0.0,20.0,0.0,0.0,3.0042226215214716,0.0,0.0,34.0,0.0,0.0,1.0,1.0,0.0,1.0,0.0,0.0,1.0,1108.0,3.0,0.0,21.0,0.0,0.0,0.0,0.0,2.0,1.0,0.0,0.0,0.0,69.0,0.9965857756045631,6.0,5.0,21.0,86.0,17.0,1.0,1920.0,1080.0,26.0,0.0,0
44.0,1.0,1.0,0.0,0.0,2.0,0.0,9.0,1.0,0.1111111111111111,3.2962655658446938,0.0,0.0,28.0,20.0,0.0,0.0,0.0,0.0,1.0,0.0,0.0,1.0,2420.0,2.0,0.0,21.0,0.0,0.0,0.0,0.0,1.0,0.0,0.0,0.0,0.0,109.0,0.9453455096564998,1.0,0.0,21.0,342.0,9.0,1.0,1920.0,1080.0,44.0,0.0,0
19.0,1.0,1.0,0.0,0.0,2.0,0.0,16.0,0.0,0.0,2.8973753847025283,0.0,0.0,17.0,0.0,0.0,0.0,0.0,0.0,1.0,0.0,0.0,1.0,82.0,1.0,1.0,15.0,0.0,0.0,0.0,0.0,2.0,0.0,0.0,0.0,0.0,58.0,0.9986839890018442,3.0,2.0,15.0,443.0,0.0,1.0,1280.0,800.0,41.0,0.0,0
20.0,1.0,0.0,0.0,0.0,1.0,0.0,17.0,0.0,0.0,3.336014942259382,0.0,0.0,22.0,0.0,0.0,0.0,0.0,0.0,1.0,0.0,0.0,1.0,1382.0,0.0,0.0,17.0,0.0,0.0,0.0,0.0,0.0,0.0,0.0,0.0,0.0,79.0,0.987940774981476,5.0,2.0,17.0,295.0,0.0,1.0,1920.0,1080.0,19.0,0.0,0
37.0,1.0,0.0,0.0,0.0,1.0,0.0,21.0,0.0,0.0,2.7659529319755474,0.0,0.0,12.0,0.0,0.0,0.0,0.0,0.0,1.0,0.0,0.0,1.0,789.0,0.0,0.0,5.0,0.0,0.0,0.0,0.0,3.0,0.0,0.0,0.0,0.0,68.0,0.9412198249974657,12.0,5.0,5.0,408.0,2.0,1.0,1920.0,1080.0,29.0,0.0,0
24.0,1.0,1.0,0.0,0.0,2.0,0.0,12.0,0.0,0.0,3.2766060143754627,0.0,0.0,27.0,0.0,0.0,0.0,0.0,0.0,1.0,0.0,0.0,1.0,484.0,0.0,0.0,29.0,0.0,0.0,0.0,0.0,1.0,0.0,0.0,0.0,0.0,46.0,0.9390463073881505,14.0,4.0,29.0,399.0,9.0,1.0,1920.0,1080.0,15.0,0.0,0
47.0,1.0,0.0,0.0,0.0,1.0,0.0,18.0,0.0,0.0,2.457247627648568,0.0,0.0,11.0,0.0,0.0,0.0,0.0,0.0,1.0,0.0,0.0,1.0,1274.0,1.0,0.0,21.0,0.0,0.0,0.0,0.0,2.0,0.0,0.0,0.0,0.0,77.0,0.9880895032620709,3.0,2.0,21.0,117.0,18.0,1.0,1280.0,800.0,31.0,0.0,0
27.0,1.0,0.0,0.0,1.0,1.0,0.0,17.0,0.0,0.0,2.6897345344530406,0.0,0.0,2.0,0.0,0.0,0.0,0.0,0.0,1.0,0.0,0.0,1.0,2354.0,1.0,0.0,27.0,0.0,0.0,0.0,0.0,2.0,0.0,0.0,0.0,0.0,96.0,0.9269768320735164,13.0,2.0,27.0,40.0,17.0,1.0,1920.0,1080.0,21.0,0.0,0
26.0,1.0,1.0,0.0,0.0,2.0,0.0,17.0,0.0,0.0,2.399128509975334,0.0,0.0,31.0,0.0,0.0,0.0,0.0,0.0,1.0,0.0,0.0,1.0,1157.0,1.0,0.0,11.0,0.0,0.0,0.0,0.0,1.0,0.0,0.0,0.0,0.0,100.0,0.9977380625490873,10.0,5.0,11.0,210.0,13.0,1.0,1920.0,1080.0,5.0,0.0,0
38.0,1.0,1.0,0.0,0.0,2.0,0.0,15.0,0.0,0.0,3.1871209218999743,0.0,0.0,15.0,0.0,0.0,1.0,1.0,0.0,1.0,0.0,0.0,1.0,630.0,2.0,0.0,13.0,0.0,0.0,0.0,0.0,1.0,1.0,0.0,0.0,0.0,92.0,0.9661541947977998,12.0,3.0,13.0,252.0,15.0,1.0,1280.0,800.0,39.0,0.0,0
19.0,1.0,1.0,0.0,0.0,2.0,0.0,9.0,1.0,0.1111111111111111,2.2001328828733064,0.0,0.0,0.0,5.0,0.0,1.0,1.0,0.0,1.0,0.0,0.0,1.0,1937.0,3.0,0.0,22.0,0.0,0.0,0.0,0.0,3.0,0.0,0.0,0.0,0.0,107.0,0.9828747288058062,12.0,4.0,22.0,449.0,9.0,1.0,1920.0,1080.0,3.0,0.0,0
54.0,1.0,1.0,0.0,0.0,2.0,0.0,16.0,0.0,0.0,3.2043932111268965,0.0,0.0,22.0,0.0,0.0,0.0,0.0,0.0,1.0,0.0,0.0,1.0,2249.0,2.0,1.0,27.0,1.0,0.0,0.0,0.0,3.0,3.0,0.0,0.0,1.0,112.0,0.9866770133488226,2.0,0.0,27.0,405.0,16.0,1.0,1920.0,1080.0,17.0,0.0,0
38.0,1.0,1.0,0.0,0.0,2.0,0.0,8.0,0.0,0.0,2.8019221737138094,0.0,0.0,33.0,5.0,0.0,0.0,0.0,0.0,1.0,0.0,0.0,1.0,148.0,2.0,0.0,22.0,0.0,0.0,0.0,0.0,0.0,0.0,0.0,0.0,0.0,42.0,0.982510701410763,13.0,7.0,22.0,353.0,6.0,1.0,1920.0,1080.0,23.0,0.0,0
48.0,1.0,0.0,0.0,0.0,1.0,0.0,18.0,0.0,0.0,3.1895926518932467,0.0,0.0,22.0,0.0,0.0,1.0,1.0,0.0,1.0,0.0,0.0,1.0,639.0,1.0,0.0,23.0,1.0,0.0,0.0,0.0,2.0,2.0,0.0,0.0,1.0,40.0,0.9643550061195121,7.0,6.0,23.0,236.0,13.0,1.0,1280.0,800.0,25.0,0.0,0
19.0,1.0,0.0,0.0,0.0,1.0,0.0,21.0,0.0,0.0,2.5744205273407355,0.0,0.0,2.0,5.0,0.0,0.0,0.0,0.0,1.0,0.0,0.0,1.0,145.0,2.0,0.0,25.0,0.0,0.0,0.0,0.0,2.0,0.0,0.0,0.0,0.0,76.0,0.9432017559859889,14.0,9.0,25.0,103.0,18.0,1.0,1280.0,800.0,40.0,0.0,0
52.0,1.0,1.0,0.0,1.0,2.0,0.0,21.0,0.0,0.0,3.276649025119399,0.0,0.0,3.0,0.0,0.0,1.0,1.0,0.0,1.0,0.0,0.0,1.0,721.0,1.0,0.0,2.0,1.0,0.0,0.0,0.0,3.0,2.0,0.0,0.0,1.0,94.0,0.9753669905031682,7.0,5.0,2.0,81.0,14.0,1.0,1920.0,1080.0,10.0,0.0,0
40.0,1.0,0.0,0.0,0.0,1.0,0.0,21.0,0.0,0.0,3.2633316473370675,0.0,0.0,21.0,5.0,0.0,0.0,0.0,0.0,1.0,0.0,0.0,1.0,2338.0,2.0,1.0,15.0,0.0,0.0,0.0,0.0,3.0,1.0,0.0,0.0,0.0,79.0,0.9270778681412652,4.0,2.0,15.0,382.0,4.0,1.0,1280.0,800.0,21.0,0.0,0
19.0,1.0,1.0,0.0,0.0,2.0,0.0,20.0,0.0,0.0,2.920940697814175,0.0,0.0,2.0,0.0,0.0,1.0,1.0,0.0,1.0,0.0,0.0,1.0,2090.0,1.0,1.0,29.0,0.0,0.0,0.0,0.0,2.0,0.0,0.0,0.0,0.0,70.0,0.9218309520984153,10.0,9.0,29.0,275.0,17.0,1.0,1920.0,1080.0,5.0,0.0,0
47.0,1.0,0.0,0.0,0.0,1.0,0.0,9.0,1.0,0.1111111111111111,2.7707285366941714,0.0,0.0,14.0,0.0,0.0,0.0,0.0,0.0,1.0,0.0,0.0,1.0,184.0,2.0,0.0,21.0,0.0,0.0,0.0,0.0,0.0,0.0,0.0,0.0,0.0,62.0,0.9652346614761687,7.0,2.0,21.0,360.0,18.0,1.0,1920.0,1080.0,34.0,0.0,0
27.0,1.0,0.0,0.0,0.0,1.0,0.0,20.0,0.0,0.0,3.03919819607558,0.0,0.0,25.0,5.0,0.0,0.0,0.0,0.0,1.0,0.0,0.0,1.0,628.0,0.0,1.0,2.0,0.0,0.0,0.0,0.0,3.0,0.0,0.0,0.0,0.0,41.0,0.9910140294540721,9.0,0.0,2.0,73.0,7.0,1.0,1920.0,1080.0,10.0,0.0,0
33.0,1.0,0.0,0.0,0.0,1.0,0.0,11.0,0.0,0.0,3.365351709319577,0.0,0.0,1.0,5.0,0.0,0.0,0.0,0.0,1.0,0.0,0.0,1.0,489.0,2.0,0.0,27.0,0.0,0.0,1.0,0.0,3.0,1.0,0.0,0.0,1.0,84.0,0.9473725243048021,6.0,2.0,27.0,163.0,5.0,1.0,1920.0,1080.0,3.0,0.0,0
45.0,1.0,0.0,0.0,0.0,1.0,0.0,18.0,0.0,0.0,2.170731476160638,0.0,0.0,18.0,0.0,0.0,1.0,1.0,0.0,1.0,0.0,0.0,1.0,1256.0,0.0,0.0,18.0,0.0,0.0,0.0,0.0,2.0,0.0,0.0,0.0,0.0,80.0,0.957613414381648,13.0,3.0,18.0,184.0,8.0,1.0,1920.0,1080.0,19.0,0.0,0
28.0,1.0,1.0,0.0,0.0,2.0,0.0,8.0,0.0,0.0,2.333062468907714,0.0,0.0,29.0,0.0,0.0,1.0,1.0,0.0,1.0,0.0,0.0,1.0,2461.0,1.0,1.0,21.0,0.0,0.0,0.0,0.0,0.0,1.0,0.0,0.0,0.0,90.0,0.9715632825550655,7.0,1.0,21.0,125.0,0.0,1.0,1920.0,1080.0,29.0,0.0,0
34.0,1.0,1.0,0.0,0.0,2.0,0.0,7.0,0.0,0.0,2.3860746293237867,0.0,0.0,24.0,0.0,0.0,0.0,0.0,0.0,1.0,0.0,0.0,1.0,1164.0,2.0,0.0,24.0,0.0,0.0,0.0,0.0,0.0,0.0,0.0,0.0,0.0,79.0,0.9443472867363139,3.0,0.0,24.0,193.0,19.0,1.0,1920.0,1080.0,19.0,0.0,0
37.0,1.0,1.0,0.0,2.0,2.0,0.0,13.0,0.0,0.0,2.7138537578427244,0.0,0.0,9.0,0.0,0.0,0.0,0.0,0.0,1.0,0.0,0.0,1.0,486.0,1.0,1.0,12.0,0.0,0.0,0.0,0.0,2.0,0.0,0.0,0.0,0.0,98.0,0.9396058018061251,13.0,5.0,12.0,408.0,14.0,1.0,1920.0,1080.0,17.0,0.0,0
23.0,1.0,1.0,0.0,0.0,2.0,0.0,11.0,0.0,0.0,3.289984183525861,0.0,0.0,3.0,0.0,0.0,1.0,1.0,0.0,1.0,0.0,0.0,1.0,358.0,1.0,0.0,18.0,1.0,1.0,0.0,0.0,1.0,2.0,0.0,0.0,1.0,59.0,0.987980733953718,1.0,0.0,18.0,165.0,9.0,1.0,1280.0,800.0,5.0,0.0,0
50.0,1.0,0.0,0.0,0.0,1.0,0.0,15.0,1.0,0.06666666666666667,3.3330828362442624,0.0,0.0,23.0,0.0,0.0,1.0,1.0,0.0,1.0,0.0,0.0,1.0,2374.0,0.0,0.0,15.0,0.0,0.0,0.0,0.0,3.0,1.0,0.0,0.0,0.0,74.0,0.9505431581619352,4.0,3.0,15.0,166.0,12.0,1.0,1280.0,800.0,8.0,0.0,0
21.0,1.0,1.0,0.0,0.0,2.0,0.0,19.0,0.0,0.0,2.883543729094456,0.0,0.0,14.0,0.0,0.0,1.0,1.0,0.0,1.0,0.0,0.0,1.0,1516.0,1.0,1.0,20.0,0.0,0.0,1.0,0.0,2.0,0.0,0.0,0.0,1.0,77.0,0.9640957796104563,5.0,4.0,20.0,185.0,16.0,1.0,1920.0,1080.0,3.0,0.0,0
19.0,1.0,1.0,0.0,0.0,2.0,0.0,10.0,0.0,0.0,2.150099833416019,0.0,0.0,24.0,0.0,0.0,0.0,0.0,0.0,1.0,0.0,0.0,1.0,668.0,0.0,0.0,18.0,0.0,0.0,0.0,0.0,1.0,0.0,0.0,0.0,0.0,91.0,0.9390244592377957,3.0,1.0,18.0,307.0,2.0,1.0,1920.0,1080.0,30.0,0.0,0
37.0,1.0,1.0,0.0,0.0,2.0,0.0,21.0,0.0,0.0,2.670817277515604,0.0,0.0,19.0,0.0,0.0,1.0,1.0,0.0,1.0,0.0,0.0,1.0,1826.0,0.0,0.0,4.0,0.0,0.0,0.0,0.0,0.0,0.0,0.0,0.0,0.0,18.0,0.9269129641695095,6.0,5.0,4.0,368.0,19.0,1.0,1920.0,1080.0,33.0,0.0,0
30.0,1.0,1.0,0.0,0.0,2.0,0.0,16.0,0.0,0.0,2.457200603771082,0.0,1.0,14.0,0.0,0.0,0.0,0.0,0.0,1.0,0.0,0.0,1.0,2023.0,0.0,0.0,4.0,0.0,0.0,0.0,0.0,2.0,0.0,0.0,0.0,0.0,82.0,0.9865993903917211,8.0,3.0,4.0,129.0,7.0,1.0,1280.0,800.0,4.0,0.0,0
38.0,1.0,1.0,0.0,0.0,2.0,0.0,13.0,0.0,0.0,3.2196156808629315,0.0,0.0,12.0,20.0,0.0,1.0,1.0,0.0,1.0,0.0,0.0,1.0,1568.0,1.0,1.0,12.0,0.0,0.0,0.0,1.0,0.0,0.0,0.0,0.0,1.0,78.0,0.9664980211103996,5.0,2.0,12.0,484.0,8.0,1.0,1280.0,800.0,13.0,0.0,0
48.0,1.0,1.0,0.0,0.0,2.0,0.0,8.0,1.0,0.125,3.3771711691868176,0.0,0.0,34.0,0.0,0.0,0.0,0.0,0.0,1.0,0.0,0.0,1.0,1027.0,1.0,0.0,18.0,0.0,0.0,0.0,0.0,1.0,0.0,0.0,0.0,0.0,102.0,0.9913793087738202,3.0,2.0,18.0,27.0,14.0,1.0,1920.0,1080.0,6.0,0.0,0
20.0,1.0,1.0,0.0,0.0,2.0,0.0,9.0,0.0,0.0,2.80514170081367,0.0,0.0,21.0,0.0,0.0,0.0,0.0,0.0,1.0,0.0,0.0,1.0,1394.0,1.0,0.0,26.0,0.0,0.0,0.0,0.0,1.0,0.0,0.0,0.0,0.0,55.0,0.9470527614424928,2.0,1.0,26.0,362.0,9.0,1.0,1920.0,1080.0,43.0,0.0,0
30.0,1.0,0.0,0.0,1.0,1.0,0.0,21.0,0.0,0.0,2.209656251548968,0.0,0.0,29.0,0.0,0.0,1.0,1.0,0.0,1.0,0.0,0.0,1.0,1903.0,3.0,1.0,15.0,0.0,0.0,0.0,0.0,0.0,1.0,0.0,0.0,0.0,19.0,0.953132374470558,12.0,0.0,15.0,337.0,16.0,1.0,1920.0,1080.0,2.0,0.0,0
35.0,1.0,2.0,0.0,0.0,3.0,0.0,12.0,0.0,0.0,3.295490630039904,0.0,0.0,12.0,0.0,0.0,0.0,0.0,0.0,1.0,0.0,0.0,1.0,736.0,2.0,0.0,15.0,0.0,0.0,0.0,0.0,1.0,0.0,0.0,0.0,0.0,36.0,0.9894999853232407,1.0,0.0,15.0,146.0,11.0,1.0,1280.0,800.0,2.0,0.0,0
39.0,1.0,1.0,0.0,0.0,2.0,0.0,20.0,0.0,0.0,3.1664564575194745,0.0,0.0,2.0,0.0,0.0,1.0,1.0,0.0,1.0,0.0,0.0,1.0,1378.0,3.0,0.0,6.0,1.0,0.0,0.0,0.0,3.0,2.0,0.0,0.0,1.0,113.0,0.9364088528601897,9.0,4.0,6.0,309.0,7.0,1.0,1920.0,1080.0,10.0,0.0,0
30.0,1.0,1.0,0.0,0.0,2.0,0.0,12.0,2.0,0.16666666666666666,2.2236084584910043,0.0,0.0,33.0,0.0,0.0,0.0,0.0,0.0,1.0,0.0,0.0,1.0,923.0,0.0,0.0,24.0,0.0,0.0,0.0,0.0,1.0,0.0,0.0,0.0,0.0,115.0,0.9686121553035317,12.0,8.0,24.0,257.0,7.0,1.0,1920.0,1080.0,20.0,0.0,0
37.0,1.0,1.0,0.0,0.0,2.0,0.0,16.0,0.0,0.0,2.267547752593845,0.0,0.0,28.0,0.0,0.0,0.0,0.0,0.0,1.0,0.0,0.0,1.0,1222.0,1.0,0.0,7.0,0.0,0.0,0.0,0.0,2.0,0.0,0.0,0.0,0.0,21.0,0.9321708201744635,4.0,3.0,7.0,88.0,13.0,1.0,1280.0,800.0,42.0,0.0,0
20.0,1.0,0.0,0.0,0.0,1.0,0.0,19.0,0.0,0.0,3.183020758885587,0.0,0.0,19.0,5.0,0.0,0.0,0.0,0.0,1.0,0.0,0.0,1.0,883.0,0.0,0.0,24.0,0.0,0.0,0.0,0.0,3.0,0.0,0.0,0.0,0.0,39.0,0.9687111108325743,5.0,2.0,24.0,231.0,11.0,1.0,1280.0,800.0,6.0,0.0,0
44.0,1.0,1.0,0.0,0.0,2.0,0.0,16.0,0.0,0.0,2.1403280900177686,0.0,0.0,15.0,0.0,0.0,0.0,0.0,0.0,1.0,0.0,0.0,1.0,416.0,1.0,0.0,5.0,0.0,0.0,0.0,0.0,2.0,0.0,1.0,0.0,0.0,53.0,0.9929159850620342,12.0,5.0,5.0,326.0,0.0,1.0,1280.0,800.0,20.0,0.0,0
21.0,1.0,2.0,0.0,0.0,3.0,0.0,12.0,0.0,0.0,2.2449060938158283,0.0,0.0,1.0,0.0,0.0,0.0,0.0,0.0,1.0,0.0,0.0,1.0,1072.0,0.0,1.0,28.0,0.0,0.0,0.0,0.0,3.0,0.0,0.0,0.0,0.0,20.0,0.9369315564979884,9.0,5.0,28.0,417.0,5.0,1.0,1920.0,1080.0,32.0,0.0,0
23.0,1.0,1.0,0.0,0.0,2.0,0.0,14.0,0.0,0.0,2.3474511380814786,0.0,0.0,32.0,0.0,0.0,0.0,0.0,0.0,1.0,0.0,0.0,1.0,1343.0,2.0,0.0,3.0,0.0,0.0,0.0,0.0,0.0,1.0,0.0,0.0,0.0,77.0,0.9997290044227225,6.0,5.0,3.0,141.0,6.0,1.0,1920.0,1080.0,16.0,0.0,0
31.0,1.0,1.0,0.0,0.0,2.0,0.0,14.0,0.0,0.0,2.2898691119078314,0.0,0.0,7.0,20.0,0.0,0.0,0.0,0.0,1.0,0.0,0.0,1.0,1353.0,1.0,0.0,15.0,0.0,0.0,0.0,0.0,1.0,0.0,0.0,0.0,0.0,71.0,0.9837961555262582,4.0,3.0,15.0,431.0,10.0,1.0,1920.0,1080.0,2.0,0.0,0
22.0,1.0,1.0,0.0,0.0,2.0,0.0,9.0,0.0,0.0,2.95198915914351,0.0,0.0,15.0,20.0,0.0,1.0,1.0,0.0,1.0,0.0,0.0,1.0,2491.0,0.0,0.0,4.0,0.0,0.0,0.0,0.0,2.0,0.0,0.0,0.0,0.0,28.0,0.9508539901547254,3.0,1.0,4.0,103.0,3.0,1.0,1920.0,1080.0,14.0,0.0,0
44.0,1.0,0.0,0.0,0.0,1.0,0.0,12.0,0.0,0.0,2.2280763789442712,0.0,0.0,28.0,0.0,0.0,0.0,0.0,0.0,1.0,0.0,0.0,1.0,633.0,1.0,0.0,27.0,0.0,0.0,0.0,0.0,2.0,1.0,0.0,0.0,0.0,80.0,0.9284651114501561,13.0,0.0,27.0,229.0,3.0,1.0,1920.0,1080.0,15.0,0.0,0
29.0,1.0,2.0,0.0,1.0,3.0,0.0,18.0,0.0,0.0,2.890100846388238,0.0,0.0,1.0,0.0,0.0,0.0,0.0,0.0,1.0,0.0,0.0,1.0,1424.0,0.0,0.0,26.0,0.0,0.0,0.0,0.0,1.0,0.0,1.0,0.0,0.0,45.0,0.9366091332485948,8.0,7.0,26.0,27.0,0.0,1.0,1920.0,1080.0,17.0,0.0,0
43.0,1.0,1.0,0.0,0.0,2.0,0.0,20.0,0.0,0.0,2.891557482531611,0.0,0.0,17.0,5.0,0.0,0.0,0.0,0.0,1.0,0.0,0.0,1.0,2313.0,1.0,0.0,19.0,1.0,0.0,0.0,0.0,2.0,3.0,0.0,0.0,1.0,53.0,0.9376574486111832,11.0,6.0,19.0,373.0,2.0,1.0,1920.0,1080.0,12.0,0.0,0
20.0,1.0,1.0,0.0,0.0,2.0,0.0,12.0,0.0,0.0,2.5032422904029854,0.0,0.0,10.0,0.0,0.0,1.0,1.0,0.0,1.0,0.0,0.0,1.0,1075.0,1.0,1.0,13.0,0.0,0.0,0.0,0.0,3.0,0.0,0.0,0.0,0.0,70.0,0.966239376519191,1.0,0.0,13.0,257.0,16.0,1.0,1280.0,800.0,5.0,0.0,0
40.0,1.0,1.0,0.0,0.0,2.0,0.0,19.0,0.0,0.0,3.190889313099184,0.0,0.0,30.0,5.0,0.0,0.0,0.0,0.0,1.0,0.0,0.0,1.0,1356.0,1.0,0.0,10.0,0.0,0.0,0.0,0.0,3.0,0.0,0.0,0.0,0.0,44.0,0.9903423866441574,13.0,8.0,10.0,453.0,11.0,1.0,1280.0,800.0,8.0,0.0,0
53.0,1.0,0.0,0.0,0.0,1.0,0.0,7.0,0.0,0.0,3.1397567749851696,0.0,0.0,2.0,0.0,0.0,1.0,1.0,0.0,1.0,0.0,0.0,1.0,655.0,1.0,1.0,5.0,1.0,1.0,0.0,0.0,0.0,1.0,0.0,0.0,1.0,114.0,0.9691492671876062,5.0,2.0,5.0,237.0,6.0,1.0,1920.0,1080.0,8.0,0.0,0
27.0,1.0,1.0,0.0,0.0,2.0,0.0,12.0,0.0,0.0,3.0911929289262163,0.0,0.0,10.0,20.0,0.0,0.0,0.0,0.0,1.0,0.0,0.0,1.0,1012.0,1.0,0.0,28.0,0.0,0.0,0.0,0.0,3.0,0.0,1.0,0.0,0.0,117.0,0.9329462882697294,11.0,6.0,28.0,236.0,3.0,1.0,1280.0,800.0,43.0,0.0,0
53.0,1.0,1.0,0.0,0.0,2.0,0.0,17.0,0.0,0.0,3.165956897736095,0.0,0.0,27.0,0.0,0.0,0.0,0.0,0.0,1.0,0.0,0.0,1.0,349.0,0.0,1.0,10.0,0.0,0.0,0.0,0.0,0.0,1.0,1.0,0.0,0.0,59.0,0.9930454000833893,11.0,3.0,10.0,240.0,18.0,1.0,1920.0,1080.0,10.0,0.0,0
48.0,1.0,0.0,0.0,1.0,1.0,0.0,16.0,0.0,0.0,2.408786796381768,0.0,0.0,27.0,0.0,0.0,0.0,0.0,0.0,1.0,0.0,0.0,1.0,1756.0,1.0,0.0,22.0,0.0,0.0,0.0,0.0,0.0,0.0,0.0,0.0,0.0,86.0,0.9947313380274876,3.0,2.0,22.0,213.0,17.0,1.0,1920.0,1080.0,36.0,0.0,0
24.0,1.0,0.0,0.0,0.0,1.0,0.0,16.0,0.0,0.0,3.372631039295026,0.0,0.0,8.0,0.0,0.0,0.0,0.0,0.0,1.0,0.0,0.0,1.0,1253.0,1.0,0.0,18.0,0.0,0.0,0.0,0.0,3.0,0.0,0.0,0.0,0.0,36.0,0.9930925902139487,13.0,3.0,18.0,378.0,12.0,1.0,1920.0,1080.0,12.0,0.0,0
31.0,1.0,1.0,0.0,0.0,2.0,0.0,16.0,0.0,0.0,2.860368846607045,0.0,0.0,27.0,0.0,0.0,0.0,0.0,0.0,1.0,0.0,0.0,1.0,1271.0,3.0,0.0,11.0,0.0,0.0,0.0,0.0,0.0,0.0,0.0,0.0,0.0,103.0,0.9736546783060108,10.0,4.0,11.0,369.0,9.0,1.0,1920.0,1080.0,10.0,0.0,0
36.0,1.0,0.0,0.0,0.0,1.0,0.0,8.0,0.0,0.0,3.1445120929917234,0.0,0.0,27.0,20.0,0.0,1.0,1.0,0.0,1.0,0.0,0.0,1.0,1890.0,3.0,0.0,27.0,1.0,1.0,0.0,1.0,1.0,3.0,0.0,0.0,1.0,68.0,0.9861982787267927,4.0,0.0,27.0,148.0,9.0,1.0,1920.0,1080.0,34.0,0.0,0
52.0,1.0,1.0,0.0,0.0,2.0,0.0,18.0,0.0,0.0,3.08287525253608,0.0,1.0,1.0,0.0,0.0,0.0,0.0,0.0,1.0,0.0,0.0,1.0,2219.0,1.0,0.0,23.0,0.0,0.0,0.0,0.0,3.0,0.0,0.0,0.0,0.0,32.0,0.9754020528993832,6.0,5.0,23.0,121.0,18.0,1.0,1920.0,1080.0,22.0,0.0,0
45.0,1.0,0.0,0.0,0.0,1.0,0.0,7.0,0.0,0.0,2.3831983105284573,0.0,0.0,25.0,0.0,0.0,0.0,0.0,0.0,1.0,0.0,0.0,1.0,321.0,2.0,1.0,25.0,0.0,0.0,0.0,0.0,2.0,1.0,0.0,0.0,0.0,31.0,0.9995846726569397,3.0,2.0,25.0,307.0,11.0,1.0,1920.0,1080.0,18.0,0.0,0
44.0,1.0,1.0,0.0,0.0,2.0,0.0,19.0,0.0,0.0,2.2813931397471117,0.0,0.0,0.0,0.0,0.0,1.0,1.0,0.0,1.0,0.0,0.0,1.0,815.0,0.0,0.0,25.0,0.0,0.0,0.0,0.0,2.0,0.0,0.0,0.0,0.0,84.0,0.9907059925462324,2.0,1.0,25.0,192.0,5.0,1.0,1280.0,800.0,24.0,0.0,0
33.0,1.0,1.0,0.0,0.0,2.0,0.0,13.0,0.0,0.0,2.349429663749467,0.0,0.0,25.0,0.0,0.0,0.0,0.0,0.0,1.0,0.0,0.0,1.0,415.0,0.0,1.0,22.0,0.0,0.0,0.0,0.0,3.0,1.0,0.0,0.0,0.0,64.0,0.9517666086266936,11.0,7.0,22.0,250.0,8.0,1.0,1280.0,800.0,43.0,0.0,0
39.0,1.0,0.0,0.0,0.0,1.0,0.0,18.0,0.0,0.0,2.2413633479141035,0.0,0.0,15.0,0.0,0.0,1.0,1.0,0.0,1.0,0.0,0.0,1.0,1707.0,0.0,0.0,16.0,0.0,0.0,0.0,0.0,3.0,0.0,0.0,0.0,0.0,47.0,0.9977115663879498,3.0,2.0,16.0,340.0,10.0,1.0,1280.0,800.0,12.0,0.0,0
43.0,1.0,1.0,0.0,2.0,2.0,0.0,8.0,0.0,0.0,3.073204984710163,0.0,0.0,15.0,0.0,0.0,0.0,0.0,0.0,1.0,0.0,0.0,1.0,1794.0,0.0,2.0,12.0,0.0,0.0,0.0,0.0,1.0,0.0,0.0,0.0,0.0,46.0,0.9815308896537476,13.0,5.0,12.0,445.0,18.0,1.0,1920.0,1080.0,25.0,0.0,0
36.0,1.0,2.0,0.0,0.0,3.0,0.0,8.0,0.0,0.0,2.67420218329197,0.0,0.0,34.0,0.0,0.0,1.0,1.0,0.0,1.0,0.0,0.0,1.0,650.0,0.0,0.0,15.0,0.0,0.0,0.0,0.0,2.0,0.0,0.0,0.0,0.0,67.0,0.9637860861842694,5.0,4.0,15.0,92.0,11.0,1.0,1920.0,1080.0,7.0,0.0,0
37.0,1.0,2.0,0.0,2.0,3.0,0.0,7.0,0.0,0.0,2.493269796391986,0.0,0.0,30.0,0.0,0.0,0.0,0.0,0.0,1.0,0.0,0.0,1.0,1939.0,2.0,0.0,21.0,0.0,0.0,0.0,0.0,2.0,0.0,0.0,0.0,0.0,19.0,0.9911406723448511,1.0,0.0,21.0,105.0,6.0,1.0,1920.0,1080.0,43.0,0.0,0
47.0,1.0,1.0,0.0,0.0,2.0,0.0,21.0,0.0,0.0,2.5519130748155714,0.0,0.0,30.0,0.0,0.0,1.0,1.0,0.0,1.0,0.0,0.0,1.0,127.0,2.0,0.0,3.0,0.0,0.0,0.0,0.0,0.0,0.0,1.0,0.0,0.0,115.0,0.9630117969150026,1.0,0.0,3.0,447.0,5.0,1.0,1920.0,1080.0,9.0,0.0,0
48.0,1.0,0.0,0.0,0.0,1.0,0.0,21.0,0.0,0.0,2.636619932308622,0.0,0.0,9.0,0.0,0.0,0.0,0.0,0.0,1.0,0.0,0.0,1.0,379.0,0.0,0.0,4.0,0.0,0.0,0.0,0.0,0.0,0.0,1.0,0.0,0.0,59.0,0.937091940061331,1.0,0.0,4.0,384.0,9.0,1.0,1280.0,800.0,42.0,0.0,0
25.0,1.0,0.0,0.0,0.0,1.0,0.0,15.0,0.0,0.0,3.2794427521901115,0.0,0.0,18.0,0.0,0.0,1.0,1.0,0.0,1.0,0.0,0.0,1.0,838.0,1.0,0.0,8.0,0.0,0.0,0.0,0.0,1.0,0.0,0.0,0.0,0.0,64.0,0.957717987781814,14.0,6.0,8.0,300.0,14.0,1.0,1280.0,800.0,12.0,0.0,0
27.0,1.0,1.0,0.0,0.0,2.0,0.0,7.0,0.0,0.0,3.266590291907984,0.0,0.0,15.0,0.0,0.0,1.0,1.0,0.0,1.0,0.0,0.0,1.0,1882.0,1.0,0.0,22.0,0.0,0.0,0.0,0.0,1.0,0.0,0.0,0.0,0.0,69.0,0.9768308964021851,7.0,5.0,22.0,370.0,7.0,1.0,1920.0,1080.0,20.0,0.0,0
29.0,1.0,2.0,0.0,0.0,3.0,0.0,20.0,0.0,0.0,2.1132191683865384,0.0,0.0,32.0,0.0,0.0,1.0,1.0,0.0,1.0,0.0,0.0,0.0,2093.0,0.0,0.0,22.0,0.0,0.0,0.0,0.0,0.0,0.0,0.0,0.0,0.0,100.0,0.9480024693953107,6.0,5.0,22.0,380.0,0.0,1.0,1920.0,1080.0,26.0,0.0,0
52.0,1.0,0.0,0.0,0.0,1.0,0.0,7.0,0.0,0.0,2.37841673895719,0.0,0.0,28.0,0.0,0.0,1.0,1.0,0.0,1.0,0.0,0.0,1.0,1112.0,1.0,0.0,29.0,0.0,0.0,0.0,0.0,2.0,1.0,0.0,0.0,0.0,57.0,0.9727388662065195,2.0,1.0,29.0,163.0,3.0,1.0,1920.0,1080.0,26.0,0.0,0
18.0,1.0,1.0,0.0,0.0,2.0,0.0,8.0,0.0,0.0,2.2388796159903164,0.0,0.0,0.0,0.0,0.0,0.0,0.0,0.0,1.0,0.0,0.0,1.0,2087.0,1.0,0.0,22.0,0.0,0.0,0.0,0.0,0.0,0.0,0.0,0.0,0.0,42.0,0.9312660626264218,4.0,3.0,22.0,238.0,2.0,1.0,1920.0,1080.0,41.0,0.0,0
24.0,1.0,1.0,0.0,0.0,2.0,0.0,13.0,0.0,0.0,2.8641853734310088,0.0,0.0,26.0,5.0,0.0,1.0,1.0,0.0,1.0,0.0,0.0,1.0,1022.0,1.0,0.0,2.0,0.0,0.0,0.0,0.0,3.0,0.0,0.0,0.0,0.0,49.0,0.9696268479631641,10.0,5.0,2.0,185.0,9.0,1.0,1280.0,800.0,28.0,0.0,0
44.0,1.0,0.0,0.0,0.0,1.0,0.0,19.0,0.0,0.0,2.412663038534373,0.0,0.0,23.0,0.0,0.0,1.0,1.0,0.0,1.0,0.0,0.0,1.0,1162.0,1.0,0.0,7.0,1.0,1.0,0.0,0.0,3.0,1.0,0.0,0.0,1.0,35.0,0.9321797251672286,1.0,0.0,7.0,220.0,6.0,1.0,1920.0,1080.0,5.0,0.0,0
21.0,1.0,1.0,0.0,0.0,2.0,0.0,9.0,0.0,0.0,3.0268532826497965,0.0,0.0,5.0,0.0,0.0,0.0,0.0,0.0,1.0,0.0,0.0,1.0,1744.0,1.0,0.0,11.0,0.0,0.0,0.0,0.0,3.0,0.0,0.0,0.0,0.0,74.0,0.9751140187499515,11.0,2.0,11.0,269.0,14.0,1.0,1920.0,1080.0,20.0,0.0,0
23.0,1.0,0.0,0.0,0.0,1.0,0.0,10.0,0.0,0.0,2.724258686054576,0.0,0.0,32.0,0.0,0.0,0.0,0.0,0.0,1.0,0.0,0.0,1.0,904.0,0.0,0.0,11.0,0.0,0.0,0.0,0.0,3.0,0.0,0.0,0.0,0.0,99.0,0.9327240742882353,2.0,1.0,11.0,313.0,6.0,1.0,1920.0,1080.0,4.0,0.0,0
53.0,1.0,1.0,0.0,0.0,2.0,0.0,9.0,0.0,0.0,2.5103248935412656,0.0,0.0,25.0,0.0,0.0,0.0,0.0,0.0,1.0,0.0,0.0,1.0,623.0,1.0,0.0,14.0,0.0,0.0,0.0,0.0,3.0,0.0,0.0,0.0,0.0,43.0,0.9841047920487026,6.0,5.0,14.0,114.0,2.0,1.0,1280.0,800.0,31.0,0.0,0
22.0,1.0,1.0,0.0,0.0,2.0,0.0,15.0,0.0,0.0,3.0762001155352423,0.0,0.0,34.0,0.0,0.0,0.0,0.0,0.0,1.0,0.0,0.0,1.0,658.0,2.0,0.0,2.0,0.0,0.0,0.0,0.0,3.0,0.0,0.0,0.0,0.0,64.0,0.991415141205859,9.0,8.0,2.0,414.0,1.0,1.0,1920.0,1080.0,3.0,0.0,0
27.0,1.0,1.0,0.0,0.0,2.0,0.0,20.0,0.0,0.0,2.944452831685983,0.0,0.0,14.0,5.0,0.0,0.0,0.0,0.0,1.0,0.0,0.0,1.0,527.0,2.0,1.0,29.0,0.0,0.0,0.0,0.0,2.0,0.0,0.0,0.0,0.0,31.0,0.932597072857282,7.0,3.0,29.0,172.0,6.0,1.0,1280.0,800.0,6.0,0.0,0
20.0,1.0,1.0,0.0,0.0,2.0,0.0,17.0,0.0,0.0,2.8609014343576633,0.0,0.0,20.0,0.0,0.0,1.0,1.0,0.0,1.0,0.0,0.0,1.0,1728.0,0.0,0.0,23.0,0.0,0.0,0.0,0.0,2.0,0.0,0.0,0.0,0.0,100.0,0.9471717488156504,9.0,7.0,23.0,390.0,16.0,1.0,1920.0,1080.0,17.0,0.0,0
48.0,1.0,2.0,0.0,1.0,3.0,0.0,19.0,0.0,0.0,2.732995747137049,0.0,0.0,21.0,0.0,0.0,1.0,1.0,0.0,1.0,0.0,0.0,1.0,610.0,1.0,0.0,11.0,1.0,0.0,0.0,0.0,2.0,1.0,0.0,0.0,1.0,31.0,0.9851149364170428,5.0,4.0,11.0,378.0,6.0,1.0,1920.0,1080.0,16.0,0.0,0
40.0,1.0,0.0,0.0,0.0,1.0,0.0,21.0,0.0,0.0,3.2800940471283186,0.0,0.0,1.0,0.0,0.0,0.0,0.0,0.0,1.0,0.0,0.0,1.0,1750.0,1.0,0.0,16.0,0.0,0.0,0.0,0.0,0.0,0.0,0.0,0.0,0.0,60.0,0.953085319322281,12.0,6.0,16.0,320.0,5.0,1.0,1920.0,1080.0,33.0,0.0,0
46.0,1.0,1.0,0.0,0.0,2.0,0.0,8.0,0.0,0.0,2.6605217939718306,0.0,0.0,20.0,20.0,0.0,0.0,0.0,0.0,1.0,0.0,0.0,1.0,287.0,0.0,0.0,5.0,0.0,0.0,0.0,0.0,3.0,0.0,0.0,0.0,0.0,54.0,0.9964474657963583,2.0,1.0,5.0,86.0,15.0,1.0,1280.0,800.0,29.0,0.0,0
49.0,1.0,0.0,0.0,0.0,1.0,0.0,11.0,0.0,0.0,2.5575883809349507,0.0,0.0,32.0,0.0,0.0,0.0,0.0,0.0,1.0,0.0,0.0,1.0,1507.0,1.0,0.0,10.0,0.0,0.0,0.0,0.0,3.0,1.0,0.0,0.0,0.0,67.0,0.9935066633738143,13.0,5.0,10.0,489.0,19.0,1.0,1920.0,1080.0,39.0,0.0,0
51.0,1.0,1.0,0.0,1.0,2.0,0.0,13.0,0.0,0.0,3.171413251832515,0.0,0.0,22.0,0.0,0.0,1.0,1.0,0.0,1.0,0.0,0.0,1.0,633.0,0.0,0.0,13.0,0.0,0.0,0.0,0.0,3.0,0.0,0.0,0.0,0.0,98.0,0.9245136467765775,12.0,6.0,13.0,474.0,13.0,1.0,1280.0,800.0,11.0,0.0,0
39.0,1.0,1.0,0.0,0.0,2.0,0.0,14.0,0.0,0.0,2.2416476878903353,0.0,0.0,18.0,0.0,0.0,1.0,1.0,0.0,1.0,0.0,0.0,1.0,1799.0,1.0,0.0,23.0,0.0,0.0,0.0,0.0,1.0,0.0,0.0,0.0,0.0,39.0,0.9883478664298668,10.0,0.0,23.0,299.0,19.0,1.0,1920.0,1080.0,3.0,0.0,0
22.0,0.0,1.0,0.0,0.0,2.0,0.0,14.0,0.0,0.0,3.0274185007956023,0.0,0.0,24.0,0.0,0.0,1.0,1.0,0.0,0.0,0.0,0.0,0.0,1222.0,2.0,0.0,24.0,0.0,0.0,0.0,0.0,3.0,0.0,0.0,0.0,0.0,71.0,0.27696977396634104,10.0,2.0,24.0,226.0,10.0,1.0,1280.0,800.0,10.0,0.0,0
43.0,1.0,1.0,0.0,1.0,2.0,0.0,10.0,0.0,0.0,2.7310255598539728,0.0,0.0,0.0,0.0,0.0,1.0,1.0,0.0,1.0,0.0,0.0,1.0,240.0,2.0,0.0,7.0,0.0,0.0,0.0,0.0,1.0,1.0,1.0,0.0,0.0,105.0,0.9961549195740118,10.0,0.0,7.0,206.0,12.0,1.0,1920.0,1080.0,15.0,0.0,0
47.0,1.0,0.0,0.0,0.0,1.0,0.0,15.0,0.0,0.0,3.381759252743355,0.0,0.0,13.0,0.0,0.0,1.0,1.0,0.0,1.0,0.0,0.0,1.0,1359.0,1.0,0.0,29.0,1.0,1.0,0.0,0.0,2.0,1.0,0.0,0.0,1.0,79.0,0.9203060379557382,11.0,7.0,29.0,468.0,16.0,1.0,1280.0,800.0,8.0,0.0,0
52.0,1.0,1.0,0.0,1.0,2.0,0.0,19.0,0.0,0.0,2.4346480076500296,0.0,0.0,32.0,0.0,0.0,0.0,0.0,0.0,1.0,0.0,0.0,1.0,950.0,0.0,0.0,19.0,0.0,0.0,0.0,0.0,1.0,0.0,0.0,0.0,0.0,104.0,0.9465210821245363,2.0,1.0,19.0,473.0,19.0,1.0,1280.0,800.0,10.0,0.0,0
46.0,1.0,0.0,0.0,1.0,1.0,0.0,18.0,0.0,0.0,2.817304267295793,0.0,0.0,4.0,5.0,0.0,0.0,0.0,0.0,1.0,0.0,0.0,1.0,1732.0,2.0,0.0,3.0,0.0,0.0,0.0,0.0,0.0,0.0,0.0,0.0,0.0,57.0,0.9968479393082431,14.0,2.0,3.0,142.0,1.0,1.0,1920.0,1080.0,7.0,0.0,0
33.0,1.0,2.0,0.0,2.0,3.0,0.0,16.0,0.0,0.0,2.655229781253588,0.0,0.0,15.0,0.0,0.0,1.0,1.0,0.0,1.0,0.0,0.0,1.0,1579.0,0.0,0.0,20.0,0.0,0.0,0.0,0.0,0.0,0.0,0.0,0.0,0.0,89.0,0.9238725298825591,14.0,9.0,20.0,102.0,7.0,1.0,1920.0,1080.0,41.0,0.0,0
38.0,0.0,0.0,0.0,0.0,1.0,0.0,8.0,0.0,0.0,2.925546578667454,0.0,0.0,20.0,0.0,0.0,1.0,1.0,0.0,0.0,0.0,0.0,0.0,1846.0,0.0,1.0,26.0,0.0,0.0,0.0,0.0,1.0,0.0,0.0,0.0,0.0,52.0,0.12286454659590351,5.0,4.0,26.0,309.0,13.0,1.0,1920.0,1080.0,3.0,0.0,0
44.0,1.0,1.0,0.0,1.0,2.0,0.0,15.0,0.0,0.0,2.487495034280187,0.0,0.0,31.0,0.0,0.0,0.0,0.0,0.0,1.0,0.0,0.0,1.0,639.0,1.0,1.0,19.0,0.0,0.0,0.0,0.0,0.0,0.0,0.0,0.0,0.0,117.0,0.955958105632884,7.0,6.0,19.0,330.0,17.0,1.0,1280.0,800.0,32.0,0.0,0
23.0,1.0,1.0,0.0,1.0,2.0,0.0,13.0,0.0,0.0,2.260796035144958,0.0,0.0,13.0,0.0,0.0,1.0,1.0,0.0,1.0,0.0,0.0,1.0,670.0,2.0,1.0,10.0,0.0,0.0,0.0,0.0,3.0,1.0,0.0,0.0,0.0,104.0,0.9620494786764815,2.0,1.0,10.0,263.0,18.0,1.0,1920.0,1080.0,34.0,0.0,0
54.0,1.0,0.0,0.0,0.0,1.0,0.0,9.0,0.0,0.0,2.2658100840485687,0.0,0.0,14.0,0.0,0.0,0.0,0.0,0.0,1.0,0.0,0.0,1.0,1233.0,2.0,0.0,5.0,0.0,0.0,0.0,0.0,0.0,1.0,0.0,0.0,0.0,39.0,0.9894424106658437,14.0,0.0,5.0,25.0,4.0,1.0,1280.0,800.0,38.0,0.0,0
30.0,1.0,1.0,0.0,0.0,2.0,0.0,17.0,0.0,0.0,2.5298021846060674,0.0,0.0,17.0,0.0,0.0,0.0,0.0,0.0,1.0,0.0,0.0,1.0,1131.0,2.0,0.0,11.0,0.0,0.0,0.0,0.0,2.0,0.0,0.0,0.0,0.0,28.0,0.9876978556980919,7.0,1.0,11.0,103.0,15.0,1.0,1920.0,1080.0,34.0,0.0,0
28.0,1.0,1.0,0.0,1.0,2.0,0.0,14.0,0.0,0.0,2.1681729589354433,0.0,0.0,22.0,0.0,0.0,0.0,0.0,0.0,1.0,0.0,0.0,1.0,2124.0,2.0,0.0,2.0,1.0,0.0,0.0,1.0,0.0,3.0,0.0,0.0,1.0,100.0,0.9976306512037632,7.0,6.0,2.0,255.0,1.0,1.0,1920.0,1080.0,2.0,0.0,0
33.0,1.0,2.0,0.0,0.0,3.0,0.0,15.0,0.0,0.0,2.719205612362285,0.0,0.0,15.0,0.0,0.0,0.0,0.0,0.0,1.0,0.0,0.0,1.0,1124.0,1.0,1.0,4.0,0.0,0.0,0.0,0.0,3.0,0.0,0.0,0.0,0.0,81.0,0.9268266385839333,8.0,6.0,4.0,308.0,12.0,1.0,1920.0,1080.0,5.0,0.0,0
32.0,1.0,0.0,0.0,0.0,1.0,0.0,13.0,0.0,0.0,2.681029258349814,0.0,0.0,34.0,0.0,0.0,0.0,0.0,0.0,1.0,0.0,0.0,1.0,805.0,1.0,1.0,12.0,0.0,0.0,0.0,0.0,1.0,1.0,0.0,0.0,0.0,113.0,0.9753178898676683,1.0,0.0,12.0,255.0,9.0,1.0,1920.0,1080.0,41.0,0.0,0
23.0,1.0,1.0,0.0,0.0,2.0,0.0,14.0,0.0,0.0,2.2711643701637483,0.0,0.0,16.0,0.0,0.0,0.0,0.0,0.0,1.0,0.0,0.0,1.0,1482.0,1.0,0.0,5.0,0.0,0.0,0.0,0.0,1.0,0.0,0.0,0.0,0.0,56.0,0.9869713871909782,2.0,1.0,5.0,437.0,4.0,1.0,1920.0,1080.0,17.0,0.0,0
47.0,1.0,1.0,0.0,0.0,2.0,0.0,15.0,0.0,0.0,2.8187970619072873,0.0,0.0,21.0,0.0,0.0,0.0,0.0,0.0,1.0,0.0,0.0,1.0,2434.0,0.0,1.0,24.0,0.0,0.0,0.0,0.0,2.0,0.0,0.0,0.0,0.0,87.0,0.9963864511794643,11.0,9.0,24.0,340.0,8.0,1.0,1920.0,1080.0,38.0,0.0,0
24.0,1.0,1.0,0.0,0.0,2.0,0.0,19.0,0.0,0.0,3.0799180719822523,0.0,0.0,0.0,5.0,0.0,1.0,1.0,0.0,1.0,0.0,0.0,1.0,515.0,0.0,0.0,8.0,0.0,0.0,0.0,0.0,1.0,0.0,0.0,0.0,0.0,72.0,0.9721504057338458,1.0,0.0,8.0,98.0,14.0,1.0,1280.0,800.0,4.0,0.0,0
22.0,1.0,1.0,0.0,0.0,2.0,0.0,18.0,0.0,0.0,2.372210768242475,0.0,0.0,15.0,0.0,0.0,0.0,0.0,0.0,1.0,0.0,0.0,1.0,430.0,1.0,2.0,11.0,0.0,0.0,0.0,0.0,3.0,0.0,0.0,0.0,0.0,32.0,0.9214259069808074,3.0,2.0,11.0,27.0,14.0,1.0,1920.0,1080.0,5.0,0.0,0
36.0,1.0,1.0,0.0,0.0,2.0,0.0,7.0,0.0,0.0,2.2795812480353623,0.0,0.0,34.0,0.0,0.0,0.0,0.0,0.0,1.0,0.0,0.0,1.0,1578.0,0.0,0.0,27.0,0.0,0.0,0.0,0.0,1.0,0.0,0.0,0.0,0.0,119.0,0.9551187331117477,8.0,7.0,27.0,486.0,19.0,1.0,1920.0,1080.0,3.0,0.0,0
25.0,1.0,1.0,0.0,0.0,2.0,0.0,21.0,0.0,0.0,2.9109666372092735,0.0,0.0,17.0,0.0,0.0,0.0,0.0,0.0,1.0,0.0,0.0,1.0,1056.0,1.0,0.0,6.0,0.0,0.0,0.0,0.0,0.0,0.0,0.0,0.0,0.0,48.0,0.9477770754977635,7.0,6.0,6.0,249.0,4.0,1.0,1920.0,1080.0,25.0,0.0,0
39.0,1.0,1.0,0.0,0.0,2.0,0.0,21.0,0.0,0.0,2.401114205210639,0.0,0.0,12.0,5.0,0.0,0.0,0.0,0.0,1.0,0.0,0.0,1.0,2427.0,1.0,0.0,23.0,0.0,0.0,0.0,0.0,1.0,0.0,0.0,0.0,0.0,96.0,0.9740770636946493,14.0,5.0,23.0,343.0,16.0,1.0,1920.0,1080.0,27.0,0.0,0
47.0,1.0,1.0,0.0,0.0,2.0,0.0,8.0,0.0,0.0,2.788151291935197,0.0,0.0,1.0,5.0,0.0,0.0,0.0,0.0,1.0,0.0,0.0,1.0,1199.0,3.0,1.0,23.0,0.0,0.0,0.0,0.0,0.0,0.0,0.0,0.0,0.0,52.0,0.9604529495054278,12.0,6.0,23.0,217.0,11.0,1.0,1280.0,800.0,10.0,0.0,0
26.0,1.0,2.0,0.0,1.0,3.0,0.0,8.0,0.0,0.0,3.341128677951885,0.0,1.0,20.0,0.0,0.0,0.0,0.0,0.0,1.0,0.0,0.0,1.0,2107.0,0.0,0.0,17.0,0.0,0.0,0.0,0.0,3.0,0.0,1.0,0.0,0.0,59.0,0.9899201862483422,3.0,2.0,17.0,134.0,0.0,1.0,1920.0,1080.0,40.0,0.0,0
20.0,1.0,1.0,0.0,0.0,2.0,0.0,19.0,0.0,0.0,2.7523647892006675,0.0,0.0,3.0,5.0,0.0,0.0,0.0,0.0,1.0,0.0,0.0,1.0,2256.0,1.0,1.0,17.0,0.0,0.0,0.0,0.0,2.0,0.0,0.0,0.0,0.0,28.0,0.9288000768317384,6.0,5.0,17.0,165.0,3.0,1.0,1920.0,1080.0,21.0,0.0,0
44.0,1.0,1.0,0.0,0.0,2.0,0.0,20.0,0.0,0.0,3.317922242270525,0.0,0.0,7.0,0.0,0.0,0.0,0.0,0.0,1.0,0.0,0.0,1.0,1184.0,0.0,0.0,10.0,0.0,0.0,0.0,0.0,1.0,1.0,0.0,0.0,0.0,52.0,0.9481065899838873,10.0,0.0,10.0,499.0,3.0,1.0,1280.0,800.0,41.0,0.0,0
39.0,1.0,0.0,0.0,0.0,1.0,0.0,15.0,0.0,0.0,2.81222417486359,0.0,0.0,32.0,0.0,0.0,1.0,1.0,0.0,1.0,0.0,0.0,1.0,268.0,1.0,1.0,17.0,1.0,0.0,0.0,0.0,3.0,3.0,0.0,0.0,1.0,53.0,0.9547516956858733,5.0,4.0,17.0,428.0,12.0,1.0,1280.0,800.0,19.0,0.0,0
34.0,1.0,0.0,0.0,0.0,1.0,0.0,13.0,0.0,0.0,2.594340646239352,0.0,0.0,2.0,0.0,0.0,1.0,1.0,0.0,1.0,0.0,0.0,1.0,115.0,2.0,0.0,23.0,0.0,0.0,0.0,0.0,2.0,0.0,0.0,0.0,0.0,72.0,0.9474188100573914,14.0,5.0,23.0,299.0,7.0,1.0,1920.0,1080.0,28.0,0.0,0
51.0,1.0,1.0,0.0,0.0,2.0,0.0,20.0,0.0,0.0,3.1189323213468505,0.0,1.0,4.0,0.0,0.0,0.0,0.0,0.0,1.0,0.0,0.0,1.0,162.0,0.0,0.0,24.0,0.0,0.0,0.0,0.0,0.0,0.0,0.0,0.0,0.0,19.0,0.9776217522227533,9.0,7.0,24.0,442.0,12.0,1.0,1920.0,1080.0,23.0,0.0,0
35.0,1.0,1.0,0.0,0.0,2.0,0.0,13.0,2.0,0.15384615384615385,3.25978146331061,0.0,0.0,34.0,0.0,0.0,0.0,0.0,0.0,1.0,0.0,0.0,1.0,415.0,0.0,0.0,9.0,0.0,0.0,0.0,0.0,0.0,0.0,0.0,0.0,0.0,33.0,0.9572099567010044,6.0,5.0,9.0,54.0,5.0,1.0,1920.0,1080.0,39.0,0.0,0
48.0,1.0,0.0,0.0,0.0,1.0,0.0,7.0,0.0,0.0,2.417427754820433,0.0,0.0,7.0,0.0,0.0,0.0,0.0,0.0,1.0,0.0,0.0,1.0,2456.0,1.0,0.0,20.0,0.0,0.0,0.0,0.0,2.0,0.0,0.0,0.0,0.0,81.0,0.9782845105512525,6.0,5.0,20.0,440.0,19.0,1.0,1920.0,1080.0,14.0,0.0,0
34.0,1.0,1.0,0.0,2.0,2.0,0.0,17.0,0.0,0.0,2.508923391915241,0.0,0.0,31.0,0.0,0.0,1.0,1.0,0.0,1.0,0.0,0.0,1.0,432.0,0.0,0.0,12.0,0.0,0.0,0.0,0.0,2.0,0.0,0.0,0.0,0.0,117.0,0.9517457117538424,3.0,2.0,12.0,269.0,12.0,1.0,1920.0,1080.0,27.0,0.0,0
19.0,1.0,0.0,0.0,0.0,1.0,0.0,9.0,0.0,0.0,2.7132455851615607,0.0,0.0,5.0,0.0,0.0,0.0,0.0,0.0,1.0,0.0,0.0,1.0,532.0,1.0,0.0,6.0,0.0,0.0,0.0,0.0,1.0,0.0,0.0,0.0,0.0,82.0,0.9383896347638541,5.0,4.0,6.0,433.0,1.0,1.0,1920.0,1080.0,16.0,0.0,0
32.0,1.0,1.0,0.0,0.0,2.0,0.0,17.0,0.0,0.0,2.680130692613156,0.0,0.0,1.0,0.0,0.0,0.0,0.0,0.0,1.0,0.0,0.0,1.0,1726.0,2.0,0.0,4.0,0.0,0.0,0.0,0.0,2.0,0.0,1.0,0.0,0.0,52.0,0.9731517766410095,5.0,4.0,4.0,168.0,13.0,1.0,1920.0,1080.0,21.0,0.0,0
38.0,1.0,1.0,0.0,0.0,2.0,0.0,11.0,0.0,0.0,3.3041200568964744,0.0,0.0,6.0,0.0,0.0,1.0,1.0,0.0,1.0,0.0,0.0,1.0,2372.0,1.0,0.0,19.0,1.0,0.0,0.0,0.0,3.0,3.0,0.0,0.0,1.0,54.0,0.9436113997766884,2.0,0.0,19.0,52.0,5.0,1.0,1920.0,1080.0,6.0,0.0,0
33.0,1.0,0.0,0.0,0.0,1.0,0.0,17.0,0.0,0.0,2.8582765190399138,0.0,0.0,26.0,0.0,0.0,0.0,0.0,0.0,1.0,0.0,0.0,1.0,1971.0,1.0,0.0,15.0,0.0,0.0,0.0,0.0,0.0,0.0,0.0,0.0,0.0,47.0,0.9345975780920652,4.0,0.0,15.0,334.0,0.0,1.0,1920.0,1080.0,18.0,0.0,0
45.0,1.0,2.0,0.0,0.0,3.0,0.0,17.0,2.0,0.11764705882352941,2.801947261441473,0.0,1.0,34.0,0.0,0.0,1.0,1.0,0.0,1.0,0.0,0.0,1.0,336.0,0.0,0.0,23.0,0.0,0.0,0.0,0.0,0.0,0.0,0.0,0.0,0.0,84.0,0.9510844237309375,12.0,4.0,23.0,494.0,18.0,1.0,1920.0,1080.0,4.0,0.0,0
54.0,1.0,2.0,0.0,0.0,3.0,0.0,21.0,0.0,0.0,2.707956193035517,0.0,0.0,32.0,0.0,0.0,1.0,1.0,0.0,1.0,0.0,0.0,1.0,972.0,1.0,0.0,18.0,0.0,0.0,0.0,0.0,1.0,0.0,0.0,0.0,0.0,15.0,0.9723587512545896,3.0,2.0,18.0,224.0,3.0,1.0,1920.0,1080.0,42.0,0.0,0
18.0,1.0,1.0,0.0,0.0,2.0,0.0,12.0,0.0,0.0,2.48805726679094,0.0,0.0,0.0,0.0,0.0,0.0,0.0,0.0,1.0,0.0,0.0,1.0,236.0,0.0,0.0,13.0,0.0,0.0,0.0,0.0,2.0,1.0,0.0,0.0,0.0,97.0,0.9882405984063617,10.0,2.0,13.0,190.0,18.0,1.0,1920.0,1080.0,44.0,0.0,0
26.0,1.0,1.0,0.0,0.0,2.0,0.0,15.0,0.0,0.0,2.7634823551319685,0.0,0.0,12.0,20.0,0.0,0.0,0.0,0.0,1.0,0.0,0.0,1.0,1359.0,0.0,1.0,9.0,0.0,0.0,0.0,0.0,1.0,0.0,0.0,0.0,0.0,76.0,0.9376781063278508,14.0,7.0,9.0,24.0,8.0,1.0,1920.0,1080.0,22.0,0.0,0
30.0,1.0,1.0,0.0,0.0,2.0,0.0,12.0,0.0,0.0,3.277928183018755,0.0,0.0,31.0,5.0,0.0,0.0,0.0,0.0,1.0,0.0,0.0,1.0,1283.0,1.0,0.0,14.0,0.0,0.0,0.0,0.0,2.0,1.0,0.0,0.0,0.0,20.0,0.9404263699526751,9.0,5.0,14.0,457.0,1.0,1.0,1280.0,800.0,11.0,0.0,0
24.0,1.0,1.0,0.0,0.0,2.0,0.0,7.0,0.0,0.0,3.1929848643868164,0.0,0.0,12.0,5.0,0.0,1.0,1.0,0.0,1.0,0.0,0.0,1.0,1665.0,0.0,1.0,29.0,0.0,0.0,0.0,0.0,3.0,0.0,0.0,0.0,0.0,59.0,0.9817401952923861,12.0,9.0,29.0,153.0,14.0,1.0,1920.0,1080.0,18.0,0.0,0
19.0,1.0,0.0,0.0,0.0,1.0,0.0,7.0,0.0,0.0,2.2439805709628557,0.0,0.0,28.0,0.0,0.0,0.0,0.0,0.0,1.0,0.0,0.0,1.0,1903.0,0.0,0.0,2.0,0.0,0.0,0.0,0.0,3.0,0.0,0.0,0.0,0.0,107.0,0.9746995593306284,11.0,1.0,2.0,169.0,3.0,1.0,1920.0,1080.0,17.0,0.0,0
32.0,1.0,0.0,0.0,0.0,1.0,0.0,8.0,0.0,0.0,2.8480881677681626,0.0,0.0,10.0,5.0,0.0,0.0,0.0,0.0,1.0,0.0,0.0,1.0,817.0,1.0,0.0,17.0,0.0,0.0,1.0,0.0,2.0,0.0,1.0,0.0,1.0,78.0,0.9969820029153532,7.0,1.0,17.0,228.0,11.0,1.0,1920.0,1080.0,12.0,0.0,0
46.0,1.0,0.0,0.0,0.0,1.0,0.0,12.0,0.0,0.0,3.1079182593548214,0.0,0.0,31.0,5.0,0.0,1.0,1.0,0.0,1.0,0.0,0.0,1.0,2224.0,1.0,1.0,13.0,0.0,0.0,0.0,0.0,2.0,0.0,0.0,0.0,0.0,74.0,0.9239816488657769,3.0,1.0,13.0,170.0,3.0,1.0,1280.0,800.0,27.0,0.0,0
53.0,1.0,1.0,0.0,0.0,2.0,0.0,21.0,0.0,0.0,2.4437168231828172,0.0,0.0,6.0,0.0,0.0,0.0,0.0,0.0,1.0,0.0,0.0,1.0,718.0,2.0,0.0,23.0,0.0,0.0,0.0,0.0,2.0,1.0,0.0,0.0,0.0,49.0,0.961156421220459,3.0,2.0,23.0,24.0,16.0,1.0,1920.0,1080.0,27.0,0.0,0
47.0,1.0,1.0,0.0,0.0,2.0,0.0,17.0,0.0,0.0,3.196599718857329,0.0,1.0,33.0,0.0,0.0,1.0,1.0,0.0,1.0,0.0,0.0,1.0,1088.0,0.0,0.0,28.0,0.0,0.0,0.0,0.0,0.0,0.0,0.0,0.0,0.0,84.0,0.9600865242021632,7.0,6.0,28.0,321.0,1.0,1.0,1920.0,1080.0,16.0,0.0,0
35.0,1.0,1.0,0.0,0.0,2.0,0.0,20.0,0.0,0.0,2.481487339079203,0.0,0.0,5.0,0.0,0.0,1.0,1.0,0.0,1.0,0.0,0.0,1.0,953.0,1.0,0.0,5.0,1.0,1.0,0.0,0.0,0.0,3.0,0.0,0.0,1.0,85.0,0.9895944126783567,12.0,0.0,5.0,74.0,0.0,1.0,1920.0,1080.0,34.0,0.0,0
23.0,1.0,1.0,0.0,0.0,2.0,0.0,12.0,0.0,0.0,2.6931800106419175,0.0,0.0,4.0,0.0,0.0,0.0,0.0,0.0,1.0,0.0,0.0,1.0,965.0,0.0,1.0,10.0,0.0,0.0,0.0,0.0,1.0,0.0,0.0,0.0,0.0,102.0,0.9424088290545779,2.0,1.0,10.0,66.0,14.0,1.0,1920.0,1080.0,10.0,0.0,0
34.0,1.0,0.0,0.0,0.0,1.0,0.0,9.0,0.0,0.0,2.208837603742764,0.0,0.0,1.0,5.0,0.0,0.0,0.0,0.0,1.0,0.0,0.0,1.0,828.0,1.0,1.0,13.0,0.0,0.0,0.0,0.0,3.0,0.0,0.0,0.0,0.0,75.0,0.9401585913276133,12.0,4.0,13.0,338.0,13.0,1.0,1920.0,1080.0,11.0,0.0,0
35.0,1.0,1.0,0.0,1.0,2.0,0.0,9.0,0.0,0.0,2.2999526132277883,0.0,0.0,18.0,0.0,0.0,0.0,0.0,0.0,1.0,0.0,0.0,1.0,1294.0,1.0,0.0,18.0,0.0,0.0,0.0,0.0,2.0,0.0,0.0,0.0,0.0,19.0,0.9571803788154686,7.0,2.0,18.0,423.0,16.0,1.0,1280.0,800.0,3.0,0.0,0
40.0,1.0,1.0,0.0,1.0,2.0,0.0,20.0,1.0,0.05,2.2935598617386126,0.0,0.0,26.0,0.0,0.0,0.0,0.0,0.0,1.0,0.0,0.0,1.0,970.0,1.0,2.0,23.0,0.0,0.0,0.0,1.0,3.0,0.0,0.0,0.0,1.0,66.0,0.9538061200561744,9.0,1.0,23.0,234.0,18.0,1.0,1920.0,1080.0,26.0,0.0,0
28.0,1.0,0.0,0.0,0.0,1.0,0.0,8.0,0.0,0.0,2.902720827198554,0.0,0.0,4.0,20.0,0.0,0.0,0.0,0.0,1.0,0.0,0.0,1.0,1494.0,2.0,0.0,15.0,0.0,0.0,0.0,0.0,1.0,0.0,0.0,0.0,0.0,23.0,0.9666812474777984,9.0,7.0,15.0,167.0,10.0,1.0,1920.0,1080.0,4.0,0.0,0
36.0,1.0,1.0,0.0,0.0,2.0,0.0,11.0,0.0,0.0,2.4373491179391307,0.0,0.0,10.0,0.0,0.0,0.0,0.0,0.0,1.0,0.0,0.0,1.0,209.0,1.0,0.0,4.0,0.0,0.0,0.0,0.0,3.0,0.0,0.0,0.0,0.0,102.0,0.9409945503092307,8.0,1.0,4.0,27.0,18.0,1.0,1280.0,800.0,33.0,0.0,0
45.0,1.0,0.0,0.0,0.0,1.0,0.0,21.0,0.0,0.0,2.7249643881719186,0.0,0.0,17.0,5.0,0.0,0.0,0.0,0.0,1.0,0.0,0.0,1.0,450.0,2.0,0.0,13.0,1.0,0.0,0.0,1.0,3.0,2.0,0.0,0.0,1.0,47.0,0.9888131549763023,10.0,7.0,13.0,193.0,17.0,1.0,1920.0,1080.0,35.0,0.0,0
46.0,1.0,0.0,0.0,0.0,1.0,0.0,10.0,0.0,0.0,2.9181430959160206,0.0,0.0,17.0,0.0,0.0,0.0,0.0,0.0,1.0,0.0,0.0,1.0,273.0,2.0,0.0,4.0,0.0,0.0,0.0,0.0,0.0,0.0,0.0,0.0,0.0,24.0,0.923659317341441,7.0,6.0,4.0,449.0,4.0,1.0,1920.0,1080.0,42.0,0.0,0
19.0,1.0,0.0,0.0,0.0,1.0,0.0,17.0,0.0,0.0,3.188480413997319,0.0,0.0,25.0,0.0,0.0,0.0,0.0,0.0,1.0,0.0,0.0,1.0,1566.0,1.0,1.0,2.0,0.0,0.0,0.0,0.0,1.0,0.0,0.0,0.0,0.0,110.0,0.9644561852556217,7.0,6.0,2.0,92.0,9.0,1.0,1920.0,1080.0,9.0,0.0,0
43.0,1.0,1.0,0.0,0.0,2.0,0.0,17.0,0.0,0.0,2.840202205368647,0.0,1.0,5.0,0.0,0.0,0.0,0.0,0.0,1.0,0.0,0.0,1.0,1667.0,2.0,0.0,2.0,0.0,0.0,0.0,0.0,1.0,0.0,0.0,0.0,0.0,39.0,0.9916175308565168,7.0,6.0,2.0,397.0,9.0,1.0,1920.0,1080.0,26.0,0.0,0
45.0,1.0,0.0,0.0,0.0,1.0,0.0,18.0,0.0,0.0,2.988007211117452,0.0,0.0,15.0,5.0,0.0,0.0,0.0,0.0,1.0,0.0,0.0,1.0,1163.0,2.0,0.0,28.0,0.0,0.0,0.0,0.0,2.0,0.0,0.0,0.0,0.0,85.0,0.9326297371275528,13.0,5.0,28.0,236.0,18.0,1.0,1920.0,1080.0,20.0,0.0,0
53.0,1.0,0.0,0.0,0.0,1.0,0.0,10.0,0.0,0.0,2.52485898309482,0.0,0.0,10.0,0.0,0.0,0.0,0.0,0.0,1.0,0.0,0.0,1.0,690.0,1.0,0.0,3.0,1.0,0.0,0.0,1.0,1.0,2.0,0.0,0.0,1.0,24.0,0.9845639090925626,5.0,3.0,3.0,324.0,14.0,1.0,1280.0,800.0,42.0,0.0,0
29.0,1.0,0.0,0.0,0.0,1.0,0.0,12.0,0.0,0.0,2.9389230972454645,0.0,0.0,21.0,0.0,0.0,1.0,1.0,0.0,1.0,0.0,0.0,1.0,600.0,1.0,0.0,6.0,0.0,0.0,0.0,0.0,3.0,0.0,0.0,0.0,0.0,39.0,0.9646642813383928,13.0,2.0,6.0,217.0,2.0,1.0,1920.0,1080.0,33.0,0.0,0
47.0,1.0,0.0,0.0,0.0,1.0,0.0,12.0,0.0,0.0,2.3781074326488603,0.0,0.0,16.0,5.0,0.0,1.0,1.0,0.0,1.0,0.0,0.0,1.0,928.0,1.0,0.0,22.0,1.0,1.0,0.0,0.0,2.0,1.0,0.0,0.0,1.0,100.0,0.9653353619553006,3.0,2.0,22.0,148.0,0.0,1.0,1280.0,800.0,15.0,0.0,0
33.0,1.0,1.0,0.0,0.0,2.0,0.0,10.0,0.0,0.0,2.4631109240580233,0.0,0.0,13.0,0.0,0.0,0.0,0.0,0.0,1.0,0.0,0.0,1.0,809.0,2.0,0.0,2.0,0.0,0.0,1.0,0.0,3.0,0.0,1.0,0.0,1.0,89.0,0.9515960088945102,4.0,3.0,2.0,198.0,9.0,1.0,1280.0,800.0,31.0,0.0,0
53.0,1.0,1.0,0.0,2.0,2.0,0.0,7.0,0.0,0.0,3.189960259209224,0.0,1.0,13.0,0.0,0.0,0.0,0.0,0.0,1.0,0.0,0.0,1.0,2043.0,1.0,1.0,26.0,0.0,0.0,0.0,0.0,3.0,0.0,0.0,0.0,0.0,107.0,0.9405000927336477,13.0,2.0,26.0,325.0,15.0,1.0,1920.0,1080.0,23.0,0.0,0
42.0,1.0,1.0,0.0,0.0,2.0,0.0,8.0,0.0,0.0,2.125699818557521,0.0,0.0,29.0,0.0,0.0,0.0,0.0,0.0,1.0,0.0,0.0,1.0,1989.0,1.0,0.0,6.0,0.0,0.0,0.0,0.0,3.0,0.0,0.0,0.0,0.0,33.0,0.9939491529258744,2.0,1.0,6.0,416.0,8.0,1.0,1920.0,1080.0,22.0,0.0,0
21.0,1.0,0.0,0.0,1.0,1.0,0.0,19.0,0.0,0.0,2.619361801058017,0.0,0.0,6.0,5.0,0.0,1.0,1.0,0.0,1.0,0.0,0.0,1.0,1052.0,1.0,0.0,7.0,1.0,0.0,0.0,0.0,0.0,2.0,0.0,0.0,1.0,40.0,0.9860911989456845,14.0,1.0,7.0,45.0,12.0,1.0,1920.0,1080.0,15.0,0.0,0
19.0,1.0,1.0,0.0,1.0,2.0,0.0,15.0,0.0,0.0,3.2714671904958514,0.0,0.0,9.0,0.0,0.0,0.0,0.0,0.0,1.0,0.0,0.0,1.0,322.0,0.0,1.0,11.0,0.0,0.0,0.0,0.0,1.0,1.0,0.0,0.0,0.0,27.0,0.9566706810171764,12.0,8.0,11.0,259.0,16.0,1.0,1280.0,800.0,3.0,0.0,0
30.0,1.0,1.0,0.0,0.0,2.0,0.0,8.0,0.0,0.0,2.702973713150457,0.0,0.0,2.0,5.0,0.0,1.0,1.0,0.0,1.0,0.0,0.0,1.0,712.0,3.0,0.0,7.0,0.0,0.0,0.0,0.0,0.0,0.0,0.0,0.0,0.0,119.0,0.9289359732369893,6.0,4.0,7.0,127.0,18.0,1.0,1920.0,1080.0,34.0,0.0,0
33.0,1.0,1.0,0.0,0.0,2.0,0.0,17.0,1.0,0.058823529411764705,3.1233077923725414,0.0,0.0,11.0,0.0,0.0,0.0,0.0,0.0,1.0,0.0,0.0,1.0,435.0,1.0,1.0,18.0,0.0,0.0,0.0,0.0,0.0,1.0,0.0,0.0,0.0,47.0,0.9864515257969163,12.0,1.0,18.0,91.0,15.0,1.0,1920.0,1080.0,42.0,0.0,0
43.0,1.0,1.0,0.0,0.0,2.0,0.0,10.0,0.0,0.0,3.247221695876755,0.0,0.0,24.0,0.0,0.0,0.0,0.0,0.0,1.0,0.0,0.0,1.0,772.0,1.0,0.0,20.0,0.0,0.0,0.0,0.0,0.0,0.0,0.0,0.0,0.0,90.0,0.9402160393036941,11.0,0.0,20.0,53.0,6.0,1.0,1920.0,1080.0,12.0,0.0,0
19.0,1.0,1.0,0.0,0.0,2.0,0.0,11.0,0.0,0.0,2.718143363052376,0.0,0.0,7.0,0.0,0.0,0.0,0.0,0.0,1.0,0.0,0.0,1.0,2313.0,2.0,1.0,27.0,0.0,0.0,0.0,0.0,1.0,0.0,0.0,0.0,0.0,65.0,0.9481661285285845,11.0,7.0,27.0,364.0,13.0,1.0,1280.0,800.0,39.0,0.0,0
38.0,1.0,0.0,0.0,2.0,1.0,0.0,14.0,0.0,0.0,2.616198741093135,0.0,0.0,19.0,0.0,0.0,0.0,0.0,0.0,1.0,0.0,0.0,1.0,116.0,1.0,0.0,29.0,0.0,0.0,0.0,0.0,2.0,1.0,0.0,0.0,0.0,60.0,0.9254524124520939,13.0,5.0,29.0,398.0,17.0,1.0,1920.0,1080.0,13.0,0.0,0
39.0,1.0,2.0,0.0,0.0,3.0,0.0,10.0,0.0,0.0,3.2686232022826416,0.0,0.0,4.0,20.0,0.0,0.0,0.0,0.0,1.0,0.0,0.0,1.0,616.0,0.0,1.0,21.0,0.0,0.0,0.0,0.0,1.0,0.0,0.0,0.0,0.0,87.0,0.9627577133927182,8.0,7.0,21.0,212.0,1.0,1.0,1920.0,1080.0,25.0,0.0,0
21.0,1.0,1.0,0.0,0.0,2.0,0.0,8.0,0.0,0.0,2.880466215754689,0.0,0.0,14.0,0.0,0.0,0.0,0.0,0.0,1.0,0.0,0.0,1.0,1573.0,0.0,0.0,15.0,0.0,0.0,0.0,0.0,2.0,0.0,0.0,0.0,0.0,16.0,0.9583870919120779,13.0,7.0,15.0,116.0,19.0,1.0,1920.0,1080.0,11.0,0.0,0
27.0,1.0,0.0,0.0,0.0,1.0,0.0,16.0,0.0,0.0,2.774580281627864,0.0,0.0,5.0,5.0,0.0,1.0,1.0,0.0,1.0,0.0,0.0,1.0,1265.0,1.0,0.0,4.0,1.0,1.0,0.0,0.0,2.0,2.0,0.0,0.0,1.0,97.0,0.9301689642216724,6.0,5.0,4.0,321.0,17.0,1.0,1920.0,1080.0,38.0,0.0,0
24.0,1.0,0.0,0.0,0.0,1.0,0.0,15.0,0.0,0.0,2.794100481088395,0.0,0.0,28.0,0.0,0.0,0.0,0.0,0.0,1.0,0.0,0.0,1.0,2044.0,1.0,0.0,6.0,0.0,0.0,1.0,0.0,0.0,0.0,0.0,0.0,1.0,35.0,0.9204697067907173,14.0,3.0,6.0,330.0,4.0,1.0,1280.0,800.0,30.0,0.0,0
23.0,1.0,2.0,0.0,1.0,3.0,0.0,12.0,0.0,0.0,2.6782675857428258,0.0,0.0,8.0,0.0,0.0,1.0,1.0,0.0,1.0,0.0,0.0,1.0,2005.0,2.0,0.0,20.0,0.0,0.0,0.0,0.0,3.0,0.0,0.0,0.0,0.0,115.0,0.9963747346012298,4.0,3.0,20.0,434.0,9.0,1.0,1280.0,800.0,24.0,0.0,0
34.0,1.0,1.0,0.0,0.0,2.0,0.0,21.0,0.0,0.0,3.041108539820021,0.0,0.0,33.0,0.0,0.0,1.0,1.0,0.0,1.0,0.0,0.0,1.0,928.0,0.0,0.0,19.0,0.0,0.0,0.0,0.0,3.0,0.0,0.0,0.0,0.0,59.0,0.9684482179840572,5.0,4.0,19.0,276.0,2.0,1.0,1920.0,1080.0,31.0,0.0,0
39.0,1.0,0.0,0.0,0.0,1.0,0.0,17.0,0.0,0.0,2.1685592651757934,0.0,0.0,28.0,5.0,0.0,0.0,0.0,0.0,1.0,0.0,0.0,1.0,222.0,2.0,0.0,2.0,0.0,0.0,0.0,0.0,3.0,0.0,0.0,0.0,0.0,65.0,0.9306206374943784,11.0,0.0,2.0,151.0,5.0,1.0,1920.0,1080.0,24.0,0.0,0
34.0,1.0,1.0,0.0,1.0,2.0,0.0,8.0,0.0,0.0,3.227349181168113,0.0,0.0,31.0,0.0,0.0,0.0,0.0,0.0,1.0,0.0,0.0,1.0,1803.0,1.0,1.0,22.0,1.0,0.0,0.0,0.0,1.0,2.0,0.0,0.0,1.0,108.0,0.9868627804194103,1.0,0.0,22.0,486.0,16.0,1.0,1920.0,1080.0,31.0,0.0,0
32.0,1.0,1.0,0.0,0.0,2.0,0.0,11.0,0.0,0.0,2.50778322101388,0.0,0.0,21.0,0.0,0.0,0.0,0.0,0.0,1.0,0.0,0.0,1.0,893.0,1.0,0.0,25.0,0.0,0.0,0.0,0.0,0.0,0.0,0.0,0.0,0.0,107.0,0.9462342894029654,4.0,3.0,25.0,135.0,12.0,1.0,1280.0,800.0,10.0,0.0,0
18.0,1.0,1.0,0.0,1.0,2.0,0.0,19.0,1.0,0.05263157894736842,2.799974316595854,0.0,0.0,25.0,0.0,0.0,0.0,0.0,0.0,1.0,0.0,0.0,1.0,424.0,2.0,0.0,23.0,0.0,0.0,0.0,0.0,3.0,0.0,0.0,0.0,0.0,63.0,0.977939763783985,6.0,5.0,23.0,193.0,3.0,1.0,1280.0,800.0,26.0,0.0,0
28.0,1.0,1.0,0.0,0.0,2.0,0.0,16.0,2.0,0.125,3.2110234753555207,0.0,0.0,33.0,0.0,0.0,1.0,1.0,0.0,1.0,0.0,0.0,1.0,797.0,1.0,1.0,24.0,0.0,0.0,0.0,0.0,0.0,0.0,0.0,0.0,0.0,78.0,0.9700140006647879,14.0,5.0,24.0,191.0,7.0,1.0,1280.0,800.0,7.0,0.0,0
42.0,1.0,1.0,0.0,0.0,2.0,0.0,15.0,0.0,0.0,2.9109794515882945,0.0,0.0,25.0,5.0,0.0,0.0,0.0,0.0,1.0,0.0,0.0,1.0,311.0,0.0,0.0,3.0,0.0,0.0,0.0,0.0,3.0,0.0,0.0,0.0,0.0,55.0,0.9363078504359235,2.0,1.0,3.0,347.0,14.0,1.0,1920.0,1080.0,4.0,0.0,0
45.0,1.0,1.0,0.0,0.0,2.0,0.0,17.0,0.0,0.0,2.556647366394715,0.0,0.0,14.0,0.0,0.0,1.0,1.0,0.0,1.0,0.0,0.0,1.0,827.0,2.0,0.0,24.0,1.0,0.0,0.0,0.0,3.0,3.0,0.0,0.0,1.0,96.0,0.9668675241214959,3.0,2.0,24.0,360.0,15.0,1.0,1280.0,800.0,24.0,0.0,0
35.0,1.0,1.0,0.0,1.0,2.0,0.0,11.0,1.0,0.09090909090909091,2.4526489049605864,0.0,0.0,0.0,0.0,0.0,1.0,1.0,0.0,1.0,0.0,0.0,1.0,1405.0,0.0,1.0,25.0,0.0,0.0,0.0,0.0,2.0,0.0,1.0,0.0,0.0,71.0,0.9669241445654261,8.0,1.0,25.0,462.0,15.0,1.0,1920.0,1080.0,7.0,0.0,0
29.0,1.0,1.0,0.0,0.0,2.0,0.0,15.0,0.0,0.0,2.168543827539124,0.0,0.0,24.0,0.0,0.0,0.0,0.0,0.0,1.0,0.0,0.0,1.0,1774.0,2.0,0.0,23.0,0.0,0.0,0.0,0.0,1.0,0.0,0.0,0.0,0.0,42.0,0.9629292941146629,9.0,0.0,23.0,99.0,9.0,1.0,1280.0,800.0,10.0,0.0,0
23.0,1.0,1.0,0.0,0.0,2.0,0.0,14.0,0.0,0.0,2.559513352605144,0.0,0.0,11.0,0.0,0.0,1.0,1.0,0.0,1.0,0.0,0.0,1.0,1509.0,0.0,0.0,12.0,0.0,0.0,0.0,0.0,3.0,0.0,0.0,0.0,0.0,75.0,0.9819577010033994,9.0,3.0,12.0,483.0,14.0,1.0,1920.0,1080.0,29.0,0.0,0
48.0,1.0,1.0,0.0,1.0,2.0,0.0,17.0,0.0,0.0,3.181636543897765,0.0,0.0,22.0,0.0,0.0,1.0,1.0,0.0,1.0,0.0,0.0,0.0,1326.0,0.0,0.0,25.0,0.0,0.0,0.0,0.0,3.0,1.0,0.0,0.0,0.0,53.0,0.9498603065029957,14.0,1.0,25.0,18.0,12.0,1.0,1920.0,1080.0,37.0,0.0,0
29.0,1.0,1.0,0.0,0.0,2.0,0.0,9.0,0.0,0.0,2.438198718760254,0.0,1.0,7.0,0.0,0.0,0.0,0.0,0.0,1.0,0.0,0.0,1.0,520.0,2.0,0.0,13.0,1.0,1.0,0.0,0.0,0.0,3.0,0.0,0.0,1.0,110.0,0.9201539341506452,1.0,0.0,13.0,384.0,16.0,1.0,1920.0,1080.0,40.0,0.0,0
29.0,1.0,1.0,0.0,0.0,2.0,0.0,13.0,0.0,0.0,2.5134780916316513,0.0,0.0,15.0,5.0,0.0,1.0,1.0,0.0,1.0,0.0,0.0,1.0,1442.0,1.0,0.0,26.0,1.0,0.0,0.0,0.0,1.0,2.0,0.0,0.0,1.0,106.0,0.9753285872931224,5.0,2.0,26.0,38.0,13.0,1.0,1280.0,800.0,41.0,0.0,0
19.0,1.0,0.0,0.0,0.0,1.0,0.0,12.0,0.0,0.0,2.5848320521804427,0.0,0.0,6.0,0.0,0.0,0.0,0.0,0.0,1.0,0.0,0.0,1.0,2003.0,2.0,0.0,29.0,0.0,0.0,0.0,0.0,3.0,0.0,0.0,0.0,0.0,19.0,0.9998230970222974,5.0,4.0,29.0,180.0,8.0,1.0,1920.0,1080.0,28.0,0.0,0
41.0,1.0,1.0,0.0,0.0,2.0,0.0,19.0,0.0,0.0,2.748208713812818,0.0,0.0,17.0,0.0,0.0,0.0,0.0,0.0,1.0,0.0,0.0,1.0,829.0,2.0,0.0,6.0,0.0,0.0,0.0,0.0,3.0,0.0,0.0,0.0,0.0,42.0,0.9510377514178362,14.0,5.0,6.0,342.0,5.0,1.0,1920.0,1080.0,16.0,0.0,0
34.0,1.0,0.0,0.0,0.0,1.0,0.0,17.0,0.0,0.0,3.3079664803626163,0.0,0.0,7.0,5.0,0.0,1.0,1.0,0.0,1.0,0.0,0.0,1.0,653.0,1.0,1.0,6.0,1.0,1.0,0.0,0.0,0.0,3.0,0.0,0.0,1.0,104.0,0.9308679564590618,8.0,1.0,6.0,403.0,13.0,1.0,1920.0,1080.0,9.0,0.0,0
54.0,1.0,1.0,0.0,0.0,2.0,0.0,12.0,0.0,0.0,3.3335464033706086,0.0,0.0,29.0,0.0,0.0,0.0,0.0,0.0,1.0,0.0,0.0,1.0,1110.0,1.0,0.0,10.0,0.0,0.0,0.0,0.0,3.0,0.0,1.0,0.0,0.0,97.0,0.9378537362498821,5.0,4.0,10.0,259.0,12.0,1.0,1280.0,800.0,41.0,0.0,0
44.0,1.0,0.0,0.0,0.0,1.0,0.0,12.0,0.0,0.0,2.4650437551118562,0.0,0.0,30.0,0.0,0.0,1.0,1.0,0.0,1.0,0.0,0.0,1.0,180.0,2.0,0.0,13.0,1.0,0.0,0.0,0.0,3.0,2.0,0.0,0.0,1.0,106.0,0.9741554503365553,12.0,4.0,13.0,290.0,18.0,1.0,1920.0,1080.0,39.0,0.0,0
24.0,1.0,1.0,0.0,0.0,2.0,0.0,13.0,0.0,0.0,2.248402675185288,0.0,0.0,12.0,0.0,0.0,1.0,1.0,0.0,1.0,0.0,0.0,1.0,2059.0,1.0,0.0,22.0,1.0,1.0,0.0,0.0,0.0,2.0,0.0,0.0,1.0,94.0,0.9245973303749737,13.0,2.0,22.0,239.0,9.0,1.0,1920.0,1080.0,43.0,0.0,0
40.0,1.0,0.0,0.0,0.0,1.0,0.0,17.0,0.0,0.0,3.1686850340079538,0.0,0.0,0.0,0.0,0.0,0.0,0.0,0.0,1.0,0.0,0.0,1.0,765.0,1.0,1.0,10.0,0.0,0.0,0.0,0.0,3.0,0.0,0.0,0.0,0.0,52.0,0.9391059368487139,12.0,1.0,10.0,59.0,13.0,1.0,1280.0,800.0,44.0,0.0,0
19.0,1.0,0.0,0.0,0.0,1.0,0.0,13.0,0.0,0.0,3.286281311000794,0.0,0.0,32.0,0.0,0.0,1.0,1.0,0.0,1.0,0.0,0.0,1.0,372.0,1.0,0.0,10.0,0.0,0.0,0.0,0.0,2.0,0.0,0.0,0.0,0.0,54.0,0.9302755633747796,4.0,3.0,10.0,363.0,7.0,1.0,1920.0,1080.0,24.0,0.0,0
49.0,1.0,1.0,0.0,0.0,2.0,0.0,10.0,0.0,0.0,3.019789631313254,0.0,0.0,20.0,0.0,0.0,0.0,0.0,0.0,1.0,0.0,0.0,1.0,2262.0,2.0,0.0,10.0,0.0,0.0,0.0,0.0,3.0,0.0,0.0,0.0,0.0,86.0,0.9353965132068444,8.0,6.0,10.0,421.0,17.0,1.0,1920.0,1080.0,28.0,0.0,0
48.0,1.0,0.0,0.0,0.0,1.0,0.0,21.0,0.0,0.0,2.5908728287929597,0.0,1.0,14.0,0.0,0.0,0.0,0.0,0.0,1.0,0.0,0.0,1.0,376.0,1.0,0.0,2.0,0.0,0.0,0.0,0.0,2.0,1.0,0.0,0.0,0.0,100.0,0.960813022606252,3.0,2.0,2.0,409.0,16.0,1.0,1920.0,1080.0,21.0,0.0,0
23.0,1.0,1.0,0.0,0.0,2.0,0.0,15.0,1.0,0.06666666666666667,2.8710439016982527,0.0,0.0,28.0,0.0,0.0,0.0,0.0,0.0,1.0,0.0,0.0,1.0,2327.0,1.0,1.0,22.0,0.0,0.0,0.0,0.0,3.0,0.0,1.0,0.0,0.0,39.0,0.9428929529303882,10.0,1.0,22.0,37.0,6.0,1.0,1920.0,1080.0,3.0,0.0,0
50.0,1.0,1.0,0.0,0.0,2.0,0.0,18.0,0.0,0.0,2.4268847138232448,0.0,0.0,21.0,0.0,0.0,1.0,1.0,0.0,1.0,0.0,0.0,1.0,1517.0,1.0,1.0,9.0,1.0,0.0,0.0,0.0,1.0,2.0,0.0,0.0,1.0,54.0,0.993975556143206,6.0,0.0,9.0,386.0,1.0,1.0,1280.0,800.0,35.0,0.0,0
22.0,1.0,0.0,0.0,0.0,1.0,0.0,12.0,0.0,0.0,3.2020911013269275,0.0,0.0,12.0,0.0,0.0,0.0,0.0,0.0,1.0,0.0,0.0,1.0,92.0,0.0,2.0,26.0,0.0,0.0,0.0,0.0,0.0,1.0,0.0,0.0,0.0,39.0,0.9717130502119353,2.0,0.0,26.0,242.0,3.0,1.0,1920.0,1080.0,33.0,0.0,0
30.0,1.0,0.0,0.0,0.0,1.0,0.0,14.0,0.0,0.0,3.1877338607889727,0.0,0.0,10.0,0.0,0.0,1.0,1.0,0.0,1.0,0.0,0.0,1.0,724.0,1.0,1.0,24.0,0.0,0.0,0.0,0.0,0.0,0.0,0.0,0.0,0.0,77.0,0.9590648708897604,4.0,3.0,24.0,239.0,5.0,1.0,1920.0,1080.0,5.0,0.0,0
39.0,1.0,1.0,0.0,0.0,2.0,0.0,9.0,0.0,0.0,2.534623518249675,0.0,0.0,28.0,0.0,0.0,1.0,1.0,0.0,1.0,0.0,0.0,1.0,1697.0,1.0,1.0,29.0,1.0,0.0,0.0,0.0,2.0,3.0,0.0,0.0,1.0,116.0,0.9658796143882672,6.0,5.0,29.0,385.0,19.0,1.0,1280.0,800.0,38.0,0.0,0
51.0,1.0,0.0,0.0,0.0,1.0,0.0,14.0,0.0,0.0,2.6619927529112584,0.0,0.0,12.0,0.0,0.0,0.0,0.0,0.0,1.0,0.0,0.0,1.0,1020.0,1.0,0.0,16.0,0.0,0.0,0.0,0.0,3.0,0.0,0.0,0.0,0.0,74.0,0.9685587739537093,8.0,7.0,16.0,217.0,16.0,1.0,1920.0,1080.0,22.0,0.0,0
29.0,1.0,1.0,0.0,0.0,2.0,0.0,20.0,0.0,0.0,2.3049753057033517,0.0,0.0,0.0,0.0,0.0,0.0,0.0,0.0,1.0,0.0,0.0,1.0,1364.0,0.0,0.0,29.0,0.0,0.0,0.0,0.0,1.0,0.0,0.0,0.0,0.0,51.0,0.9880913055392723,7.0,1.0,29.0,174.0,9.0,1.0,1280.0,800.0,6.0,0.0,0
30.0,1.0,0.0,0.0,0.0,1.0,0.0,19.0,0.0,0.0,2.590797057257018,0.0,0.0,4.0,0.0,0.0,0.0,0.0,0.0,1.0,0.0,0.0,1.0,746.0,0.0,1.0,20.0,0.0,0.0,0.0,0.0,0.0,1.0,0.0,0.0,0.0,46.0,0.9207483828444233,12.0,8.0,20.0,20.0,5.0,1.0,1280.0,800.0,33.0,0.0,0
53.0,1.0,1.0,0.0,0.0,2.0,0.0,19.0,0.0,0.0,2.7013812487060522,0.0,0.0,2.0,0.0,0.0,0.0,0.0,0.0,1.0,0.0,0.0,1.0,1158.0,1.0,0.0,13.0,0.0,0.0,0.0,0.0,0.0,1.0,0.0,0.0,0.0,17.0,0.9731419885946458,4.0,2.0,13.0,492.0,7.0,1.0,1920.0,1080.0,16.0,0.0,0
30.0,1.0,1.0,0.0,0.0,2.0,0.0,16.0,0.0,0.0,2.1356445900224728,0.0,0.0,26.0,0.0,0.0,0.0,0.0,0.0,1.0,0.0,0.0,1.0,2496.0,1.0,2.0,18.0,0.0,0.0,0.0,0.0,3.0,0.0,0.0,0.0,0.0,87.0,0.9268634756410357,9.0,2.0,18.0,271.0,13.0,1.0,1920.0,1080.0,25.0,0.0,0
50.0,1.0,0.0,0.0,0.0,1.0,0.0,9.0,0.0,0.0,3.000255593611231,0.0,0.0,24.0,5.0,0.0,0.0,0.0,0.0,1.0,0.0,0.0,1.0,1260.0,2.0,0.0,13.0,0.0,0.0,0.0,0.0,0.0,0.0,0.0,0.0,0.0,22.0,0.9397403331930538,7.0,6.0,13.0,116.0,10.0,1.0,1920.0,1080.0,3.0,0.0,0
24.0,1.0,1.0,0.0,0.0,2.0,0.0,10.0,0.0,0.0,2.9453114280434978,0.0,0.0,4.0,0.0,0.0,1.0,1.0,0.0,1.0,0.0,0.0,1.0,2191.0,0.0,0.0,4.0,0.0,0.0,0.0,0.0,0.0,1.0,1.0,0.0,0.0,87.0,0.9850319655417132,3.0,2.0,4.0,209.0,16.0,1.0,1920.0,1080.0,26.0,0.0,0
39.0,1.0,1.0,0.0,2.0,2.0,0.0,18.0,0.0,0.0,2.9821384478821518,0.0,0.0,5.0,5.0,0.0,1.0,1.0,0.0,1.0,0.0,0.0,1.0,686.0,1.0,0.0,17.0,0.0,0.0,0.0,0.0,1.0,0.0,0.0,0.0,0.0,102.0,0.9648045877535453,12.0,4.0,17.0,245.0,0.0,1.0,1280.0,800.0,36.0,0.0,0
45.0,1.0,0.0,0.0,0.0,1.0,0.0,13.0,0.0,0.0,2.3793037438054565,0.0,1.0,13.0,0.0,0.0,0.0,0.0,0.0,1.0,0.0,0.0,1.0,808.0,1.0,1.0,23.0,0.0,0.0,0.0,0.0,3.0,0.0,0.0,0.0,0.0,26.0,0.9609079262192646,8.0,6.0,23.0,74.0,2.0,1.0,1920.0,1080.0,35.0,0.0,0
51.0,1.0,0.0,0.0,0.0,1.0,0.0,11.0,0.0,0.0,2.103229806280447,0.0,0.0,9.0,0.0,0.0,0.0,0.0,0.0,1.0,0.0,0.0,1.0,1458.0,2.0,0.0,23.0,0.0,0.0,0.0,0.0,2.0,0.0,0.0,0.0,0.0,18.0,0.9830766612765613,1.0,0.0,23.0,176.0,1.0,1.0,1280.0,800.0,11.0,0.0,0
29.0,1.0,2.0,0.0,0.0,3.0,0.0,15.0,0.0,0.0,2.2844357296604647,0.0,0.0,28.0,5.0,0.0,0.0,0.0,0.0,1.0,0.0,0.0,1.0,2456.0,0.0,1.0,3.0,0.0,0.0,0.0,0.0,1.0,0.0,0.0,0.0,0.0,100.0,0.9590328545022409,4.0,3.0,3.0,51.0,19.0,1.0,1920.0,1080.0,20.0,0.0,0
31.0,1.0,0.0,0.0,0.0,1.0,0.0,18.0,0.0,0.0,3.2580080860180223,0.0,0.0,30.0,0.0,0.0,0.0,0.0,0.0,1.0,0.0,0.0,0.0,549.0,2.0,1.0,7.0,0.0,0.0,0.0,0.0,3.0,0.0,0.0,0.0,0.0,102.0,0.9649496853000328,14.0,7.0,7.0,42.0,5.0,1.0,1920.0,1080.0,3.0,0.0,0
41.0,1.0,0.0,0.0,0.0,1.0,0.0,20.0,0.0,0.0,2.1838306491591406,0.0,0.0,15.0,5.0,0.0,1.0,1.0,0.0,1.0,0.0,0.0,1.0,549.0,1.0,0.0,25.0,0.0,0.0,0.0,0.0,0.0,0.0,0.0,0.0,0.0,55.0,0.9201931003520781,11.0,3.0,25.0,422.0,0.0,1.0,1920.0,1080.0,21.0,0.0,0
21.0,1.0,1.0,0.0,0.0,2.0,0.0,8.0,0.0,0.0,2.7291349525836086,0.0,0.0,22.0,0.0,0.0,1.0,1.0,0.0,1.0,0.0,0.0,1.0,800.0,3.0,0.0,29.0,1.0,0.0,0.0,0.0,3.0,1.0,0.0,0.0,1.0,112.0,0.9228778919759506,6.0,1.0,29.0,71.0,5.0,1.0,1920.0,1080.0,23.0,0.0,0
19.0,1.0,1.0,0.0,0.0,2.0,0.0,14.0,0.0,0.0,3.305979825565492,0.0,0.0,19.0,0.0,0.0,0.0,0.0,0.0,1.0,0.0,0.0,1.0,868.0,0.0,0.0,24.0,0.0,0.0,0.0,0.0,2.0,0.0,0.0,0.0,0.0,98.0,0.9765658166906134,4.0,3.0,24.0,222.0,12.0,1.0,1920.0,1080.0,35.0,0.0,0
54.0,1.0,1.0,0.0,0.0,2.0,0.0,21.0,0.0,0.0,2.361884943230663,0.0,0.0,34.0,0.0,0.0,0.0,0.0,0.0,1.0,0.0,0.0,1.0,534.0,2.0,0.0,6.0,0.0,0.0,0.0,0.0,2.0,0.0,0.0,0.0,0.0,88.0,0.9978199809186283,7.0,6.0,6.0,312.0,6.0,1.0,1920.0,1080.0,41.0,0.0,0
22.0,1.0,0.0,0.0,0.0,1.0,0.0,16.0,1.0,0.0625,2.97849910479325,0.0,0.0,6.0,0.0,0.0,1.0,1.0,0.0,1.0,0.0,0.0,0.0,666.0,3.0,0.0,21.0,0.0,0.0,0.0,0.0,3.0,0.0,0.0,0.0,0.0,53.0,0.9717228692561309,3.0,2.0,21.0,418.0,5.0,1.0,1280.0,800.0,5.0,0.0,0
28.0,1.0,0.0,0.0,0.0,1.0,0.0,8.0,0.0,0.0,2.7636250357664136,0.0,0.0,0.0,0.0,0.0,0.0,0.0,0.0,1.0,0.0,0.0,1.0,1715.0,1.0,0.0,11.0,0.0,0.0,0.0,0.0,2.0,1.0,0.0,0.0,0.0,52.0,0.9625925548568696,12.0,9.0,11.0,451.0,8.0,1.0,1920.0,1080.0,10.0,0.0,0
20.0,1.0,1.0,0.0,0.0,2.0,0.0,14.0,0.0,0.0,2.4935326044575103,0.0,0.0,13.0,0.0,0.0,1.0,1.0,0.0,1.0,0.0,0.0,1.0,2077.0,1.0,0.0,21.0,0.0,0.0,0.0,0.0,1.0,0.0,1.0,0.0,0.0,40.0,0.9571303121027679,1.0,0.0,21.0,306.0,1.0,1.0,1920.0,1080.0,3.0,0.0,0
46.0,1.0,1.0,0.0,0.0,2.0,0.0,12.0,0.0,0.0,2.127445763180017,0.0,0.0,19.0,0.0,0.0,0.0,0.0,0.0,1.0,0.0,0.0,1.0,898.0,2.0,0.0,12.0,0.0,0.0,0.0,0.0,1.0,0.0,1.0,0.0,0.0,96.0,0.99156655261275,12.0,2.0,12.0,150.0,12.0,1.0,1920.0,1080.0,41.0,0.0,0
41.0,1.0,0.0,0.0,0.0,1.0,0.0,14.0,0.0,0.0,3.317961495411767,0.0,0.0,22.0,0.0,0.0,1.0,1.0,0.0,1.0,0.0,0.0,1.0,814.0,0.0,0.0,21.0,0.0,0.0,0.0,0.0,2.0,0.0,0.0,0.0,0.0,80.0,0.9432100699854293,10.0,3.0,21.0,288.0,17.0,1.0,1920.0,1080.0,42.0,0.0,0
27.0,1.0,1.0,0.0,0.0,2.0,0.0,14.0,1.0,0.07142857142857142,2.4506897332629984,0.0,0.0,12.0,0.0,0.0,0.0,0.0,0.0,1.0,0.0,0.0,1.0,1589.0,0.0,2.0,17.0,0.0,0.0,0.0,0.0,3.0,0.0,1.0,0.0,0.0,72.0,0.9558395977269473,9.0,7.0,17.0,472.0,3.0,1.0,1920.0,1080.0,28.0,0.0,0
43.0,1.0,0.0,0.0,0.0,1.0,0.0,16.0,0.0,0.0,2.8361612760016612,0.0,0.0,11.0,0.0,0.0,0.0,0.0,0.0,1.0,0.0,0.0,1.0,1826.0,0.0,1.0,26.0,0.0,0.0,0.0,0.0,3.0,0.0,0.0,0.0,0.0,85.0,0.9430664289987369,3.0,2.0,26.0,469.0,7.0,1.0,1920.0,1080.0,16.0,0.0,0
36.0,1.0,1.0,0.0,0.0,2.0,0.0,11.0,0.0,0.0,2.1898486540027884,0.0,0.0,21.0,0.0,0.0,0.0,0.0,0.0,1.0,0.0,0.0,1.0,2066.0,2.0,1.0,11.0,0.0,0.0,0.0,0.0,1.0,0.0,0.0,0.0,0.0,23.0,0.9689692987327932,8.0,7.0,11.0,346.0,17.0,1.0,1920.0,1080.0,12.0,0.0,0
19.0,1.0,1.0,0.0,0.0,2.0,0.0,13.0,0.0,0.0,2.959285303688256,0.0,0.0,33.0,0.0,0.0,0.0,0.0,0.0,1.0,0.0,0.0,1.0,500.0,1.0,0.0,15.0,0.0,0.0,0.0,0.0,0.0,1.0,0.0,0.0,0.0,25.0,0.9953554808285987,1.0,0.0,15.0,254.0,15.0,1.0,1920.0,1080.0,6.0,0.0,0
54.0,1.0,1.0,0.0,0.0,2.0,0.0,18.0,0.0,0.0,3.1449039917579844,0.0,0.0,24.0,0.0,0.0,0.0,0.0,0.0,1.0,0.0,0.0,1.0,1726.0,2.0,0.0,19.0,0.0,0.0,0.0,0.0,0.0,0.0,0.0,0.0,0.0,31.0,0.9374355920721228,7.0,0.0,19.0,442.0,6.0,1.0,1920.0,1080.0,9.0,0.0,0
51.0,1.0,1.0,0.0,0.0,2.0,0.0,7.0,0.0,0.0,3.0501280666158785,0.0,0.0,13.0,0.0,0.0,0.0,0.0,0.0,1.0,0.0,0.0,1.0,1185.0,1.0,0.0,28.0,0.0,0.0,0.0,0.0,3.0,0.0,1.0,0.0,0.0,99.0,0.9698391857684969,12.0,1.0,28.0,166.0,18.0,1.0,1920.0,1080.0,11.0,0.0,0
29.0,1.0,0.0,0.0,0.0,1.0,0.0,7.0,0.0,0.0,2.1567404547367914,0.0,0.0,7.0,0.0,0.0,1.0,1.0,0.0,1.0,0.0,0.0,1.0,1962.0,0.0,0.0,20.0,0.0,0.0,0.0,0.0,0.0,0.0,0.0,0.0,0.0,15.0,0.9363916243651037,14.0,9.0,20.0,255.0,16.0,1.0,1920.0,1080.0,28.0,0.0,0
21.0,1.0,1.0,0.0,0.0,2.0,0.0,16.0,0.0,0.0,3.087548793989998,0.0,0.0,24.0,0.0,0.0,1.0,1.0,0.0,1.0,0.0,0.0,1.0,393.0,0.0,0.0,8.0,0.0,0.0,0.0,0.0,3.0,0.0,1.0,0.0,0.0,48.0,0.9683446076169689,10.0,5.0,8.0,258.0,18.0,1.0,1920.0,1080.0,17.0,0.0,0
25.0,1.0,0.0,0.0,0.0,1.0,0.0,8.0,0.0,0.0,3.0946624755073566,0.0,0.0,6.0,0.0,0.0,0.0,0.0,0.0,1.0,0.0,0.0,1.0,1874.0,0.0,0.0,18.0,0.0,0.0,0.0,0.0,2.0,0.0,0.0,0.0,0.0,112.0,0.9327172633531056,13.0,5.0,18.0,156.0,6.0,1.0,1280.0,800.0,44.0,0.0,0
35.0,1.0,1.0,0.0,0.0,2.0,0.0,14.0,0.0,0.0,2.6808885034542507,0.0,0.0,26.0,20.0,0.0,0.0,0.0,0.0,1.0,0.0,0.0,1.0,1738.0,0.0,1.0,3.0,0.0,0.0,0.0,0.0,3.0,0.0,0.0,0.0,0.0,48.0,0.9892057193103827,9.0,4.0,3.0,120.0,14.0,1.0,1920.0,1080.0,42.0,0.0,0
27.0,1.0,0.0,0.0,1.0,1.0,0.0,9.0,0.0,0.0,2.7661669522083483,0.0,0.0,26.0,0.0,0.0,1.0,1.0,0.0,1.0,0.0,0.0,1.0,2217.0,1.0,0.0,22.0,0.0,0.0,0.0,1.0,3.0,0.0,0.0,0.0,1.0,51.0,0.9525169487389554,2.0,0.0,22.0,330.0,0.0,1.0,1920.0,1080.0,38.0,0.0,0
47.0,1.0,0.0,0.0,1.0,1.0,0.0,12.0,0.0,0.0,3.0432370513368925,0.0,0.0,19.0,0.0,0.0,0.0,0.0,0.0,1.0,0.0,0.0,1.0,1855.0,1.0,0.0,11.0,0.0,0.0,0.0,0.0,3.0,0.0,0.0,0.0,0.0,108.0,0.9628914271527207,13.0,9.0,11.0,497.0,12.0,1.0,1280.0,800.0,6.0,0.0,0
23.0,1.0,1.0,0.0,0.0,2.0,0.0,19.0,2.0,0.10526315789473684,2.850675485969859,0.0,0.0,13.0,0.0,0.0,0.0,0.0,0.0,1.0,0.0,0.0,1.0,1154.0,0.0,1.0,21.0,0.0,0.0,0.0,0.0,3.0,0.0,0.0,0.0,0.0,31.0,0.931958681809725,13.0,0.0,21.0,358.0,7.0,1.0,1280.0,800.0,12.0,0.0,0
26.0,1.0,0.0,0.0,0.0,1.0,0.0,16.0,0.0,0.0,3.0156631823158246,0.0,0.0,13.0,0.0,0.0,1.0,1.0,0.0,1.0,0.0,0.0,1.0,1536.0,2.0,0.0,22.0,1.0,1.0,0.0,0.0,1.0,1.0,0.0,0.0,1.0,83.0,0.9716083714124123,10.0,1.0,22.0,217.0,9.0,1.0,1920.0,1080.0,39.0,0.0,0
37.0,1.0,0.0,0.0,0.0,1.0,0.0,18.0,0.0,0.0,3.0041778348352404,0.0,0.0,14.0,0.0,0.0,1.0,1.0,0.0,1.0,0.0,0.0,1.0,2343.0,1.0,1.0,12.0,0.0,0.0,0.0,1.0,2.0,1.0,0.0,0.0,1.0,64.0,0.9741230612146813,12.0,6.0,12.0,208.0,15.0,1.0,1920.0,1080.0,8.0,0.0,0
38.0,1.0,0.0,0.0,0.0,1.0,0.0,10.0,0.0,0.0,2.480729954638558,0.0,0.0,0.0,0.0,0.0,0.0,0.0,0.0,1.0,0.0,0.0,1.0,2226.0,0.0,1.0,8.0,0.0,0.0,0.0,0.0,3.0,0.0,0.0,0.0,0.0,101.0,0.9925323665624941,6.0,0.0,8.0,476.0,5.0,1.0,1920.0,1080.0,6.0,0.0,0
30.0,1.0,1.0,0.0,0.0,2.0,0.0,20.0,0.0,0.0,3.310421262758628,0.0,0.0,10.0,0.0,0.0,0.0,0.0,0.0,1.0,0.0,0.0,1.0,1010.0,2.0,1.0,5.0,0.0,0.0,0.0,0.0,3.0,0.0,0.0,0.0,0.0,117.0,0.923623623865144,8.0,2.0,5.0,318.0,6.0,1.0,1280.0,800.0,5.0,0.0,0
50.0,1.0,1.0,0.0,0.0,2.0,0.0,9.0,0.0,0.0,3.257166547514952,0.0,0.0,17.0,0.0,0.0,0.0,0.0,0.0,1.0,0.0,0.0,1.0,2187.0,1.0,0.0,15.0,0.0,0.0,0.0,0.0,2.0,0.0,0.0,0.0,0.0,74.0,0.9300903612177489,5.0,4.0,15.0,400.0,14.0,1.0,1920.0,1080.0,33.0,0.0,0
43.0,1.0,0.0,0.0,0.0,1.0,0.0,14.0,0.0,0.0,2.615076236160201,0.0,0.0,20.0,0.0,0.0,1.0,1.0,0.0,1.0,0.0,0.0,0.0,1550.0,0.0,0.0,2.0,0.0,0.0,0.0,0.0,0.0,0.0,0.0,0.0,0.0,92.0,0.9451418249531106,2.0,0.0,2.0,439.0,8.0,1.0,1920.0,1080.0,31.0,0.0,0
28.0,1.0,0.0,0.0,0.0,1.0,0.0,15.0,0.0,0.0,3.3563941684649414,0.0,0.0,13.0,5.0,0.0,0.0,0.0,0.0,1.0,0.0,0.0,1.0,1368.0,0.0,0.0,9.0,0.0,0.0,0.0,0.0,0.0,0.0,0.0,0.0,0.0,103.0,0.9802163315583171,9.0,4.0,9.0,145.0,12.0,1.0,1920.0,1080.0,31.0,0.0,0
24.0,1.0,0.0,0.0,0.0,1.0,0.0,20.0,0.0,0.0,2.5648593814685583,0.0,0.0,0.0,0.0,0.0,0.0,0.0,0.0,1.0,0.0,0.0,1.0,397.0,0.0,0.0,29.0,0.0,0.0,0.0,0.0,2.0,0.0,0.0,0.0,0.0,21.0,0.9485925614952856,12.0,0.0,29.0,262.0,11.0,1.0,1280.0,800.0,41.0,0.0,0
35.0,1.0,2.0,0.0,0.0,3.0,0.0,19.0,0.0,0.0,2.8171781937148834,0.0,0.0,12.0,0.0,0.0,0.0,0.0,0.0,1.0,0.0,0.0,1.0,1209.0,0.0,1.0,21.0,0.0,0.0,0.0,0.0,2.0,0.0,0.0,0.0,0.0,68.0,0.9238329579642118,2.0,1.0,21.0,306.0,19.0,1.0,1920.0,1080.0,22.0,0.0,0
40.0,1.0,1.0,0.0,0.0,2.0,0.0,17.0,0.0,0.0,3.0878531992705858,0.0,0.0,6.0,0.0,0.0,0.0,0.0,0.0,1.0,0.0,0.0,1.0,2196.0,1.0,2.0,11.0,0.0,0.0,0.0,0.0,0.0,0.0,0.0,0.0,0.0,19.0,0.9263589733895569,9.0,8.0,11.0,9.0,18.0,1.0,1280.0,800.0,29.0,0.0,0
29.0,0.0,1.0,0.0,1.0,2.0,0.0,8.0,0.0,0.0,2.273918970356292,0.0,0.0,4.0,0.0,0.0,1.0,1.0,0.0,0.0,0.0,0.0,0.0,1890.0,1.0,0.0,28.0,0.0,0.0,0.0,0.0,3.0,1.0,0.0,0.0,0.0,118.0,0.16741226156544148,8.0,6.0,28.0,24.0,5.0,1.0,1920.0,1080.0,35.0,0.0,0
53.0,1.0,1.0,0.0,0.0,2.0,0.0,10.0,0.0,0.0,2.1659915214576055,0.0,0.0,2.0,0.0,0.0,0.0,0.0,0.0,1.0,0.0,0.0,1.0,2437.0,0.0,1.0,16.0,0.0,0.0,0.0,0.0,0.0,0.0,0.0,0.0,0.0,117.0,0.9490106206822826,2.0,1.0,16.0,23.0,18.0,1.0,1280.0,800.0,27.0,0.0,0
30.0,1.0,1.0,0.0,0.0,2.0,0.0,13.0,0.0,0.0,2.374552760110956,0.0,0.0,1.0,0.0,0.0,0.0,0.0,0.0,1.0,0.0,0.0,1.0,2181.0,1.0,0.0,7.0,0.0,0.0,0.0,0.0,1.0,0.0,0.0,0.0,0.0,63.0,0.9257511332532696,2.0,1.0,7.0,215.0,3.0,1.0,1280.0,800.0,38.0,0.0,0
50.0,1.0,0.0,0.0,0.0,1.0,0.0,7.0,0.0,0.0,2.269796409967093,0.0,0.0,28.0,0.0,0.0,0.0,0.0,0.0,1.0,0.0,0.0,1.0,647.0,0.0,1.0,12.0,0.0,0.0,0.0,0.0,0.0,0.0,0.0,0.0,0.0,16.0,0.9756995702274054,3.0,2.0,12.0,341.0,6.0,1.0,1920.0,1080.0,44.0,0.0,0
31.0,1.0,1.0,0.0,1.0,2.0,0.0,13.0,0.0,0.0,3.205199272571399,0.0,0.0,18.0,0.0,0.0,0.0,0.0,0.0,1.0,0.0,0.0,1.0,371.0,0.0,1.0,10.0,0.0,0.0,0.0,0.0,0.0,0.0,0.0,0.0,0.0,23.0,0.9945774051168833,10.0,4.0,10.0,148.0,5.0,1.0,1920.0,1080.0,16.0,0.0,0
36.0,1.0,0.0,0.0,0.0,1.0,0.0,14.0,2.0,0.14285714285714285,2.823221728096015,0.0,0.0,34.0,0.0,0.0,1.0,1.0,0.0,1.0,0.0,0.0,1.0,1939.0,2.0,1.0,3.0,1.0,0.0,0.0,0.0,2.0,2.0,1.0,0.0,1.0,71.0,0.942798462382421,2.0,1.0,3.0,418.0,2.0,1.0,1280.0,800.0,17.0,0.0,0
53.0,1.0,1.0,0.0,0.0,2.0,0.0,11.0,0.0,0.0,3.26724616396391,0.0,0.0,12.0,0.0,0.0,0.0,0.0,0.0,1.0,0.0,0.0,1.0,1948.0,1.0,1.0,16.0,0.0,0.0,0.0,0.0,2.0,0.0,0.0,0.0,0.0,42.0,0.9297676044427294,9.0,0.0,16.0,249.0,0.0,1.0,1280.0,800.0,24.0,0.0,0
26.0,1.0,1.0,0.0,0.0,2.0,0.0,19.0,0.0,0.0,3.08533528660007,0.0,0.0,27.0,0.0,0.0,0.0,0.0,0.0,1.0,0.0,0.0,1.0,466.0,1.0,0.0,17.0,0.0,0.0,0.0,0.0,1.0,0.0,0.0,0.0,0.0,60.0,0.9480014087438323,6.0,5.0,17.0,415.0,8.0,1.0,1920.0,1080.0,8.0,0.0,0
24.0,1.0,1.0,0.0,0.0,2.0,0.0,14.0,0.0,0.0,3.0035272419152577,0.0,0.0,26.0,0.0,0.0,0.0,0.0,0.0,1.0,0.0,0.0,1.0,1965.0,0.0,1.0,12.0,0.0,0.0,0.0,0.0,3.0,0.0,1.0,0.0,0.0,97.0,0.9828247873965191,2.0,1.0,12.0,68.0,6.0,1.0,1920.0,1080.0,32.0,0.0,0
28.0,1.0,1.0,0.0,0.0,2.0,0.0,10.0,0.0,0.0,2.450683391357031,0.0,0.0,27.0,0.0,0.0,0.0,0.0,0.0,1.0,0.0,0.0,1.0,1025.0,1.0,0.0,7.0,0.0,0.0,0.0,0.0,0.0,1.0,0.0,0.0,0.0,96.0,0.929123997606649,14.0,3.0,7.0,209.0,2.0,1.0,1280.0,800.0,25.0,0.0,0
50.0,1.0,0.0,0.0,0.0,1.0,0.0,8.0,0.0,0.0,2.7117649580756873,0.0,0.0,26.0,0.0,0.0,1.0,1.0,0.0,1.0,0.0,0.0,1.0,1249.0,1.0,0.0,18.0,0.0,0.0,0.0,0.0,0.0,1.0,0.0,0.0,0.0,55.0,0.9841426788935216,14.0,5.0,18.0,192.0,9.0,1.0,1920.0,1080.0,36.0,0.0,0
48.0,1.0,1.0,0.0,1.0,2.0,0.0,20.0,0.0,0.0,2.9818830818346416,0.0,0.0,19.0,0.0,0.0,0.0,0.0,0.0,1.0,0.0,0.0,1.0,1763.0,1.0,0.0,13.0,0.0,0.0,0.0,0.0,2.0,0.0,0.0,0.0,0.0,35.0,0.9791429124460976,9.0,8.0,13.0,190.0,6.0,1.0,1920.0,1080.0,20.0,0.0,0
29.0,1.0,0.0,0.0,0.0,1.0,0.0,17.0,0.0,0.0,2.4092335653373205,0.0,1.0,5.0,0.0,0.0,1.0,1.0,0.0,1.0,0.0,0.0,1.0,357.0,1.0,0.0,3.0,1.0,1.0,0.0,0.0,3.0,3.0,0.0,0.0,1.0,25.0,0.9618493758552781,11.0,7.0,3.0,257.0,16.0,1.0,1920.0,1080.0,23.0,0.0,0
18.0,1.0,1.0,0.0,0.0,2.0,0.0,15.0,0.0,0.0,3.3310378572709554,0.0,0.0,29.0,0.0,0.0,0.0,0.0,0.0,1.0,0.0,0.0,1.0,867.0,1.0,0.0,15.0,1.0,1.0,0.0,0.0,3.0,1.0,0.0,0.0,1.0,93.0,0.9397502329146931,14.0,5.0,15.0,443.0,0.0,1.0,1920.0,1080.0,12.0,0.0,0
40.0,1.0,1.0,0.0,0.0,2.0,0.0,10.0,0.0,0.0,2.98986670396284,0.0,0.0,7.0,0.0,0.0,1.0,1.0,0.0,1.0,0.0,0.0,1.0,537.0,0.0,0.0,9.0,0.0,0.0,0.0,0.0,3.0,0.0,0.0,0.0,0.0,60.0,0.9822283769957318,12.0,4.0,9.0,486.0,14.0,1.0,1920.0,1080.0,32.0,0.0,0
36.0,1.0,0.0,0.0,0.0,1.0,0.0,8.0,0.0,0.0,2.4367152825595904,0.0,0.0,29.0,0.0,0.0,0.0,0.0,0.0,1.0,0.0,0.0,1.0,1543.0,1.0,0.0,24.0,0.0,0.0,0.0,0.0,1.0,1.0,0.0,0.0,0.0,85.0,0.9581838105491206,4.0,3.0,24.0,356.0,17.0,1.0,1920.0,1080.0,3.0,0.0,0
24.0,1.0,1.0,0.0,0.0,2.0,0.0,10.0,0.0,0.0,2.208611906457797,0.0,0.0,15.0,0.0,0.0,0.0,0.0,0.0,1.0,0.0,0.0,1.0,1385.0,1.0,0.0,22.0,0.0,0.0,0.0,0.0,0.0,1.0,0.0,0.0,0.0,37.0,0.9939436877471083,5.0,4.0,22.0,411.0,4.0,1.0,1280.0,800.0,38.0,0.0,0
20.0,1.0,0.0,0.0,0.0,1.0,0.0,16.0,0.0,0.0,2.54103316082867,0.0,1.0,6.0,0.0,0.0,0.0,0.0,0.0,1.0,0.0,0.0,1.0,1123.0,2.0,1.0,4.0,0.0,0.0,0.0,0.0,2.0,1.0,1.0,0.0,0.0,79.0,0.9745309623761126,2.0,1.0,4.0,448.0,16.0,1.0,1920.0,1080.0,5.0,0.0,0
49.0,1.0,2.0,0.0,1.0,3.0,0.0,9.0,0.0,0.0,2.6374833286711574,0.0,0.0,27.0,0.0,0.0,0.0,0.0,0.0,1.0,0.0,0.0,1.0,485.0,1.0,0.0,20.0,0.0,0.0,0.0,0.0,0.0,0.0,0.0,0.0,0.0,66.0,0.9491849803804212,9.0,0.0,20.0,85.0,5.0,1.0,1280.0,800.0,42.0,0.0,0
50.0,1.0,0.0,0.0,0.0,1.0,0.0,10.0,0.0,0.0,3.311539059526,0.0,0.0,6.0,5.0,0.0,1.0,1.0,0.0,1.0,0.0,0.0,1.0,472.0,1.0,0.0,9.0,1.0,0.0,0.0,0.0,0.0,2.0,0.0,0.0,1.0,68.0,0.9749838561716723,11.0,1.0,9.0,254.0,13.0,1.0,1920.0,1080.0,22.0,0.0,0
45.0,1.0,1.0,0.0,0.0,2.0,0.0,18.0,0.0,0.0,2.1016683721981946,0.0,0.0,7.0,0.0,0.0,1.0,1.0,0.0,1.0,0.0,0.0,1.0,1573.0,0.0,0.0,19.0,0.0,0.0,0.0,0.0,2.0,0.0,0.0,0.0,0.0,92.0,0.9233501079673981,6.0,5.0,19.0,442.0,18.0,1.0,1920.0,1080.0,20.0,0.0,0
51.0,1.0,1.0,0.0,0.0,2.0,0.0,11.0,0.0,0.0,3.074524472222376,0.0,0.0,18.0,0.0,0.0,0.0,0.0,0.0,1.0,0.0,0.0,1.0,1653.0,2.0,0.0,15.0,0.0,0.0,0.0,0.0,3.0,0.0,0.0,0.0,0.0,22.0,0.9939002243427023,13.0,1.0,15.0,240.0,11.0,1.0,1920.0,1080.0,32.0,0.0,0
53.0,1.0,0.0,0.0,0.0,1.0,0.0,10.0,0.0,0.0,2.2433805555465276,0.0,0.0,24.0,0.0,0.0,0.0,0.0,0.0,1.0,0.0,0.0,1.0,2097.0,0.0,2.0,24.0,0.0,0.0,0.0,0.0,0.0,0.0,0.0,0.0,0.0,43.0,0.9296577832210512,2.0,1.0,24.0,422.0,17.0,1.0,1920.0,1080.0,29.0,0.0,0
38.0,1.0,1.0,0.0,0.0,2.0,0.0,15.0,0.0,0.0,2.447179788390556,0.0,0.0,24.0,20.0,0.0,0.0,0.0,0.0,1.0,0.0,0.0,1.0,2494.0,1.0,0.0,15.0,0.0,0.0,0.0,0.0,3.0,0.0,1.0,0.0,0.0,43.0,0.9732813241610647,7.0,2.0,15.0,252.0,5.0,1.0,1920.0,1080.0,13.0,0.0,0
22.0,1.0,0.0,0.0,0.0,1.0,0.0,21.0,0.0,0.0,2.311892600219618,0.0,0.0,27.0,0.0,0.0,0.0,0.0,0.0,1.0,0.0,0.0,1.0,1800.0,1.0,0.0,27.0,0.0,0.0,0.0,0.0,2.0,0.0,0.0,0.0,0.0,106.0,0.9286054377463213,11.0,2.0,27.0,445.0,0.0,1.0,1920.0,1080.0,31.0,0.0,0
50.0,1.0,0.0,0.0,0.0,1.0,0.0,11.0,0.0,0.0,3.1037329574067667,0.0,0.0,23.0,0.0,0.0,1.0,1.0,0.0,1.0,0.0,0.0,1.0,1922.0,0.0,0.0,16.0,0.0,0.0,0.0,0.0,1.0,1.0,0.0,0.0,0.0,36.0,0.9433563989551016,5.0,2.0,16.0,6.0,6.0,1.0,1920.0,1080.0,17.0,0.0,0
20.0,1.0,0.0,0.0,2.0,1.0,0.0,14.0,0.0,0.0,2.8946039785632944,0.0,0.0,17.0,0.0,0.0,1.0,1.0,0.0,1.0,0.0,0.0,1.0,1801.0,1.0,2.0,17.0,1.0,1.0,0.0,0.0,2.0,2.0,1.0,0.0,1.0,23.0,0.9290053465933276,7.0,0.0,17.0,14.0,10.0,1.0,1280.0,800.0,32.0,0.0,0
35.0,1.0,0.0,0.0,0.0,1.0,0.0,15.0,0.0,0.0,3.0949468824046917,0.0,0.0,33.0,0.0,0.0,0.0,0.0,0.0,1.0,0.0,0.0,1.0,1850.0,1.0,1.0,15.0,0.0,0.0,0.0,0.0,0.0,0.0,0.0,0.0,0.0,58.0,0.9236963678120075,1.0,0.0,15.0,18.0,8.0,1.0,1280.0,800.0,31.0,0.0,0
42.0,1.0,1.0,0.0,1.0,2.0,0.0,12.0,0.0,0.0,2.7400433801876165,0.0,1.0,21.0,0.0,0.0,1.0,1.0,0.0,1.0,0.0,0.0,1.0,2364.0,1.0,0.0,28.0,1.0,1.0,0.0,0.0,2.0,1.0,0.0,0.0,1.0,51.0,0.997854788331493,3.0,2.0,28.0,143.0,0.0,1.0,1920.0,1080.0,44.0,0.0,0
53.0,1.0,1.0,0.0,0.0,2.0,0.0,16.0,1.0,0.0625,2.356663349378394,0.0,0.0,25.0,0.0,0.0,1.0,1.0,0.0,1.0,0.0,0.0,1.0,644.0,2.0,0.0,2.0,0.0,0.0,0.0,0.0,2.0,0.0,0.0,0.0,0.0,95.0,0.9752860938981295,13.0,5.0,2.0,435.0,12.0,1.0,1280.0,800.0,28.0,0.0,0
29.0,1.0,0.0,0.0,0.0,1.0,0.0,8.0,0.0,0.0,3.0381593116030903,0.0,0.0,5.0,0.0,0.0,0.0,0.0,0.0,1.0,0.0,0.0,1.0,683.0,0.0,0.0,7.0,0.0,0.0,0.0,0.0,3.0,0.0,0.0,0.0,0.0,102.0,0.9407543309938442,13.0,9.0,7.0,283.0,7.0,1.0,1920.0,1080.0,14.0,0.0,0
37.0,1.0,1.0,0.0,0.0,2.0,0.0,20.0,0.0,0.0,2.9113117939175424,0.0,0.0,14.0,0.0,0.0,0.0,0.0,0.0,1.0,0.0,0.0,1.0,1641.0,1.0,0.0,16.0,0.0,0.0,0.0,0.0,1.0,1.0,0.0,0.0,0.0,71.0,0.9706800289710742,6.0,5.0,16.0,182.0,3.0,1.0,1280.0,800.0,38.0,0.0,0
44.0,1.0,1.0,0.0,0.0,2.0,0.0,9.0,0.0,0.0,3.082528953122999,0.0,0.0,25.0,0.0,0.0,0.0,0.0,0.0,1.0,0.0,0.0,1.0,2376.0,0.0,1.0,23.0,0.0,0.0,0.0,0.0,3.0,0.0,0.0,0.0,0.0,55.0,0.9250357947350307,5.0,4.0,23.0,31.0,15.0,1.0,1280.0,800.0,44.0,0.0,0
52.0,1.0,0.0,0.0,0.0,1.0,0.0,8.0,0.0,0.0,2.749075633585015,0.0,0.0,16.0,0.0,0.0,0.0,0.0,0.0,1.0,0.0,0.0,1.0,1375.0,2.0,2.0,11.0,0.0,0.0,0.0,0.0,0.0,1.0,1.0,0.0,0.0,67.0,0.9657857713956992,7.0,4.0,11.0,233.0,5.0,1.0,1920.0,1080.0,29.0,0.0,0
27.0,1.0,1.0,0.0,0.0,2.0,0.0,20.0,1.0,0.05,2.380448869025255,0.0,1.0,6.0,5.0,0.0,1.0,1.0,0.0,1.0,0.0,0.0,1.0,240.0,1.0,0.0,18.0,0.0,0.0,0.0,0.0,0.0,0.0,0.0,0.0,0.0,53.0,0.9925583210595449,12.0,0.0,18.0,82.0,18.0,1.0,1920.0,1080.0,40.0,0.0,0
23.0,1.0,1.0,0.0,0.0,2.0,0.0,19.0,0.0,0.0,2.1153033565832056,0.0,0.0,16.0,0.0,0.0,0.0,0.0,0.0,1.0,0.0,0.0,1.0,1724.0,2.0,2.0,4.0,0.0,0.0,0.0,0.0,1.0,0.0,0.0,0.0,0.0,55.0,0.9380826051794866,14.0,0.0,4.0,368.0,3.0,1.0,1920.0,1080.0,12.0,0.0,0
45.0,1.0,1.0,0.0,0.0,2.0,0.0,12.0,0.0,0.0,2.8366166145580403,0.0,0.0,2.0,5.0,0.0,0.0,0.0,0.0,1.0,0.0,0.0,1.0,2104.0,0.0,1.0,12.0,0.0,0.0,0.0,0.0,1.0,1.0,0.0,0.0,0.0,39.0,0.9867813579011313,8.0,5.0,12.0,195.0,14.0,1.0,1920.0,1080.0,2.0,0.0,0
51.0,1.0,1.0,0.0,2.0,2.0,0.0,9.0,0.0,0.0,3.16394649396483,0.0,0.0,16.0,5.0,0.0,0.0,0.0,0.0,1.0,0.0,0.0,1.0,859.0,0.0,0.0,28.0,0.0,0.0,0.0,0.0,2.0,1.0,0.0,0.0,0.0,70.0,0.9268611182221705,8.0,5.0,28.0,72.0,14.0,1.0,1920.0,1080.0,16.0,0.0,0
27.0,1.0,1.0,0.0,1.0,2.0,0.0,19.0,0.0,0.0,2.520482655041319,0.0,0.0,11.0,0.0,0.0,0.0,0.0,0.0,1.0,0.0,0.0,1.0,2098.0,3.0,2.0,11.0,0.0,0.0,0.0,0.0,2.0,1.0,0.0,0.0,0.0,89.0,0.9498100596275738,10.0,5.0,11.0,32.0,8.0,1.0,1280.0,800.0,11.0,0.0,0
49.0,1.0,0.0,0.0,0.0,1.0,0.0,15.0,0.0,0.0,3.003536898366773,0.0,0.0,6.0,20.0,0.0,1.0,1.0,0.0,1.0,0.0,0.0,1.0,1679.0,1.0,0.0,3.0,1.0,0.0,0.0,1.0,2.0,1.0,0.0,0.0,1.0,92.0,0.9332800416520157,2.0,1.0,3.0,270.0,1.0,1.0,1920.0,1080.0,3.0,0.0,0
31.0,1.0,0.0,0.0,0.0,1.0,0.0,8.0,0.0,0.0,2.25524245435093,0.0,0.0,15.0,0.0,0.0,1.0,1.0,0.0,1.0,0.0,0.0,1.0,1201.0,1.0,0.0,2.0,0.0,0.0,0.0,0.0,3.0,0.0,0.0,0.0,0.0,16.0,0.9383278585155387,13.0,8.0,2.0,298.0,11.0,1.0,1920.0,1080.0,25.0,0.0,0
45.0,1.0,0.0,0.0,0.0,1.0,0.0,19.0,0.0,0.0,3.361181536153494,0.0,0.0,8.0,0.0,0.0,0.0,0.0,0.0,1.0,0.0,0.0,1.0,2194.0,0.0,0.0,17.0,0.0,0.0,0.0,0.0,0.0,0.0,0.0,0.0,0.0,96.0,0.9250808652870572,10.0,5.0,17.0,213.0,9.0,1.0,1920.0,1080.0,44.0,0.0,0
18.0,1.0,0.0,0.0,0.0,1.0,0.0,13.0,0.0,0.0,2.4718961420654764,0.0,0.0,2.0,0.0,0.0,1.0,1.0,0.0,1.0,0.0,0.0,1.0,2052.0,1.0,0.0,22.0,1.0,0.0,0.0,0.0,3.0,3.0,0.0,0.0,1.0,68.0,0.9377288002534497,13.0,0.0,22.0,68.0,12.0,1.0,1280.0,800.0,16.0,0.0,0
35.0,1.0,1.0,0.0,0.0,2.0,0.0,8.0,0.0,0.0,2.6609114129652283,0.0,0.0,4.0,5.0,0.0,0.0,0.0,0.0,1.0,0.0,0.0,1.0,1906.0,1.0,0.0,8.0,0.0,0.0,0.0,0.0,2.0,0.0,0.0,0.0,0.0,35.0,0.9847379353086917,13.0,3.0,8.0,86.0,9.0,1.0,1280.0,800.0,24.0,0.0,0
18.0,1.0,1.0,0.0,0.0,2.0,0.0,8.0,0.0,0.0,2.159799303602853,0.0,1.0,16.0,0.0,0.0,0.0,0.0,0.0,1.0,0.0,0.0,1.0,622.0,1.0,0.0,16.0,0.0,0.0,0.0,0.0,2.0,0.0,0.0,0.0,0.0,22.0,0.920114304333358,13.0,5.0,16.0,166.0,0.0,1.0,1920.0,1080.0,12.0,0.0,0
47.0,1.0,1.0,0.0,1.0,2.0,0.0,10.0,2.0,0.2,3.3111767177044324,0.0,0.0,11.0,0.0,0.0,0.0,0.0,0.0,1.0,0.0,0.0,1.0,1090.0,0.0,0.0,7.0,0.0,0.0,0.0,0.0,3.0,0.0,0.0,0.0,0.0,21.0,0.9714604748340482,8.0,1.0,7.0,184.0,9.0,1.0,1920.0,1080.0,7.0,0.0,0
25.0,1.0,0.0,0.0,0.0,1.0,0.0,13.0,0.0,0.0,2.2535906096133917,0.0,0.0,31.0,0.0,0.0,0.0,0.0,0.0,1.0,0.0,0.0,1.0,2383.0,1.0,0.0,24.0,0.0,0.0,0.0,0.0,2.0,0.0,0.0,0.0,0.0,63.0,0.9722229447127345,6.0,5.0,24.0,421.0,7.0,1.0,1280.0,800.0,8.0,0.0,0
48.0,1.0,0.0,0.0,2.0,1.0,0.0,7.0,0.0,0.0,3.2770667752525195,0.0,0.0,0.0,0.0,0.0,1.0,1.0,0.0,1.0,0.0,0.0,1.0,589.0,2.0,1.0,21.0,1.0,0.0,0.0,0.0,1.0,3.0,0.0,0.0,1.0,30.0,0.9392154668074296,13.0,7.0,21.0,215.0,3.0,1.0,1920.0,1080.0,41.0,0.0,0
34.0,1.0,0.0,0.0,0.0,1.0,0.0,19.0,0.0,0.0,3.0725325451056307,0.0,0.0,13.0,0.0,0.0,0.0,0.0,0.0,1.0,0.0,0.0,1.0,842.0,2.0,0.0,27.0,0.0,0.0,0.0,0.0,1.0,0.0,0.0,0.0,0.0,63.0,0.9930030799519305,7.0,1.0,27.0,381.0,3.0,1.0,1920.0,1080.0,21.0,0.0,0
26.0,1.0,0.0,0.0,0.0,1.0,0.0,9.0,0.0,0.0,2.3153350028277626,0.0,0.0,28.0,0.0,0.0,0.0,0.0,0.0,1.0,0.0,0.0,1.0,1193.0,1.0,1.0,13.0,1.0,0.0,0.0,0.0,3.0,3.0,0.0,0.0,1.0,81.0,0.9629374679289586,12.0,5.0,13.0,158.0,18.0,1.0,1280.0,800.0,11.0,0.0,0
43.0,1.0,1.0,0.0,0.0,2.0,0.0,21.0,0.0,0.0,2.1044074924369993,0.0,0.0,0.0,0.0,0.0,1.0,1.0,0.0,1.0,0.0,0.0,1.0,340.0,0.0,1.0,15.0,0.0,0.0,0.0,0.0,3.0,0.0,0.0,0.0,0.0,42.0,0.9682911032729857,1.0,0.0,15.0,198.0,3.0,1.0,1280.0,800.0,40.0,0.0,0
53.0,1.0,1.0,0.0,0.0,2.0,0.0,17.0,0.0,0.0,3.3261115371810432,0.0,0.0,7.0,0.0,0.0,1.0,1.0,0.0,1.0,0.0,0.0,1.0,760.0,0.0,0.0,15.0,0.0,0.0,0.0,0.0,0.0,1.0,0.0,0.0,0.0,30.0,0.9313863448195686,4.0,1.0,15.0,328.0,1.0,1.0,1920.0,1080.0,12.0,0.0,0
40.0,1.0,0.0,0.0,0.0,1.0,0.0,19.0,0.0,0.0,3.3813272561039973,0.0,0.0,17.0,0.0,0.0,0.0,0.0,0.0,1.0,0.0,0.0,1.0,1167.0,0.0,0.0,14.0,0.0,0.0,0.0,0.0,0.0,0.0,0.0,0.0,0.0,84.0,0.9215540403341993,9.0,2.0,14.0,277.0,11.0,1.0,1920.0,1080.0,41.0,0.0,0
29.0,1.0,0.0,0.0,0.0,1.0,0.0,12.0,0.0,0.0,3.3909486659377457,0.0,0.0,0.0,0.0,0.0,0.0,0.0,0.0,1.0,0.0,0.0,1.0,2142.0,1.0,0.0,19.0,0.0,0.0,0.0,0.0,1.0,0.0,0.0,0.0,0.0,39.0,0.968409689476263,3.0,2.0,19.0,245.0,15.0,1.0,1920.0,1080.0,25.0,0.0,0
29.0,1.0,1.0,0.0,0.0,2.0,0.0,15.0,0.0,0.0,2.152589125735246,0.0,0.0,11.0,0.0,0.0,0.0,0.0,0.0,1.0,0.0,0.0,1.0,1804.0,1.0,0.0,2.0,0.0,0.0,0.0,0.0,1.0,1.0,0.0,0.0,0.0,37.0,0.9775484729500122,12.0,3.0,2.0,297.0,10.0,1.0,1920.0,1080.0,10.0,0.0,0
44.0,0.0,0.0,0.0,0.0,1.0,0.0,8.0,0.0,0.0,2.482218312606132,0.0,0.0,25.0,0.0,0.0,1.0,1.0,0.0,0.0,1.0,0.0,0.0,2098.0,0.0,0.0,21.0,0.0,0.0,0.0,0.0,3.0,0.0,0.0,0.0,0.0,38.0,0.31197823762799937,5.0,2.0,21.0,262.0,7.0,1.0,1280.0,800.0,36.0,0.0,0
52.0,1.0,1.0,0.0,1.0,2.0,0.0,21.0,0.0,0.0,2.1811995448580013,0.0,0.0,22.0,0.0,0.0,0.0,0.0,0.0,1.0,0.0,0.0,1.0,387.0,0.0,0.0,22.0,0.0,0.0,0.0,0.0,1.0,1.0,0.0,0.0,0.0,94.0,0.9511196810010428,12.0,1.0,22.0,218.0,11.0,1.0,1920.0,1080.0,6.0,0.0,0
42.0,1.0,1.0,0.0,0.0,2.0,0.0,16.0,0.0,0.0,3.1236602593252623,0.0,0.0,9.0,0.0,0.0,1.0,1.0,0.0,1.0,0.0,0.0,0.0,1750.0,2.0,1.0,14.0,0.0,0.0,0.0,0.0,0.0,0.0,0.0,0.0,0.0,25.0,0.923690900702803,3.0,2.0,14.0,379.0,4.0,1.0,1280.0,800.0,28.0,0.0,0
51.0,1.0,0.0,0.0,0.0,1.0,0.0,11.0,0.0,0.0,2.7922880883719436,0.0,0.0,24.0,0.0,0.0,0.0,0.0,0.0,1.0,0.0,0.0,1.0,1123.0,1.0,0.0,8.0,0.0,0.0,0.0,0.0,1.0,0.0,1.0,0.0,0.0,50.0,0.9313215405160542,7.0,1.0,8.0,446.0,9.0,1.0,1920.0,1080.0,25.0,0.0,0
27.0,1.0,0.0,0.0,0.0,1.0,0.0,9.0,0.0,0.0,2.4188703169724466,0.0,0.0,33.0,0.0,0.0,0.0,0.0,0.0,1.0,0.0,0.0,1.0,1118.0,0.0,1.0,26.0,0.0,0.0,0.0,0.0,0.0,1.0,0.0,0.0,0.0,25.0,0.9389442578173318,2.0,1.0,26.0,157.0,3.0,1.0,1920.0,1080.0,22.0,0.0,0
49.0,1.0,1.0,0.0,0.0,2.0,0.0,21.0,0.0,0.0,2.4043566690561535,0.0,0.0,21.0,0.0,0.0,0.0,0.0,0.0,1.0,0.0,0.0,1.0,166.0,0.0,0.0,10.0,0.0,0.0,0.0,0.0,1.0,0.0,0.0,0.0,0.0,114.0,0.9342055870824423,12.0,8.0,10.0,259.0,17.0,1.0,1920.0,1080.0,18.0,0.0,0
34.0,1.0,0.0,0.0,0.0,1.0,0.0,21.0,0.0,0.0,2.4211535711913745,0.0,0.0,10.0,0.0,0.0,1.0,1.0,0.0,1.0,0.0,0.0,1.0,2032.0,1.0,0.0,22.0,0.0,0.0,0.0,0.0,2.0,1.0,1.0,0.0,0.0,77.0,0.926957229241292,14.0,2.0,22.0,114.0,16.0,1.0,1920.0,1080.0,30.0,0.0,0
51.0,1.0,1.0,0.0,1.0,2.0,0.0,16.0,0.0,0.0,2.7766798647217312,0.0,1.0,8.0,0.0,0.0,0.0,0.0,0.0,1.0,0.0,0.0,1.0,2010.0,1.0,0.0,25.0,0.0,0.0,0.0,0.0,1.0,0.0,0.0,0.0,0.0,73.0,0.9534130066191129,13.0,2.0,25.0,497.0,5.0,1.0,1280.0,800.0,3.0,0.0,0
34.0,1.0,0.0,0.0,0.0,1.0,0.0,20.0,0.0,0.0,3.0237609324466037,0.0,0.0,25.0,0.0,0.0,0.0,0.0,0.0,1.0,0.0,0.0,1.0,1087.0,2.0,0.0,16.0,0.0,0.0,0.0,0.0,0.0,1.0,1.0,0.0,0.0,43.0,0.9408155712645176,8.0,7.0,16.0,217.0,1.0,1.0,1920.0,1080.0,38.0,0.0,0
23.0,1.0,0.0,0.0,0.0,1.0,0.0,17.0,0.0,0.0,3.3654085859726792,0.0,0.0,15.0,0.0,0.0,0.0,0.0,0.0,1.0,0.0,0.0,1.0,2469.0,0.0,0.0,6.0,0.0,0.0,0.0,0.0,3.0,1.0,0.0,0.0,0.0,46.0,0.939157059114863,11.0,1.0,6.0,499.0,19.0,1.0,1280.0,800.0,41.0,0.0,0
23.0,1.0,1.0,0.0,0.0,2.0,0.0,18.0,0.0,0.0,2.678675758625816,0.0,0.0,29.0,0.0,0.0,1.0,1.0,0.0,1.0,0.0,0.0,1.0,2457.0,2.0,0.0,22.0,0.0,0.0,0.0,0.0,0.0,0.0,0.0,0.0,0.0,111.0,0.9871003662391961,4.0,3.0,22.0,244.0,11.0,1.0,1920.0,1080.0,13.0,0.0,0
43.0,1.0,0.0,0.0,0.0,1.0,0.0,14.0,0.0,0.0,3.063587067045301,0.0,0.0,11.0,5.0,0.0,0.0,0.0,0.0,1.0,0.0,0.0,1.0,1687.0,0.0,0.0,24.0,0.0,0.0,0.0,0.0,3.0,0.0,0.0,0.0,0.0,25.0,0.9560945234959987,10.0,0.0,24.0,77.0,1.0,1.0,1920.0,1080.0,7.0,0.0,0
32.0,1.0,1.0,0.0,0.0,2.0,0.0,18.0,0.0,0.0,2.1748329376024067,0.0,0.0,9.0,0.0,0.0,0.0,0.0,0.0,1.0,0.0,0.0,1.0,994.0,0.0,0.0,19.0,0.0,0.0,0.0,0.0,2.0,0.0,0.0,0.0,0.0,84.0,0.9416572077061304,9.0,8.0,19.0,429.0,16.0,1.0,1920.0,1080.0,25.0,0.0,0
33.0,1.0,1.0,0.0,1.0,2.0,0.0,11.0,0.0,0.0,3.042576350655997,0.0,0.0,2.0,0.0,0.0,1.0,1.0,0.0,1.0,0.0,0.0,1.0,234.0,0.0,0.0,4.0,0.0,0.0,0.0,0.0,2.0,0.0,0.0,0.0,0.0,35.0,0.9955279904393568,1.0,0.0,4.0,29.0,14.0,1.0,1920.0,1080.0,44.0,0.0,0
46.0,1.0,0.0,0.0,0.0,1.0,0.0,21.0,0.0,0.0,2.5764618660190814,0.0,0.0,29.0,0.0,0.0,1.0,1.0,0.0,1.0,0.0,0.0,1.0,2143.0,0.0,1.0,19.0,0.0,0.0,0.0,0.0,0.0,0.0,0.0,0.0,0.0,30.0,0.9344396052595075,12.0,9.0,19.0,127.0,18.0,1.0,1920.0,1080.0,42.0,0.0,0
38.0,1.0,0.0,0.0,0.0,1.0,0.0,13.0,0.0,0.0,2.1683573303684383,0.0,0.0,32.0,0.0,0.0,0.0,0.0,0.0,1.0,0.0,0.0,1.0,1129.0,1.0,1.0,7.0,0.0,0.0,0.0,0.0,0.0,0.0,0.0,0.0,0.0,71.0,0.9902931793928974,8.0,5.0,7.0,80.0,15.0,1.0,1280.0,800.0,4.0,0.0,0
36.0,1.0,0.0,0.0,0.0,1.0,0.0,19.0,0.0,0.0,3.0893947793914163,0.0,1.0,28.0,0.0,0.0,1.0,1.0,0.0,1.0,0.0,0.0,1.0,523.0,1.0,0.0,24.0,1.0,0.0,0.0,0.0,0.0,3.0,0.0,0.0,1.0,111.0,0.9789614617357173,1.0,0.0,24.0,480.0,4.0,1.0,1920.0,1080.0,16.0,0.0,0
41.0,0.0,1.0,0.0,0.0,2.0,0.0,21.0,0.0,0.0,2.159754603661168,0.0,0.0,17.0,0.0,0.0,0.0,0.0,0.0,0.0,0.0,0.0,0.0,1697.0,0.0,1.0,23.0,0.0,0.0,0.0,0.0,1.0,0.0,1.0,0.0,0.0,94.0,0.3107802966553884,4.0,3.0,23.0,39.0,2.0,1.0,1920.0,1080.0,12.0,0.0,0
51.0,1.0,1.0,0.0,0.0,2.0,0.0,8.0,0.0,0.0,2.538260919599274,0.0,0.0,14.0,0.0,0.0,0.0,0.0,0.0,1.0,0.0,0.0,1.0,646.0,1.0,2.0,25.0,0.0,0.0,0.0,0.0,2.0,0.0,0.0,0.0,0.0,39.0,0.9699700474830648,3.0,2.0,25.0,396.0,5.0,1.0,1920.0,1080.0,41.0,0.0,0
29.0,1.0,1.0,0.0,0.0,2.0,0.0,14.0,0.0,0.0,2.433476260170059,0.0,0.0,3.0,5.0,0.0,0.0,0.0,0.0,1.0,0.0,0.0,1.0,1569.0,1.0,1.0,25.0,0.0,0.0,0.0,0.0,2.0,0.0,0.0,0.0,0.0,101.0,0.9638366089486301,4.0,3.0,25.0,374.0,2.0,1.0,1920.0,1080.0,18.0,0.0,0
22.0,1.0,0.0,0.0,0.0,1.0,0.0,12.0,0.0,0.0,2.941910403122135,0.0,0.0,21.0,0.0,0.0,1.0,1.0,0.0,1.0,0.0,0.0,1.0,1282.0,3.0,0.0,17.0,0.0,0.0,0.0,0.0,0.0,0.0,0.0,0.0,0.0,108.0,0.9295748429407049,14.0,8.0,17.0,44.0,4.0,1.0,1920.0,1080.0,8.0,0.0,0
42.0,1.0,0.0,0.0,0.0,1.0,0.0,17.0,0.0,0.0,3.0954533875213874,0.0,0.0,26.0,0.0,0.0,0.0,0.0,0.0,1.0,0.0,0.0,1.0,928.0,2.0,1.0,29.0,0.0,0.0,0.0,0.0,1.0,0.0,0.0,0.0,0.0,96.0,0.969905952105468,12.0,6.0,29.0,256.0,8.0,1.0,1920.0,1080.0,36.0,0.0,0
46.0,1.0,1.0,0.0,0.0,2.0,0.0,10.0,0.0,0.0,2.894206505132633,0.0,1.0,19.0,0.0,0.0,1.0,1.0,0.0,1.0,0.0,0.0,1.0,328.0,3.0,0.0,21.0,0.0,0.0,1.0,0.0,3.0,0.0,0.0,0.0,1.0,32.0,0.9730677465153843,4.0,3.0,21.0,420.0,4.0,1.0,1920.0,1080.0,36.0,0.0,0
32.0,1.0,1.0,0.0,0.0,2.0,0.0,20.0,0.0,0.0,2.8368284333524856,0.0,0.0,28.0,5.0,0.0,1.0,1.0,0.0,1.0,0.0,0.0,1.0,897.0,1.0,0.0,19.0,0.0,0.0,1.0,0.0,1.0,1.0,0.0,0.0,1.0,100.0,0.9647300814979675,12.0,6.0,19.0,67.0,8.0,1.0,1920.0,1080.0,29.0,0.0,0
44.0,1.0,0.0,0.0,0.0,1.0,0.0,16.0,0.0,0.0,2.402057918550944,0.0,0.0,3.0,0.0,0.0,1.0,1.0,0.0,1.0,0.0,0.0,1.0,2254.0,1.0,0.0,7.0,0.0,0.0,0.0,0.0,0.0,1.0,0.0,0.0,0.0,49.0,0.9577230167974295,9.0,6.0,7.0,365.0,0.0,1.0,1920.0,1080.0,36.0,0.0,0
28.0,1.0,0.0,0.0,0.0,1.0,0.0,18.0,1.0,0.05555555555555555,2.761874112103005,0.0,0.0,27.0,0.0,0.0,1.0,1.0,0.0,1.0,0.0,0.0,1.0,204.0,1.0,0.0,22.0,0.0,0.0,0.0,0.0,3.0,0.0,0.0,0.0,0.0,32.0,0.9541104705722473,4.0,3.0,22.0,375.0,7.0,1.0,1920.0,1080.0,24.0,0.0,0
33.0,1.0,1.0,0.0,0.0,2.0,0.0,10.0,0.0,0.0,2.559583694672887,0.0,1.0,6.0,0.0,0.0,0.0,0.0,0.0,1.0,0.0,0.0,1.0,1117.0,2.0,0.0,8.0,0.0,0.0,0.0,0.0,2.0,0.0,0.0,0.0,0.0,95.0,0.9307880069422533,5.0,4.0,8.0,205.0,3.0,1.0,1920.0,1080.0,16.0,0.0,0
44.0,1.0,1.0,0.0,0.0,2.0,0.0,10.0,0.0,0.0,2.604081641289106,0.0,0.0,24.0,5.0,0.0,0.0,0.0,0.0,1.0,0.0,0.0,1.0,1942.0,1.0,0.0,18.0,0.0,0.0,0.0,0.0,0.0,0.0,0.0,0.0,0.0,112.0,0.9526767175851473,10.0,9.0,18.0,191.0,10.0,1.0,1920.0,1080.0,44.0,0.0,0
25.0,1.0,1.0,0.0,0.0,2.0,0.0,18.0,0.0,0.0,2.595439972190713,0.0,0.0,12.0,5.0,0.0,0.0,0.0,0.0,1.0,0.0,0.0,1.0,800.0,1.0,0.0,27.0,0.0,0.0,0.0,0.0,3.0,0.0,0.0,0.0,0.0,84.0,0.9685480682551322,8.0,2.0,27.0,67.0,9.0,1.0,1280.0,800.0,25.0,0.0,0
19.0,1.0,0.0,0.0,0.0,1.0,0.0,7.0,0.0,0.0,3.27001062033609,0.0,0.0,19.0,0.0,0.0,1.0,1.0,0.0,1.0,0.0,0.0,1.0,796.0,0.0,0.0,19.0,0.0,0.0,0.0,0.0,3.0,0.0,0.0,0.0,0.0,33.0,0.9598854842044495,7.0,3.0,19.0,22.0,11.0,1.0,1920.0,1080.0,36.0,0.0,0
31.0,1.0,0.0,0.0,0.0,1.0,0.0,13.0,0.0,0.0,2.729580474948081,0.0,0.0,34.0,5.0,0.0,1.0,1.0,0.0,1.0,0.0,0.0,1.0,1301.0,1.0,0.0,18.0,1.0,1.0,0.0,0.0,3.0,1.0,0.0,0.0,1.0,79.0,0.9301189475565098,3.0,2.0,18.0,124.0,13.0,1.0,1920.0,1080.0,12.0,0.0,0
18.0,1.0,1.0,0.0,0.0,2.0,0.0,12.0,0.0,0.0,2.207607203934317,0.0,0.0,16.0,0.0,0.0,1.0,1.0,0.0,1.0,0.0,0.0,1.0,1030.0,1.0,0.0,29.0,0.0,0.0,0.0,0.0,3.0,0.0,0.0,0.0,0.0,97.0,0.9355935494069304,12.0,1.0,29.0,263.0,6.0,1.0,1280.0,800.0,26.0,0.0,0
21.0,1.0,0.0,0.0,0.0,1.0,0.0,13.0,0.0,0.0,2.2172349196471624,0.0,0.0,32.0,5.0,0.0,0.0,0.0,0.0,1.0,0.0,0.0,1.0,2190.0,2.0,1.0,27.0,0.0,0.0,0.0,0.0,3.0,0.0,0.0,0.0,0.0,42.0,0.9212770803416268,7.0,6.0,27.0,424.0,14.0,1.0,1280.0,800.0,34.0,0.0,0
22.0,1.0,2.0,0.0,0.0,3.0,0.0,10.0,0.0,0.0,3.0912630313779217,0.0,0.0,10.0,0.0,0.0,0.0,0.0,0.0,1.0,0.0,0.0,1.0,2392.0,1.0,0.0,4.0,0.0,0.0,0.0,0.0,3.0,0.0,0.0,0.0,0.0,48.0,0.9657223932178997,8.0,7.0,4.0,407.0,8.0,1.0,1920.0,1080.0,22.0,0.0,0
42.0,1.0,1.0,0.0,0.0,2.0,0.0,16.0,0.0,0.0,2.1762682593744462,0.0,0.0,8.0,0.0,0.0,1.0,1.0,0.0,1.0,0.0,0.0,1.0,1696.0,1.0,0.0,25.0,1.0,0.0,0.0,1.0,1.0,1.0,0.0,0.0,1.0,100.0,0.9866649990125875,11.0,3.0,25.0,120.0,10.0,1.0,1280.0,800.0,30.0,0.0,0
45.0,1.0,1.0,0.0,0.0,2.0,0.0,10.0,0.0,0.0,2.142656318828612,0.0,0.0,20.0,0.0,0.0,1.0,1.0,0.0,1.0,0.0,0.0,1.0,1315.0,0.0,0.0,5.0,0.0,0.0,0.0,0.0,0.0,0.0,0.0,0.0,0.0,45.0,0.9744722252076466,2.0,1.0,5.0,209.0,5.0,1.0,1920.0,1080.0,39.0,0.0,0
46.0,1.0,2.0,0.0,0.0,3.0,0.0,15.0,0.0,0.0,2.1207896280560496,0.0,0.0,8.0,0.0,0.0,0.0,0.0,0.0,1.0,0.0,0.0,1.0,1169.0,0.0,0.0,21.0,0.0,0.0,0.0,0.0,0.0,0.0,1.0,0.0,0.0,59.0,0.9520901035461256,5.0,1.0,21.0,202.0,0.0,1.0,1920.0,1080.0,35.0,0.0,0
25.0,1.0,1.0,0.0,0.0,2.0,0.0,7.0,0.0,0.0,2.7467939136177963,0.0,0.0,19.0,0.0,0.0,0.0,0.0,0.0,1.0,0.0,0.0,1.0,2053.0,2.0,0.0,18.0,1.0,1.0,0.0,0.0,1.0,1.0,0.0,0.0,1.0,91.0,0.9725382235503169,8.0,7.0,18.0,193.0,6.0,1.0,1920.0,1080.0,41.0,0.0,0
25.0,1.0,1.0,0.0,0.0,2.0,0.0,18.0,0.0,0.0,2.3023163906410398,0.0,0.0,25.0,5.0,0.0,0.0,0.0,0.0,1.0,0.0,0.0,1.0,984.0,3.0,0.0,23.0,0.0,0.0,0.0,0.0,1.0,0.0,0.0,0.0,0.0,118.0,0.9547125794689618,6.0,5.0,23.0,471.0,8.0,1.0,1920.0,1080.0,44.0,0.0,0
22.0,1.0,1.0,0.0,0.0,2.0,0.0,7.0,0.0,0.0,2.2484083761595035,0.0,0.0,30.0,0.0,0.0,0.0,0.0,0.0,1.0,0.0,0.0,1.0,2013.0,0.0,1.0,29.0,0.0,0.0,0.0,0.0,1.0,0.0,0.0,0.0,0.0,52.0,0.9828748224729392,3.0,2.0,29.0,145.0,18.0,1.0,1920.0,1080.0,39.0,0.0,0
34.0,1.0,0.0,0.0,1.0,1.0,0.0,9.0,0.0,0.0,2.1928703291779974,0.0,0.0,9.0,0.0,0.0,0.0,0.0,0.0,1.0,0.0,0.0,1.0,351.0,1.0,0.0,24.0,0.0,0.0,0.0,0.0,2.0,0.0,0.0,0.0,0.0,87.0,0.9393563726104756,13.0,7.0,24.0,398.0,16.0,1.0,1280.0,800.0,2.0,0.0,0
50.0,1.0,1.0,0.0,0.0,2.0,0.0,8.0,0.0,0.0,3.00674655723867,0.0,0.0,26.0,0.0,0.0,0.0,0.0,0.0,1.0,0.0,0.0,1.0,1418.0,1.0,1.0,18.0,0.0,0.0,0.0,0.0,1.0,0.0,0.0,0.0,0.0,60.0,0.9447890599191359,6.0,5.0,18.0,229.0,0.0,1.0,1920.0,1080.0,36.0,0.0,0
23.0,1.0,1.0,0.0,0.0,2.0,0.0,19.0,0.0,0.0,2.4193495855209117,0.0,0.0,31.0,20.0,0.0,1.0,1.0,0.0,1.0,0.0,0.0,1.0,2040.0,0.0,0.0,5.0,0.0,0.0,0.0,0.0,1.0,0.0,1.0,0.0,0.0,47.0,0.9515814740914322,2.0,1.0,5.0,14.0,17.0,1.0,1280.0,800.0,31.0,0.0,0
18.0,1.0,0.0,0.0,0.0,1.0,0.0,21.0,1.0,0.047619047619047616,2.3247187255800696,0.0,0.0,17.0,0.0,0.0,0.0,0.0,0.0,1.0,0.0,0.0,1.0,1177.0,0.0,0.0,13.0,0.0,0.0,0.0,0.0,3.0,0.0,0.0,0.0,0.0,93.0,0.9755072932908528,12.0,4.0,13.0,277.0,1.0,1.0,1920.0,1080.0,26.0,0.0,0
47.0,1.0,1.0,0.0,0.0,2.0,0.0,15.0,0.0,0.0,3.245424861890564,0.0,0.0,24.0,5.0,0.0,1.0,1.0,0.0,1.0,0.0,0.0,1.0,999.0,1.0,0.0,6.0,1.0,0.0,0.0,0.0,2.0,1.0,0.0,0.0,1.0,52.0,0.9646421631281625,10.0,2.0,6.0,491.0,17.0,1.0,1920.0,1080.0,32.0,0.0,0
51.0,1.0,1.0,0.0,0.0,2.0,0.0,19.0,0.0,0.0,2.1287042668923086,0.0,0.0,34.0,0.0,0.0,0.0,0.0,0.0,1.0,0.0,0.0,1.0,2341.0,1.0,0.0,9.0,1.0,0.0,0.0,0.0,0.0,2.0,0.0,0.0,1.0,24.0,0.9254111845983126,7.0,4.0,9.0,339.0,4.0,1.0,1920.0,1080.0,43.0,0.0,0
18.0,1.0,1.0,0.0,0.0,2.0,0.0,17.0,1.0,0.058823529411764705,3.3250245814002053,0.0,1.0,6.0,0.0,0.0,1.0,1.0,0.0,1.0,0.0,0.0,1.0,1829.0,1.0,1.0,12.0,0.0,0.0,0.0,0.0,0.0,0.0,0.0,0.0,0.0,79.0,0.9523999068312115,12.0,2.0,12.0,284.0,5.0,1.0,1920.0,1080.0,41.0,0.0,0
19.0,1.0,1.0,0.0,0.0,2.0,0.0,13.0,0.0,0.0,2.3586064988886015,0.0,0.0,26.0,0.0,0.0,0.0,0.0,0.0,1.0,0.0,0.0,1.0,984.0,0.0,0.0,21.0,0.0,0.0,0.0,0.0,2.0,0.0,0.0,0.0,0.0,29.0,0.9319894737229822,7.0,6.0,21.0,437.0,2.0,1.0,1920.0,1080.0,27.0,0.0,0
45.0,1.0,0.0,0.0,0.0,1.0,0.0,7.0,0.0,0.0,2.273279308606031,0.0,0.0,13.0,0.0,0.0,0.0,0.0,0.0,1.0,0.0,0.0,1.0,2368.0,1.0,0.0,11.0,0.0,0.0,0.0,0.0,3.0,0.0,0.0,0.0,0.0,36.0,0.9654985522232485,3.0,2.0,11.0,466.0,19.0,1.0,1920.0,1080.0,32.0,0.0,0
52.0,1.0,0.0,0.0,0.0,1.0,0.0,8.0,0.0,0.0,2.4500654320445867,0.0,0.0,16.0,0.0,0.0,0.0,0.0,0.0,1.0,0.0,0.0,1.0,2227.0,0.0,0.0,10.0,0.0,0.0,0.0,0.0,0.0,0.0,0.0,0.0,0.0,107.0,0.9284377122374875,3.0,1.0,10.0,10.0,1.0,1.0,1920.0,1080.0,14.0,0.0,0
25.0,1.0,0.0,0.0,2.0,1.0,0.0,18.0,0.0,0.0,2.9007213103660856,0.0,0.0,17.0,0.0,0.0,1.0,1.0,0.0,1.0,0.0,0.0,1.0,830.0,1.0,0.0,3.0,1.0,0.0,0.0,0.0,1.0,1.0,0.0,0.0,1.0,28.0,0.9364007238899265,12.0,0.0,3.0,29.0,5.0,1.0,1920.0,1080.0,22.0,0.0,0
37.0,1.0,1.0,0.0,0.0,2.0,0.0,9.0,0.0,0.0,2.871494898323226,0.0,0.0,1.0,0.0,0.0,0.0,0.0,0.0,1.0,0.0,0.0,1.0,339.0,1.0,0.0,5.0,0.0,0.0,0.0,0.0,0.0,0.0,0.0,0.0,0.0,70.0,0.9293066733864301,7.0,1.0,5.0,242.0,4.0,1.0,1920.0,1080.0,15.0,0.0,0
18.0,1.0,0.0,0.0,0.0,1.0,0.0,10.0,0.0,0.0,2.3484015626657784,0.0,0.0,7.0,0.0,0.0,1.0,1.0,0.0,1.0,0.0,0.0,1.0,1290.0,2.0,0.0,4.0,0.0,0.0,0.0,0.0,1.0,0.0,0.0,0.0,0.0,47.0,0.9707783735723045,7.0,2.0,4.0,123.0,4.0,1.0,1280.0,800.0,28.0,0.0,0
47.0,1.0,0.0,0.0,0.0,1.0,0.0,16.0,0.0,0.0,3.1316275126195112,0.0,0.0,11.0,0.0,0.0,1.0,1.0,0.0,1.0,0.0,0.0,1.0,1609.0,1.0,1.0,23.0,1.0,0.0,0.0,0.0,1.0,1.0,0.0,0.0,1.0,65.0,0.9461307509781047,14.0,1.0,23.0,184.0,16.0,1.0,1920.0,1080.0,31.0,0.0,0
53.0,1.0,2.0,0.0,0.0,3.0,0.0,19.0,0.0,0.0,2.96662386310343,0.0,0.0,22.0,0.0,0.0,0.0,0.0,0.0,1.0,0.0,0.0,1.0,2072.0,2.0,1.0,19.0,0.0,0.0,0.0,0.0,0.0,0.0,0.0,0.0,0.0,100.0,0.9674365273786009,9.0,4.0,19.0,275.0,8.0,1.0,1920.0,1080.0,3.0,0.0,0
38.0,1.0,2.0,0.0,0.0,3.0,0.0,21.0,0.0,0.0,3.0222720228262654,0.0,0.0,22.0,0.0,0.0,0.0,0.0,0.0,1.0,0.0,0.0,1.0,792.0,0.0,1.0,13.0,0.0,0.0,0.0,0.0,3.0,0.0,0.0,0.0,0.0,33.0,0.9970088826288533,9.0,8.0,13.0,270.0,2.0,1.0,1280.0,800.0,38.0,0.0,0
24.0,1.0,1.0,0.0,0.0,2.0,0.0,9.0,0.0,0.0,2.8252233701574845,0.0,0.0,23.0,0.0,0.0,0.0,0.0,0.0,1.0,0.0,0.0,1.0,1193.0,0.0,0.0,10.0,0.0,0.0,0.0,0.0,1.0,0.0,0.0,0.0,0.0,117.0,0.953407005503365,8.0,1.0,10.0,67.0,17.0,1.0,1920.0,1080.0,2.0,0.0,0
28.0,1.0,1.0,0.0,0.0,2.0,0.0,13.0,0.0,0.0,3.320607139785894,0.0,0.0,25.0,0.0,0.0,1.0,1.0,0.0,1.0,0.0,0.0,1.0,2495.0,0.0,0.0,5.0,0.0,0.0,0.0,0.0,1.0,0.0,0.0,0.0,0.0,19.0,0.9927185154005349,1.0,0.0,5.0,285.0,12.0,1.0,1920.0,1080.0,41.0,0.0,0
52.0,1.0,1.0,0.0,1.0,2.0,0.0,11.0,0.0,0.0,2.986186467812233,0.0,0.0,26.0,0.0,0.0,1.0,1.0,0.0,1.0,0.0,0.0,1.0,1523.0,0.0,0.0,19.0,0.0,0.0,0.0,0.0,0.0,0.0,1.0,0.0,0.0,30.0,0.9830669330815176,13.0,3.0,19.0,340.0,15.0,1.0,1280.0,800.0,33.0,0.0,0
40.0,1.0,0.0,0.0,0.0,1.0,0.0,14.0,1.0,0.07142857142857142,3.075495241707124,0.0,0.0,34.0,0.0,0.0,0.0,0.0,0.0,1.0,0.0,0.0,1.0,2171.0,1.0,1.0,3.0,0.0,0.0,0.0,0.0,1.0,0.0,0.0,0.0,0.0,96.0,0.923040746696437,4.0,2.0,3.0,216.0,3.0,1.0,1920.0,1080.0,27.0,0.0,0
29.0,1.0,2.0,0.0,0.0,3.0,0.0,14.0,0.0,0.0,3.2148341847240722,0.0,0.0,24.0,5.0,0.0,0.0,0.0,0.0,1.0,0.0,0.0,1.0,287.0,2.0,0.0,6.0,0.0,0.0,0.0,0.0,2.0,0.0,0.0,0.0,0.0,84.0,0.949982617140868,13.0,8.0,6.0,160.0,2.0,1.0,1920.0,1080.0,24.0,0.0,0
23.0,1.0,0.0,0.0,0.0,1.0,0.0,16.0,1.0,0.0625,3.2515868600747915,0.0,0.0,10.0,0.0,0.0,0.0,0.0,0.0,1.0,0.0,0.0,1.0,2110.0,0.0,1.0,2.0,0.0,0.0,0.0,0.0,3.0,0.0,0.0,0.0,0.0,94.0,0.9741341823893738,8.0,3.0,2.0,5.0,18.0,1.0,1280.0,800.0,8.0,0.0,0
30.0,1.0,1.0,0.0,2.0,2.0,0.0,10.0,0.0,0.0,3.208547617679776,0.0,0.0,13.0,0.0,0.0,1.0,1.0,0.0,1.0,0.0,0.0,1.0,1178.0,1.0,1.0,15.0,0.0,0.0,0.0,0.0,3.0,1.0,1.0,0.0,0.0,17.0,0.957795228593403,2.0,1.0,15.0,6.0,15.0,1.0,1920.0,1080.0,32.0,0.0,0
28.0,1.0,0.0,0.0,0.0,1.0,0.0,12.0,0.0,0.0,2.785154278447399,0.0,0.0,29.0,0.0,0.0,1.0,1.0,0.0,1.0,0.0,0.0,1.0,1548.0,1.0,0.0,23.0,0.0,0.0,0.0,0.0,3.0,0.0,0.0,0.0,0.0,60.0,0.9560077118407252,5.0,4.0,23.0,483.0,19.0,1.0,1920.0,1080.0,41.0,0.0,0
34.0,1.0,0.0,0.0,1.0,1.0,0.0,15.0,0.0,0.0,2.1379553921707912,0.0,0.0,16.0,5.0,0.0,1.0,1.0,0.0,1.0,0.0,0.0,1.0,1914.0,1.0,1.0,16.0,0.0,0.0,0.0,0.0,1.0,0.0,0.0,0.0,0.0,89.0,0.9355070343601493,6.0,5.0,16.0,343.0,15.0,1.0,1920.0,1080.0,12.0,0.0,0
54.0,1.0,1.0,0.0,2.0,2.0,0.0,20.0,0.0,0.0,3.282999999813562,0.0,0.0,34.0,0.0,0.0,1.0,1.0,0.0,1.0,0.0,0.0,1.0,2365.0,2.0,0.0,22.0,0.0,0.0,0.0,0.0,2.0,1.0,1.0,0.0,0.0,82.0,0.9856737498298884,13.0,7.0,22.0,151.0,9.0,1.0,1920.0,1080.0,42.0,0.0,0
37.0,1.0,1.0,0.0,0.0,2.0,0.0,8.0,0.0,0.0,2.5785472150984696,0.0,0.0,31.0,0.0,0.0,0.0,0.0,0.0,1.0,0.0,0.0,1.0,1005.0,1.0,0.0,27.0,0.0,0.0,0.0,0.0,3.0,0.0,0.0,0.0,0.0,35.0,0.9845015337017708,4.0,3.0,27.0,479.0,6.0,1.0,1920.0,1080.0,32.0,0.0,0
42.0,1.0,1.0,0.0,0.0,2.0,0.0,11.0,0.0,0.0,2.826815308527557,0.0,0.0,6.0,0.0,0.0,0.0,0.0,0.0,1.0,0.0,0.0,1.0,490.0,0.0,2.0,3.0,0.0,0.0,0.0,0.0,3.0,0.0,0.0,0.0,0.0,62.0,0.9553728309374618,14.0,4.0,3.0,251.0,2.0,1.0,1920.0,1080.0,24.0,0.0,0
40.0,1.0,1.0,0.0,0.0,2.0,0.0,17.0,0.0,0.0,2.482825587029071,0.0,0.0,18.0,0.0,0.0,1.0,1.0,0.0,1.0,0.0,0.0,1.0,2251.0,1.0,0.0,14.0,0.0,0.0,0.0,0.0,1.0,0.0,0.0,0.0,0.0,82.0,0.9668500152747952,11.0,2.0,14.0,6.0,1.0,1.0,1920.0,1080.0,24.0,0.0,0
18.0,1.0,0.0,0.0,1.0,1.0,0.0,10.0,0.0,0.0,2.1481365264637047,0.0,0.0,18.0,0.0,0.0,1.0,1.0,0.0,1.0,0.0,0.0,1.0,2260.0,2.0,0.0,14.0,0.0,0.0,0.0,0.0,0.0,0.0,0.0,0.0,0.0,117.0,0.9537015740791522,3.0,2.0,14.0,290.0,7.0,1.0,1280.0,800.0,42.0,0.0,0
42.0,1.0,0.0,0.0,0.0,1.0,0.0,12.0,0.0,0.0,2.7188812389748263,0.0,0.0,21.0,0.0,0.0,0.0,0.0,0.0,1.0,0.0,0.0,1.0,329.0,1.0,0.0,6.0,0.0,0.0,0.0,0.0,2.0,0.0,0.0,0.0,0.0,75.0,0.9891903981282483,5.0,1.0,6.0,446.0,8.0,1.0,1920.0,1080.0,20.0,0.0,0
31.0,1.0,1.0,0.0,0.0,2.0,0.0,8.0,0.0,0.0,2.4135950407893354,0.0,0.0,27.0,0.0,0.0,0.0,0.0,0.0,1.0,0.0,0.0,1.0,834.0,2.0,0.0,3.0,0.0,0.0,0.0,0.0,1.0,1.0,0.0,0.0,0.0,31.0,0.9307750151125357,2.0,1.0,3.0,433.0,19.0,1.0,1920.0,1080.0,27.0,0.0,0
37.0,1.0,0.0,0.0,0.0,1.0,0.0,17.0,0.0,0.0,3.072305798183611,0.0,0.0,33.0,0.0,0.0,1.0,1.0,0.0,1.0,0.0,0.0,1.0,1287.0,1.0,0.0,15.0,1.0,0.0,0.0,0.0,1.0,1.0,0.0,0.0,1.0,38.0,0.9263731902124359,7.0,2.0,15.0,142.0,10.0,1.0,1920.0,1080.0,35.0,0.0,0
18.0,1.0,1.0,0.0,0.0,2.0,0.0,14.0,0.0,0.0,2.9094270558915114,0.0,0.0,34.0,0.0,0.0,0.0,0.0,0.0,1.0,0.0,0.0,1.0,2205.0,1.0,0.0,28.0,0.0,0.0,0.0,0.0,3.0,0.0,0.0,0.0,0.0,83.0,0.9622841168714605,6.0,5.0,28.0,459.0,11.0,1.0,1280.0,800.0,17.0,0.0,0
51.0,1.0,0.0,0.0,1.0,1.0,0.0,15.0,1.0,0.06666666666666667,2.1552687016759724,0.0,0.0,33.0,0.0,0.0,1.0,1.0,0.0,1.0,0.0,0.0,1.0,2482.0,2.0,1.0,9.0,1.0,0.0,0.0,0.0,1.0,1.0,0.0,0.0,1.0,66.0,0.9734698724788313,6.0,5.0,9.0,196.0,10.0,1.0,1280.0,800.0,33.0,0.0,0
46.0,1.0,0.0,0.0,0.0,1.0,0.0,15.0,0.0,0.0,2.45771696929436,0.0,0.0,3.0,0.0,0.0,0.0,0.0,0.0,1.0,0.0,0.0,1.0,2081.0,0.0,0.0,14.0,0.0,0.0,0.0,0.0,0.0,0.0,0.0,0.0,0.0,73.0,0.9282162111416824,13.0,5.0,14.0,246.0,2.0,1.0,1920.0,1080.0,37.0,0.0,0
21.0,1.0,0.0,0.0,0.0,1.0,0.0,18.0,0.0,0.0,2.720582858293455,0.0,0.0,21.0,0.0,0.0,0.0,0.0,0.0,1.0,0.0,0.0,1.0,976.0,0.0,0.0,10.0,0.0,0.0,0.0,0.0,0.0,1.0,0.0,0.0,0.0,52.0,0.9667279098371268,7.0,0.0,10.0,147.0,15.0,1.0,1920.0,1080.0,10.0,0.0,0
44.0,1.0,1.0,0.0,0.0,2.0,0.0,13.0,0.0,0.0,3.002458125307847,0.0,0.0,15.0,0.0,0.0,0.0,0.0,0.0,1.0,0.0,0.0,1.0,254.0,2.0,1.0,27.0,0.0,0.0,0.0,0.0,0.0,1.0,0.0,0.0,0.0,110.0,0.9905445803597259,7.0,2.0,27.0,119.0,19.0,1.0,1280.0,800.0,15.0,0.0,0
26.0,1.0,2.0,0.0,0.0,3.0,0.0,18.0,0.0,0.0,3.1930854698312494,0.0,0.0,32.0,0.0,0.0,1.0,1.0,0.0,1.0,0.0,0.0,1.0,1112.0,0.0,0.0,9.0,0.0,0.0,0.0,0.0,2.0,1.0,0.0,0.0,0.0,68.0,0.9546871534625574,13.0,0.0,9.0,363.0,18.0,1.0,1920.0,1080.0,38.0,0.0,0
22.0,1.0,1.0,0.0,0.0,2.0,0.0,7.0,0.0,0.0,2.8309176981808277,0.0,0.0,10.0,0.0,0.0,1.0,1.0,0.0,1.0,0.0,0.0,1.0,227.0,2.0,0.0,25.0,1.0,1.0,0.0,1.0,1.0,3.0,1.0,0.0,1.0,26.0,0.9371686489090932,3.0,2.0,25.0,285.0,18.0,1.0,1920.0,1080.0,9.0,0.0,0
42.0,1.0,0.0,0.0,0.0,1.0,0.0,18.0,0.0,0.0,3.1925038798972416,0.0,0.0,18.0,0.0,0.0,0.0,0.0,0.0,1.0,0.0,0.0,1.0,2076.0,2.0,0.0,17.0,0.0,0.0,0.0,0.0,2.0,0.0,0.0,0.0,0.0,85.0,0.9456868375699323,6.0,0.0,17.0,477.0,18.0,1.0,1280.0,800.0,16.0,0.0,0
41.0,1.0,0.0,0.0,0.0,1.0,0.0,14.0,0.0,0.0,2.7806753541498517,0.0,0.0,34.0,0.0,0.0,0.0,0.0,0.0,1.0,0.0,0.0,1.0,1936.0,1.0,0.0,28.0,1.0,0.0,0.0,0.0,0.0,2.0,0.0,0.0,1.0,84.0,0.9652237275136168,11.0,9.0,28.0,217.0,5.0,1.0,1920.0,1080.0,3.0,0.0,0
35.0,1.0,2.0,0.0,0.0,3.0,0.0,15.0,0.0,0.0,3.040917255032701,0.0,0.0,15.0,20.0,0.0,0.0,0.0,0.0,1.0,0.0,0.0,1.0,676.0,1.0,1.0,5.0,0.0,0.0,0.0,0.0,2.0,0.0,1.0,0.0,0.0,66.0,0.9614994144405784,6.0,5.0,5.0,124.0,4.0,1.0,1920.0,1080.0,33.0,0.0,0
38.0,1.0,0.0,0.0,0.0,1.0,0.0,10.0,0.0,0.0,2.7650291697214877,0.0,0.0,29.0,0.0,0.0,0.0,0.0,0.0,1.0,0.0,0.0,1.0,537.0,0.0,1.0,10.0,0.0,0.0,0.0,0.0,1.0,0.0,0.0,0.0,0.0,104.0,0.9869517656013498,3.0,2.0,10.0,244.0,3.0,1.0,1920.0,1080.0,17.0,0.0,0
30.0,1.0,2.0,0.0,0.0,3.0,0.0,7.0,0.0,0.0,2.4887084210241133,0.0,0.0,23.0,5.0,0.0,0.0,0.0,0.0,1.0,0.0,0.0,1.0,1599.0,0.0,0.0,15.0,0.0,0.0,0.0,0.0,3.0,1.0,0.0,0.0,0.0,119.0,0.9907971282759098,12.0,0.0,15.0,35.0,7.0,1.0,1920.0,1080.0,28.0,0.0,0
29.0,1.0,1.0,0.0,2.0,2.0,0.0,19.0,0.0,0.0,2.2057829531242157,0.0,0.0,31.0,0.0,0.0,0.0,0.0,0.0,1.0,0.0,0.0,1.0,1441.0,1.0,0.0,4.0,1.0,0.0,0.0,0.0,2.0,3.0,0.0,0.0,1.0,71.0,0.9432841932814442,11.0,7.0,4.0,316.0,17.0,1.0,1920.0,1080.0,31.0,0.0,0
43.0,1.0,0.0,0.0,0.0,1.0,0.0,7.0,0.0,0.0,3.360247400602212,0.0,0.0,17.0,5.0,0.0,0.0,0.0,0.0,1.0,0.0,0.0,1.0,1807.0,1.0,1.0,16.0,0.0,0.0,0.0,0.0,3.0,0.0,0.0,0.0,0.0,57.0,0.9685270607435202,11.0,6.0,16.0,416.0,19.0,1.0,1920.0,1080.0,36.0,0.0,0
43.0,1.0,1.0,0.0,0.0,2.0,0.0,11.0,0.0,0.0,3.297256305590839,0.0,0.0,21.0,0.0,0.0,0.0,0.0,0.0,1.0,0.0,0.0,1.0,1517.0,0.0,0.0,7.0,0.0,0.0,0.0,0.0,2.0,0.0,0.0,0.0,0.0,36.0,0.9277801887527437,9.0,5.0,7.0,91.0,16.0,1.0,1920.0,1080.0,33.0,0.0,0
20.0,1.0,1.0,0.0,0.0,2.0,0.0,9.0,0.0,0.0,2.109898048342349,0.0,0.0,26.0,0.0,0.0,0.0,0.0,0.0,1.0,0.0,0.0,1.0,164.0,1.0,0.0,10.0,0.0,0.0,0.0,0.0,0.0,0.0,0.0,0.0,0.0,15.0,0.9241751917100008,12.0,3.0,10.0,401.0,13.0,1.0,1280.0,800.0,18.0,0.0,0
43.0,1.0,0.0,0.0,0.0,1.0,0.0,8.0,0.0,0.0,3.183220013150742,0.0,0.0,31.0,0.0,0.0,0.0,0.0,0.0,1.0,0.0,0.0,1.0,735.0,0.0,0.0,19.0,0.0,0.0,0.0,0.0,1.0,0.0,0.0,0.0,0.0,83.0,0.9687945539369628,10.0,6.0,19.0,223.0,3.0,1.0,1280.0,800.0,27.0,0.0,0
22.0,1.0,1.0,0.0,0.0,2.0,0.0,14.0,0.0,0.0,3.1543642017596905,0.0,0.0,15.0,20.0,0.0,1.0,1.0,0.0,1.0,0.0,0.0,1.0,2158.0,1.0,1.0,16.0,0.0,0.0,0.0,0.0,1.0,0.0,0.0,0.0,0.0,85.0,0.9838652292860046,2.0,1.0,16.0,324.0,18.0,1.0,1920.0,1080.0,33.0,0.0,0
37.0,1.0,0.0,0.0,0.0,1.0,0.0,13.0,0.0,0.0,2.581750204963272,0.0,0.0,9.0,0.0,0.0,0.0,0.0,0.0,1.0,0.0,0.0,1.0,1974.0,0.0,0.0,11.0,0.0,0.0,0.0,0.0,3.0,0.0,0.0,0.0,0.0,110.0,0.9205985843944299,8.0,7.0,11.0,308.0,15.0,1.0,1280.0,800.0,28.0,0.0,0
46.0,1.0,0.0,0.0,0.0,1.0,0.0,12.0,0.0,0.0,2.847388900587048,0.0,0.0,0.0,0.0,0.0,1.0,1.0,0.0,1.0,0.0,0.0,1.0,398.0,1.0,1.0,7.0,0.0,0.0,0.0,0.0,1.0,0.0,0.0,0.0,0.0,38.0,0.9513792675330048,6.0,5.0,7.0,484.0,16.0,1.0,1280.0,800.0,18.0,0.0,0
26.0,1.0,0.0,0.0,0.0,1.0,0.0,14.0,2.0,0.14285714285714285,2.3015799614299386,0.0,0.0,10.0,0.0,0.0,1.0,1.0,0.0,1.0,0.0,0.0,1.0,740.0,1.0,0.0,21.0,0.0,0.0,0.0,0.0,3.0,0.0,0.0,0.0,0.0,75.0,0.9688389978658367,14.0,5.0,21.0,374.0,18.0,1.0,1920.0,1080.0,29.0,0.0,0
37.0,1.0,2.0,0.0,0.0,3.0,0.0,21.0,0.0,0.0,2.4759056796006575,0.0,0.0,22.0,5.0,0.0,0.0,0.0,0.0,1.0,0.0,0.0,1.0,1256.0,0.0,1.0,29.0,0.0,0.0,0.0,0.0,3.0,0.0,0.0,0.0,0.0,80.0,0.9411333854474525,3.0,0.0,29.0,119.0,3.0,1.0,1920.0,1080.0,4.0,0.0,0
29.0,1.0,1.0,0.0,0.0,2.0,0.0,14.0,0.0,0.0,2.561699490239141,0.0,0.0,25.0,0.0,0.0,1.0,1.0,0.0,1.0,0.0,0.0,1.0,2063.0,1.0,1.0,23.0,1.0,0.0,0.0,0.0,3.0,2.0,0.0,0.0,1.0,61.0,0.9215463106486843,7.0,6.0,23.0,58.0,17.0,1.0,1920.0,1080.0,36.0,0.0,0
45.0,1.0,0.0,0.0,0.0,1.0,0.0,19.0,0.0,0.0,2.491613796570234,0.0,0.0,9.0,0.0,0.0,1.0,1.0,0.0,1.0,0.0,0.0,1.0,1657.0,1.0,0.0,8.0,1.0,1.0,0.0,0.0,3.0,2.0,0.0,0.0,1.0,57.0,0.9881809622929884,12.0,2.0,8.0,351.0,7.0,1.0,1920.0,1080.0,42.0,0.0,0
32.0,1.0,1.0,0.0,0.0,2.0,0.0,14.0,0.0,0.0,2.442767847917005,0.0,0.0,25.0,0.0,0.0,0.0,0.0,0.0,1.0,0.0,0.0,1.0,310.0,1.0,0.0,8.0,1.0,1.0,0.0,0.0,2.0,1.0,0.0,0.0,1.0,94.0,0.9458598326880525,5.0,4.0,8.0,499.0,14.0,1.0,1280.0,800.0,8.0,0.0,0
19.0,1.0,1.0,0.0,0.0,2.0,0.0,21.0,0.0,0.0,3.2792198259020933,0.0,0.0,1.0,0.0,0.0,1.0,1.0,0.0,1.0,0.0,0.0,1.0,1533.0,0.0,0.0,9.0,0.0,0.0,0.0,0.0,2.0,0.0,0.0,0.0,0.0,35.0,0.9356580186312224,11.0,1.0,9.0,93.0,1.0,1.0,1280.0,800.0,25.0,0.0,0
36.0,1.0,0.0,0.0,2.0,1.0,0.0,20.0,0.0,0.0,2.7892846330659715,0.0,0.0,1.0,0.0,0.0,1.0,1.0,0.0,1.0,0.0,0.0,1.0,938.0,0.0,0.0,20.0,0.0,0.0,0.0,0.0,1.0,0.0,0.0,0.0,0.0,48.0,0.9866587980572329,8.0,6.0,20.0,22.0,16.0,1.0,1920.0,1080.0,40.0,0.0,0
43.0,1.0,0.0,0.0,0.0,1.0,0.0,11.0,0.0,0.0,3.0217620380835406,0.0,0.0,7.0,0.0,0.0,0.0,0.0,0.0,1.0,0.0,0.0,1.0,758.0,0.0,2.0,13.0,0.0,0.0,0.0,0.0,3.0,0.0,0.0,0.0,0.0,52.0,0.9591936605968944,2.0,1.0,13.0,121.0,15.0,1.0,1280.0,800.0,2.0,0.0,0
36.0,1.0,1.0,0.0,0.0,2.0,0.0,8.0,0.0,0.0,3.087547931446041,0.0,1.0,17.0,20.0,0.0,0.0,0.0,0.0,1.0,0.0,0.0,1.0,2436.0,2.0,1.0,7.0,0.0,0.0,0.0,0.0,1.0,0.0,0.0,0.0,0.0,69.0,0.9284224967269046,13.0,4.0,7.0,466.0,11.0,1.0,1280.0,800.0,15.0,0.0,0
36.0,1.0,1.0,0.0,0.0,2.0,0.0,20.0,0.0,0.0,2.149874430273299,0.0,0.0,12.0,0.0,0.0,1.0,1.0,0.0,1.0,0.0,0.0,1.0,546.0,2.0,0.0,21.0,1.0,0.0,0.0,0.0,3.0,3.0,0.0,0.0,1.0,38.0,0.9394503190675756,9.0,8.0,21.0,255.0,16.0,1.0,1280.0,800.0,35.0,0.0,0
36.0,1.0,0.0,0.0,0.0,1.0,0.0,10.0,0.0,0.0,2.520284466656633,0.0,0.0,16.0,0.0,0.0,0.0,0.0,0.0,1.0,0.0,0.0,0.0,2317.0,2.0,1.0,21.0,0.0,0.0,0.0,0.0,3.0,1.0,0.0,0.0,0.0,29.0,0.9877465593388376,5.0,3.0,21.0,313.0,13.0,1.0,1920.0,1080.0,44.0,0.0,0
46.0,1.0,1.0,0.0,1.0,2.0,0.0,7.0,0.0,0.0,2.556679958952384,0.0,0.0,33.0,0.0,0.0,1.0,1.0,0.0,1.0,0.0,0.0,1.0,1684.0,0.0,0.0,6.0,0.0,0.0,0.0,0.0,3.0,1.0,0.0,0.0,0.0,109.0,0.9552835700731067,8.0,5.0,6.0,250.0,17.0,1.0,1920.0,1080.0,30.0,0.0,0
29.0,1.0,1.0,0.0,0.0,2.0,0.0,18.0,0.0,0.0,2.7086366988704516,0.0,0.0,27.0,0.0,0.0,0.0,0.0,0.0,1.0,0.0,0.0,1.0,1385.0,1.0,0.0,28.0,0.0,0.0,0.0,0.0,2.0,1.0,0.0,0.0,0.0,19.0,0.9720877009566662,2.0,1.0,28.0,123.0,17.0,1.0,1280.0,800.0,24.0,0.0,0
50.0,1.0,1.0,0.0,0.0,2.0,0.0,20.0,0.0,0.0,2.443709570544347,0.0,0.0,7.0,0.0,0.0,0.0,0.0,0.0,1.0,0.0,0.0,1.0,2192.0,1.0,0.0,10.0,0.0,0.0,0.0,0.0,0.0,1.0,0.0,0.0,0.0,100.0,0.9797437948996273,1.0,0.0,10.0,89.0,15.0,1.0,1920.0,1080.0,29.0,0.0,0
19.0,1.0,1.0,0.0,0.0,2.0,0.0,17.0,0.0,0.0,2.788565833877381,0.0,1.0,30.0,20.0,0.0,0.0,0.0,0.0,1.0,0.0,0.0,1.0,970.0,2.0,0.0,21.0,0.0,0.0,0.0,0.0,3.0,0.0,0.0,0.0,0.0,67.0,0.9571214745780648,14.0,0.0,21.0,170.0,3.0,1.0,1280.0,800.0,40.0,0.0,0
35.0,1.0,0.0,0.0,0.0,1.0,0.0,14.0,0.0,0.0,3.391345506491455,0.0,0.0,29.0,0.0,0.0,1.0,1.0,0.0,1.0,0.0,0.0,1.0,2498.0,1.0,0.0,17.0,0.0,0.0,0.0,0.0,0.0,1.0,0.0,0.0,0.0,68.0,0.9830826170285117,1.0,0.0,17.0,138.0,5.0,1.0,1280.0,800.0,30.0,0.0,0
39.0,1.0,1.0,0.0,0.0,2.0,0.0,7.0,0.0,0.0,2.2832282756752686,0.0,0.0,23.0,0.0,0.0,1.0,1.0,0.0,1.0,0.0,0.0,1.0,1562.0,3.0,0.0,29.0,1.0,0.0,0.0,0.0,1.0,3.0,0.0,0.0,1.0,58.0,0.9532367125726133,11.0,2.0,29.0,61.0,14.0,1.0,1280.0,800.0,35.0,0.0,0
33.0,1.0,1.0,0.0,0.0,2.0,0.0,21.0,0.0,0.0,2.7384469680469827,0.0,0.0,19.0,5.0,0.0,0.0,0.0,0.0,1.0,0.0,0.0,1.0,643.0,0.0,1.0,8.0,0.0,0.0,0.0,0.0,2.0,0.0,0.0,0.0,0.0,110.0,0.9547445410360231,6.0,5.0,8.0,296.0,18.0,1.0,1280.0,800.0,18.0,0.0,0
53.0,1.0,1.0,0.0,0.0,2.0,0.0,15.0,0.0,0.0,3.193961740046791,0.0,0.0,21.0,20.0,0.0,0.0,0.0,0.0,1.0,0.0,0.0,1.0,1540.0,0.0,0.0,26.0,0.0,0.0,0.0,0.0,2.0,0.0,0.0,0.0,0.0,109.0,0.9640203155200165,6.0,3.0,26.0,180.0,9.0,1.0,1920.0,1080.0,44.0,0.0,0
34.0,1.0,1.0,0.0,0.0,2.0,0.0,13.0,0.0,0.0,2.7975875937596477,0.0,0.0,1.0,0.0,0.0,1.0,1.0,0.0,1.0,0.0,0.0,1.0,1240.0,1.0,0.0,12.0,1.0,1.0,0.0,0.0,3.0,3.0,1.0,0.0,1.0,97.0,0.9559883868339835,11.0,2.0,12.0,132.0,3.0,1.0,1280.0,800.0,3.0,0.0,0
54.0,1.0,1.0,0.0,0.0,2.0,0.0,21.0,0.0,0.0,3.050090014638589,0.0,0.0,27.0,0.0,0.0,0.0,0.0,0.0,1.0,0.0,0.0,1.0,1352.0,1.0,1.0,12.0,0.0,0.0,0.0,0.0,0.0,1.0,1.0,0.0,0.0,116.0,0.9699490433852122,4.0,3.0,12.0,435.0,17.0,1.0,1920.0,1080.0,36.0,0.0,0
24.0,1.0,1.0,0.0,0.0,2.0,0.0,18.0,0.0,0.0,2.735841671244806,0.0,0.0,22.0,0.0,0.0,0.0,0.0,0.0,1.0,0.0,0.0,1.0,2493.0,2.0,0.0,22.0,0.0,0.0,0.0,0.0,2.0,0.0,0.0,0.0,0.0,100.0,0.9217765164324127,3.0,2.0,22.0,231.0,11.0,1.0,1920.0,1080.0,10.0,0.0,0
33.0,1.0,1.0,0.0,0.0,2.0,0.0,11.0,0.0,0.0,3.249847126787823,0.0,0.0,1.0,0.0,0.0,1.0,1.0,0.0,1.0,0.0,0.0,1.0,1732.0,1.0,1.0,13.0,1.0,0.0,0.0,1.0,0.0,1.0,0.0,0.0,1.0,87.0,0.9371537580007866,12.0,3.0,13.0,145.0,9.0,1.0,1280.0,800.0,19.0,0.0,0
25.0,1.0,1.0,0.0,0.0,2.0,0.0,10.0,0.0,0.0,2.737590443288202,0.0,0.0,16.0,0.0,0.0,0.0,0.0,0.0,1.0,0.0,0.0,1.0,2253.0,0.0,1.0,12.0,0.0,0.0,0.0,0.0,2.0,0.0,0.0,0.0,0.0,89.0,0.9888357825579498,8.0,6.0,12.0,241.0,15.0,1.0,1920.0,1080.0,9.0,0.0,0
34.0,1.0,1.0,0.0,0.0,2.0,0.0,19.0,0.0,0.0,3.0225403112322122,0.0,0.0,8.0,0.0,0.0,0.0,0.0,0.0,1.0,0.0,0.0,1.0,1079.0,1.0,0.0,24.0,0.0,0.0,0.0,0.0,1.0,1.0,1.0,0.0,0.0,36.0,0.9747913579015725,11.0,9.0,24.0,309.0,11.0,1.0,1920.0,1080.0,36.0,0.0,0
45.0,1.0,0.0,0.0,0.0,1.0,0.0,17.0,0.0,0.0,3.1203603840334413,0.0,0.0,2.0,5.0,0.0,1.0,1.0,0.0,1.0,0.0,0.0,1.0,636.0,0.0,0.0,26.0,0.0,0.0,0.0,0.0,3.0,0.0,0.0,0.0,0.0,18.0,0.9655160872497844,10.0,2.0,26.0,262.0,3.0,1.0,1920.0,1080.0,34.0,0.0,0
49.0,1.0,0.0,0.0,0.0,1.0,0.0,9.0,0.0,0.0,2.1874344827735346,0.0,0.0,28.0,0.0,0.0,1.0,1.0,0.0,1.0,0.0,0.0,1.0,1043.0,0.0,0.0,3.0,0.0,0.0,0.0,0.0,0.0,0.0,0.0,0.0,0.0,52.0,0.992052692048598,11.0,6.0,3.0,426.0,13.0,1.0,1920.0,1080.0,30.0,0.0,0
41.0,1.0,0.0,0.0,0.0,1.0,0.0,16.0,0.0,0.0,2.627677351581101,0.0,0.0,3.0,0.0,0.0,1.0,1.0,0.0,1.0,0.0,0.0,1.0,2418.0,1.0,0.0,10.0,0.0,0.0,0.0,0.0,0.0,0.0,0.0,0.0,0.0,109.0,0.9283986849154003,11.0,8.0,10.0,226.0,14.0,1.0,1280.0,800.0,36.0,0.0,0
40.0,1.0,0.0,0.0,0.0,1.0,0.0,8.0,2.0,0.25,2.6772619825235977,0.0,0.0,19.0,0.0,0.0,0.0,0.0,0.0,1.0,0.0,0.0,1.0,897.0,1.0,0.0,24.0,0.0,0.0,0.0,0.0,3.0,0.0,1.0,0.0,0.0,31.0,0.9292121340235762,1.0,0.0,24.0,282.0,2.0,1.0,1920.0,1080.0,19.0,0.0,0
51.0,1.0,0.0,0.0,2.0,1.0,0.0,7.0,0.0,0.0,3.3061543091566623,0.0,0.0,6.0,0.0,0.0,0.0,0.0,0.0,1.0,0.0,0.0,1.0,1177.0,1.0,0.0,10.0,0.0,0.0,0.0,0.0,0.0,0.0,0.0,0.0,0.0,20.0,0.9557147274225896,8.0,2.0,10.0,87.0,15.0,1.0,1920.0,1080.0,34.0,0.0,0
26.0,1.0,0.0,0.0,0.0,1.0,0.0,11.0,0.0,0.0,2.9253370846075555,0.0,0.0,26.0,0.0,0.0,0.0,0.0,0.0,1.0,0.0,0.0,1.0,670.0,1.0,2.0,4.0,0.0,0.0,0.0,0.0,1.0,0.0,0.0,0.0,0.0,47.0,0.925427161316189,5.0,3.0,4.0,295.0,18.0,1.0,1920.0,1080.0,20.0,0.0,0
35.0,1.0,0.0,0.0,0.0,1.0,0.0,10.0,0.0,0.0,2.9429310944234164,0.0,0.0,17.0,0.0,0.0,1.0,1.0,0.0,1.0,0.0,0.0,1.0,923.0,1.0,0.0,9.0,0.0,0.0,0.0,0.0,3.0,1.0,1.0,0.0,0.0,42.0,0.9286266279194733,6.0,3.0,9.0,402.0,5.0,1.0,1920.0,1080.0,11.0,0.0,0
52.0,1.0,0.0,0.0,0.0,1.0,0.0,9.0,0.0,0.0,3.1894343442014943,0.0,0.0,32.0,0.0,0.0,1.0,1.0,0.0,1.0,0.0,0.0,1.0,1065.0,2.0,0.0,25.0,0.0,0.0,0.0,0.0,0.0,0.0,0.0,0.0,0.0,62.0,0.9883436168942692,11.0,0.0,25.0,375.0,13.0,1.0,1920.0,1080.0,18.0,0.0,0
26.0,1.0,0.0,0.0,0.0,1.0,0.0,10.0,1.0,0.1,2.2771915911473504,0.0,0.0,8.0,0.0,0.0,0.0,0.0,0.0,1.0,0.0,0.0,1.0,1128.0,1.0,0.0,22.0,0.0,0.0,0.0,0.0,3.0,0.0,0.0,0.0,0.0,61.0,0.992042032800178,14.0,7.0,22.0,348.0,2.0,1.0,1280.0,800.0,23.0,0.0,0
40.0,1.0,0.0,0.0,0.0,1.0,0.0,12.0,0.0,0.0,2.4839642823384978,0.0,0.0,17.0,0.0,0.0,1.0,1.0,0.0,1.0,0.0,0.0,1.0,2383.0,0.0,0.0,7.0,0.0,0.0,0.0,0.0,2.0,1.0,0.0,0.0,0.0,34.0,0.9592742430684249,3.0,2.0,7.0,341.0,17.0,1.0,1920.0,1080.0,36.0,0.0,0
18.0,1.0,1.0,0.0,0.0,2.0,0.0,17.0,0.0,0.0,2.1135555294764496,0.0,0.0,19.0,0.0,0.0,0.0,0.0,0.0,1.0,0.0,0.0,1.0,1970.0,1.0,0.0,25.0,0.0,0.0,0.0,0.0,3.0,0.0,0.0,0.0,0.0,103.0,0.9660303408084367,14.0,7.0,25.0,318.0,12.0,1.0,1280.0,800.0,26.0,0.0,0
31.0,1.0,1.0,0.0,0.0,2.0,0.0,15.0,0.0,0.0,2.4615737970869502,0.0,0.0,17.0,0.0,0.0,1.0,1.0,0.0,1.0,0.0,0.0,1.0,964.0,0.0,2.0,11.0,0.0,0.0,0.0,0.0,1.0,0.0,1.0,0.0,0.0,52.0,0.971834071173323,14.0,3.0,11.0,448.0,7.0,1.0,1280.0,800.0,35.0,0.0,0
29.0,1.0,1.0,0.0,0.0,2.0,0.0,21.0,0.0,0.0,2.8100045473836675,0.0,0.0,26.0,0.0,0.0,1.0,1.0,0.0,1.0,0.0,0.0,1.0,422.0,2.0,1.0,28.0,0.0,0.0,0.0,0.0,2.0,0.0,0.0,0.0,0.0,57.0,0.933548902223634,13.0,2.0,28.0,188.0,3.0,1.0,1920.0,1080.0,34.0,0.0,0
36.0,1.0,1.0,0.0,0.0,2.0,0.0,10.0,0.0,0.0,2.406086154520222,0.0,0.0,1.0,0.0,0.0,0.0,0.0,0.0,1.0,0.0,0.0,1.0,1022.0,1.0,1.0,12.0,0.0,0.0,0.0,0.0,3.0,1.0,0.0,0.0,0.0,111.0,0.9958921413274782,6.0,4.0,12.0,379.0,4.0,1.0,1280.0,800.0,4.0,0.0,0
30.0,1.0,1.0,0.0,0.0,2.0,0.0,15.0,0.0,0.0,2.6484707870436757,0.0,0.0,29.0,5.0,0.0,1.0,1.0,0.0,1.0,0.0,0.0,1.0,150.0,0.0,0.0,22.0,0.0,0.0,0.0,0.0,2.0,0.0,1.0,0.0,0.0,101.0,0.9729145314638614,12.0,8.0,22.0,418.0,0.0,1.0,1920.0,1080.0,5.0,0.0,0
40.0,1.0,0.0,0.0,0.0,1.0,0.0,11.0,1.0,0.09090909090909091,3.273912053749812,0.0,0.0,5.0,20.0,0.0,0.0,0.0,0.0,1.0,0.0,0.0,0.0,846.0,0.0,1.0,15.0,0.0,0.0,0.0,0.0,3.0,1.0,0.0,0.0,0.0,21.0,0.9511316953989316,10.0,7.0,15.0,416.0,2.0,1.0,1920.0,1080.0,29.0,0.0,0
52.0,1.0,1.0,0.0,0.0,2.0,0.0,17.0,0.0,0.0,3.0901340115951044,0.0,0.0,21.0,0.0,0.0,1.0,1.0,0.0,1.0,0.0,0.0,1.0,2424.0,0.0,1.0,28.0,0.0,0.0,0.0,0.0,2.0,0.0,0.0,0.0,0.0,50.0,0.975633184916358,7.0,3.0,28.0,185.0,8.0,1.0,1920.0,1080.0,40.0,0.0,0
27.0,1.0,0.0,0.0,1.0,1.0,0.0,19.0,0.0,0.0,2.920025094914622,0.0,0.0,26.0,0.0,0.0,0.0,0.0,0.0,1.0,0.0,0.0,1.0,2227.0,1.0,0.0,15.0,0.0,0.0,0.0,0.0,3.0,0.0,0.0,0.0,0.0,114.0,0.9779152398121542,1.0,0.0,15.0,50.0,15.0,1.0,1920.0,1080.0,39.0,0.0,0
51.0,1.0,1.0,0.0,0.0,2.0,0.0,8.0,0.0,0.0,3.148429619207146,0.0,0.0,12.0,0.0,0.0,1.0,1.0,0.0,1.0,0.0,0.0,1.0,1844.0,1.0,1.0,19.0,1.0,1.0,0.0,0.0,3.0,1.0,0.0,0.0,1.0,82.0,0.9752280737585503,9.0,4.0,19.0,441.0,5.0,1.0,1920.0,1080.0,30.0,0.0,0
45.0,1.0,0.0,0.0,0.0,1.0,0.0,11.0,0.0,0.0,2.9161852797312773,0.0,0.0,1.0,0.0,0.0,0.0,0.0,0.0,1.0,0.0,0.0,1.0,1742.0,1.0,0.0,18.0,0.0,0.0,0.0,0.0,2.0,0.0,0.0,0.0,0.0,91.0,0.9237551393252182,2.0,1.0,18.0,482.0,2.0,1.0,1920.0,1080.0,18.0,0.0,0
29.0,1.0,1.0,0.0,0.0,2.0,0.0,11.0,0.0,0.0,2.9614078903171217,0.0,0.0,34.0,5.0,0.0,1.0,1.0,0.0,1.0,0.0,0.0,1.0,1228.0,1.0,0.0,3.0,0.0,0.0,0.0,0.0,2.0,0.0,1.0,0.0,0.0,88.0,0.9875474184715697,9.0,5.0,3.0,237.0,18.0,1.0,1280.0,800.0,24.0,0.0,0
48.0,1.0,1.0,0.0,0.0,2.0,0.0,7.0,0.0,0.0,3.2248684982945326,0.0,0.0,32.0,5.0,0.0,1.0,1.0,0.0,1.0,0.0,0.0,1.0,780.0,0.0,0.0,17.0,0.0,0.0,0.0,0.0,1.0,0.0,0.0,0.0,0.0,15.0,0.9449006154298156,8.0,0.0,17.0,395.0,5.0,1.0,1920.0,1080.0,38.0,0.0,0
32.0,1.0,0.0,0.0,0.0,1.0,0.0,7.0,0.0,0.0,2.821302938472077,0.0,0.0,1.0,0.0,0.0,1.0,1.0,0.0,1.0,0.0,0.0,1.0,1854.0,0.0,0.0,8.0,0.0,0.0,0.0,0.0,0.0,1.0,0.0,0.0,0.0,60.0,0.9536192466140604,1.0,0.0,8.0,152.0,4.0,1.0,1920.0,1080.0,4.0,0.0,0
35.0,1.0,1.0,0.0,1.0,2.0,0.0,17.0,0.0,0.0,3.3481628238395578,0.0,0.0,18.0,0.0,0.0,1.0,1.0,0.0,1.0,0.0,0.0,1.0,1082.0,1.0,0.0,17.0,0.0,0.0,0.0,0.0,1.0,0.0,0.0,0.0,0.0,55.0,0.9592965350206507,9.0,0.0,17.0,80.0,15.0,1.0,1920.0,1080.0,9.0,0.0,0
22.0,1.0,0.0,0.0,0.0,1.0,0.0,18.0,0.0,0.0,3.114775305048779,0.0,0.0,28.0,0.0,0.0,1.0,1.0,0.0,1.0,0.0,0.0,1.0,2196.0,1.0,0.0,10.0,0.0,0.0,0.0,0.0,1.0,0.0,1.0,0.0,0.0,85.0,0.9464802123414345,10.0,0.0,10.0,480.0,14.0,1.0,1920.0,1080.0,32.0,0.0,0
28.0,1.0,1.0,0.0,0.0,2.0,0.0,21.0,0.0,0.0,2.2665156203910817,0.0,0.0,0.0,0.0,0.0,0.0,0.0,0.0,1.0,0.0,0.0,1.0,693.0,0.0,1.0,10.0,0.0,0.0,0.0,0.0,3.0,0.0,0.0,0.0,0.0,46.0,0.924786927616093,3.0,2.0,10.0,149.0,5.0,1.0,1920.0,1080.0,34.0,0.0,0
32.0,1.0,0.0,0.0,2.0,1.0,0.0,14.0,0.0,0.0,3.365674782151591,0.0,0.0,32.0,0.0,0.0,0.0,0.0,0.0,1.0,0.0,0.0,1.0,642.0,0.0,2.0,19.0,0.0,0.0,0.0,0.0,0.0,1.0,0.0,0.0,0.0,61.0,0.9965164480375299,10.0,1.0,19.0,435.0,11.0,1.0,1280.0,800.0,18.0,0.0,0
29.0,1.0,0.0,0.0,0.0,1.0,0.0,17.0,0.0,0.0,2.8043918587927354,0.0,0.0,17.0,0.0,0.0,1.0,1.0,0.0,1.0,0.0,0.0,1.0,2211.0,2.0,0.0,27.0,1.0,1.0,0.0,0.0,2.0,2.0,0.0,0.0,1.0,64.0,0.9913767274055838,13.0,2.0,27.0,7.0,19.0,1.0,1920.0,1080.0,44.0,0.0,0
50.0,1.0,0.0,0.0,0.0,1.0,0.0,12.0,0.0,0.0,2.65145099075432,0.0,0.0,17.0,0.0,0.0,0.0,0.0,0.0,1.0,0.0,0.0,1.0,164.0,1.0,1.0,6.0,0.0,0.0,0.0,0.0,1.0,1.0,0.0,0.0,0.0,25.0,0.9513349501654343,10.0,2.0,6.0,183.0,9.0,1.0,1920.0,1080.0,18.0,0.0,0
20.0,1.0,1.0,0.0,0.0,2.0,0.0,7.0,1.0,0.14285714285714285,2.389645512938839,0.0,0.0,19.0,0.0,0.0,1.0,1.0,0.0,1.0,0.0,0.0,1.0,326.0,1.0,0.0,16.0,0.0,0.0,0.0,0.0,2.0,0.0,0.0,0.0,0.0,65.0,0.9888160589960817,4.0,3.0,16.0,137.0,6.0,1.0,1920.0,1080.0,31.0,0.0,0
49.0,1.0,1.0,0.0,0.0,2.0,0.0,9.0,0.0,0.0,3.1123670007844413,0.0,0.0,24.0,5.0,0.0,1.0,1.0,0.0,1.0,0.0,0.0,1.0,1742.0,1.0,0.0,29.0,0.0,0.0,0.0,0.0,2.0,0.0,0.0,0.0,0.0,58.0,0.9869544771497294,9.0,4.0,29.0,222.0,6.0,1.0,1920.0,1080.0,18.0,0.0,0
29.0,1.0,0.0,0.0,0.0,1.0,0.0,14.0,0.0,0.0,3.2706132890881174,0.0,0.0,17.0,0.0,0.0,1.0,1.0,0.0,1.0,0.0,0.0,1.0,1253.0,1.0,0.0,29.0,0.0,0.0,1.0,0.0,0.0,0.0,0.0,0.0,1.0,35.0,0.9300705376999309,2.0,0.0,29.0,56.0,10.0,1.0,1920.0,1080.0,35.0,0.0,0
36.0,1.0,1.0,0.0,0.0,2.0,0.0,16.0,0.0,0.0,2.289616416060264,0.0,0.0,2.0,0.0,0.0,0.0,0.0,0.0,1.0,0.0,0.0,1.0,312.0,1.0,0.0,4.0,0.0,0.0,0.0,0.0,2.0,0.0,0.0,0.0,0.0,35.0,0.9542241859899141,13.0,2.0,4.0,47.0,19.0,1.0,1280.0,800.0,44.0,0.0,0
30.0,1.0,1.0,0.0,0.0,2.0,0.0,21.0,0.0,0.0,2.6370626473020886,0.0,0.0,28.0,5.0,0.0,1.0,1.0,0.0,1.0,0.0,0.0,1.0,2123.0,0.0,1.0,21.0,0.0,0.0,0.0,0.0,3.0,0.0,0.0,0.0,0.0,16.0,0.9821156836500206,5.0,4.0,21.0,67.0,19.0,1.0,1280.0,800.0,27.0,0.0,0
35.0,1.0,1.0,0.0,0.0,2.0,0.0,16.0,0.0,0.0,3.3240825211948204,0.0,0.0,6.0,0.0,0.0,0.0,0.0,0.0,1.0,0.0,0.0,1.0,559.0,0.0,0.0,18.0,0.0,0.0,0.0,0.0,2.0,0.0,0.0,0.0,0.0,66.0,0.9645005139245469,9.0,5.0,18.0,309.0,10.0,1.0,1920.0,1080.0,44.0,0.0,0
34.0,1.0,1.0,0.0,0.0,2.0,0.0,8.0,0.0,0.0,2.3458911850921127,0.0,0.0,19.0,0.0,0.0,1.0,1.0,0.0,1.0,0.0,0.0,1.0,829.0,1.0,1.0,17.0,1.0,0.0,0.0,0.0,1.0,2.0,0.0,0.0,1.0,84.0,0.9420110548203734,3.0,2.0,17.0,135.0,6.0,1.0,1920.0,1080.0,23.0,0.0,0
42.0,1.0,1.0,0.0,2.0,2.0,0.0,15.0,0.0,0.0,2.154110044496562,0.0,0.0,19.0,0.0,0.0,0.0,0.0,0.0,1.0,0.0,0.0,1.0,2432.0,1.0,0.0,9.0,0.0,0.0,0.0,0.0,1.0,0.0,0.0,0.0,0.0,91.0,0.9489350386610236,3.0,1.0,9.0,162.0,17.0,1.0,1920.0,1080.0,17.0,0.0,0
32.0,1.0,0.0,0.0,1.0,1.0,0.0,21.0,0.0,0.0,2.807583857379914,0.0,0.0,20.0,0.0,0.0,1.0,1.0,0.0,1.0,0.0,0.0,1.0,1151.0,1.0,0.0,14.0,0.0,0.0,0.0,0.0,2.0,1.0,0.0,0.0,0.0,65.0,0.9868229201169469,9.0,5.0,14.0,424.0,8.0,1.0,1920.0,1080.0,27.0,0.0,0
44.0,1.0,1.0,0.0,0.0,2.0,0.0,18.0,0.0,0.0,3.2874151406856393,0.0,0.0,7.0,0.0,0.0,0.0,0.0,0.0,1.0,0.0,0.0,1.0,1143.0,0.0,1.0,5.0,0.0,0.0,0.0,0.0,3.0,1.0,0.0,0.0,0.0,82.0,0.9420777259985993,13.0,2.0,5.0,375.0,10.0,1.0,1920.0,1080.0,14.0,0.0,0
51.0,1.0,1.0,0.0,0.0,2.0,0.0,10.0,0.0,0.0,2.7506026556776932,0.0,0.0,2.0,0.0,0.0,0.0,0.0,0.0,1.0,0.0,0.0,1.0,1027.0,1.0,0.0,12.0,0.0,0.0,0.0,0.0,1.0,1.0,0.0,0.0,0.0,99.0,0.9456100393646435,12.0,1.0,12.0,481.0,9.0,1.0,1920.0,1080.0,21.0,0.0,0
18.0,1.0,1.0,0.0,0.0,2.0,0.0,7.0,0.0,0.0,2.461215883688147,0.0,0.0,32.0,0.0,0.0,1.0,1.0,0.0,1.0,0.0,0.0,1.0,1457.0,0.0,0.0,27.0,0.0,0.0,0.0,0.0,0.0,0.0,0.0,0.0,0.0,48.0,0.9341447006586018,6.0,5.0,27.0,399.0,13.0,1.0,1920.0,1080.0,17.0,0.0,0
23.0,1.0,1.0,0.0,0.0,2.0,0.0,7.0,0.0,0.0,3.2288422098556024,0.0,0.0,2.0,0.0,0.0,0.0,0.0,0.0,1.0,0.0,0.0,1.0,385.0,0.0,2.0,26.0,0.0,0.0,0.0,0.0,2.0,0.0,0.0,0.0,0.0,79.0,0.9429165878205049,8.0,1.0,26.0,115.0,17.0,1.0,1280.0,800.0,37.0,0.0,0
26.0,1.0,1.0,0.0,0.0,2.0,0.0,8.0,0.0,0.0,2.6278416831400193,0.0,0.0,22.0,0.0,0.0,0.0,0.0,0.0,1.0,0.0,0.0,1.0,1260.0,2.0,0.0,23.0,1.0,1.0,0.0,0.0,2.0,2.0,0.0,0.0,1.0,32.0,0.9223961685890932,2.0,1.0,23.0,434.0,16.0,1.0,1280.0,800.0,34.0,0.0,0
47.0,1.0,0.0,0.0,0.0,1.0,0.0,18.0,0.0,0.0,3.078422070213373,0.0,0.0,8.0,0.0,0.0,0.0,0.0,0.0,1.0,0.0,0.0,1.0,2206.0,2.0,0.0,5.0,0.0,0.0,0.0,0.0,3.0,0.0,0.0,0.0,0.0,114.0,0.9565545056761169,1.0,0.0,5.0,62.0,11.0,1.0,1920.0,1080.0,38.0,0.0,0
42.0,1.0,0.0,0.0,2.0,1.0,0.0,18.0,0.0,0.0,3.112537953936359,0.0,0.0,19.0,0.0,0.0,1.0,1.0,0.0,1.0,0.0,0.0,1.0,2165.0,1.0,0.0,15.0,1.0,0.0,0.0,0.0,2.0,2.0,0.0,0.0,1.0,57.0,0.9464167543462653,8.0,1.0,15.0,107.0,17.0,1.0,1920.0,1080.0,22.0,0.0,0
42.0,1.0,0.0,0.0,0.0,1.0,0.0,19.0,1.0,0.05263157894736842,2.997298009204129,0.0,0.0,29.0,5.0,0.0,1.0,1.0,0.0,1.0,0.0,0.0,1.0,468.0,0.0,0.0,28.0,0.0,0.0,0.0,0.0,0.0,1.0,0.0,0.0,0.0,109.0,0.9815343773373368,11.0,0.0,28.0,382.0,7.0,1.0,1920.0,1080.0,18.0,0.0,0
41.0,1.0,1.0,0.0,0.0,2.0,0.0,13.0,0.0,0.0,3.383420372965686,0.0,0.0,12.0,0.0,0.0,1.0,1.0,0.0,1.0,0.0,0.0,1.0,2207.0,2.0,0.0,27.0,0.0,0.0,0.0,0.0,1.0,0.0,0.0,0.0,0.0,36.0,0.9848370285181365,10.0,3.0,27.0,405.0,13.0,1.0,1920.0,1080.0,31.0,0.0,0
43.0,1.0,0.0,0.0,0.0,1.0,0.0,8.0,0.0,0.0,2.390974860983238,0.0,0.0,33.0,0.0,0.0,0.0,0.0,0.0,1.0,0.0,0.0,1.0,642.0,0.0,0.0,5.0,0.0,0.0,0.0,0.0,0.0,0.0,0.0,0.0,0.0,100.0,0.9936034839125583,9.0,6.0,5.0,68.0,7.0,1.0,1280.0,800.0,25.0,0.0,0
52.0,1.0,0.0,0.0,0.0,1.0,0.0,16.0,0.0,0.0,3.0220217869430677,0.0,0.0,23.0,0.0,0.0,0.0,0.0,0.0,1.0,0.0,0.0,1.0,725.0,2.0,0.0,18.0,1.0,0.0,0.0,0.0,2.0,2.0,1.0,0.0,1.0,118.0,0.9285635726147936,10.0,8.0,18.0,210.0,10.0,1.0,1280.0,800.0,18.0,0.0,0
29.0,1.0,0.0,0.0,2.0,1.0,0.0,17.0,0.0,0.0,3.304817728643996,0.0,0.0,27.0,5.0,0.0,1.0,1.0,0.0,1.0,0.0,0.0,1.0,869.0,1.0,1.0,10.0,1.0,0.0,0.0,0.0,0.0,3.0,0.0,0.0,1.0,69.0,0.9926472862551486,3.0,2.0,10.0,470.0,15.0,1.0,1280.0,800.0,43.0,0.0,0
30.0,1.0,1.0,0.0,0.0,2.0,0.0,20.0,0.0,0.0,3.3720013089184526,0.0,0.0,27.0,0.0,0.0,1.0,1.0,0.0,1.0,0.0,0.0,1.0,289.0,1.0,1.0,19.0,0.0,0.0,0.0,0.0,3.0,0.0,0.0,0.0,0.0,116.0,0.9870162776781475,14.0,0.0,19.0,448.0,10.0,1.0,1920.0,1080.0,12.0,0.0,0
36.0,1.0,0.0,0.0,0.0,1.0,0.0,7.0,0.0,0.0,2.814489758878479,0.0,0.0,6.0,0.0,0.0,0.0,0.0,0.0,1.0,0.0,0.0,1.0,1200.0,0.0,1.0,6.0,0.0,0.0,0.0,0.0,1.0,0.0,0.0,0.0,0.0,46.0,0.9699447283673679,13.0,4.0,6.0,454.0,3.0,1.0,1280.0,800.0,34.0,0.0,0
40.0,1.0,1.0,0.0,0.0,2.0,0.0,7.0,0.0,0.0,2.4845684914381687,0.0,0.0,25.0,0.0,0.0,0.0,0.0,0.0,1.0,0.0,0.0,1.0,1001.0,0.0,1.0,27.0,0.0,0.0,0.0,0.0,2.0,0.0,1.0,0.0,0.0,64.0,0.9766830485928713,11.0,6.0,27.0,213.0,18.0,1.0,1920.0,1080.0,18.0,0.0,0
47.0,1.0,0.0,0.0,0.0,1.0,0.0,12.0,0.0,0.0,3.2884012252546686,0.0,0.0,25.0,0.0,0.0,0.0,0.0,0.0,1.0,0.0,0.0,1.0,271.0,1.0,1.0,4.0,0.0,0.0,0.0,0.0,1.0,0.0,0.0,0.0,0.0,86.0,0.9554636997158388,5.0,4.0,4.0,425.0,7.0,1.0,1920.0,1080.0,42.0,0.0,0
43.0,1.0,0.0,0.0,0.0,1.0,0.0,17.0,0.0,0.0,3.0459646789644657,0.0,0.0,22.0,0.0,0.0,0.0,0.0,0.0,1.0,0.0,0.0,1.0,2035.0,1.0,0.0,24.0,0.0,0.0,0.0,0.0,3.0,0.0,0.0,0.0,0.0,15.0,0.9518497777629926,13.0,7.0,24.0,305.0,12.0,1.0,1280.0,800.0,9.0,0.0,0
22.0,1.0,2.0,0.0,0.0,3.0,0.0,13.0,0.0,0.0,3.389643298290407,0.0,0.0,31.0,0.0,0.0,0.0,0.0,0.0,1.0,0.0,0.0,1.0,1986.0,0.0,0.0,27.0,0.0,0.0,0.0,0.0,0.0,0.0,1.0,0.0,0.0,114.0,0.9299552585210855,4.0,3.0,27.0,457.0,13.0,1.0,1920.0,1080.0,34.0,0.0,0
38.0,1.0,0.0,0.0,0.0,1.0,0.0,19.0,0.0,0.0,2.404205219967754,0.0,0.0,16.0,0.0,0.0,0.0,0.0,0.0,1.0,0.0,0.0,1.0,874.0,1.0,0.0,19.0,0.0,0.0,0.0,0.0,3.0,0.0,0.0,0.0,0.0,99.0,0.9819894004273398,11.0,1.0,19.0,39.0,3.0,1.0,1920.0,1080.0,34.0,0.0,0
47.0,1.0,0.0,0.0,0.0,1.0,0.0,15.0,0.0,0.0,3.2467572630939143,0.0,0.0,25.0,0.0,0.0,1.0,1.0,0.0,1.0,0.0,0.0,1.0,1398.0,0.0,0.0,13.0,0.0,0.0,0.0,0.0,0.0,0.0,0.0,0.0,0.0,96.0,0.933816318591271,10.0,8.0,13.0,280.0,15.0,1.0,1920.0,1080.0,5.0,0.0,0
18.0,1.0,2.0,0.0,0.0,3.0,0.0,7.0,0.0,0.0,2.423520174474365,0.0,0.0,17.0,0.0,0.0,1.0,1.0,0.0,1.0,0.0,0.0,1.0,1302.0,1.0,0.0,29.0,0.0,0.0,0.0,0.0,3.0,0.0,0.0,0.0,0.0,69.0,0.989086338898345,3.0,1.0,29.0,435.0,18.0,1.0,1920.0,1080.0,5.0,0.0,0
25.0,1.0,0.0,0.0,0.0,1.0,0.0,11.0,0.0,0.0,2.9801453485908307,0.0,1.0,30.0,0.0,0.0,0.0,0.0,0.0,1.0,0.0,0.0,1.0,2360.0,2.0,1.0,4.0,0.0,0.0,0.0,0.0,3.0,0.0,0.0,0.0,0.0,83.0,0.9357148002955827,1.0,0.0,4.0,22.0,19.0,1.0,1920.0,1080.0,41.0,0.0,0
46.0,1.0,1.0,0.0,0.0,2.0,0.0,12.0,0.0,0.0,3.137339462509961,0.0,0.0,12.0,0.0,0.0,0.0,0.0,0.0,1.0,0.0,0.0,1.0,1933.0,1.0,1.0,9.0,0.0,0.0,0.0,0.0,1.0,0.0,0.0,0.0,0.0,85.0,0.9623771666409585,9.0,7.0,9.0,222.0,16.0,1.0,1920.0,1080.0,29.0,0.0,0
54.0,1.0,0.0,0.0,0.0,1.0,0.0,16.0,0.0,0.0,3.196440852925029,0.0,0.0,32.0,0.0,0.0,0.0,0.0,0.0,1.0,0.0,0.0,1.0,1273.0,1.0,1.0,10.0,0.0,0.0,0.0,0.0,2.0,0.0,0.0,0.0,0.0,74.0,0.9650647754781292,13.0,1.0,10.0,67.0,14.0,1.0,1920.0,1080.0,17.0,0.0,0
18.0,1.0,1.0,0.0,1.0,2.0,0.0,15.0,0.0,0.0,2.929435029162159,0.0,0.0,18.0,0.0,0.0,1.0,1.0,0.0,1.0,0.0,0.0,1.0,1432.0,2.0,0.0,16.0,0.0,0.0,0.0,0.0,0.0,0.0,0.0,0.0,0.0,57.0,0.9714686484634515,14.0,8.0,16.0,38.0,1.0,1.0,1920.0,1080.0,43.0,0.0,0
47.0,1.0,1.0,0.0,0.0,2.0,0.0,9.0,0.0,0.0,3.3056524916344294,0.0,0.0,28.0,0.0,0.0,1.0,1.0,0.0,1.0,0.0,0.0,1.0,584.0,1.0,0.0,7.0,1.0,0.0,0.0,0.0,2.0,3.0,0.0,0.0,1.0,65.0,0.9528498870548644,7.0,1.0,7.0,100.0,10.0,1.0,1280.0,800.0,39.0,0.0,0
26.0,1.0,1.0,0.0,0.0,2.0,0.0,13.0,0.0,0.0,2.6717736150213782,0.0,0.0,25.0,0.0,0.0,0.0,0.0,0.0,1.0,0.0,0.0,1.0,1208.0,1.0,0.0,25.0,0.0,0.0,0.0,0.0,3.0,0.0,0.0,0.0,0.0,17.0,0.9824984520802253,8.0,7.0,25.0,141.0,16.0,1.0,1920.0,1080.0,39.0,0.0,0
31.0,1.0,1.0,0.0,0.0,2.0,0.0,9.0,0.0,0.0,2.645351176967539,0.0,0.0,30.0,0.0,0.0,1.0,1.0,0.0,1.0,0.0,0.0,1.0,537.0,1.0,1.0,10.0,0.0,0.0,0.0,0.0,3.0,0.0,0.0,0.0,0.0,71.0,0.9732431838988085,10.0,6.0,10.0,338.0,10.0,1.0,1280.0,800.0,29.0,0.0,0
46.0,1.0,0.0,0.0,0.0,1.0,0.0,9.0,0.0,0.0,2.296912545662105,0.0,0.0,34.0,0.0,0.0,0.0,0.0,0.0,1.0,0.0,0.0,1.0,1428.0,3.0,1.0,13.0,0.0,0.0,0.0,0.0,1.0,0.0,0.0,0.0,0.0,65.0,0.9544041673421723,9.0,0.0,13.0,101.0,19.0,1.0,1920.0,1080.0,39.0,0.0,0
54.0,0.0,0.0,0.0,0.0,1.0,0.0,9.0,0.0,0.0,2.8539306209534887,0.0,1.0,23.0,0.0,0.0,0.0,0.0,0.0,0.0,0.0,0.0,0.0,2031.0,0.0,0.0,25.0,0.0,0.0,0.0,0.0,3.0,0.0,0.0,0.0,0.0,56.0,0.18639684325910305,7.0,6.0,25.0,162.0,11.0,1.0,1920.0,1080.0,30.0,0.0,0
51.0,1.0,1.0,0.0,0.0,2.0,0.0,10.0,0.0,0.0,2.4172946689984918,0.0,0.0,25.0,0.0,0.0,1.0,1.0,0.0,1.0,0.0,0.0,1.0,2240.0,0.0,0.0,19.0,0.0,0.0,0.0,0.0,1.0,0.0,0.0,0.0,0.0,32.0,0.9390139318662141,13.0,3.0,19.0,385.0,13.0,1.0,1920.0,1080.0,25.0,0.0,0
41.0,1.0,2.0,0.0,0.0,3.0,0.0,11.0,0.0,0.0,2.1961519747878087,0.0,0.0,26.0,0.0,0.0,0.0,0.0,0.0,1.0,0.0,0.0,1.0,753.0,1.0,1.0,3.0,0.0,0.0,0.0,0.0,3.0,0.0,0.0,0.0,0.0,90.0,0.9889053619164438,14.0,9.0,3.0,426.0,16.0,1.0,1920.0,1080.0,20.0,0.0,0
30.0,1.0,0.0,0.0,0.0,1.0,0.0,21.0,0.0,0.0,2.261827026492979,0.0,0.0,1.0,0.0,0.0,0.0,0.0,0.0,1.0,0.0,0.0,1.0,2395.0,1.0,0.0,12.0,0.0,0.0,0.0,0.0,3.0,0.0,0.0,0.0,0.0,18.0,0.9530475704022194,11.0,6.0,12.0,174.0,8.0,1.0,1280.0,800.0,37.0,0.0,0
34.0,1.0,1.0,0.0,0.0,2.0,0.0,12.0,0.0,0.0,2.535823114878149,0.0,0.0,32.0,0.0,0.0,1.0,1.0,0.0,1.0,0.0,0.0,1.0,1297.0,1.0,1.0,6.0,0.0,0.0,0.0,0.0,2.0,0.0,0.0,0.0,0.0,104.0,0.9933261758235362,7.0,6.0,6.0,22.0,4.0,1.0,1280.0,800.0,33.0,0.0,0
51.0,1.0,1.0,0.0,0.0,2.0,0.0,15.0,0.0,0.0,2.722508136719014,0.0,0.0,30.0,0.0,0.0,0.0,0.0,0.0,1.0,0.0,0.0,1.0,2265.0,1.0,1.0,22.0,0.0,0.0,0.0,0.0,3.0,0.0,0.0,0.0,0.0,101.0,0.9603493759855577,14.0,0.0,22.0,35.0,5.0,1.0,1920.0,1080.0,36.0,0.0,0
49.0,1.0,0.0,0.0,2.0,1.0,0.0,18.0,0.0,0.0,3.0476267997047173,0.0,0.0,9.0,0.0,0.0,0.0,0.0,0.0,1.0,0.0,0.0,1.0,358.0,1.0,0.0,2.0,0.0,0.0,0.0,0.0,2.0,0.0,0.0,0.0,0.0,26.0,0.9830620010813503,7.0,3.0,2.0,306.0,17.0,1.0,1280.0,800.0,15.0,0.0,0
44.0,1.0,1.0,0.0,0.0,2.0,0.0,15.0,0.0,0.0,2.155151797762899,0.0,0.0,1.0,0.0,0.0,0.0,0.0,0.0,1.0,0.0,0.0,1.0,1452.0,0.0,1.0,29.0,0.0,0.0,0.0,0.0,1.0,1.0,0.0,0.0,0.0,84.0,0.9957966931095679,7.0,5.0,29.0,423.0,14.0,1.0,1280.0,800.0,18.0,0.0,0
43.0,1.0,1.0,0.0,1.0,2.0,0.0,16.0,0.0,0.0,2.7815725615032902,0.0,0.0,15.0,0.0,0.0,0.0,0.0,0.0,1.0,0.0,0.0,1.0,2203.0,0.0,1.0,12.0,0.0,0.0,0.0,0.0,0.0,0.0,0.0,0.0,0.0,51.0,0.9970395065461357,7.0,6.0,12.0,324.0,18.0,1.0,1920.0,1080.0,10.0,0.0,0
25.0,1.0,0.0,0.0,0.0,1.0,0.0,8.0,0.0,0.0,2.17034813054868,0.0,0.0,5.0,0.0,0.0,0.0,0.0,0.0,1.0,0.0,0.0,1.0,472.0,1.0,1.0,3.0,0.0,0.0,0.0,0.0,3.0,0.0,1.0,0.0,0.0,98.0,0.9206346993678378,8.0,3.0,3.0,18.0,14.0,1.0,1280.0,800.0,23.0,0.0,0
32.0,1.0,1.0,0.0,0.0,2.0,0.0,21.0,0.0,0.0,3.2619108374328807,0.0,0.0,13.0,0.0,0.0,0.0,0.0,0.0,1.0,0.0,0.0,0.0,1902.0,0.0,0.0,27.0,0.0,0.0,0.0,0.0,1.0,0.0,0.0,0.0,0.0,48.0,0.9555124004544497,5.0,2.0,27.0,487.0,0.0,1.0,1920.0,1080.0,23.0,0.0,0
45.0,1.0,0.0,0.0,0.0,1.0,0.0,16.0,0.0,0.0,2.7459199829854324,0.0,0.0,13.0,0.0,0.0,1.0,1.0,0.0,1.0,0.0,0.0,1.0,560.0,2.0,0.0,19.0,1.0,0.0,0.0,0.0,1.0,1.0,0.0,0.0,1.0,42.0,0.9369208982784516,11.0,3.0,19.0,388.0,1.0,1.0,1920.0,1080.0,44.0,0.0,0
30.0,1.0,0.0,0.0,1.0,1.0,0.0,21.0,0.0,0.0,2.4229728614803543,0.0,0.0,22.0,20.0,0.0,0.0,0.0,0.0,1.0,0.0,0.0,1.0,956.0,0.0,1.0,24.0,0.0,0.0,0.0,0.0,2.0,0.0,0.0,0.0,0.0,18.0,0.9274674717824921,9.0,3.0,24.0,126.0,13.0,1.0,1920.0,1080.0,15.0,0.0,0
20.0,1.0,1.0,0.0,0.0,2.0,0.0,16.0,0.0,0.0,2.705257231215087,0.0,0.0,15.0,0.0,0.0,1.0,1.0,0.0,1.0,0.0,0.0,1.0,1227.0,1.0,0.0,28.0,1.0,0.0,0.0,0.0,3.0,2.0,0.0,0.0,1.0,87.0,0.9383867304927631,14.0,4.0,28.0,182.0,9.0,1.0,1920.0,1080.0,32.0,0.0,0
53.0,1.0,1.0,0.0,0.0,2.0,0.0,18.0,0.0,0.0,3.2838933296944863,0.0,0.0,33.0,0.0,0.0,1.0,1.0,0.0,1.0,0.0,0.0,1.0,380.0,1.0,0.0,21.0,0.0,0.0,0.0,0.0,3.0,0.0,0.0,0.0,0.0,110.0,0.9697194038649991,11.0,3.0,21.0,186.0,5.0,1.0,1920.0,1080.0,19.0,0.0,0
20.0,1.0,1.0,0.0,0.0,2.0,0.0,12.0,0.0,0.0,2.7310735328134017,0.0,0.0,10.0,0.0,0.0,0.0,0.0,0.0,1.0,0.0,0.0,1.0,1861.0,1.0,0.0,10.0,0.0,0.0,0.0,0.0,1.0,0.0,0.0,0.0,0.0,22.0,0.9281699165126778,14.0,0.0,10.0,111.0,11.0,1.0,1920.0,1080.0,13.0,0.0,0
46.0,1.0,0.0,0.0,1.0,1.0,0.0,21.0,0.0,0.0,2.698760792587621,0.0,0.0,19.0,5.0,0.0,0.0,0.0,0.0,1.0,0.0,0.0,1.0,2308.0,1.0,1.0,18.0,1.0,1.0,0.0,0.0,2.0,3.0,0.0,0.0,1.0,29.0,0.9279735777717258,5.0,4.0,18.0,237.0,0.0,1.0,1920.0,1080.0,6.0,0.0,0
43.0,1.0,1.0,0.0,0.0,2.0,0.0,12.0,1.0,0.08333333333333333,2.4265339649495026,0.0,0.0,16.0,5.0,0.0,0.0,0.0,0.0,1.0,0.0,0.0,1.0,1223.0,1.0,0.0,2.0,0.0,0.0,0.0,0.0,1.0,0.0,0.0,0.0,0.0,37.0,0.9502869385609967,13.0,3.0,2.0,32.0,15.0,1.0,1280.0,800.0,44.0,0.0,0
30.0,1.0,0.0,0.0,1.0,1.0,0.0,9.0,0.0,0.0,2.1013899101302376,0.0,0.0,29.0,0.0,0.0,1.0,1.0,0.0,1.0,0.0,0.0,1.0,1450.0,0.0,0.0,11.0,0.0,0.0,0.0,0.0,2.0,0.0,0.0,0.0,0.0,27.0,0.9469156983818142,6.0,2.0,11.0,204.0,16.0,1.0,1920.0,1080.0,14.0,0.0,0
41.0,1.0,1.0,0.0,2.0,2.0,0.0,17.0,0.0,0.0,3.0734195863399214,0.0,0.0,26.0,0.0,0.0,0.0,0.0,0.0,1.0,0.0,0.0,1.0,1291.0,1.0,0.0,28.0,0.0,0.0,0.0,0.0,1.0,0.0,0.0,0.0,0.0,39.0,0.9711625299446184,8.0,7.0,28.0,197.0,13.0,1.0,1920.0,1080.0,9.0,0.0,0
30.0,1.0,0.0,0.0,0.0,1.0,0.0,19.0,1.0,0.05263157894736842,2.936856623811124,0.0,0.0,8.0,0.0,0.0,1.0,1.0,0.0,1.0,0.0,0.0,1.0,1205.0,2.0,1.0,5.0,0.0,0.0,0.0,0.0,2.0,0.0,0.0,0.0,0.0,116.0,0.930648481402454,13.0,2.0,5.0,103.0,19.0,1.0,1920.0,1080.0,13.0,0.0,0
38.0,1.0,0.0,0.0,0.0,1.0,0.0,15.0,0.0,0.0,2.814261074600065,0.0,0.0,17.0,0.0,0.0,0.0,0.0,0.0,1.0,0.0,0.0,1.0,2007.0,1.0,0.0,9.0,0.0,0.0,0.0,0.0,1.0,0.0,0.0,0.0,0.0,96.0,0.9633834453149708,8.0,0.0,9.0,325.0,6.0,1.0,1280.0,800.0,14.0,0.0,0
48.0,1.0,1.0,0.0,0.0,2.0,0.0,15.0,0.0,0.0,2.858422703221469,0.0,0.0,15.0,0.0,0.0,0.0,0.0,0.0,1.0,0.0,0.0,1.0,146.0,1.0,0.0,5.0,0.0,0.0,0.0,0.0,3.0,0.0,0.0,0.0,0.0,59.0,0.9547509362559521,2.0,1.0,5.0,319.0,10.0,1.0,1280.0,800.0,38.0,0.0,0
34.0,1.0,1.0,0.0,0.0,2.0,0.0,16.0,0.0,0.0,2.544889476570575,0.0,0.0,32.0,0.0,0.0,0.0,0.0,0.0,1.0,0.0,0.0,1.0,1336.0,1.0,1.0,23.0,0.0,0.0,0.0,0.0,1.0,1.0,0.0,0.0,0.0,19.0,0.9309338297966225,4.0,2.0,23.0,64.0,3.0,1.0,1920.0,1080.0,7.0,0.0,0
53.0,1.0,1.0,0.0,0.0,2.0,0.0,15.0,0.0,0.0,2.207141306109217,0.0,1.0,7.0,0.0,0.0,0.0,0.0,0.0,1.0,0.0,0.0,1.0,1334.0,0.0,0.0,2.0,0.0,0.0,0.0,0.0,1.0,0.0,0.0,0.0,0.0,24.0,0.9947253403629748,2.0,1.0,2.0,197.0,12.0,1.0,1920.0,1080.0,40.0,0.0,0
46.0,1.0,1.0,0.0,0.0,2.0,0.0,7.0,0.0,0.0,3.20045915303787,0.0,0.0,33.0,5.0,0.0,0.0,0.0,0.0,1.0,0.0,0.0,1.0,2069.0,3.0,0.0,18.0,0.0,0.0,0.0,0.0,3.0,0.0,0.0,0.0,0.0,69.0,0.9857178993919795,12.0,1.0,18.0,140.0,19.0,1.0,1920.0,1080.0,35.0,0.0,0
18.0,1.0,1.0,0.0,0.0,2.0,0.0,14.0,0.0,0.0,2.6587860582768226,0.0,0.0,2.0,0.0,0.0,0.0,0.0,0.0,1.0,0.0,0.0,1.0,2096.0,1.0,0.0,8.0,0.0,0.0,0.0,0.0,3.0,0.0,1.0,0.0,0.0,38.0,0.9634072395623244,11.0,5.0,8.0,396.0,9.0,1.0,1920.0,1080.0,30.0,0.0,0
49.0,1.0,1.0,0.0,2.0,2.0,0.0,15.0,0.0,0.0,2.2948721641128143,0.0,0.0,11.0,0.0,0.0,1.0,1.0,0.0,1.0,0.0,0.0,1.0,2227.0,0.0,0.0,15.0,0.0,0.0,0.0,0.0,1.0,0.0,0.0,0.0,0.0,114.0,0.9597386924025757,14.0,8.0,15.0,163.0,6.0,1.0,1920.0,1080.0,18.0,0.0,0
49.0,1.0,1.0,0.0,0.0,2.0,0.0,12.0,0.0,0.0,3.061071313289257,0.0,0.0,14.0,0.0,0.0,1.0,1.0,0.0,1.0,0.0,0.0,1.0,2012.0,1.0,1.0,6.0,0.0,0.0,0.0,0.0,3.0,0.0,0.0,0.0,0.0,84.0,0.9362985994909774,8.0,7.0,6.0,400.0,1.0,1.0,1920.0,1080.0,6.0,0.0,0
33.0,1.0,1.0,0.0,0.0,2.0,0.0,18.0,0.0,0.0,2.1303735923832203,0.0,0.0,32.0,0.0,0.0,1.0,1.0,0.0,1.0,0.0,0.0,1.0,1312.0,1.0,0.0,5.0,1.0,1.0,0.0,0.0,1.0,2.0,0.0,0.0,1.0,103.0,0.9534296014013333,1.0,0.0,5.0,124.0,4.0,1.0,1920.0,1080.0,21.0,0.0,0
26.0,1.0,1.0,0.0,0.0,2.0,0.0,17.0,0.0,0.0,2.218018999347261,0.0,0.0,23.0,0.0,0.0,1.0,1.0,0.0,1.0,0.0,0.0,1.0,1152.0,0.0,1.0,24.0,0.0,0.0,0.0,0.0,2.0,0.0,0.0,0.0,0.0,17.0,0.9611283952189327,5.0,1.0,24.0,5.0,4.0,1.0,1920.0,1080.0,20.0,0.0,0
51.0,1.0,0.0,0.0,1.0,1.0,0.0,18.0,0.0,0.0,3.3224209779319365,0.0,0.0,13.0,0.0,0.0,0.0,0.0,0.0,1.0,0.0,0.0,1.0,1989.0,1.0,0.0,14.0,0.0,0.0,0.0,0.0,2.0,0.0,0.0,0.0,0.0,35.0,0.9479468750104707,14.0,2.0,14.0,323.0,10.0,1.0,1920.0,1080.0,13.0,0.0,0
38.0,1.0,1.0,0.0,0.0,2.0,0.0,11.0,0.0,0.0,2.313620226134858,0.0,0.0,5.0,0.0,0.0,0.0,0.0,0.0,1.0,0.0,0.0,1.0,1918.0,0.0,1.0,23.0,0.0,0.0,0.0,0.0,2.0,0.0,0.0,0.0,0.0,111.0,0.9446619674312339,7.0,5.0,23.0,451.0,12.0,1.0,1920.0,1080.0,27.0,0.0,0
54.0,1.0,0.0,0.0,0.0,1.0,0.0,21.0,2.0,0.09523809523809523,3.1676268923986797,0.0,0.0,2.0,0.0,0.0,1.0,1.0,0.0,1.0,0.0,0.0,1.0,1281.0,0.0,0.0,26.0,0.0,0.0,0.0,0.0,1.0,0.0,0.0,0.0,0.0,97.0,0.9290707341623075,5.0,4.0,26.0,171.0,1.0,1.0,1920.0,1080.0,24.0,0.0,0
54.0,1.0,1.0,0.0,0.0,2.0,0.0,7.0,0.0,0.0,2.6446738907862115,0.0,0.0,13.0,0.0,0.0,0.0,0.0,0.0,1.0,0.0,0.0,1.0,2111.0,1.0,0.0,5.0,0.0,0.0,0.0,0.0,0.0,1.0,0.0,0.0,0.0,92.0,0.9825802137501446,9.0,2.0,5.0,53.0,12.0,1.0,1920.0,1080.0,11.0,0.0,0
29.0,1.0,0.0,0.0,2.0,1.0,0.0,9.0,0.0,0.0,3.3387866925348355,0.0,0.0,4.0,5.0,0.0,0.0,0.0,0.0,1.0,0.0,0.0,1.0,344.0,0.0,0.0,20.0,0.0,0.0,0.0,0.0,3.0,0.0,0.0,0.0,0.0,107.0,0.9742303144305333,12.0,1.0,20.0,319.0,7.0,1.0,1920.0,1080.0,29.0,0.0,0
45.0,1.0,0.0,0.0,2.0,1.0,0.0,10.0,0.0,0.0,2.639061467221108,0.0,0.0,22.0,0.0,0.0,1.0,1.0,0.0,1.0,0.0,0.0,1.0,1129.0,1.0,0.0,26.0,0.0,0.0,0.0,0.0,1.0,0.0,0.0,0.0,0.0,78.0,0.9844907939998006,1.0,0.0,26.0,26.0,9.0,1.0,1920.0,1080.0,33.0,0.0,0
26.0,1.0,1.0,0.0,0.0,2.0,0.0,9.0,0.0,0.0,2.7241883440616705,0.0,0.0,8.0,0.0,0.0,0.0,0.0,0.0,1.0,0.0,0.0,1.0,163.0,0.0,2.0,17.0,0.0,0.0,0.0,0.0,0.0,0.0,0.0,0.0,0.0,115.0,0.95359444206468,9.0,3.0,17.0,131.0,8.0,1.0,1920.0,1080.0,30.0,0.0,0
22.0,1.0,0.0,0.0,0.0,1.0,0.0,14.0,0.0,0.0,2.816629535136687,0.0,0.0,24.0,0.0,0.0,0.0,0.0,0.0,1.0,0.0,0.0,1.0,2034.0,1.0,0.0,13.0,0.0,0.0,1.0,0.0,3.0,0.0,1.0,0.0,1.0,91.0,0.9551915604051657,13.0,2.0,13.0,279.0,9.0,1.0,1920.0,1080.0,42.0,0.0,0
40.0,1.0,0.0,0.0,0.0,1.0,0.0,16.0,0.0,0.0,2.794854130167615,0.0,0.0,30.0,0.0,0.0,1.0,1.0,0.0,1.0,0.0,0.0,1.0,1131.0,1.0,1.0,20.0,0.0,0.0,0.0,0.0,1.0,0.0,0.0,0.0,0.0,30.0,0.9969965843832514,1.0,0.0,20.0,424.0,5.0,1.0,1280.0,800.0,26.0,0.0,0
34.0,1.0,0.0,0.0,0.0,1.0,0.0,13.0,0.0,0.0,2.2537554824331765,0.0,0.0,24.0,0.0,0.0,1.0,1.0,0.0,1.0,0.0,0.0,1.0,2286.0,1.0,0.0,15.0,0.0,0.0,0.0,0.0,2.0,1.0,0.0,0.0,0.0,50.0,0.9493483654125039,5.0,4.0,15.0,306.0,9.0,1.0,1920.0,1080.0,12.0,0.0,0
25.0,1.0,0.0,0.0,0.0,1.0,0.0,21.0,0.0,0.0,2.6678390285450124,0.0,0.0,7.0,5.0,0.0,0.0,0.0,0.0,1.0,0.0,0.0,1.0,1571.0,3.0,0.0,27.0,0.0,0.0,0.0,0.0,1.0,0.0,0.0,0.0,0.0,99.0,0.9805637740397687,14.0,1.0,27.0,268.0,4.0,1.0,1920.0,1080.0,30.0,0.0,0
26.0,1.0,1.0,0.0,1.0,2.0,0.0,18.0,0.0,0.0,2.661322581072881,0.0,1.0,19.0,0.0,0.0,1.0,1.0,0.0,1.0,0.0,0.0,1.0,2232.0,0.0,0.0,17.0,0.0,0.0,0.0,0.0,0.0,0.0,0.0,0.0,0.0,114.0,0.9833914784205192,10.0,7.0,17.0,77.0,4.0,1.0,1280.0,800.0,37.0,0.0,0
34.0,1.0,1.0,0.0,0.0,2.0,0.0,9.0,0.0,0.0,3.12948669421961,0.0,0.0,7.0,0.0,0.0,0.0,0.0,0.0,1.0,0.0,0.0,1.0,1679.0,0.0,0.0,9.0,0.0,0.0,0.0,0.0,1.0,0.0,0.0,0.0,0.0,114.0,0.9630622780674903,7.0,6.0,9.0,400.0,7.0,1.0,1280.0,800.0,40.0,0.0,0
41.0,1.0,1.0,0.0,0.0,2.0,0.0,14.0,0.0,0.0,2.2787562952341247,0.0,0.0,7.0,0.0,0.0,0.0,0.0,0.0,1.0,0.0,0.0,1.0,1057.0,1.0,0.0,24.0,0.0,0.0,0.0,0.0,1.0,0.0,1.0,0.0,0.0,30.0,0.9351566625435891,2.0,1.0,24.0,325.0,5.0,1.0,1280.0,800.0,20.0,0.0,0
27.0,1.0,0.0,0.0,1.0,1.0,0.0,13.0,0.0,0.0,2.8445808024922985,0.0,0.0,0.0,0.0,0.0,1.0,1.0,0.0,1.0,0.0,0.0,1.0,880.0,1.0,0.0,23.0,1.0,0.0,0.0,0.0,0.0,3.0,0.0,0.0,1.0,41.0,0.9487718343632748,14.0,9.0,23.0,19.0,3.0,1.0,1280.0,800.0,13.0,0.0,0
29.0,1.0,1.0,0.0,0.0,2.0,0.0,16.0,0.0,0.0,2.902586392872638,0.0,1.0,10.0,5.0,0.0,1.0,1.0,0.0,1.0,0.0,0.0,1.0,664.0,1.0,0.0,15.0,0.0,0.0,0.0,0.0,1.0,0.0,1.0,0.0,0.0,88.0,0.9231624928085984,2.0,1.0,15.0,145.0,6.0,1.0,1280.0,800.0,28.0,0.0,0
38.0,1.0,1.0,0.0,0.0,2.0,0.0,10.0,0.0,0.0,2.9138388243343147,0.0,0.0,19.0,0.0,0.0,1.0,1.0,0.0,1.0,0.0,0.0,1.0,1792.0,0.0,1.0,10.0,0.0,0.0,0.0,0.0,3.0,0.0,0.0,0.0,0.0,82.0,0.94250635562213,9.0,3.0,10.0,274.0,17.0,1.0,1920.0,1080.0,20.0,0.0,0
39.0,1.0,1.0,0.0,0.0,2.0,0.0,17.0,0.0,0.0,2.627750182322456,0.0,0.0,3.0,5.0,0.0,0.0,0.0,0.0,1.0,0.0,0.0,1.0,175.0,0.0,0.0,28.0,0.0,0.0,0.0,0.0,0.0,0.0,1.0,0.0,0.0,26.0,0.998175316004184,11.0,0.0,28.0,103.0,14.0,1.0,1920.0,1080.0,34.0,0.0,0
52.0,1.0,2.0,0.0,0.0,3.0,0.0,20.0,0.0,0.0,3.259292862982369,0.0,0.0,25.0,0.0,0.0,0.0,0.0,0.0,1.0,0.0,0.0,1.0,1765.0,1.0,0.0,23.0,0.0,0.0,0.0,0.0,3.0,0.0,0.0,0.0,0.0,76.0,0.964118285236535,10.0,5.0,23.0,455.0,10.0,1.0,1920.0,1080.0,11.0,0.0,0
33.0,1.0,0.0,0.0,0.0,1.0,0.0,16.0,0.0,0.0,2.6091398595332533,0.0,1.0,21.0,0.0,0.0,0.0,0.0,0.0,1.0,0.0,0.0,1.0,2081.0,1.0,0.0,12.0,1.0,0.0,0.0,0.0,2.0,3.0,0.0,0.0,1.0,105.0,0.9591313701648261,6.0,3.0,12.0,25.0,18.0,1.0,1920.0,1080.0,2.0,0.0,0
43.0,1.0,0.0,0.0,0.0,1.0,0.0,18.0,0.0,0.0,2.941942703950808,0.0,0.0,29.0,0.0,0.0,1.0,1.0,0.0,1.0,0.0,0.0,1.0,2387.0,1.0,1.0,19.0,0.0,0.0,0.0,0.0,2.0,1.0,0.0,0.0,0.0,39.0,0.9817504464909188,12.0,3.0,19.0,74.0,15.0,1.0,1920.0,1080.0,42.0,0.0,0
18.0,1.0,1.0,0.0,0.0,2.0,0.0,15.0,0.0,0.0,2.251147990929907,0.0,0.0,6.0,0.0,0.0,0.0,0.0,0.0,1.0,0.0,0.0,1.0,1966.0,0.0,1.0,6.0,0.0,0.0,0.0,0.0,0.0,0.0,0.0,0.0,0.0,86.0,0.9604508417663402,6.0,0.0,6.0,478.0,8.0,1.0,1920.0,1080.0,9.0,0.0,0
35.0,1.0,1.0,0.0,0.0,2.0,0.0,17.0,0.0,0.0,3.118040608554696,0.0,0.0,5.0,0.0,0.0,1.0,1.0,0.0,1.0,0.0,0.0,1.0,1587.0,1.0,0.0,3.0,0.0,0.0,0.0,0.0,3.0,0.0,0.0,0.0,0.0,61.0,0.9714159030110878,8.0,5.0,3.0,98.0,15.0,1.0,1920.0,1080.0,29.0,0.0,0
31.0,1.0,0.0,0.0,0.0,1.0,0.0,21.0,1.0,0.047619047619047616,2.7177960673550645,0.0,0.0,16.0,5.0,0.0,1.0,1.0,0.0,1.0,0.0,0.0,1.0,1458.0,2.0,0.0,4.0,1.0,0.0,0.0,0.0,1.0,1.0,0.0,0.0,1.0,43.0,0.9209196607321771,6.0,3.0,4.0,271.0,19.0,1.0,1280.0,800.0,6.0,0.0,0
20.0,1.0,1.0,0.0,0.0,2.0,0.0,13.0,0.0,0.0,2.712120766661297,0.0,0.0,32.0,0.0,0.0,1.0,1.0,0.0,1.0,0.0,0.0,1.0,2476.0,1.0,0.0,24.0,0.0,0.0,0.0,0.0,3.0,0.0,1.0,0.0,0.0,24.0,0.9252577624032622,5.0,3.0,24.0,340.0,11.0,1.0,1920.0,1080.0,33.0,0.0,0
50.0,1.0,0.0,0.0,1.0,1.0,0.0,20.0,1.0,0.05,3.16618793149335,0.0,0.0,25.0,0.0,0.0,0.0,0.0,0.0,1.0,0.0,0.0,1.0,2346.0,1.0,1.0,17.0,0.0,0.0,0.0,0.0,1.0,0.0,0.0,0.0,0.0,112.0,0.948867348671133,4.0,3.0,17.0,247.0,14.0,1.0,1920.0,1080.0,15.0,0.0,0
54.0,1.0,1.0,0.0,0.0,2.0,0.0,19.0,0.0,0.0,2.8803270153255567,0.0,0.0,2.0,0.0,0.0,0.0,0.0,0.0,1.0,0.0,0.0,1.0,1255.0,1.0,1.0,24.0,0.0,0.0,1.0,0.0,2.0,0.0,0.0,0.0,1.0,55.0,0.9829306947745795,6.0,0.0,24.0,64.0,11.0,1.0,1920.0,1080.0,16.0,0.0,0
29.0,1.0,1.0,0.0,0.0,2.0,0.0,15.0,0.0,0.0,2.3789388965837333,0.0,0.0,12.0,5.0,0.0,1.0,1.0,0.0,1.0,0.0,0.0,1.0,1583.0,1.0,0.0,14.0,1.0,1.0,0.0,0.0,1.0,2.0,0.0,0.0,1.0,81.0,0.9533833862439541,14.0,9.0,14.0,98.0,4.0,1.0,1920.0,1080.0,23.0,0.0,0
32.0,1.0,1.0,0.0,0.0,2.0,0.0,20.0,0.0,0.0,3.051325266656625,0.0,0.0,7.0,0.0,0.0,0.0,0.0,0.0,1.0,0.0,0.0,1.0,2161.0,1.0,0.0,11.0,0.0,0.0,0.0,0.0,1.0,0.0,0.0,0.0,0.0,21.0,0.9760491180970066,7.0,4.0,11.0,17.0,9.0,1.0,1920.0,1080.0,3.0,0.0,0
18.0,1.0,0.0,0.0,1.0,1.0,0.0,18.0,0.0,0.0,2.2875886665145355,0.0,0.0,34.0,0.0,0.0,0.0,0.0,0.0,1.0,0.0,0.0,1.0,188.0,0.0,0.0,3.0,0.0,0.0,0.0,0.0,3.0,0.0,0.0,0.0,0.0,47.0,0.9760260651763567,6.0,3.0,3.0,407.0,8.0,1.0,1280.0,800.0,31.0,0.0,0
34.0,1.0,0.0,0.0,0.0,1.0,0.0,18.0,0.0,0.0,2.1875289031737957,0.0,0.0,24.0,5.0,0.0,0.0,0.0,0.0,1.0,0.0,0.0,1.0,161.0,1.0,1.0,25.0,0.0,0.0,0.0,0.0,0.0,0.0,0.0,0.0,0.0,23.0,0.959397030883227,12.0,2.0,25.0,73.0,6.0,1.0,1920.0,1080.0,24.0,0.0,0
34.0,1.0,1.0,0.0,0.0,2.0,0.0,16.0,0.0,0.0,2.9149805168037792,0.0,0.0,2.0,5.0,0.0,1.0,1.0,0.0,1.0,0.0,0.0,1.0,1822.0,1.0,0.0,14.0,0.0,0.0,0.0,0.0,2.0,0.0,0.0,0.0,0.0,46.0,0.9462244387740698,1.0,0.0,14.0,178.0,10.0,1.0,1920.0,1080.0,40.0,0.0,0
35.0,1.0,1.0,0.0,0.0,2.0,0.0,20.0,0.0,0.0,2.5230284431043426,0.0,0.0,29.0,0.0,0.0,0.0,0.0,0.0,1.0,0.0,0.0,1.0,567.0,1.0,0.0,20.0,0.0,0.0,0.0,0.0,2.0,0.0,1.0,0.0,0.0,28.0,0.9440177668310207,4.0,3.0,20.0,493.0,15.0,1.0,1920.0,1080.0,36.0,0.0,0
38.0,1.0,1.0,0.0,0.0,2.0,0.0,12.0,0.0,0.0,3.0193716746472186,0.0,0.0,31.0,5.0,0.0,0.0,0.0,0.0,1.0,0.0,0.0,1.0,490.0,1.0,0.0,7.0,0.0,0.0,0.0,0.0,2.0,1.0,0.0,0.0,0.0,28.0,0.9313239100425167,1.0,0.0,7.0,296.0,6.0,1.0,1280.0,800.0,5.0,0.0,0
39.0,1.0,1.0,0.0,0.0,2.0,0.0,13.0,1.0,0.07692307692307693,2.684118406862695,0.0,0.0,20.0,5.0,0.0,1.0,1.0,0.0,1.0,0.0,0.0,1.0,1016.0,2.0,0.0,28.0,0.0,0.0,0.0,0.0,2.0,0.0,0.0,0.0,0.0,63.0,0.9986460230155308,5.0,4.0,28.0,352.0,2.0,1.0,1920.0,1080.0,20.0,0.0,0
51.0,1.0,0.0,0.0,0.0,1.0,0.0,21.0,0.0,0.0,2.5053778562560987,0.0,0.0,18.0,0.0,0.0,1.0,1.0,0.0,1.0,0.0,0.0,1.0,841.0,1.0,0.0,5.0,1.0,0.0,0.0,0.0,2.0,3.0,0.0,0.0,1.0,83.0,0.9523842756333532,4.0,2.0,5.0,310.0,4.0,1.0,1920.0,1080.0,7.0,0.0,0
42.0,1.0,1.0,0.0,0.0,2.0,0.0,14.0,0.0,0.0,2.8919269906579976,0.0,0.0,17.0,0.0,0.0,0.0,0.0,0.0,1.0,0.0,0.0,1.0,1912.0,0.0,0.0,28.0,0.0,0.0,0.0,0.0,0.0,0.0,0.0,0.0,0.0,53.0,0.9875602102318787,4.0,0.0,28.0,279.0,16.0,1.0,1280.0,800.0,3.0,0.0,0
44.0,1.0,0.0,0.0,0.0,1.0,0.0,12.0,0.0,0.0,3.055339475808952,0.0,1.0,32.0,0.0,0.0,0.0,0.0,0.0,1.0,0.0,0.0,1.0,2400.0,0.0,2.0,8.0,0.0,0.0,0.0,0.0,3.0,0.0,0.0,0.0,0.0,97.0,0.9863018888050274,2.0,1.0,8.0,122.0,14.0,1.0,1280.0,800.0,20.0,0.0,0
45.0,1.0,0.0,0.0,0.0,1.0,0.0,15.0,0.0,0.0,2.1250600683922802,0.0,0.0,22.0,0.0,0.0,0.0,0.0,0.0,1.0,0.0,0.0,1.0,2002.0,1.0,0.0,13.0,0.0,0.0,0.0,0.0,3.0,0.0,0.0,0.0,0.0,28.0,0.9429363783556725,14.0,9.0,13.0,49.0,11.0,1.0,1920.0,1080.0,26.0,0.0,0
38.0,1.0,0.0,0.0,0.0,1.0,0.0,17.0,0.0,0.0,2.939190233958495,0.0,0.0,13.0,20.0,0.0,1.0,1.0,0.0,1.0,0.0,0.0,1.0,2321.0,0.0,1.0,2.0,0.0,0.0,0.0,0.0,3.0,0.0,0.0,0.0,0.0,27.0,0.9456981629090639,9.0,0.0,2.0,364.0,9.0,1.0,1280.0,800.0,26.0,0.0,0
47.0,0.0,1.0,0.0,0.0,2.0,0.0,12.0,0.0,0.0,3.2955927440608788,0.0,0.0,15.0,0.0,0.0,0.0,0.0,0.0,0.0,0.0,0.0,0.0,1213.0,2.0,2.0,15.0,0.0,0.0,0.0,0.0,2.0,0.0,0.0,0.0,0.0,79.0,0.228840113769867,13.0,8.0,15.0,151.0,3.0,1.0,1280.0,800.0,30.0,0.0,0
23.0,1.0,0.0,0.0,0.0,1.0,0.0,21.0,1.0,0.047619047619047616,2.3338977632808366,0.0,1.0,20.0,0.0,0.0,1.0,1.0,0.0,1.0,0.0,0.0,1.0,2373.0,0.0,0.0,21.0,0.0,0.0,0.0,0.0,1.0,0.0,0.0,0.0,0.0,61.0,0.9776584342802721,14.0,4.0,21.0,363.0,3.0,1.0,1920.0,1080.0,5.0,0.0,0
28.0,1.0,0.0,0.0,0.0,1.0,0.0,15.0,0.0,0.0,2.324811713652457,0.0,0.0,17.0,0.0,0.0,0.0,0.0,0.0,1.0,0.0,0.0,1.0,175.0,1.0,2.0,23.0,0.0,0.0,0.0,0.0,2.0,0.0,1.0,0.0,0.0,76.0,0.9643255864719477,8.0,6.0,23.0,80.0,4.0,1.0,1280.0,800.0,36.0,0.0,0
21.0,1.0,2.0,0.0,0.0,3.0,0.0,11.0,0.0,0.0,2.7917102133077107,0.0,0.0,32.0,0.0,0.0,0.0,0.0,0.0,1.0,0.0,0.0,1.0,417.0,0.0,1.0,16.0,0.0,0.0,0.0,0.0,2.0,0.0,0.0,0.0,0.0,29.0,0.9552695702288554,5.0,4.0,16.0,475.0,13.0,1.0,1920.0,1080.0,17.0,0.0,0
46.0,1.0,1.0,0.0,0.0,2.0,0.0,15.0,0.0,0.0,2.244317508205956,0.0,0.0,30.0,5.0,0.0,0.0,0.0,0.0,1.0,0.0,0.0,1.0,973.0,0.0,0.0,26.0,0.0,0.0,0.0,0.0,3.0,1.0,0.0,0.0,0.0,94.0,0.9919742618404942,12.0,0.0,26.0,143.0,3.0,1.0,1920.0,1080.0,21.0,0.0,0
23.0,1.0,0.0,0.0,0.0,1.0,0.0,19.0,0.0,0.0,2.6649985255348345,0.0,0.0,15.0,0.0,0.0,1.0,1.0,0.0,1.0,0.0,0.0,1.0,2457.0,0.0,0.0,19.0,0.0,0.0,0.0,0.0,0.0,0.0,0.0,0.0,0.0,94.0,0.9795611293552228,8.0,4.0,19.0,68.0,6.0,1.0,1920.0,1080.0,23.0,0.0,0
30.0,1.0,1.0,0.0,0.0,2.0,0.0,9.0,1.0,0.1111111111111111,2.4537741732713836,0.0,1.0,16.0,20.0,0.0,0.0,0.0,0.0,1.0,0.0,0.0,1.0,904.0,0.0,0.0,29.0,0.0,0.0,0.0,0.0,0.0,0.0,0.0,0.0,0.0,116.0,0.947670084535362,14.0,7.0,29.0,18.0,1.0,1.0,1920.0,1080.0,22.0,0.0,0
47.0,1.0,0.0,0.0,0.0,1.0,0.0,9.0,0.0,0.0,3.286219479137821,0.0,0.0,33.0,0.0,0.0,0.0,0.0,0.0,1.0,0.0,0.0,1.0,1655.0,0.0,0.0,5.0,0.0,0.0,0.0,0.0,2.0,0.0,0.0,0.0,0.0,62.0,0.9233972279054113,7.0,0.0,5.0,287.0,11.0,1.0,1920.0,1080.0,14.0,0.0,0
43.0,1.0,1.0,0.0,0.0,2.0,0.0,14.0,0.0,0.0,3.3039598817425073,0.0,0.0,18.0,0.0,0.0,0.0,0.0,0.0,1.0,0.0,0.0,1.0,2008.0,1.0,1.0,9.0,0.0,0.0,0.0,0.0,1.0,0.0,0.0,0.0,0.0,47.0,0.9717476878613361,4.0,3.0,9.0,392.0,3.0,1.0,1280.0,800.0,41.0,0.0,0
50.0,1.0,0.0,0.0,0.0,1.0,0.0,8.0,0.0,0.0,3.369388496847048,0.0,0.0,28.0,0.0,0.0,0.0,0.0,0.0,1.0,0.0,0.0,1.0,613.0,2.0,0.0,23.0,0.0,0.0,0.0,0.0,3.0,0.0,0.0,0.0,0.0,48.0,0.9581985196599174,5.0,0.0,23.0,336.0,4.0,1.0,1280.0,800.0,26.0,0.0,0
26.0,1.0,0.0,0.0,0.0,1.0,0.0,20.0,0.0,0.0,2.7700199578140197,0.0,0.0,10.0,0.0,0.0,0.0,0.0,0.0,1.0,0.0,0.0,1.0,261.0,0.0,0.0,13.0,0.0,0.0,0.0,0.0,2.0,0.0,0.0,0.0,0.0,80.0,0.9990088457165847,3.0,2.0,13.0,256.0,5.0,1.0,1920.0,1080.0,40.0,0.0,0
31.0,1.0,1.0,0.0,1.0,2.0,0.0,12.0,0.0,0.0,2.4670496848539,0.0,0.0,9.0,5.0,0.0,0.0,0.0,0.0,1.0,0.0,0.0,1.0,1464.0,1.0,1.0,21.0,0.0,0.0,0.0,0.0,1.0,0.0,0.0,0.0,0.0,66.0,0.9869020281158253,7.0,5.0,21.0,187.0,7.0,1.0,1280.0,800.0,5.0,0.0,0
54.0,1.0,1.0,0.0,0.0,2.0,0.0,14.0,1.0,0.07142857142857142,2.651983471763401,0.0,0.0,26.0,0.0,0.0,0.0,0.0,0.0,1.0,0.0,0.0,1.0,1763.0,2.0,0.0,17.0,0.0,0.0,0.0,0.0,3.0,0.0,0.0,0.0,0.0,106.0,0.9943866689382759,9.0,2.0,17.0,410.0,15.0,1.0,1920.0,1080.0,24.0,0.0,0
45.0,1.0,0.0,0.0,0.0,1.0,0.0,13.0,1.0,0.07692307692307693,2.977199316387287,0.0,0.0,30.0,0.0,0.0,0.0,0.0,0.0,1.0,0.0,0.0,1.0,271.0,2.0,0.0,24.0,0.0,0.0,0.0,0.0,2.0,1.0,0.0,0.0,0.0,27.0,0.9501230003782832,10.0,7.0,24.0,392.0,9.0,1.0,1920.0,1080.0,9.0,0.0,0
54.0,1.0,0.0,0.0,0.0,1.0,0.0,8.0,0.0,0.0,2.340010327358889,0.0,0.0,11.0,0.0,0.0,0.0,0.0,0.0,1.0,0.0,0.0,1.0,2014.0,1.0,0.0,6.0,0.0,0.0,0.0,0.0,3.0,0.0,0.0,0.0,0.0,101.0,0.9499629353841298,6.0,0.0,6.0,123.0,19.0,1.0,1920.0,1080.0,27.0,0.0,0
31.0,1.0,0.0,0.0,0.0,1.0,0.0,16.0,0.0,0.0,2.977468693128656,0.0,0.0,14.0,0.0,0.0,0.0,0.0,0.0,1.0,0.0,0.0,1.0,481.0,2.0,0.0,17.0,0.0,0.0,0.0,0.0,0.0,0.0,0.0,0.0,0.0,70.0,0.9278754905379967,1.0,0.0,17.0,369.0,19.0,1.0,1920.0,1080.0,28.0,0.0,0
52.0,1.0,1.0,0.0,2.0,2.0,0.0,8.0,0.0,0.0,2.4308592188305367,0.0,0.0,28.0,0.0,0.0,0.0,0.0,0.0,1.0,0.0,0.0,1.0,2464.0,1.0,0.0,11.0,0.0,0.0,0.0,0.0,3.0,0.0,0.0,0.0,0.0,18.0,0.9719878189427543,6.0,5.0,11.0,81.0,6.0,1.0,1920.0,1080.0,28.0,0.0,0
44.0,1.0,1.0,0.0,0.0,2.0,0.0,13.0,0.0,0.0,3.1745898963180146,0.0,0.0,25.0,0.0,0.0,1.0,1.0,0.0,1.0,0.0,0.0,1.0,1633.0,2.0,0.0,22.0,0.0,0.0,0.0,0.0,3.0,0.0,1.0,0.0,0.0,51.0,0.9856120219973692,3.0,2.0,22.0,491.0,6.0,1.0,1920.0,1080.0,18.0,0.0,0
54.0,1.0,1.0,0.0,1.0,2.0,0.0,10.0,0.0,0.0,2.740716886157122,0.0,0.0,31.0,0.0,0.0,0.0,0.0,0.0,1.0,0.0,0.0,1.0,704.0,0.0,0.0,17.0,0.0,0.0,0.0,0.0,3.0,0.0,0.0,0.0,0.0,103.0,0.992540445541974,10.0,7.0,17.0,420.0,17.0,1.0,1920.0,1080.0,9.0,0.0,0
22.0,1.0,0.0,0.0,0.0,1.0,0.0,13.0,0.0,0.0,2.595892864967526,0.0,0.0,2.0,0.0,0.0,0.0,0.0,0.0,1.0,0.0,0.0,1.0,342.0,1.0,0.0,13.0,0.0,0.0,0.0,0.0,2.0,0.0,0.0,0.0,0.0,62.0,0.933509366368235,9.0,8.0,13.0,428.0,6.0,1.0,1920.0,1080.0,11.0,0.0,0
45.0,1.0,0.0,0.0,0.0,1.0,0.0,20.0,0.0,0.0,2.7824569507624206,0.0,0.0,2.0,0.0,0.0,0.0,0.0,0.0,1.0,0.0,0.0,1.0,1305.0,1.0,0.0,24.0,0.0,0.0,0.0,0.0,0.0,0.0,0.0,0.0,0.0,68.0,0.9762608977947028,11.0,2.0,24.0,420.0,11.0,1.0,1920.0,1080.0,28.0,0.0,0
49.0,1.0,0.0,0.0,0.0,1.0,0.0,9.0,0.0,0.0,2.495454318652524,0.0,0.0,16.0,0.0,0.0,0.0,0.0,0.0,1.0,0.0,0.0,1.0,243.0,1.0,0.0,27.0,0.0,0.0,0.0,0.0,3.0,0.0,0.0,0.0,0.0,20.0,0.9647374699993443,8.0,6.0,27.0,297.0,17.0,1.0,1280.0,800.0,17.0,0.0,0
28.0,1.0,0.0,0.0,0.0,1.0,0.0,9.0,0.0,0.0,2.2521345377676476,0.0,0.0,28.0,0.0,0.0,1.0,1.0,0.0,1.0,0.0,0.0,1.0,339.0,1.0,0.0,15.0,0.0,0.0,0.0,0.0,0.0,0.0,0.0,0.0,0.0,88.0,0.9509770188751432,6.0,5.0,15.0,67.0,12.0,1.0,1280.0,800.0,35.0,0.0,0
50.0,1.0,0.0,0.0,0.0,1.0,0.0,11.0,0.0,0.0,2.5645538809194233,0.0,0.0,5.0,5.0,0.0,1.0,1.0,0.0,1.0,0.0,0.0,1.0,557.0,2.0,1.0,25.0,0.0,0.0,0.0,0.0,0.0,0.0,0.0,0.0,0.0,75.0,0.9751663915217875,2.0,1.0,25.0,453.0,9.0,1.0,1920.0,1080.0,40.0,0.0,0
42.0,1.0,1.0,0.0,0.0,2.0,0.0,7.0,0.0,0.0,2.8286037410972673,0.0,0.0,31.0,5.0,0.0,1.0,1.0,0.0,1.0,0.0,0.0,0.0,329.0,2.0,1.0,7.0,0.0,0.0,0.0,0.0,2.0,0.0,1.0,0.0,0.0,54.0,0.9265257992627522,4.0,0.0,7.0,463.0,0.0,1.0,1920.0,1080.0,23.0,0.0,0
47.0,1.0,0.0,0.0,0.0,1.0,0.0,8.0,0.0,0.0,2.885088985931859,0.0,0.0,31.0,5.0,0.0,0.0,0.0,0.0,1.0,0.0,0.0,1.0,1561.0,0.0,0.0,17.0,0.0,0.0,0.0,0.0,0.0,0.0,1.0,0.0,0.0,87.0,0.9562761747691003,10.0,4.0,17.0,345.0,19.0,1.0,1920.0,1080.0,23.0,0.0,0
37.0,1.0,2.0,0.0,0.0,3.0,0.0,10.0,0.0,0.0,2.9982086157171635,0.0,0.0,30.0,0.0,0.0,0.0,0.0,0.0,1.0,0.0,0.0,1.0,354.0,2.0,1.0,2.0,0.0,0.0,0.0,0.0,1.0,0.0,0.0,0.0,0.0,17.0,0.9274501994494299,4.0,3.0,2.0,427.0,19.0,1.0,1920.0,1080.0,9.0,0.0,0
54.0,1.0,1.0,0.0,0.0,2.0,0.0,12.0,0.0,0.0,2.203870952343646,0.0,0.0,14.0,0.0,0.0,0.0,0.0,0.0,1.0,0.0,0.0,0.0,1717.0,0.0,0.0,4.0,0.0,0.0,0.0,0.0,1.0,1.0,0.0,0.0,0.0,48.0,0.9557478333105691,10.0,6.0,4.0,22.0,12.0,1.0,1280.0,800.0,42.0,0.0,0
27.0,1.0,1.0,0.0,0.0,2.0,0.0,13.0,0.0,0.0,2.6056682470021375,0.0,0.0,27.0,5.0,0.0,0.0,0.0,0.0,1.0,0.0,0.0,1.0,2454.0,0.0,0.0,22.0,0.0,0.0,0.0,0.0,1.0,0.0,0.0,0.0,0.0,61.0,0.9752638160792719,13.0,9.0,22.0,493.0,13.0,1.0,1280.0,800.0,44.0,0.0,0
29.0,1.0,1.0,0.0,2.0,2.0,0.0,18.0,0.0,0.0,3.24030281616297,0.0,0.0,27.0,5.0,0.0,0.0,0.0,0.0,1.0,0.0,0.0,1.0,1122.0,0.0,1.0,13.0,0.0,0.0,0.0,0.0,2.0,1.0,0.0,0.0,0.0,27.0,0.9530557456124014,6.0,0.0,13.0,396.0,0.0,1.0,1920.0,1080.0,40.0,0.0,0
29.0,1.0,1.0,0.0,0.0,2.0,0.0,8.0,0.0,0.0,3.220563700823465,0.0,0.0,4.0,5.0,0.0,0.0,0.0,0.0,1.0,0.0,0.0,1.0,575.0,0.0,0.0,11.0,0.0,0.0,0.0,0.0,1.0,0.0,0.0,0.0,0.0,113.0,0.9785927731727468,6.0,4.0,11.0,305.0,4.0,1.0,1920.0,1080.0,31.0,0.0,0
52.0,1.0,0.0,0.0,0.0,1.0,0.0,12.0,0.0,0.0,2.731890762241032,0.0,0.0,31.0,0.0,0.0,0.0,0.0,0.0,1.0,0.0,0.0,1.0,651.0,0.0,0.0,10.0,0.0,0.0,0.0,0.0,1.0,0.0,0.0,0.0,0.0,119.0,0.949830668911945,1.0,0.0,10.0,254.0,14.0,1.0,1920.0,1080.0,38.0,0.0,0
26.0,1.0,1.0,0.0,0.0,2.0,0.0,16.0,0.0,0.0,2.2447755781939174,0.0,0.0,13.0,5.0,0.0,1.0,1.0,0.0,1.0,0.0,0.0,1.0,366.0,1.0,0.0,27.0,1.0,1.0,0.0,0.0,3.0,2.0,0.0,0.0,1.0,65.0,0.9707157635001205,14.0,0.0,27.0,196.0,4.0,1.0,1920.0,1080.0,27.0,0.0,0
28.0,1.0,1.0,0.0,0.0,2.0,0.0,15.0,0.0,0.0,2.3916012142346177,0.0,0.0,33.0,20.0,0.0,0.0,0.0,0.0,1.0,0.0,0.0,1.0,987.0,2.0,0.0,2.0,0.0,0.0,0.0,0.0,1.0,0.0,0.0,0.0,0.0,27.0,0.9471083841590359,14.0,0.0,2.0,344.0,18.0,1.0,1920.0,1080.0,25.0,0.0,0
39.0,1.0,1.0,0.0,0.0,2.0,0.0,13.0,0.0,0.0,2.986438390543159,0.0,0.0,7.0,0.0,0.0,0.0,0.0,0.0,1.0,0.0,0.0,0.0,1690.0,1.0,1.0,27.0,0.0,0.0,0.0,0.0,2.0,0.0,0.0,0.0,0.0,90.0,0.9758355629324008,10.0,9.0,27.0,15.0,7.0,1.0,1280.0,800.0,34.0,0.0,0
45.0,1.0,0.0,0.0,0.0,1.0,0.0,16.0,0.0,0.0,3.2113477744639423,0.0,0.0,1.0,0.0,0.0,0.0,0.0,0.0,1.0,0.0,0.0,1.0,351.0,2.0,0.0,3.0,0.0,0.0,0.0,0.0,2.0,1.0,0.0,0.0,0.0,62.0,0.9247295578267416,14.0,1.0,3.0,36.0,11.0,1.0,1920.0,1080.0,9.0,0.0,0
28.0,1.0,1.0,0.0,0.0,2.0,0.0,19.0,0.0,0.0,2.2936121357661428,0.0,0.0,15.0,5.0,0.0,0.0,0.0,0.0,1.0,0.0,0.0,1.0,1779.0,0.0,0.0,13.0,0.0,0.0,0.0,0.0,3.0,0.0,0.0,0.0,0.0,21.0,0.9433033842181203,3.0,0.0,13.0,156.0,10.0,1.0,1920.0,1080.0,23.0,0.0,0
38.0,1.0,0.0,0.0,0.0,1.0,0.0,13.0,0.0,0.0,2.1827976170521683,0.0,0.0,31.0,0.0,0.0,0.0,0.0,0.0,1.0,0.0,0.0,1.0,566.0,1.0,0.0,11.0,0.0,0.0,0.0,0.0,1.0,0.0,0.0,0.0,0.0,67.0,0.9443710817810455,1.0,0.0,11.0,214.0,15.0,1.0,1920.0,1080.0,12.0,0.0,0
25.0,1.0,0.0,0.0,0.0,1.0,0.0,19.0,0.0,0.0,3.1735137905851403,0.0,0.0,10.0,0.0,0.0,0.0,0.0,0.0,1.0,0.0,0.0,1.0,487.0,1.0,0.0,19.0,0.0,0.0,0.0,0.0,3.0,0.0,0.0,0.0,0.0,26.0,0.9529795289408004,13.0,9.0,19.0,279.0,8.0,1.0,1920.0,1080.0,44.0,0.0,0
21.0,1.0,0.0,0.0,0.0,1.0,0.0,13.0,0.0,0.0,2.206619999689307,0.0,0.0,8.0,0.0,0.0,0.0,0.0,0.0,1.0,0.0,0.0,1.0,2374.0,1.0,0.0,2.0,0.0,0.0,0.0,0.0,1.0,1.0,0.0,0.0,0.0,108.0,0.9882001414991805,8.0,4.0,2.0,316.0,14.0,1.0,1920.0,1080.0,8.0,0.0,0
19.0,1.0,0.0,0.0,0.0,1.0,0.0,17.0,0.0,0.0,3.195257982414753,0.0,0.0,6.0,0.0,0.0,0.0,0.0,0.0,1.0,0.0,0.0,1.0,2015.0,1.0,0.0,11.0,0.0,0.0,0.0,0.0,2.0,0.0,0.0,0.0,0.0,28.0,0.9656273818582524,7.0,5.0,11.0,30.0,11.0,1.0,1280.0,800.0,17.0,0.0,0
34.0,1.0,1.0,0.0,0.0,2.0,0.0,9.0,0.0,0.0,2.2215100616743553,0.0,0.0,8.0,5.0,0.0,0.0,0.0,0.0,1.0,0.0,0.0,1.0,399.0,1.0,1.0,18.0,0.0,0.0,0.0,0.0,2.0,1.0,0.0,0.0,0.0,51.0,0.9435942810171105,11.0,8.0,18.0,381.0,1.0,1.0,1920.0,1080.0,8.0,0.0,0
49.0,1.0,1.0,0.0,0.0,2.0,0.0,16.0,0.0,0.0,2.1078967647201483,0.0,0.0,4.0,0.0,0.0,0.0,0.0,0.0,1.0,0.0,0.0,1.0,1291.0,0.0,0.0,11.0,0.0,0.0,0.0,0.0,2.0,0.0,0.0,0.0,0.0,43.0,0.98981105248102,5.0,4.0,11.0,180.0,6.0,1.0,1920.0,1080.0,23.0,0.0,0
40.0,1.0,1.0,0.0,0.0,2.0,0.0,9.0,0.0,0.0,3.109136296024598,0.0,0.0,27.0,0.0,0.0,1.0,1.0,0.0,1.0,0.0,0.0,1.0,980.0,2.0,1.0,6.0,1.0,1.0,0.0,0.0,1.0,1.0,0.0,0.0,1.0,99.0,0.9560294940974974,8.0,4.0,6.0,423.0,12.0,1.0,1920.0,1080.0,9.0,0.0,0
44.0,1.0,2.0,0.0,1.0,3.0,0.0,19.0,0.0,0.0,3.3452833593618023,0.0,0.0,4.0,0.0,0.0,0.0,0.0,0.0,1.0,0.0,0.0,1.0,1274.0,0.0,2.0,16.0,0.0,0.0,0.0,0.0,1.0,0.0,0.0,0.0,0.0,66.0,0.9847348549803295,2.0,1.0,16.0,289.0,3.0,1.0,1920.0,1080.0,43.0,0.0,0
45.0,1.0,0.0,0.0,0.0,1.0,0.0,19.0,0.0,0.0,2.2346639086393463,0.0,0.0,11.0,0.0,0.0,0.0,0.0,0.0,1.0,0.0,0.0,1.0,1658.0,2.0,1.0,2.0,0.0,0.0,0.0,0.0,3.0,0.0,1.0,0.0,0.0,37.0,0.9702481095452321,4.0,3.0,2.0,253.0,16.0,1.0,1920.0,1080.0,36.0,0.0,0
50.0,1.0,0.0,0.0,1.0,1.0,0.0,17.0,0.0,0.0,2.6908303147333354,0.0,0.0,19.0,0.0,0.0,1.0,1.0,0.0,1.0,0.0,0.0,1.0,1387.0,0.0,0.0,18.0,0.0,0.0,0.0,0.0,1.0,0.0,0.0,0.0,0.0,103.0,0.9398643722214468,5.0,4.0,18.0,356.0,8.0,1.0,1920.0,1080.0,20.0,0.0,0
52.0,1.0,1.0,0.0,1.0,2.0,0.0,21.0,0.0,0.0,2.653870924280844,0.0,0.0,18.0,0.0,0.0,0.0,0.0,0.0,1.0,0.0,0.0,1.0,1675.0,0.0,0.0,29.0,0.0,0.0,0.0,0.0,0.0,1.0,0.0,0.0,0.0,21.0,0.9362109692415046,5.0,4.0,29.0,106.0,0.0,1.0,1920.0,1080.0,38.0,0.0,0
54.0,1.0,0.0,0.0,0.0,1.0,0.0,9.0,1.0,0.1111111111111111,2.5354794674703385,0.0,0.0,34.0,5.0,0.0,0.0,0.0,0.0,1.0,0.0,0.0,1.0,2140.0,1.0,1.0,26.0,0.0,0.0,0.0,0.0,2.0,0.0,0.0,0.0,0.0,43.0,0.9607571624166099,1.0,0.0,26.0,465.0,10.0,1.0,1920.0,1080.0,20.0,0.0,0
50.0,1.0,1.0,0.0,0.0,2.0,0.0,12.0,0.0,0.0,2.8956774781440657,0.0,0.0,33.0,0.0,0.0,0.0,0.0,0.0,1.0,0.0,0.0,1.0,1545.0,0.0,1.0,21.0,0.0,0.0,0.0,0.0,1.0,0.0,0.0,0.0,0.0,22.0,0.9593403404020682,8.0,6.0,21.0,353.0,19.0,1.0,1920.0,1080.0,40.0,0.0,0
50.0,1.0,1.0,0.0,0.0,2.0,0.0,9.0,0.0,0.0,2.253109993928339,0.0,1.0,14.0,0.0,0.0,0.0,0.0,0.0,1.0,0.0,0.0,1.0,2054.0,0.0,0.0,26.0,0.0,0.0,0.0,0.0,1.0,1.0,0.0,0.0,0.0,29.0,0.9849225232424913,8.0,7.0,26.0,236.0,19.0,1.0,1920.0,1080.0,25.0,0.0,0
43.0,1.0,1.0,0.0,0.0,2.0,0.0,18.0,0.0,0.0,2.2928716543271,0.0,0.0,26.0,0.0,0.0,1.0,1.0,0.0,1.0,0.0,0.0,1.0,1489.0,0.0,0.0,19.0,0.0,0.0,0.0,0.0,1.0,1.0,0.0,0.0,0.0,69.0,0.947134048496594,8.0,6.0,19.0,142.0,13.0,1.0,1920.0,1080.0,35.0,0.0,0
21.0,1.0,0.0,0.0,0.0,1.0,0.0,13.0,0.0,0.0,2.335948076951387,0.0,0.0,23.0,0.0,0.0,1.0,1.0,0.0,1.0,0.0,0.0,1.0,2010.0,0.0,0.0,11.0,0.0,0.0,0.0,0.0,3.0,0.0,0.0,0.0,0.0,34.0,0.937411108156795,7.0,3.0,11.0,285.0,8.0,1.0,1920.0,1080.0,6.0,0.0,0
44.0,1.0,1.0,0.0,0.0,2.0,0.0,17.0,0.0,0.0,2.8314005938063582,0.0,0.0,10.0,0.0,0.0,1.0,1.0,0.0,1.0,0.0,0.0,1.0,1224.0,1.0,0.0,3.0,0.0,0.0,0.0,0.0,3.0,0.0,0.0,0.0,0.0,26.0,0.9917923773255544,10.0,4.0,3.0,481.0,9.0,1.0,1920.0,1080.0,43.0,0.0,0
31.0,1.0,0.0,0.0,0.0,1.0,0.0,10.0,0.0,0.0,2.4396963475140816,0.0,0.0,23.0,0.0,0.0,0.0,0.0,0.0,1.0,0.0,0.0,0.0,746.0,2.0,0.0,15.0,0.0,0.0,0.0,0.0,1.0,0.0,0.0,0.0,0.0,98.0,0.9610857077512283,9.0,8.0,15.0,62.0,10.0,1.0,1920.0,1080.0,44.0,0.0,0
36.0,1.0,1.0,0.0,0.0,2.0,0.0,21.0,0.0,0.0,2.408184394106387,0.0,0.0,27.0,0.0,0.0,1.0,1.0,0.0,1.0,0.0,0.0,1.0,343.0,0.0,1.0,9.0,0.0,0.0,0.0,0.0,0.0,1.0,0.0,0.0,0.0,38.0,0.9977976888111542,6.0,5.0,9.0,183.0,10.0,1.0,1920.0,1080.0,21.0,0.0,0
46.0,1.0,1.0,0.0,0.0,2.0,0.0,12.0,1.0,0.08333333333333333,2.4907712730898006,0.0,0.0,20.0,0.0,0.0,0.0,0.0,0.0,1.0,0.0,0.0,1.0,1476.0,1.0,0.0,28.0,0.0,0.0,0.0,0.0,0.0,0.0,0.0,0.0,0.0,67.0,0.9349722235769902,9.0,7.0,28.0,336.0,11.0,1.0,1920.0,1080.0,7.0,0.0,0
30.0,1.0,0.0,0.0,0.0,1.0,0.0,8.0,0.0,0.0,2.8093094716232514,0.0,0.0,24.0,0.0,0.0,0.0,0.0,0.0,1.0,0.0,0.0,1.0,528.0,3.0,0.0,29.0,0.0,0.0,0.0,0.0,2.0,0.0,0.0,0.0,0.0,48.0,0.947806458464068,7.0,6.0,29.0,482.0,12.0,1.0,1920.0,1080.0,26.0,0.0,0
39.0,1.0,1.0,0.0,0.0,2.0,0.0,16.0,0.0,0.0,2.9697021656001095,0.0,0.0,18.0,20.0,0.0,1.0,1.0,0.0,1.0,0.0,0.0,1.0,1810.0,1.0,1.0,21.0,0.0,0.0,0.0,0.0,1.0,0.0,0.0,0.0,0.0,32.0,0.9899238150037263,12.0,7.0,21.0,117.0,5.0,1.0,1280.0,800.0,35.0,0.0,0
44.0,1.0,1.0,0.0,0.0,2.0,0.0,12.0,0.0,0.0,3.389511205584045,0.0,0.0,13.0,0.0,0.0,0.0,0.0,0.0,1.0,0.0,0.0,1.0,194.0,2.0,1.0,17.0,0.0,0.0,0.0,0.0,2.0,1.0,0.0,0.0,0.0,92.0,0.9653942511524618,7.0,4.0,17.0,173.0,15.0,1.0,1280.0,800.0,23.0,0.0,0
49.0,1.0,1.0,0.0,2.0,2.0,0.0,7.0,0.0,0.0,2.3026161556178195,0.0,0.0,27.0,0.0,0.0,0.0,0.0,0.0,1.0,0.0,0.0,1.0,2454.0,0.0,1.0,29.0,0.0,0.0,0.0,0.0,1.0,0.0,0.0,0.0,0.0,100.0,0.9759068770339658,7.0,6.0,29.0,172.0,3.0,1.0,1920.0,1080.0,20.0,0.0,0
50.0,1.0,0.0,0.0,0.0,1.0,0.0,11.0,0.0,0.0,2.9080618277479124,0.0,0.0,22.0,0.0,0.0,0.0,0.0,0.0,1.0,0.0,0.0,1.0,1169.0,1.0,0.0,17.0,0.0,0.0,0.0,0.0,0.0,1.0,0.0,0.0,0.0,98.0,0.9850417870678702,1.0,0.0,17.0,319.0,12.0,1.0,1920.0,1080.0,17.0,0.0,0
45.0,1.0,0.0,0.0,0.0,1.0,0.0,19.0,0.0,0.0,2.4488109855940587,0.0,0.0,1.0,5.0,0.0,0.0,0.0,0.0,1.0,0.0,0.0,1.0,815.0,3.0,2.0,6.0,0.0,0.0,0.0,0.0,2.0,1.0,0.0,0.0,0.0,99.0,0.940940620579717,8.0,7.0,6.0,364.0,5.0,1.0,1920.0,1080.0,6.0,0.0,0
33.0,1.0,0.0,0.0,0.0,1.0,0.0,12.0,0.0,0.0,3.1655777023840406,0.0,0.0,25.0,0.0,0.0,0.0,0.0,0.0,1.0,0.0,0.0,1.0,2074.0,3.0,0.0,21.0,0.0,0.0,0.0,0.0,1.0,0.0,0.0,0.0,0.0,114.0,0.9367703849039004,11.0,1.0,21.0,195.0,17.0,1.0,1920.0,1080.0,38.0,0.0,0
51.0,0.0,1.0,0.0,0.0,2.0,0.0,8.0,0.0,0.0,2.527284651195682,0.0,0.0,21.0,0.0,0.0,1.0,1.0,0.0,0.0,0.0,0.0,0.0,627.0,0.0,1.0,28.0,0.0,0.0,0.0,0.0,3.0,0.0,0.0,0.0,0.0,95.0,0.22367441600631108,13.0,4.0,28.0,407.0,9.0,1.0,1920.0,1080.0,22.0,0.0,0
39.0,1.0,1.0,0.0,0.0,2.0,0.0,11.0,0.0,0.0,2.5070299285942577,0.0,0.0,25.0,0.0,0.0,1.0,1.0,0.0,1.0,0.0,0.0,1.0,786.0,0.0,0.0,12.0,0.0,0.0,0.0,0.0,3.0,1.0,0.0,0.0,0.0,60.0,0.9571250593519054,4.0,1.0,12.0,143.0,18.0,1.0,1280.0,800.0,26.0,0.0,0
40.0,1.0,1.0,0.0,1.0,2.0,0.0,10.0,0.0,0.0,3.148491209677142,0.0,0.0,14.0,0.0,0.0,0.0,0.0,0.0,1.0,0.0,0.0,1.0,472.0,0.0,1.0,20.0,0.0,0.0,0.0,0.0,1.0,0.0,0.0,0.0,0.0,80.0,0.9294128704833712,5.0,4.0,20.0,446.0,9.0,1.0,1920.0,1080.0,8.0,0.0,0
27.0,1.0,0.0,0.0,0.0,1.0,0.0,8.0,0.0,0.0,2.777528524763249,0.0,0.0,30.0,5.0,0.0,1.0,1.0,0.0,1.0,0.0,0.0,0.0,2445.0,2.0,0.0,23.0,1.0,1.0,0.0,0.0,3.0,1.0,0.0,0.0,1.0,25.0,0.9261971613713483,6.0,5.0,23.0,213.0,0.0,1.0,1280.0,800.0,6.0,0.0,0
18.0,1.0,1.0,0.0,0.0,2.0,0.0,16.0,0.0,0.0,2.610756713375117,0.0,0.0,29.0,0.0,0.0,1.0,1.0,0.0,1.0,0.0,0.0,1.0,106.0,1.0,0.0,9.0,0.0,0.0,0.0,0.0,3.0,0.0,0.0,0.0,0.0,88.0,0.922113252296404,1.0,0.0,9.0,219.0,17.0,1.0,1920.0,1080.0,39.0,0.0,0
48.0,1.0,1.0,0.0,0.0,2.0,0.0,7.0,0.0,0.0,2.618871681479108,0.0,0.0,22.0,0.0,0.0,0.0,0.0,0.0,1.0,0.0,0.0,1.0,1894.0,1.0,0.0,29.0,0.0,0.0,0.0,0.0,3.0,0.0,1.0,0.0,0.0,43.0,0.9836001752790126,5.0,2.0,29.0,367.0,18.0,1.0,1920.0,1080.0,36.0,0.0,0
45.0,1.0,1.0,0.0,0.0,2.0,0.0,13.0,0.0,0.0,2.651195713010246,0.0,0.0,14.0,0.0,0.0,0.0,0.0,0.0,1.0,0.0,0.0,1.0,212.0,2.0,0.0,12.0,0.0,0.0,1.0,0.0,1.0,1.0,0.0,0.0,1.0,108.0,0.9318728430753372,10.0,1.0,12.0,48.0,11.0,1.0,1920.0,1080.0,27.0,0.0,0
42.0,1.0,0.0,0.0,1.0,1.0,0.0,12.0,0.0,0.0,2.194649441325824,0.0,0.0,1.0,0.0,0.0,0.0,0.0,0.0,1.0,0.0,0.0,1.0,1032.0,2.0,0.0,4.0,0.0,0.0,0.0,0.0,3.0,0.0,0.0,0.0,0.0,103.0,0.9251832192628363,1.0,0.0,4.0,412.0,17.0,1.0,1920.0,1080.0,41.0,0.0,0
21.0,1.0,0.0,0.0,2.0,1.0,0.0,18.0,0.0,0.0,2.648447868205101,0.0,0.0,3.0,0.0,0.0,0.0,0.0,0.0,1.0,0.0,0.0,1.0,1250.0,1.0,0.0,10.0,0.0,0.0,0.0,0.0,0.0,0.0,0.0,0.0,0.0,43.0,0.9735417118595546,2.0,1.0,10.0,482.0,4.0,1.0,1280.0,800.0,25.0,0.0,0
34.0,1.0,0.0,0.0,0.0,1.0,0.0,11.0,0.0,0.0,2.934050643657777,0.0,0.0,32.0,0.0,0.0,0.0,0.0,0.0,1.0,0.0,0.0,1.0,722.0,1.0,0.0,27.0,0.0,0.0,0.0,0.0,3.0,0.0,0.0,0.0,0.0,21.0,0.9965346977316352,6.0,5.0,27.0,244.0,5.0,1.0,1920.0,1080.0,2.0,0.0,0
31.0,1.0,0.0,0.0,0.0,1.0,0.0,18.0,0.0,0.0,2.72726547461592,0.0,0.0,16.0,0.0,0.0,1.0,1.0,0.0,1.0,0.0,0.0,0.0,1107.0,2.0,0.0,14.0,0.0,0.0,0.0,1.0,1.0,0.0,0.0,0.0,1.0,75.0,0.9935586584423921,1.0,0.0,14.0,182.0,4.0,1.0,1920.0,1080.0,5.0,0.0,0
35.0,1.0,1.0,0.0,0.0,2.0,0.0,20.0,0.0,0.0,3.2357567411995083,0.0,0.0,31.0,20.0,0.0,0.0,0.0,0.0,1.0,0.0,0.0,1.0,2270.0,1.0,0.0,14.0,0.0,0.0,0.0,0.0,2.0,0.0,0.0,0.0,0.0,49.0,0.9209442138894757,13.0,1.0,14.0,40.0,17.0,1.0,1280.0,800.0,4.0,0.0,0
54.0,1.0,1.0,0.0,1.0,2.0,0.0,17.0,0.0,0.0,2.7460772962036915,0.0,0.0,13.0,0.0,0.0,0.0,0.0,0.0,1.0,0.0,0.0,1.0,2464.0,1.0,0.0,9.0,0.0,0.0,0.0,0.0,0.0,0.0,0.0,0.0,0.0,19.0,0.9537513814176946,2.0,1.0,9.0,168.0,0.0,1.0,1920.0,1080.0,35.0,0.0,0
20.0,1.0,0.0,0.0,0.0,1.0,0.0,18.0,0.0,0.0,3.3307661659830092,0.0,0.0,22.0,0.0,0.0,1.0,1.0,0.0,1.0,0.0,0.0,1.0,949.0,3.0,0.0,20.0,1.0,0.0,0.0,0.0,3.0,2.0,0.0,0.0,1.0,61.0,0.9708433591503458,6.0,5.0,20.0,279.0,2.0,1.0,1920.0,1080.0,39.0,0.0,0
25.0,1.0,0.0,0.0,0.0,1.0,0.0,11.0,0.0,0.0,2.429375806984458,0.0,0.0,17.0,0.0,0.0,1.0,1.0,0.0,1.0,0.0,0.0,1.0,1625.0,1.0,0.0,24.0,0.0,0.0,0.0,0.0,0.0,0.0,0.0,0.0,0.0,25.0,0.9442144599497683,2.0,1.0,24.0,62.0,5.0,1.0,1280.0,800.0,14.0,0.0,0
20.0,1.0,1.0,0.0,0.0,2.0,0.0,21.0,0.0,0.0,2.623802950930772,0.0,1.0,19.0,0.0,0.0,0.0,0.0,0.0,1.0,0.0,0.0,1.0,2187.0,1.0,1.0,28.0,0.0,0.0,0.0,0.0,3.0,0.0,0.0,0.0,0.0,60.0,0.9468709449983801,13.0,3.0,28.0,174.0,7.0,1.0,1920.0,1080.0,9.0,0.0,0
43.0,1.0,0.0,0.0,0.0,1.0,0.0,19.0,0.0,0.0,2.140100443843896,0.0,0.0,5.0,0.0,0.0,1.0,1.0,0.0,1.0,0.0,0.0,1.0,1176.0,0.0,0.0,2.0,0.0,0.0,0.0,0.0,3.0,0.0,0.0,0.0,0.0,94.0,0.9977663422221311,11.0,3.0,2.0,151.0,18.0,1.0,1920.0,1080.0,11.0,0.0,0
46.0,1.0,0.0,0.0,1.0,1.0,0.0,21.0,0.0,0.0,2.763869385344787,0.0,0.0,13.0,0.0,0.0,0.0,0.0,0.0,1.0,0.0,0.0,1.0,2207.0,3.0,1.0,6.0,0.0,0.0,0.0,0.0,2.0,0.0,1.0,0.0,0.0,104.0,0.9558825060742739,6.0,5.0,6.0,23.0,10.0,1.0,1920.0,1080.0,32.0,0.0,0
40.0,1.0,0.0,0.0,0.0,1.0,0.0,11.0,0.0,0.0,2.2262442864023706,0.0,0.0,2.0,0.0,0.0,0.0,0.0,0.0,1.0,0.0,0.0,1.0,1531.0,0.0,0.0,25.0,0.0,0.0,0.0,0.0,2.0,0.0,0.0,0.0,0.0,69.0,0.9661837335114261,13.0,6.0,25.0,165.0,17.0,1.0,1920.0,1080.0,12.0,0.0,0
42.0,1.0,1.0,0.0,0.0,2.0,0.0,11.0,0.0,0.0,2.402662242727002,0.0,0.0,28.0,0.0,0.0,0.0,0.0,0.0,1.0,0.0,0.0,1.0,789.0,1.0,0.0,3.0,0.0,0.0,0.0,0.0,1.0,0.0,1.0,0.0,0.0,41.0,0.9261624367356857,4.0,3.0,3.0,228.0,6.0,1.0,1280.0,800.0,18.0,0.0,0
39.0,1.0,0.0,0.0,0.0,1.0,0.0,21.0,0.0,0.0,2.62738650135026,0.0,0.0,33.0,0.0,0.0,0.0,0.0,0.0,1.0,0.0,0.0,1.0,152.0,3.0,0.0,29.0,0.0,0.0,0.0,0.0,1.0,1.0,0.0,0.0,0.0,51.0,0.9844106051945094,3.0,2.0,29.0,237.0,15.0,1.0,1920.0,1080.0,4.0,0.0,0
27.0,1.0,0.0,0.0,1.0,1.0,0.0,9.0,0.0,0.0,2.3286257014169736,0.0,0.0,33.0,0.0,0.0,0.0,0.0,0.0,1.0,0.0,0.0,1.0,1664.0,2.0,0.0,17.0,1.0,1.0,0.0,0.0,2.0,2.0,0.0,0.0,1.0,100.0,0.9319266532895916,11.0,4.0,17.0,185.0,1.0,1.0,1920.0,1080.0,3.0,0.0,0
36.0,1.0,1.0,0.0,0.0,2.0,0.0,9.0,0.0,0.0,2.2626591489521517,0.0,0.0,16.0,5.0,0.0,0.0,0.0,0.0,1.0,0.0,0.0,1.0,1256.0,2.0,0.0,17.0,0.0,0.0,0.0,0.0,2.0,1.0,0.0,0.0,0.0,89.0,0.9729938731962571,4.0,2.0,17.0,307.0,10.0,1.0,1280.0,800.0,41.0,0.0,0
23.0,1.0,1.0,0.0,0.0,2.0,0.0,7.0,0.0,0.0,2.63161758203307,0.0,0.0,26.0,5.0,0.0,0.0,0.0,0.0,1.0,0.0,0.0,1.0,2189.0,0.0,0.0,5.0,0.0,0.0,0.0,0.0,0.0,0.0,0.0,0.0,0.0,24.0,0.9666189787719023,9.0,5.0,5.0,32.0,15.0,1.0,1920.0,1080.0,3.0,0.0,0
51.0,1.0,0.0,0.0,0.0,1.0,0.0,7.0,0.0,0.0,2.5953575187355784,0.0,0.0,4.0,0.0,0.0,0.0,0.0,0.0,1.0,0.0,0.0,1.0,1602.0,1.0,0.0,13.0,0.0,0.0,0.0,0.0,0.0,0.0,0.0,0.0,0.0,75.0,0.9633424766074352,4.0,1.0,13.0,306.0,6.0,1.0,1920.0,1080.0,41.0,0.0,0
19.0,1.0,0.0,0.0,1.0,1.0,0.0,14.0,0.0,0.0,2.2268667083551756,0.0,0.0,15.0,0.0,0.0,0.0,0.0,0.0,1.0,0.0,0.0,1.0,1428.0,1.0,0.0,23.0,0.0,0.0,0.0,0.0,3.0,1.0,0.0,0.0,0.0,84.0,0.999490923267162,10.0,4.0,23.0,222.0,6.0,1.0,1920.0,1080.0,23.0,0.0,0
47.0,1.0,2.0,0.0,0.0,3.0,0.0,16.0,0.0,0.0,3.3444840185773677,0.0,0.0,2.0,0.0,0.0,0.0,0.0,0.0,1.0,0.0,0.0,1.0,1223.0,2.0,0.0,9.0,0.0,0.0,0.0,0.0,0.0,0.0,0.0,0.0,0.0,72.0,0.9299505797968823,9.0,5.0,9.0,317.0,0.0,1.0,1920.0,1080.0,5.0,0.0,0
33.0,1.0,1.0,0.0,0.0,2.0,0.0,8.0,0.0,0.0,2.8424447329491027,0.0,0.0,27.0,5.0,0.0,0.0,0.0,0.0,1.0,0.0,0.0,1.0,968.0,2.0,0.0,16.0,0.0,0.0,0.0,0.0,2.0,1.0,0.0,0.0,0.0,88.0,0.9535187253442424,14.0,5.0,16.0,490.0,6.0,1.0,1920.0,1080.0,29.0,0.0,0
19.0,1.0,0.0,0.0,0.0,1.0,0.0,9.0,0.0,0.0,3.396277473769695,0.0,0.0,3.0,0.0,0.0,1.0,1.0,0.0,1.0,0.0,0.0,1.0,2200.0,0.0,0.0,3.0,0.0,0.0,0.0,0.0,3.0,0.0,0.0,0.0,0.0,59.0,0.9839095854207639,5.0,2.0,3.0,18.0,11.0,1.0,1920.0,1080.0,2.0,0.0,0
28.0,1.0,0.0,0.0,2.0,1.0,0.0,13.0,0.0,0.0,2.888456915435204,0.0,0.0,22.0,0.0,0.0,0.0,0.0,0.0,1.0,0.0,0.0,1.0,1156.0,2.0,2.0,8.0,0.0,0.0,0.0,0.0,2.0,0.0,0.0,0.0,0.0,112.0,0.9660120966831,3.0,2.0,8.0,51.0,16.0,1.0,1280.0,800.0,28.0,0.0,0
53.0,1.0,1.0,0.0,0.0,2.0,0.0,9.0,0.0,0.0,2.910922625691266,0.0,0.0,11.0,0.0,0.0,0.0,0.0,0.0,1.0,0.0,0.0,1.0,529.0,1.0,0.0,18.0,0.0,0.0,0.0,0.0,3.0,0.0,0.0,0.0,0.0,95.0,0.9523904698753168,3.0,2.0,18.0,161.0,19.0,1.0,1280.0,800.0,24.0,0.0,0
28.0,1.0,0.0,0.0,0.0,1.0,0.0,15.0,0.0,0.0,2.308257676146002,0.0,0.0,32.0,20.0,0.0,1.0,1.0,0.0,1.0,0.0,0.0,1.0,1192.0,2.0,1.0,12.0,0.0,0.0,0.0,0.0,0.0,0.0,0.0,0.0,0.0,21.0,0.9486107896499387,9.0,0.0,12.0,339.0,6.0,1.0,1280.0,800.0,15.0,0.0,0
26.0,1.0,0.0,0.0,1.0,1.0,0.0,8.0,0.0,0.0,2.9525053898100206,0.0,0.0,16.0,0.0,0.0,0.0,0.0,0.0,1.0,0.0,0.0,1.0,1914.0,2.0,0.0,24.0,1.0,0.0,0.0,0.0,3.0,1.0,0.0,0.0,1.0,60.0,0.9200987119541719,7.0,6.0,24.0,156.0,10.0,1.0,1920.0,1080.0,41.0,0.0,0
40.0,1.0,1.0,0.0,0.0,2.0,0.0,8.0,0.0,0.0,3.12723119603545,0.0,0.0,25.0,0.0,0.0,0.0,0.0,0.0,1.0,0.0,0.0,1.0,2353.0,0.0,0.0,29.0,0.0,0.0,0.0,0.0,0.0,0.0,0.0,0.0,0.0,25.0,0.9569858520742641,14.0,3.0,29.0,393.0,0.0,1.0,1280.0,800.0,23.0,0.0,0
32.0,1.0,0.0,0.0,0.0,1.0,0.0,14.0,0.0,0.0,2.3987395811859185,0.0,0.0,7.0,0.0,0.0,0.0,0.0,0.0,1.0,0.0,0.0,1.0,1845.0,1.0,0.0,12.0,0.0,0.0,0.0,0.0,3.0,0.0,0.0,0.0,0.0,84.0,0.9573611447886088,6.0,5.0,12.0,470.0,0.0,1.0,1280.0,800.0,10.0,0.0,0
26.0,1.0,1.0,0.0,1.0,2.0,0.0,12.0,0.0,0.0,2.6181113901985347,0.0,0.0,25.0,5.0,0.0,0.0,0.0,0.0,1.0,0.0,0.0,1.0,649.0,2.0,0.0,20.0,0.0,0.0,0.0,0.0,0.0,1.0,0.0,0.0,0.0,21.0,0.938632626371099,4.0,3.0,20.0,82.0,19.0,1.0,1280.0,800.0,42.0,0.0,0
39.0,1.0,0.0,0.0,0.0,1.0,0.0,20.0,0.0,0.0,2.686779119868574,0.0,0.0,4.0,0.0,0.0,1.0,1.0,0.0,1.0,0.0,0.0,1.0,2045.0,2.0,0.0,20.0,1.0,1.0,0.0,0.0,3.0,3.0,0.0,0.0,1.0,70.0,0.9265726064820263,5.0,3.0,20.0,497.0,11.0,1.0,1920.0,1080.0,34.0,0.0,0
19.0,1.0,1.0,0.0,0.0,2.0,0.0,12.0,0.0,0.0,2.1985452123497877,0.0,0.0,9.0,0.0,0.0,1.0,1.0,0.0,1.0,0.0,0.0,1.0,2394.0,1.0,2.0,16.0,1.0,0.0,0.0,0.0,0.0,1.0,0.0,0.0,1.0,66.0,0.9216147573141936,5.0,2.0,16.0,180.0,18.0,1.0,1920.0,1080.0,2.0,0.0,0
19.0,1.0,1.0,0.0,0.0,2.0,0.0,10.0,0.0,0.0,2.421493732162738,0.0,0.0,23.0,0.0,0.0,1.0,1.0,0.0,1.0,0.0,0.0,1.0,1639.0,0.0,0.0,11.0,0.0,0.0,0.0,0.0,1.0,0.0,0.0,0.0,0.0,94.0,0.9399935940326354,2.0,1.0,11.0,193.0,12.0,1.0,1920.0,1080.0,32.0,0.0,0
19.0,1.0,1.0,0.0,1.0,2.0,0.0,16.0,0.0,0.0,2.6622426075695707,0.0,0.0,16.0,0.0,0.0,0.0,0.0,0.0,1.0,0.0,0.0,1.0,2113.0,2.0,0.0,15.0,0.0,0.0,0.0,0.0,1.0,0.0,0.0,0.0,0.0,38.0,0.9791066136020689,11.0,0.0,15.0,234.0,4.0,1.0,1920.0,1080.0,28.0,0.0,0
23.0,1.0,1.0,0.0,0.0,2.0,0.0,12.0,0.0,0.0,3.287797225597774,0.0,1.0,12.0,0.0,0.0,0.0,0.0,0.0,1.0,0.0,0.0,1.0,1943.0,1.0,1.0,25.0,0.0,0.0,0.0,0.0,3.0,0.0,0.0,0.0,0.0,56.0,0.9980111192131067,3.0,2.0,25.0,214.0,4.0,1.0,1920.0,1080.0,39.0,0.0,0
40.0,1.0,0.0,0.0,0.0,1.0,0.0,8.0,0.0,0.0,2.1484180193424622,0.0,0.0,27.0,0.0,0.0,1.0,1.0,0.0,1.0,0.0,0.0,1.0,1368.0,0.0,0.0,16.0,0.0,0.0,0.0,0.0,1.0,0.0,0.0,0.0,0.0,75.0,0.9227297907746904,14.0,4.0,16.0,331.0,2.0,1.0,1280.0,800.0,35.0,0.0,0
48.0,1.0,1.0,0.0,0.0,2.0,0.0,21.0,0.0,0.0,3.108903635017559,0.0,0.0,19.0,0.0,0.0,1.0,1.0,0.0,1.0,0.0,0.0,1.0,1854.0,2.0,0.0,14.0,1.0,1.0,0.0,0.0,3.0,2.0,0.0,0.0,1.0,67.0,0.9780226861879311,5.0,4.0,14.0,125.0,9.0,1.0,1920.0,1080.0,28.0,0.0,0
31.0,1.0,1.0,0.0,0.0,2.0,0.0,17.0,0.0,0.0,2.4728248655128073,0.0,0.0,24.0,0.0,0.0,0.0,0.0,0.0,1.0,0.0,0.0,1.0,2206.0,0.0,0.0,4.0,0.0,0.0,0.0,0.0,2.0,0.0,0.0,0.0,0.0,52.0,0.9763229694353326,4.0,2.0,4.0,241.0,3.0,1.0,1920.0,1080.0,8.0,0.0,0
49.0,1.0,0.0,0.0,0.0,1.0,0.0,16.0,0.0,0.0,2.230086444563306,0.0,0.0,28.0,0.0,0.0,0.0,0.0,0.0,1.0,0.0,0.0,1.0,379.0,3.0,0.0,15.0,1.0,1.0,0.0,0.0,2.0,2.0,0.0,0.0,1.0,35.0,0.9822906427790108,4.0,2.0,15.0,148.0,7.0,1.0,1280.0,800.0,4.0,0.0,0
53.0,1.0,2.0,0.0,0.0,3.0,0.0,16.0,0.0,0.0,3.2518136951872796,0.0,0.0,7.0,0.0,0.0,0.0,0.0,0.0,1.0,0.0,0.0,1.0,1871.0,1.0,0.0,20.0,0.0,0.0,0.0,0.0,2.0,0.0,0.0,0.0,0.0,58.0,0.9669275543638413,4.0,3.0,20.0,337.0,14.0,1.0,1920.0,1080.0,27.0,0.0,0
30.0,1.0,1.0,0.0,0.0,2.0,0.0,18.0,0.0,0.0,3.345659819513515,0.0,0.0,10.0,0.0,0.0,0.0,0.0,0.0,1.0,0.0,0.0,1.0,1517.0,2.0,0.0,8.0,0.0,0.0,0.0,0.0,0.0,0.0,0.0,0.0,0.0,17.0,0.9396845465438408,11.0,2.0,8.0,332.0,3.0,1.0,1280.0,800.0,37.0,0.0,0
24.0,1.0,1.0,0.0,0.0,2.0,0.0,7.0,0.0,0.0,3.127081584428145,0.0,0.0,34.0,0.0,0.0,1.0,1.0,0.0,1.0,0.0,0.0,1.0,1772.0,1.0,0.0,7.0,0.0,0.0,0.0,0.0,3.0,0.0,1.0,0.0,0.0,64.0,0.9775229427337004,8.0,3.0,7.0,252.0,15.0,1.0,1280.0,800.0,13.0,0.0,0
26.0,1.0,0.0,0.0,0.0,1.0,0.0,10.0,0.0,0.0,2.5340846975423528,0.0,0.0,28.0,0.0,0.0,0.0,0.0,0.0,1.0,0.0,0.0,1.0,1641.0,2.0,2.0,23.0,0.0,0.0,0.0,0.0,0.0,0.0,0.0,0.0,0.0,45.0,0.9479874802408966,13.0,9.0,23.0,386.0,19.0,1.0,1280.0,800.0,16.0,0.0,0
42.0,1.0,1.0,0.0,0.0,2.0,0.0,12.0,0.0,0.0,2.1449362708082433,0.0,0.0,1.0,0.0,0.0,1.0,1.0,0.0,1.0,0.0,0.0,1.0,1261.0,1.0,1.0,18.0,1.0,1.0,0.0,0.0,0.0,1.0,0.0,0.0,1.0,35.0,0.9626006596447565,10.0,8.0,18.0,254.0,3.0,1.0,1280.0,800.0,43.0,0.0,0
45.0,1.0,1.0,0.0,0.0,2.0,0.0,16.0,0.0,0.0,3.3360373882691556,0.0,0.0,22.0,5.0,0.0,1.0,1.0,0.0,1.0,0.0,0.0,1.0,1349.0,1.0,0.0,4.0,0.0,0.0,0.0,0.0,3.0,0.0,0.0,0.0,0.0,19.0,0.9265233934996682,3.0,2.0,4.0,141.0,3.0,1.0,1920.0,1080.0,32.0,0.0,0
33.0,1.0,1.0,0.0,0.0,2.0,0.0,17.0,1.0,0.058823529411764705,2.5185622447576224,0.0,0.0,1.0,0.0,0.0,1.0,1.0,0.0,1.0,0.0,0.0,1.0,1523.0,2.0,1.0,4.0,1.0,0.0,0.0,0.0,3.0,2.0,0.0,0.0,1.0,93.0,0.9285279023501718,8.0,0.0,4.0,349.0,13.0,1.0,1280.0,800.0,32.0,0.0,0
34.0,1.0,0.0,0.0,0.0,1.0,0.0,11.0,0.0,0.0,3.319160678873097,0.0,0.0,31.0,0.0,0.0,0.0,0.0,0.0,1.0,0.0,0.0,1.0,593.0,0.0,0.0,27.0,0.0,0.0,0.0,0.0,1.0,1.0,0.0,0.0,0.0,67.0,0.9603516405644331,3.0,2.0,27.0,305.0,10.0,1.0,1920.0,1080.0,13.0,0.0,0
46.0,1.0,1.0,0.0,0.0,2.0,0.0,7.0,0.0,0.0,3.016658116831283,0.0,0.0,8.0,0.0,0.0,1.0,1.0,0.0,1.0,0.0,0.0,1.0,198.0,0.0,0.0,13.0,0.0,0.0,0.0,0.0,3.0,1.0,1.0,0.0,0.0,89.0,0.9637716119855227,13.0,1.0,13.0,359.0,0.0,1.0,1920.0,1080.0,39.0,0.0,0
42.0,1.0,0.0,0.0,0.0,1.0,0.0,14.0,0.0,0.0,3.118089898035863,0.0,0.0,8.0,5.0,0.0,1.0,1.0,0.0,1.0,0.0,0.0,1.0,1632.0,2.0,0.0,12.0,1.0,1.0,0.0,0.0,1.0,1.0,0.0,0.0,1.0,114.0,0.9217865838418712,9.0,8.0,12.0,491.0,2.0,1.0,1920.0,1080.0,22.0,0.0,0
41.0,1.0,0.0,0.0,0.0,1.0,0.0,12.0,0.0,0.0,3.07682329497053,0.0,0.0,20.0,0.0,0.0,1.0,1.0,0.0,1.0,0.0,0.0,1.0,2040.0,2.0,0.0,16.0,1.0,0.0,0.0,0.0,3.0,2.0,0.0,0.0,1.0,34.0,0.9348867186957601,9.0,5.0,16.0,440.0,18.0,1.0,1920.0,1080.0,5.0,0.0,0
24.0,1.0,0.0,0.0,0.0,1.0,0.0,18.0,0.0,0.0,3.3812019836785243,0.0,0.0,17.0,0.0,0.0,1.0,1.0,0.0,1.0,0.0,0.0,1.0,528.0,1.0,0.0,26.0,0.0,0.0,0.0,1.0,1.0,1.0,0.0,0.0,1.0,26.0,0.9731081566603841,10.0,0.0,26.0,184.0,1.0,1.0,1280.0,800.0,18.0,0.0,0
24.0,1.0,1.0,0.0,0.0,2.0,0.0,13.0,0.0,0.0,2.79965920717715,0.0,0.0,0.0,0.0,0.0,0.0,0.0,0.0,1.0,0.0,0.0,1.0,660.0,1.0,0.0,6.0,1.0,1.0,0.0,0.0,0.0,2.0,0.0,0.0,1.0,102.0,0.9274559579681297,9.0,2.0,6.0,297.0,12.0,1.0,1920.0,1080.0,42.0,0.0,0
52.0,1.0,1.0,0.0,0.0,2.0,0.0,19.0,0.0,0.0,2.2726234117195543,0.0,0.0,13.0,0.0,0.0,1.0,1.0,0.0,1.0,0.0,0.0,1.0,1648.0,1.0,1.0,23.0,1.0,0.0,0.0,0.0,0.0,1.0,0.0,0.0,1.0,56.0,0.9708106507464275,7.0,1.0,23.0,47.0,3.0,1.0,1280.0,800.0,32.0,0.0,0
47.0,1.0,1.0,0.0,0.0,2.0,0.0,7.0,0.0,0.0,2.1019708366211,0.0,0.0,22.0,0.0,0.0,1.0,1.0,0.0,1.0,0.0,0.0,1.0,700.0,0.0,1.0,13.0,0.0,0.0,0.0,0.0,1.0,0.0,1.0,0.0,0.0,56.0,0.9895474771881934,1.0,0.0,13.0,86.0,4.0,1.0,1280.0,800.0,8.0,0.0,0
22.0,1.0,0.0,0.0,0.0,1.0,0.0,8.0,0.0,0.0,3.2880682106302475,0.0,0.0,31.0,0.0,0.0,0.0,0.0,0.0,1.0,0.0,0.0,0.0,551.0,0.0,1.0,16.0,0.0,0.0,0.0,0.0,0.0,0.0,0.0,0.0,0.0,17.0,0.977625188669461,5.0,4.0,16.0,221.0,0.0,1.0,1920.0,1080.0,34.0,0.0,0
36.0,1.0,0.0,0.0,0.0,1.0,0.0,15.0,0.0,0.0,2.986965967474292,0.0,0.0,17.0,0.0,0.0,0.0,0.0,0.0,1.0,0.0,0.0,1.0,1329.0,2.0,0.0,20.0,0.0,0.0,0.0,0.0,1.0,0.0,0.0,0.0,0.0,36.0,0.9374719980407809,9.0,1.0,20.0,451.0,0.0,1.0,1920.0,1080.0,25.0,0.0,0
46.0,1.0,0.0,0.0,0.0,1.0,0.0,8.0,1.0,0.125,3.3664237147422265,0.0,1.0,23.0,5.0,0.0,0.0,0.0,0.0,1.0,0.0,0.0,1.0,378.0,2.0,0.0,16.0,0.0,0.0,0.0,0.0,3.0,1.0,0.0,0.0,0.0,114.0,0.9363334478838805,13.0,4.0,16.0,6.0,10.0,1.0,1280.0,800.0,30.0,0.0,0
37.0,1.0,1.0,0.0,0.0,2.0,0.0,18.0,0.0,0.0,2.7419361729769225,0.0,0.0,31.0,0.0,0.0,1.0,1.0,0.0,1.0,0.0,0.0,1.0,894.0,2.0,0.0,7.0,1.0,0.0,0.0,0.0,2.0,2.0,0.0,0.0,1.0,108.0,0.9687863453515869,12.0,8.0,7.0,142.0,8.0,1.0,1280.0,800.0,8.0,0.0,0
29.0,1.0,1.0,0.0,0.0,2.0,0.0,9.0,0.0,0.0,2.9345627818672004,0.0,0.0,7.0,0.0,0.0,1.0,1.0,0.0,1.0,0.0,0.0,1.0,106.0,1.0,1.0,17.0,1.0,1.0,0.0,0.0,3.0,2.0,0.0,0.0,1.0,105.0,0.9785088853896595,8.0,7.0,17.0,364.0,4.0,1.0,1920.0,1080.0,44.0,0.0,0
50.0,1.0,1.0,0.0,0.0,2.0,0.0,20.0,0.0,0.0,2.503455854448979,0.0,0.0,23.0,5.0,0.0,0.0,0.0,0.0,1.0,0.0,0.0,1.0,858.0,1.0,1.0,10.0,0.0,0.0,0.0,0.0,1.0,1.0,0.0,0.0,0.0,78.0,0.9592405813862475,11.0,3.0,10.0,129.0,2.0,1.0,1920.0,1080.0,4.0,0.0,0
52.0,1.0,1.0,0.0,0.0,2.0,0.0,21.0,0.0,0.0,2.1082033872249624,0.0,0.0,28.0,0.0,0.0,1.0,1.0,0.0,1.0,0.0,0.0,1.0,1783.0,1.0,0.0,25.0,0.0,0.0,0.0,0.0,2.0,0.0,0.0,0.0,0.0,109.0,0.9869974299407892,14.0,9.0,25.0,266.0,2.0,1.0,1920.0,1080.0,35.0,0.0,0
29.0,1.0,1.0,0.0,0.0,2.0,0.0,14.0,0.0,0.0,2.5661194241205814,0.0,1.0,14.0,20.0,0.0,0.0,0.0,0.0,1.0,0.0,0.0,0.0,333.0,0.0,1.0,27.0,0.0,0.0,0.0,0.0,0.0,0.0,0.0,0.0,0.0,39.0,0.9819885037513848,3.0,2.0,27.0,274.0,9.0,1.0,1920.0,1080.0,8.0,0.0,0
34.0,1.0,1.0,0.0,0.0,2.0,0.0,20.0,0.0,0.0,2.635619152417535,0.0,0.0,12.0,0.0,0.0,0.0,0.0,0.0,1.0,0.0,0.0,1.0,876.0,1.0,0.0,22.0,0.0,0.0,0.0,0.0,1.0,0.0,0.0,0.0,0.0,96.0,0.9875164290437695,8.0,4.0,22.0,28.0,19.0,1.0,1920.0,1080.0,7.0,0.0,0
47.0,1.0,1.0,0.0,0.0,2.0,0.0,20.0,0.0,0.0,2.4127033430753944,0.0,0.0,29.0,0.0,0.0,1.0,1.0,0.0,1.0,0.0,0.0,1.0,1206.0,1.0,0.0,15.0,0.0,0.0,0.0,0.0,1.0,0.0,0.0,0.0,0.0,71.0,0.9228107566738416,6.0,4.0,15.0,430.0,1.0,1.0,1920.0,1080.0,42.0,0.0,0
28.0,1.0,1.0,0.0,0.0,2.0,0.0,21.0,0.0,0.0,3.3222853430669206,0.0,1.0,31.0,5.0,0.0,1.0,1.0,0.0,1.0,0.0,0.0,1.0,410.0,0.0,0.0,29.0,0.0,0.0,0.0,0.0,1.0,0.0,0.0,0.0,0.0,103.0,0.9951376453780048,14.0,8.0,29.0,170.0,17.0,1.0,1920.0,1080.0,25.0,0.0,0
52.0,1.0,1.0,0.0,0.0,2.0,0.0,10.0,0.0,0.0,2.8405229793921496,0.0,0.0,8.0,20.0,0.0,0.0,0.0,0.0,1.0,0.0,0.0,1.0,1468.0,0.0,0.0,17.0,0.0,0.0,0.0,0.0,0.0,0.0,0.0,0.0,0.0,46.0,0.937304192290491,10.0,8.0,17.0,438.0,18.0,1.0,1920.0,1080.0,22.0,0.0,0
33.0,1.0,0.0,0.0,0.0,1.0,0.0,19.0,0.0,0.0,3.17673460282768,0.0,0.0,4.0,0.0,0.0,1.0,1.0,0.0,1.0,0.0,0.0,1.0,2412.0,1.0,1.0,10.0,0.0,0.0,0.0,0.0,0.0,0.0,0.0,0.0,0.0,52.0,0.9382786838392038,5.0,1.0,10.0,357.0,4.0,1.0,1920.0,1080.0,22.0,0.0,0
36.0,1.0,1.0,0.0,0.0,2.0,0.0,12.0,0.0,0.0,2.5734231332450883,0.0,0.0,2.0,0.0,0.0,0.0,0.0,0.0,1.0,0.0,0.0,1.0,1096.0,0.0,2.0,11.0,0.0,0.0,0.0,0.0,1.0,0.0,0.0,0.0,0.0,100.0,0.9951930000842479,13.0,4.0,11.0,84.0,4.0,1.0,1920.0,1080.0,29.0,0.0,0
38.0,1.0,0.0,0.0,0.0,1.0,0.0,9.0,0.0,0.0,2.3402200322874327,0.0,0.0,30.0,0.0,0.0,0.0,0.0,0.0,1.0,0.0,0.0,1.0,1780.0,1.0,0.0,2.0,0.0,0.0,0.0,0.0,1.0,0.0,1.0,0.0,0.0,38.0,0.9261185128092823,8.0,7.0,2.0,73.0,17.0,1.0,1920.0,1080.0,11.0,0.0,0
52.0,1.0,1.0,0.0,0.0,2.0,0.0,18.0,0.0,0.0,2.5135220607730355,0.0,0.0,11.0,5.0,0.0,1.0,1.0,0.0,1.0,0.0,0.0,1.0,1215.0,0.0,0.0,8.0,0.0,0.0,0.0,0.0,1.0,0.0,0.0,0.0,0.0,64.0,0.9544046380039053,6.0,2.0,8.0,29.0,5.0,1.0,1920.0,1080.0,16.0,0.0,0
49.0,1.0,1.0,0.0,0.0,2.0,0.0,17.0,0.0,0.0,2.8906615709014023,0.0,0.0,24.0,0.0,0.0,0.0,0.0,0.0,1.0,0.0,0.0,1.0,2004.0,1.0,1.0,4.0,0.0,0.0,0.0,0.0,0.0,0.0,0.0,0.0,0.0,50.0,0.9705167389601957,1.0,0.0,4.0,97.0,12.0,1.0,1920.0,1080.0,13.0,0.0,0
43.0,0.0,0.0,0.0,0.0,1.0,0.0,19.0,0.0,0.0,3.1469741146718153,0.0,0.0,30.0,5.0,0.0,1.0,1.0,0.0,0.0,0.0,0.0,0.0,1837.0,1.0,1.0,8.0,0.0,0.0,0.0,0.0,3.0,0.0,0.0,0.0,0.0,105.0,0.2717522503286258,6.0,3.0,8.0,422.0,18.0,1.0,1280.0,800.0,24.0,0.0,0
18.0,1.0,0.0,0.0,2.0,1.0,0.0,7.0,0.0,0.0,2.193860399907494,0.0,0.0,9.0,0.0,0.0,1.0,1.0,0.0,1.0,0.0,0.0,1.0,1800.0,1.0,0.0,24.0,1.0,1.0,0.0,0.0,3.0,2.0,0.0,0.0,1.0,48.0,0.954708723712803,7.0,5.0,24.0,350.0,1.0,1.0,1280.0,800.0,43.0,0.0,0
19.0,1.0,0.0,0.0,0.0,1.0,0.0,17.0,0.0,0.0,2.547247596956003,0.0,0.0,22.0,0.0,0.0,1.0,1.0,0.0,1.0,0.0,0.0,1.0,1585.0,1.0,0.0,9.0,1.0,0.0,0.0,0.0,0.0,1.0,0.0,0.0,1.0,96.0,0.9847696531960998,12.0,6.0,9.0,485.0,5.0,1.0,1280.0,800.0,25.0,0.0,0
25.0,1.0,1.0,0.0,0.0,2.0,0.0,19.0,0.0,0.0,2.5868753104930944,0.0,0.0,11.0,0.0,0.0,0.0,0.0,0.0,1.0,0.0,0.0,1.0,223.0,0.0,0.0,22.0,0.0,0.0,0.0,0.0,0.0,0.0,0.0,0.0,0.0,116.0,0.9757348919572275,2.0,1.0,22.0,365.0,2.0,1.0,1920.0,1080.0,11.0,0.0,0
48.0,1.0,0.0,0.0,0.0,1.0,0.0,20.0,0.0,0.0,2.9284832402092196,0.0,0.0,31.0,0.0,0.0,0.0,0.0,0.0,1.0,0.0,0.0,1.0,2291.0,1.0,0.0,9.0,0.0,0.0,0.0,0.0,0.0,0.0,0.0,0.0,0.0,62.0,0.960637342670713,4.0,3.0,9.0,329.0,3.0,1.0,1920.0,1080.0,9.0,0.0,0
30.0,1.0,1.0,0.0,0.0,2.0,0.0,19.0,0.0,0.0,3.272821563514107,0.0,0.0,21.0,0.0,0.0,0.0,0.0,0.0,1.0,0.0,0.0,1.0,1276.0,0.0,2.0,16.0,0.0,0.0,0.0,0.0,0.0,0.0,0.0,0.0,0.0,88.0,0.921575196425765,14.0,6.0,16.0,294.0,12.0,1.0,1920.0,1080.0,41.0,0.0,0
53.0,1.0,0.0,0.0,0.0,1.0,0.0,9.0,0.0,0.0,2.3776733100408434,0.0,0.0,10.0,0.0,0.0,0.0,0.0,0.0,1.0,0.0,0.0,1.0,676.0,1.0,0.0,29.0,0.0,0.0,0.0,0.0,0.0,1.0,0.0,0.0,0.0,79.0,0.9886680770327452,7.0,6.0,29.0,364.0,6.0,1.0,1920.0,1080.0,27.0,0.0,0
28.0,1.0,0.0,0.0,0.0,1.0,0.0,14.0,0.0,0.0,3.3523133045688542,0.0,0.0,32.0,0.0,0.0,1.0,1.0,0.0,1.0,0.0,0.0,1.0,427.0,2.0,1.0,6.0,0.0,0.0,0.0,0.0,2.0,1.0,0.0,0.0,0.0,85.0,0.9729106144357456,14.0,7.0,6.0,102.0,19.0,1.0,1280.0,800.0,4.0,0.0,0
47.0,1.0,2.0,0.0,0.0,3.0,0.0,16.0,0.0,0.0,3.044103506783819,0.0,0.0,30.0,5.0,0.0,0.0,0.0,0.0,1.0,0.0,0.0,1.0,2058.0,2.0,0.0,9.0,0.0,0.0,0.0,0.0,0.0,0.0,0.0,0.0,0.0,24.0,0.9677904259126074,4.0,1.0,9.0,359.0,14.0,1.0,1280.0,800.0,28.0,0.0,0
30.0,1.0,0.0,0.0,2.0,1.0,0.0,9.0,0.0,0.0,2.325036681233911,0.0,0.0,17.0,0.0,0.0,0.0,0.0,0.0,1.0,0.0,0.0,1.0,1671.0,0.0,0.0,28.0,0.0,0.0,0.0,0.0,1.0,0.0,0.0,0.0,0.0,55.0,0.9756521772593124,7.0,4.0,28.0,16.0,8.0,1.0,1920.0,1080.0,41.0,0.0,0
27.0,1.0,0.0,0.0,0.0,1.0,0.0,11.0,0.0,0.0,3.252062785797772,0.0,0.0,27.0,5.0,0.0,1.0,1.0,0.0,1.0,0.0,0.0,1.0,563.0,2.0,1.0,22.0,0.0,0.0,0.0,0.0,3.0,0.0,0.0,0.0,0.0,40.0,0.9205560263989855,3.0,2.0,22.0,267.0,2.0,1.0,1920.0,1080.0,5.0,0.0,0
52.0,1.0,0.0,0.0,0.0,1.0,0.0,9.0,0.0,0.0,3.265156969653497,0.0,0.0,26.0,5.0,0.0,1.0,1.0,0.0,1.0,0.0,0.0,1.0,1324.0,0.0,0.0,20.0,0.0,0.0,0.0,0.0,0.0,1.0,0.0,0.0,0.0,31.0,0.9277683563144878,13.0,7.0,20.0,44.0,0.0,1.0,1280.0,800.0,35.0,0.0,0
49.0,1.0,0.0,0.0,0.0,1.0,0.0,17.0,0.0,0.0,3.116036786734961,0.0,0.0,8.0,0.0,0.0,0.0,0.0,0.0,1.0,0.0,0.0,1.0,1212.0,1.0,0.0,15.0,0.0,0.0,0.0,0.0,3.0,1.0,0.0,0.0,0.0,84.0,0.9854176090148163,10.0,8.0,15.0,19.0,4.0,1.0,1280.0,800.0,10.0,0.0,0
34.0,1.0,0.0,0.0,1.0,1.0,0.0,16.0,0.0,0.0,2.348004784599808,0.0,0.0,29.0,0.0,0.0,1.0,1.0,0.0,1.0,0.0,0.0,1.0,1827.0,2.0,0.0,24.0,1.0,1.0,0.0,0.0,0.0,3.0,0.0,0.0,1.0,114.0,0.9399041370125913,5.0,1.0,24.0,322.0,14.0,1.0,1920.0,1080.0,21.0,0.0,0
33.0,1.0,1.0,0.0,0.0,2.0,0.0,14.0,0.0,0.0,3.020317164427374,0.0,0.0,22.0,5.0,0.0,0.0,0.0,0.0,1.0,0.0,0.0,1.0,684.0,1.0,0.0,28.0,0.0,0.0,0.0,0.0,1.0,0.0,0.0,0.0,0.0,27.0,0.9802261252102484,14.0,5.0,28.0,415.0,17.0,1.0,1280.0,800.0,9.0,0.0,0
19.0,1.0,1.0,0.0,0.0,2.0,0.0,15.0,0.0,0.0,2.134926582493898,0.0,0.0,1.0,0.0,0.0,0.0,0.0,0.0,1.0,0.0,0.0,1.0,2275.0,1.0,0.0,15.0,0.0,0.0,0.0,0.0,3.0,0.0,0.0,0.0,0.0,99.0,0.9255417251213675,7.0,3.0,15.0,350.0,18.0,1.0,1920.0,1080.0,15.0,0.0,0
21.0,1.0,1.0,0.0,0.0,2.0,0.0,13.0,0.0,0.0,2.1647059001685367,0.0,0.0,8.0,0.0,0.0,0.0,0.0,0.0,1.0,0.0,0.0,1.0,1807.0,2.0,0.0,16.0,0.0,0.0,0.0,0.0,3.0,0.0,0.0,0.0,0.0,105.0,0.9954408103263119,5.0,4.0,16.0,318.0,12.0,1.0,1920.0,1080.0,33.0,0.0,0
26.0,1.0,1.0,0.0,0.0,2.0,0.0,11.0,0.0,0.0,2.1645145617606754,0.0,0.0,30.0,0.0,0.0,0.0,0.0,0.0,1.0,0.0,0.0,1.0,2314.0,0.0,0.0,13.0,0.0,0.0,0.0,0.0,2.0,0.0,0.0,0.0,0.0,59.0,0.9475405898200633,9.0,4.0,13.0,255.0,7.0,1.0,1920.0,1080.0,36.0,0.0,0
20.0,1.0,0.0,0.0,0.0,1.0,0.0,13.0,0.0,0.0,2.3157121953338935,0.0,0.0,29.0,0.0,0.0,0.0,0.0,0.0,1.0,0.0,0.0,1.0,943.0,0.0,1.0,18.0,0.0,0.0,0.0,0.0,0.0,0.0,0.0,0.0,0.0,98.0,0.9986420038860534,3.0,2.0,18.0,338.0,6.0,1.0,1920.0,1080.0,10.0,0.0,0
45.0,1.0,1.0,0.0,0.0,2.0,0.0,14.0,0.0,0.0,2.7090423024846917,0.0,0.0,25.0,0.0,0.0,0.0,0.0,0.0,1.0,0.0,0.0,1.0,1615.0,1.0,0.0,10.0,0.0,0.0,0.0,0.0,3.0,0.0,0.0,0.0,0.0,58.0,0.9340415490698286,5.0,3.0,10.0,181.0,0.0,1.0,1920.0,1080.0,19.0,0.0,0
34.0,1.0,1.0,0.0,0.0,2.0,0.0,14.0,0.0,0.0,2.546363864875687,0.0,0.0,13.0,0.0,0.0,0.0,0.0,0.0,1.0,0.0,0.0,1.0,119.0,0.0,0.0,21.0,0.0,0.0,0.0,0.0,3.0,0.0,0.0,0.0,0.0,57.0,0.9672190630813999,12.0,4.0,21.0,409.0,0.0,1.0,1280.0,800.0,22.0,0.0,0
40.0,1.0,1.0,0.0,0.0,2.0,0.0,14.0,0.0,0.0,2.3457958391673026,0.0,0.0,31.0,0.0,0.0,1.0,1.0,0.0,1.0,0.0,0.0,1.0,1174.0,1.0,0.0,16.0,0.0,0.0,0.0,0.0,3.0,1.0,0.0,0.0,0.0,117.0,0.9241858726219463,7.0,4.0,16.0,203.0,2.0,1.0,1920.0,1080.0,20.0,0.0,0
47.0,1.0,0.0,0.0,0.0,1.0,0.0,20.0,0.0,0.0,3.162454440406063,0.0,0.0,10.0,5.0,0.0,1.0,1.0,0.0,1.0,0.0,0.0,1.0,566.0,2.0,0.0,25.0,0.0,0.0,0.0,0.0,2.0,0.0,0.0,0.0,0.0,28.0,0.9429974301185143,10.0,3.0,25.0,413.0,0.0,1.0,1280.0,800.0,44.0,0.0,0
50.0,1.0,1.0,0.0,0.0,2.0,0.0,20.0,0.0,0.0,2.1472425532120307,0.0,0.0,16.0,5.0,0.0,1.0,1.0,0.0,1.0,0.0,0.0,1.0,2087.0,0.0,1.0,24.0,0.0,0.0,0.0,0.0,0.0,0.0,0.0,0.0,0.0,25.0,0.9735680197912739,3.0,2.0,24.0,185.0,10.0,1.0,1280.0,800.0,2.0,0.0,0
33.0,1.0,2.0,0.0,0.0,3.0,0.0,19.0,0.0,0.0,3.303162636859726,0.0,0.0,6.0,5.0,0.0,0.0,0.0,0.0,1.0,0.0,0.0,1.0,466.0,0.0,0.0,21.0,0.0,0.0,0.0,0.0,0.0,0.0,0.0,0.0,0.0,112.0,0.9560919023612174,3.0,2.0,21.0,148.0,3.0,1.0,1280.0,800.0,30.0,0.0,0
51.0,1.0,0.0,0.0,2.0,1.0,0.0,18.0,0.0,0.0,3.2023390861621213,0.0,0.0,24.0,5.0,0.0,1.0,1.0,0.0,1.0,0.0,0.0,1.0,1889.0,2.0,0.0,27.0,0.0,0.0,0.0,0.0,1.0,1.0,0.0,0.0,0.0,30.0,0.9393642923155476,7.0,6.0,27.0,205.0,18.0,1.0,1920.0,1080.0,32.0,0.0,0
18.0,1.0,1.0,0.0,0.0,2.0,0.0,13.0,0.0,0.0,2.427162795068828,0.0,0.0,4.0,0.0,0.0,1.0,1.0,0.0,1.0,0.0,0.0,1.0,354.0,1.0,0.0,7.0,0.0,0.0,0.0,0.0,1.0,0.0,0.0,0.0,0.0,38.0,0.9255916991959666,3.0,2.0,7.0,49.0,2.0,1.0,1920.0,1080.0,43.0,0.0,0
50.0,1.0,1.0,0.0,2.0,2.0,0.0,16.0,0.0,0.0,3.2852905969639883,0.0,0.0,6.0,0.0,0.0,0.0,0.0,0.0,1.0,0.0,0.0,1.0,1594.0,1.0,0.0,24.0,0.0,0.0,0.0,0.0,1.0,0.0,0.0,0.0,0.0,81.0,0.9845893157481554,11.0,8.0,24.0,111.0,12.0,1.0,1280.0,800.0,25.0,0.0,0
50.0,1.0,0.0,0.0,1.0,1.0,0.0,20.0,0.0,0.0,2.210464486647556,0.0,0.0,16.0,20.0,0.0,0.0,0.0,0.0,1.0,0.0,0.0,1.0,1475.0,1.0,2.0,7.0,0.0,0.0,0.0,0.0,2.0,0.0,1.0,0.0,0.0,108.0,0.9352953450385458,8.0,3.0,7.0,284.0,18.0,1.0,1280.0,800.0,16.0,0.0,0
53.0,1.0,1.0,0.0,0.0,2.0,0.0,10.0,0.0,0.0,3.296525999916579,0.0,0.0,6.0,0.0,0.0,0.0,0.0,0.0,1.0,0.0,0.0,1.0,1793.0,1.0,0.0,3.0,0.0,0.0,0.0,0.0,2.0,0.0,0.0,0.0,0.0,81.0,0.9266314683475232,7.0,0.0,3.0,133.0,3.0,1.0,1920.0,1080.0,31.0,0.0,0
49.0,1.0,1.0,0.0,0.0,2.0,0.0,18.0,0.0,0.0,2.726340259485583,0.0,0.0,14.0,0.0,0.0,1.0,1.0,0.0,1.0,0.0,0.0,1.0,1453.0,1.0,2.0,9.0,0.0,0.0,0.0,0.0,0.0,0.0,0.0,0.0,0.0,41.0,0.9396475695635595,11.0,0.0,9.0,326.0,8.0,1.0,1920.0,1080.0,8.0,0.0,0
30.0,1.0,0.0,0.0,0.0,1.0,0.0,18.0,0.0,0.0,3.243136291861388,0.0,0.0,16.0,0.0,0.0,0.0,0.0,0.0,1.0,0.0,0.0,1.0,1787.0,1.0,1.0,4.0,0.0,0.0,0.0,0.0,2.0,0.0,0.0,0.0,0.0,107.0,0.9337365841903423,10.0,5.0,4.0,235.0,10.0,1.0,1920.0,1080.0,16.0,0.0,0
43.0,1.0,0.0,0.0,0.0,1.0,0.0,13.0,0.0,0.0,3.044878429477232,0.0,0.0,27.0,0.0,0.0,1.0,1.0,0.0,1.0,0.0,0.0,1.0,1714.0,0.0,0.0,20.0,0.0,0.0,0.0,0.0,3.0,0.0,0.0,0.0,0.0,118.0,0.952065467930737,14.0,0.0,20.0,297.0,10.0,1.0,1920.0,1080.0,21.0,0.0,0
44.0,1.0,1.0,0.0,0.0,2.0,0.0,13.0,0.0,0.0,2.2459453615699903,0.0,0.0,4.0,0.0,0.0,0.0,0.0,0.0,1.0,0.0,0.0,1.0,836.0,1.0,0.0,4.0,0.0,0.0,0.0,0.0,2.0,0.0,0.0,0.0,0.0,93.0,0.9599707931686376,9.0,8.0,4.0,164.0,17.0,1.0,1920.0,1080.0,33.0,0.0,0
29.0,1.0,1.0,0.0,0.0,2.0,0.0,20.0,0.0,0.0,3.3303122087542114,0.0,0.0,8.0,0.0,0.0,1.0,1.0,0.0,1.0,0.0,0.0,1.0,995.0,0.0,1.0,23.0,0.0,0.0,0.0,0.0,2.0,1.0,0.0,0.0,0.0,100.0,0.9492560091300313,2.0,1.0,23.0,156.0,4.0,1.0,1920.0,1080.0,23.0,0.0,0
20.0,1.0,1.0,0.0,0.0,2.0,0.0,12.0,0.0,0.0,2.2032974983166373,0.0,0.0,11.0,0.0,0.0,1.0,1.0,0.0,1.0,0.0,0.0,1.0,233.0,1.0,0.0,15.0,0.0,0.0,0.0,0.0,3.0,0.0,0.0,0.0,0.0,88.0,0.9249483214309306,11.0,2.0,15.0,490.0,6.0,1.0,1280.0,800.0,19.0,0.0,0
48.0,1.0,0.0,0.0,0.0,1.0,0.0,16.0,0.0,0.0,3.322247345083131,0.0,0.0,30.0,0.0,0.0,1.0,1.0,0.0,1.0,0.0,0.0,1.0,1209.0,2.0,0.0,6.0,0.0,0.0,0.0,0.0,3.0,0.0,0.0,0.0,0.0,79.0,0.9630409332637336,10.0,8.0,6.0,375.0,8.0,1.0,1920.0,1080.0,36.0,0.0,0
19.0,1.0,1.0,0.0,0.0,2.0,0.0,18.0,0.0,0.0,2.2206758051570867,0.0,0.0,26.0,0.0,0.0,1.0,1.0,0.0,1.0,0.0,0.0,1.0,1483.0,1.0,2.0,8.0,0.0,0.0,0.0,0.0,2.0,0.0,0.0,0.0,0.0,93.0,0.9973797746052542,1.0,0.0,8.0,325.0,11.0,1.0,1280.0,800.0,26.0,0.0,0
54.0,1.0,0.0,0.0,0.0,1.0,0.0,12.0,0.0,0.0,3.31035270351438,0.0,0.0,22.0,0.0,0.0,0.0,0.0,0.0,1.0,0.0,0.0,1.0,245.0,0.0,0.0,11.0,0.0,0.0,0.0,0.0,0.0,1.0,0.0,0.0,0.0,102.0,0.9319086481652145,4.0,3.0,11.0,480.0,0.0,1.0,1920.0,1080.0,37.0,0.0,0
27.0,1.0,0.0,0.0,0.0,1.0,0.0,15.0,1.0,0.06666666666666667,2.223626006970238,0.0,0.0,12.0,0.0,0.0,0.0,0.0,0.0,1.0,0.0,0.0,1.0,1519.0,0.0,1.0,17.0,0.0,0.0,0.0,0.0,1.0,0.0,0.0,0.0,0.0,118.0,0.9765356655769099,3.0,0.0,17.0,140.0,11.0,1.0,1920.0,1080.0,19.0,0.0,0
38.0,1.0,0.0,0.0,1.0,1.0,0.0,13.0,0.0,0.0,2.502191353603601,0.0,0.0,3.0,0.0,0.0,1.0,1.0,0.0,1.0,0.0,0.0,1.0,1930.0,0.0,0.0,16.0,0.0,0.0,0.0,0.0,2.0,0.0,0.0,0.0,0.0,18.0,0.9967183105273765,11.0,0.0,16.0,15.0,11.0,1.0,1280.0,800.0,27.0,0.0,0
44.0,1.0,1.0,0.0,0.0,2.0,0.0,15.0,0.0,0.0,2.752930327934137,0.0,0.0,0.0,0.0,0.0,1.0,1.0,0.0,1.0,0.0,0.0,1.0,1894.0,1.0,1.0,24.0,0.0,0.0,0.0,0.0,1.0,0.0,0.0,0.0,0.0,57.0,0.9665985270446298,5.0,4.0,24.0,476.0,9.0,1.0,1920.0,1080.0,19.0,0.0,0
32.0,1.0,0.0,0.0,0.0,1.0,0.0,9.0,0.0,0.0,2.322430317465003,0.0,0.0,21.0,0.0,0.0,0.0,0.0,0.0,1.0,0.0,0.0,1.0,342.0,0.0,1.0,11.0,0.0,0.0,0.0,0.0,3.0,1.0,0.0,0.0,0.0,102.0,0.9890154895645529,2.0,1.0,11.0,186.0,11.0,1.0,1920.0,1080.0,33.0,0.0,0
50.0,1.0,1.0,0.0,0.0,2.0,0.0,10.0,0.0,0.0,2.683531697765038,0.0,0.0,11.0,0.0,0.0,0.0,0.0,0.0,1.0,0.0,0.0,1.0,1421.0,1.0,1.0,12.0,0.0,0.0,0.0,0.0,0.0,1.0,1.0,0.0,0.0,42.0,0.9972850548626312,2.0,1.0,12.0,42.0,0.0,1.0,1920.0,1080.0,44.0,0.0,0
47.0,1.0,0.0,0.0,0.0,1.0,0.0,10.0,2.0,0.2,2.592278576839404,0.0,0.0,22.0,0.0,0.0,0.0,0.0,0.0,1.0,0.0,0.0,1.0,799.0,2.0,0.0,7.0,0.0,0.0,0.0,0.0,3.0,0.0,0.0,0.0,0.0,108.0,0.9938345725352783,13.0,1.0,7.0,288.0,14.0,1.0,1920.0,1080.0,24.0,0.0,0
43.0,1.0,1.0,0.0,0.0,2.0,0.0,21.0,0.0,0.0,3.099230805780006,0.0,0.0,18.0,0.0,0.0,0.0,0.0,0.0,1.0,0.0,0.0,1.0,923.0,0.0,0.0,18.0,0.0,0.0,0.0,0.0,3.0,1.0,0.0,0.0,0.0,96.0,0.9439727308177676,8.0,0.0,18.0,40.0,4.0,1.0,1920.0,1080.0,4.0,0.0,0
37.0,1.0,1.0,0.0,0.0,2.0,0.0,17.0,0.0,0.0,3.3778500029858742,0.0,0.0,4.0,0.0,0.0,1.0,1.0,0.0,1.0,0.0,0.0,1.0,204.0,0.0,2.0,6.0,0.0,0.0,0.0,0.0,1.0,0.0,0.0,0.0,0.0,98.0,0.924563882575427,11.0,8.0,6.0,331.0,1.0,1.0,1920.0,1080.0,32.0,0.0,0
27.0,1.0,1.0,0.0,2.0,2.0,0.0,12.0,0.0,0.0,2.975931192165608,0.0,0.0,17.0,5.0,0.0,0.0,0.0,0.0,1.0,0.0,0.0,1.0,2147.0,2.0,0.0,28.0,0.0,0.0,0.0,0.0,0.0,0.0,0.0,0.0,0.0,18.0,0.9869393461312436,10.0,9.0,28.0,58.0,8.0,1.0,1920.0,1080.0,29.0,0.0,0
39.0,1.0,2.0,0.0,0.0,3.0,0.0,7.0,0.0,0.0,2.3195767796905447,0.0,0.0,5.0,0.0,0.0,0.0,0.0,0.0,1.0,0.0,0.0,1.0,638.0,0.0,0.0,26.0,0.0,0.0,0.0,0.0,2.0,0.0,0.0,0.0,0.0,80.0,0.984224148614638,9.0,6.0,26.0,154.0,4.0,1.0,1920.0,1080.0,19.0,0.0,0
33.0,1.0,1.0,0.0,0.0,2.0,0.0,20.0,0.0,0.0,2.1961409874704874,0.0,0.0,20.0,0.0,0.0,0.0,0.0,0.0,1.0,0.0,0.0,1.0,2192.0,1.0,1.0,25.0,0.0,0.0,0.0,0.0,0.0,0.0,0.0,0.0,0.0,64.0,0.9833956510487623,4.0,3.0,25.0,128.0,14.0,1.0,1280.0,800.0,33.0,0.0,0
25.0,1.0,0.0,0.0,0.0,1.0,0.0,20.0,0.0,0.0,3.1469981617705782,0.0,0.0,22.0,0.0,0.0,0.0,0.0,0.0,1.0,0.0,0.0,1.0,1478.0,0.0,0.0,21.0,0.0,0.0,0.0,0.0,0.0,0.0,1.0,0.0,0.0,18.0,0.9840891308412798,4.0,3.0,21.0,341.0,2.0,1.0,1920.0,1080.0,24.0,0.0,0
38.0,1.0,0.0,0.0,0.0,1.0,0.0,9.0,0.0,0.0,3.167274493891698,0.0,0.0,13.0,0.0,0.0,0.0,0.0,0.0,1.0,0.0,0.0,1.0,139.0,0.0,0.0,9.0,0.0,0.0,0.0,0.0,0.0,0.0,0.0,0.0,0.0,41.0,0.9315631820789764,9.0,3.0,9.0,430.0,8.0,1.0,1920.0,1080.0,29.0,0.0,0
43.0,1.0,1.0,0.0,0.0,2.0,0.0,17.0,1.0,0.058823529411764705,2.6387122637416294,0.0,0.0,16.0,0.0,0.0,1.0,1.0,0.0,1.0,0.0,0.0,1.0,1327.0,2.0,0.0,5.0,0.0,0.0,0.0,0.0,3.0,0.0,0.0,0.0,0.0,61.0,0.9466680736553251,8.0,5.0,5.0,117.0,15.0,1.0,1920.0,1080.0,15.0,0.0,0
27.0,1.0,1.0,0.0,0.0,2.0,0.0,17.0,0.0,0.0,2.565883953017195,0.0,0.0,23.0,0.0,0.0,0.0,0.0,0.0,1.0,0.0,0.0,1.0,2199.0,0.0,0.0,9.0,0.0,0.0,0.0,0.0,2.0,0.0,0.0,0.0,0.0,114.0,0.9546143333311456,10.0,5.0,9.0,227.0,3.0,1.0,1920.0,1080.0,21.0,0.0,0
23.0,1.0,0.0,0.0,0.0,1.0,0.0,21.0,0.0,0.0,2.965259519130157,0.0,0.0,15.0,0.0,0.0,1.0,1.0,0.0,1.0,0.0,0.0,1.0,2193.0,2.0,1.0,2.0,1.0,1.0,0.0,0.0,0.0,2.0,0.0,0.0,1.0,106.0,0.9469348020748128,5.0,4.0,2.0,300.0,5.0,1.0,1920.0,1080.0,22.0,0.0,0
37.0,1.0,0.0,0.0,0.0,1.0,0.0,17.0,0.0,0.0,3.2114120737333116,0.0,0.0,4.0,5.0,0.0,1.0,1.0,0.0,1.0,0.0,0.0,1.0,872.0,0.0,0.0,24.0,0.0,0.0,0.0,0.0,3.0,0.0,0.0,0.0,0.0,45.0,0.9509905807547788,10.0,5.0,24.0,404.0,13.0,1.0,1920.0,1080.0,11.0,0.0,0
25.0,1.0,1.0,0.0,0.0,2.0,0.0,17.0,1.0,0.058823529411764705,2.1308935142692897,0.0,0.0,15.0,0.0,0.0,0.0,0.0,0.0,1.0,0.0,0.0,1.0,343.0,1.0,0.0,8.0,0.0,0.0,0.0,0.0,2.0,1.0,0.0,0.0,0.0,29.0,0.9868939205157188,8.0,3.0,8.0,444.0,4.0,1.0,1920.0,1080.0,18.0,0.0,0
38.0,1.0,0.0,0.0,0.0,1.0,0.0,7.0,0.0,0.0,2.2487337032820114,0.0,0.0,5.0,0.0,0.0,0.0,0.0,0.0,1.0,0.0,0.0,1.0,659.0,1.0,0.0,21.0,0.0,0.0,0.0,0.0,2.0,0.0,0.0,0.0,0.0,68.0,0.9268183998590498,7.0,4.0,21.0,184.0,18.0,1.0,1920.0,1080.0,22.0,0.0,0
37.0,1.0,0.0,0.0,0.0,1.0,0.0,7.0,0.0,0.0,2.563005896373913,0.0,0.0,4.0,0.0,0.0,1.0,1.0,0.0,1.0,0.0,0.0,1.0,741.0,0.0,1.0,7.0,0.0,0.0,0.0,0.0,0.0,0.0,0.0,0.0,0.0,82.0,0.9262999663528282,2.0,1.0,7.0,243.0,18.0,1.0,1920.0,1080.0,10.0,0.0,0
41.0,1.0,1.0,0.0,0.0,2.0,0.0,7.0,0.0,0.0,3.0877122731849074,0.0,0.0,3.0,0.0,0.0,1.0,1.0,0.0,1.0,0.0,0.0,1.0,1711.0,1.0,1.0,19.0,1.0,0.0,0.0,0.0,0.0,3.0,0.0,0.0,1.0,89.0,0.974955249590046,8.0,2.0,19.0,463.0,19.0,1.0,1920.0,1080.0,44.0,0.0,0
29.0,1.0,1.0,0.0,0.0,2.0,0.0,17.0,0.0,0.0,2.170941715069151,0.0,0.0,5.0,0.0,0.0,0.0,0.0,0.0,1.0,0.0,0.0,1.0,792.0,0.0,2.0,29.0,0.0,0.0,0.0,0.0,0.0,0.0,0.0,0.0,0.0,79.0,0.9873534695131756,4.0,3.0,29.0,214.0,11.0,1.0,1920.0,1080.0,32.0,0.0,0
19.0,1.0,1.0,0.0,0.0,2.0,0.0,12.0,0.0,0.0,3.3111660407426955,0.0,0.0,2.0,5.0,0.0,0.0,0.0,0.0,1.0,0.0,0.0,1.0,1662.0,1.0,0.0,19.0,0.0,0.0,0.0,0.0,1.0,0.0,0.0,0.0,0.0,106.0,0.9937636619928649,13.0,3.0,19.0,254.0,19.0,1.0,1920.0,1080.0,33.0,0.0,0
25.0,1.0,0.0,0.0,0.0,1.0,0.0,16.0,0.0,0.0,2.9679107609607867,0.0,0.0,0.0,5.0,0.0,1.0,1.0,0.0,1.0,0.0,0.0,1.0,1497.0,3.0,0.0,19.0,1.0,0.0,0.0,0.0,2.0,2.0,0.0,0.0,1.0,52.0,0.9836484839287533,14.0,8.0,19.0,175.0,7.0,1.0,1280.0,800.0,42.0,0.0,0
45.0,1.0,0.0,0.0,0.0,1.0,0.0,9.0,0.0,0.0,2.8950491698342398,0.0,0.0,28.0,0.0,0.0,0.0,0.0,0.0,1.0,0.0,0.0,1.0,1414.0,2.0,0.0,12.0,0.0,0.0,0.0,0.0,3.0,0.0,0.0,0.0,0.0,106.0,0.9405693272102252,11.0,6.0,12.0,14.0,8.0,1.0,1920.0,1080.0,30.0,0.0,0
28.0,1.0,0.0,0.0,0.0,1.0,0.0,14.0,0.0,0.0,2.3457675077372753,0.0,0.0,10.0,0.0,0.0,0.0,0.0,0.0,1.0,0.0,0.0,1.0,1703.0,1.0,0.0,19.0,0.0,0.0,0.0,0.0,0.0,0.0,0.0,0.0,0.0,49.0,0.9936158734030826,2.0,1.0,19.0,330.0,17.0,1.0,1280.0,800.0,10.0,0.0,0
20.0,1.0,2.0,0.0,0.0,3.0,0.0,10.0,1.0,0.1,3.0053177814377645,0.0,0.0,22.0,0.0,0.0,1.0,1.0,0.0,1.0,0.0,0.0,1.0,242.0,0.0,2.0,6.0,0.0,0.0,0.0,0.0,0.0,0.0,0.0,0.0,0.0,71.0,0.945664151911337,5.0,1.0,6.0,382.0,14.0,1.0,1920.0,1080.0,34.0,0.0,0
44.0,1.0,0.0,0.0,0.0,1.0,0.0,7.0,0.0,0.0,2.2254866637146105,0.0,0.0,27.0,0.0,0.0,0.0,0.0,0.0,1.0,0.0,0.0,1.0,291.0,1.0,0.0,8.0,0.0,0.0,0.0,0.0,3.0,0.0,0.0,0.0,0.0,81.0,0.9753392949416063,13.0,8.0,8.0,120.0,19.0,1.0,1920.0,1080.0,28.0,0.0,0
23.0,1.0,1.0,0.0,1.0,2.0,0.0,11.0,0.0,0.0,3.0081153598473227,0.0,0.0,27.0,0.0,0.0,0.0,0.0,0.0,1.0,0.0,0.0,1.0,1951.0,0.0,0.0,24.0,0.0,0.0,0.0,0.0,0.0,0.0,0.0,0.0,0.0,103.0,0.9752466101046549,10.0,8.0,24.0,185.0,11.0,1.0,1280.0,800.0,44.0,0.0,0
36.0,1.0,1.0,0.0,0.0,2.0,0.0,13.0,0.0,0.0,2.6517532909175943,0.0,0.0,30.0,0.0,0.0,1.0,1.0,0.0,1.0,0.0,0.0,1.0,1595.0,2.0,0.0,21.0,0.0,0.0,0.0,0.0,1.0,0.0,0.0,0.0,0.0,21.0,0.9714897893263347,10.0,8.0,21.0,188.0,1.0,1.0,1920.0,1080.0,19.0,0.0,0
38.0,1.0,1.0,0.0,0.0,2.0,0.0,15.0,0.0,0.0,2.4627681175115983,0.0,0.0,1.0,5.0,0.0,1.0,1.0,0.0,1.0,0.0,0.0,1.0,1480.0,1.0,0.0,15.0,0.0,0.0,0.0,0.0,0.0,1.0,0.0,0.0,0.0,113.0,0.9896264938272049,7.0,4.0,15.0,463.0,14.0,1.0,1280.0,800.0,7.0,0.0,0
54.0,1.0,0.0,0.0,0.0,1.0,0.0,11.0,0.0,0.0,2.508974857215498,0.0,0.0,14.0,0.0,0.0,0.0,0.0,0.0,1.0,0.0,0.0,1.0,377.0,2.0,0.0,16.0,0.0,0.0,0.0,0.0,2.0,0.0,0.0,0.0,0.0,104.0,0.9353972752613819,14.0,0.0,16.0,146.0,9.0,1.0,1920.0,1080.0,18.0,0.0,0
32.0,1.0,1.0,0.0,0.0,2.0,0.0,16.0,0.0,0.0,2.8354863702795927,0.0,0.0,2.0,0.0,0.0,1.0,1.0,0.0,1.0,0.0,0.0,1.0,1478.0,1.0,0.0,7.0,0.0,0.0,0.0,0.0,2.0,0.0,0.0,0.0,0.0,74.0,0.921792890148212,7.0,4.0,7.0,105.0,15.0,1.0,1280.0,800.0,17.0,0.0,0
25.0,1.0,1.0,0.0,0.0,2.0,0.0,15.0,0.0,0.0,3.384133212727138,0.0,0.0,4.0,0.0,0.0,0.0,0.0,0.0,1.0,0.0,0.0,1.0,167.0,1.0,0.0,7.0,0.0,0.0,0.0,0.0,1.0,0.0,0.0,0.0,0.0,116.0,0.9458467266667506,3.0,2.0,7.0,230.0,18.0,1.0,1920.0,1080.0,24.0,0.0,0
52.0,1.0,1.0,0.0,0.0,2.0,0.0,16.0,0.0,0.0,2.2777616220542867,0.0,0.0,14.0,0.0,0.0,0.0,0.0,0.0,1.0,0.0,0.0,1.0,2097.0,1.0,1.0,16.0,0.0,0.0,0.0,0.0,0.0,0.0,0.0,0.0,0.0,23.0,0.9399292704409676,9.0,2.0,16.0,43.0,7.0,1.0,1280.0,800.0,28.0,0.0,0
18.0,1.0,0.0,0.0,0.0,1.0,0.0,11.0,2.0,0.18181818181818182,3.2727689621259506,0.0,0.0,28.0,0.0,0.0,0.0,0.0,0.0,1.0,0.0,0.0,1.0,159.0,1.0,0.0,20.0,0.0,0.0,0.0,0.0,3.0,0.0,0.0,0.0,0.0,99.0,0.9364061746962764,9.0,8.0,20.0,354.0,9.0,1.0,1280.0,800.0,5.0,0.0,0
46.0,1.0,0.0,0.0,0.0,1.0,0.0,13.0,0.0,0.0,2.6158696379036854,0.0,0.0,6.0,0.0,0.0,0.0,0.0,0.0,1.0,0.0,0.0,1.0,497.0,1.0,0.0,8.0,0.0,0.0,0.0,0.0,1.0,0.0,0.0,0.0,0.0,22.0,0.9341335687993348,13.0,7.0,8.0,212.0,13.0,1.0,1280.0,800.0,11.0,0.0,0
19.0,1.0,1.0,0.0,0.0,2.0,0.0,14.0,0.0,0.0,3.0091924401058066,0.0,0.0,10.0,0.0,0.0,1.0,1.0,0.0,1.0,0.0,0.0,1.0,156.0,2.0,1.0,22.0,0.0,0.0,0.0,0.0,0.0,1.0,1.0,0.0,0.0,26.0,0.9225223532599894,14.0,9.0,22.0,395.0,15.0,1.0,1920.0,1080.0,5.0,0.0,0
40.0,1.0,1.0,0.0,0.0,2.0,0.0,13.0,0.0,0.0,2.9954817512886605,0.0,0.0,19.0,20.0,0.0,0.0,0.0,0.0,1.0,0.0,0.0,1.0,554.0,1.0,0.0,26.0,0.0,0.0,0.0,0.0,2.0,0.0,0.0,0.0,0.0,85.0,0.9293751027424574,4.0,3.0,26.0,154.0,17.0,1.0,1280.0,800.0,7.0,0.0,0
20.0,1.0,1.0,0.0,0.0,2.0,0.0,20.0,0.0,0.0,3.102593732907067,0.0,0.0,10.0,0.0,0.0,0.0,0.0,0.0,1.0,0.0,0.0,0.0,1916.0,1.0,0.0,22.0,0.0,0.0,0.0,0.0,3.0,0.0,0.0,0.0,0.0,43.0,0.960547274036056,7.0,0.0,22.0,488.0,1.0,1.0,1920.0,1080.0,28.0,0.0,0
43.0,1.0,2.0,0.0,0.0,3.0,0.0,13.0,0.0,0.0,2.8151502745447536,0.0,1.0,30.0,0.0,0.0,0.0,0.0,0.0,1.0,0.0,0.0,1.0,2273.0,0.0,2.0,12.0,0.0,0.0,0.0,0.0,2.0,0.0,0.0,0.0,0.0,53.0,0.9954624660804605,10.0,2.0,12.0,32.0,8.0,1.0,1920.0,1080.0,17.0,0.0,0
40.0,1.0,0.0,0.0,0.0,1.0,0.0,14.0,1.0,0.07142857142857142,2.7475563683064235,0.0,0.0,21.0,5.0,0.0,0.0,0.0,0.0,1.0,0.0,0.0,1.0,490.0,0.0,0.0,6.0,0.0,0.0,0.0,0.0,1.0,0.0,1.0,0.0,0.0,83.0,0.9434653971197452,14.0,2.0,6.0,416.0,3.0,1.0,1920.0,1080.0,32.0,0.0,0
23.0,1.0,1.0,0.0,1.0,2.0,0.0,17.0,0.0,0.0,3.2736929854046526,0.0,1.0,17.0,0.0,0.0,0.0,0.0,0.0,1.0,0.0,0.0,1.0,2371.0,1.0,0.0,7.0,0.0,0.0,0.0,0.0,3.0,1.0,0.0,0.0,0.0,82.0,0.9913995137879676,10.0,2.0,7.0,75.0,14.0,1.0,1920.0,1080.0,28.0,0.0,0
49.0,1.0,2.0,0.0,0.0,3.0,0.0,11.0,0.0,0.0,3.2574928100927725,0.0,0.0,1.0,20.0,0.0,1.0,1.0,0.0,1.0,0.0,0.0,1.0,2486.0,0.0,1.0,28.0,0.0,0.0,0.0,0.0,1.0,0.0,0.0,0.0,0.0,57.0,0.9254426475524351,9.0,6.0,28.0,122.0,4.0,1.0,1280.0,800.0,33.0,0.0,0
43.0,1.0,0.0,0.0,0.0,1.0,0.0,21.0,0.0,0.0,2.3350012584190867,0.0,0.0,9.0,0.0,0.0,0.0,0.0,0.0,1.0,0.0,0.0,1.0,1899.0,0.0,2.0,17.0,0.0,0.0,0.0,0.0,0.0,1.0,0.0,0.0,0.0,25.0,0.989908428718182,8.0,0.0,17.0,58.0,14.0,1.0,1920.0,1080.0,11.0,0.0,0
26.0,1.0,1.0,0.0,0.0,2.0,0.0,19.0,0.0,0.0,3.2156568155101555,0.0,0.0,22.0,0.0,0.0,0.0,0.0,0.0,1.0,0.0,0.0,1.0,2030.0,1.0,0.0,4.0,0.0,0.0,0.0,0.0,3.0,0.0,0.0,0.0,0.0,18.0,0.9884353054813613,8.0,3.0,4.0,20.0,14.0,1.0,1920.0,1080.0,35.0,0.0,0
29.0,1.0,1.0,0.0,0.0,2.0,0.0,18.0,0.0,0.0,2.677114191770593,0.0,0.0,0.0,0.0,0.0,0.0,0.0,0.0,1.0,0.0,0.0,1.0,1606.0,0.0,0.0,11.0,0.0,0.0,0.0,0.0,0.0,0.0,0.0,0.0,0.0,115.0,0.9399754599228191,4.0,1.0,11.0,140.0,12.0,1.0,1920.0,1080.0,14.0,0.0,0
34.0,1.0,0.0,0.0,0.0,1.0,0.0,18.0,0.0,0.0,2.6572538791323947,0.0,0.0,12.0,5.0,0.0,0.0,0.0,0.0,1.0,0.0,0.0,1.0,1677.0,1.0,0.0,10.0,0.0,0.0,0.0,0.0,0.0,0.0,0.0,0.0,0.0,58.0,0.9439732654883314,14.0,7.0,10.0,457.0,10.0,1.0,1920.0,1080.0,7.0,0.0,0
39.0,1.0,1.0,0.0,0.0,2.0,0.0,15.0,1.0,0.06666666666666667,2.42216961832628,0.0,0.0,11.0,0.0,0.0,0.0,0.0,0.0,1.0,0.0,0.0,1.0,2073.0,1.0,1.0,26.0,0.0,0.0,0.0,0.0,1.0,1.0,0.0,0.0,0.0,40.0,0.9298613763650797,8.0,3.0,26.0,139.0,19.0,1.0,1920.0,1080.0,15.0,0.0,0
43.0,1.0,1.0,0.0,0.0,2.0,0.0,11.0,0.0,0.0,2.2029014136380294,0.0,0.0,19.0,20.0,0.0,1.0,1.0,0.0,1.0,0.0,0.0,1.0,295.0,1.0,0.0,26.0,0.0,0.0,0.0,0.0,3.0,0.0,0.0,0.0,0.0,111.0,0.9467322183743816,7.0,6.0,26.0,240.0,5.0,1.0,1280.0,800.0,28.0,0.0,0
26.0,1.0,1.0,0.0,0.0,2.0,0.0,12.0,0.0,0.0,2.8383808709814895,0.0,0.0,21.0,0.0,0.0,1.0,1.0,0.0,1.0,0.0,0.0,1.0,1989.0,2.0,0.0,6.0,0.0,0.0,0.0,0.0,2.0,0.0,0.0,0.0,0.0,30.0,0.9729918613969217,12.0,9.0,6.0,145.0,10.0,1.0,1920.0,1080.0,39.0,0.0,0
50.0,1.0,1.0,0.0,0.0,2.0,0.0,19.0,0.0,0.0,3.344482293271825,0.0,0.0,11.0,0.0,0.0,0.0,0.0,0.0,1.0,0.0,0.0,1.0,2025.0,1.0,0.0,29.0,0.0,0.0,0.0,0.0,1.0,1.0,0.0,0.0,0.0,86.0,0.9743136331968902,13.0,1.0,29.0,365.0,1.0,1.0,1920.0,1080.0,3.0,0.0,0
40.0,1.0,0.0,0.0,0.0,1.0,0.0,21.0,0.0,0.0,2.938804588242462,0.0,0.0,0.0,0.0,0.0,0.0,0.0,0.0,1.0,0.0,0.0,1.0,1309.0,0.0,1.0,29.0,0.0,0.0,0.0,0.0,3.0,0.0,0.0,0.0,0.0,28.0,0.947713389069316,3.0,2.0,29.0,258.0,5.0,1.0,1920.0,1080.0,23.0,0.0,0
53.0,1.0,0.0,0.0,0.0,1.0,0.0,12.0,0.0,0.0,2.453637399695617,0.0,0.0,28.0,5.0,0.0,0.0,0.0,0.0,1.0,0.0,0.0,1.0,249.0,2.0,0.0,10.0,0.0,0.0,0.0,0.0,2.0,0.0,0.0,0.0,0.0,88.0,0.9345831168759237,5.0,3.0,10.0,135.0,4.0,1.0,1920.0,1080.0,6.0,0.0,0
45.0,1.0,0.0,0.0,0.0,1.0,0.0,20.0,0.0,0.0,2.485060174973509,0.0,0.0,28.0,0.0,0.0,1.0,1.0,0.0,1.0,0.0,0.0,1.0,1966.0,1.0,1.0,4.0,0.0,0.0,0.0,0.0,0.0,0.0,0.0,0.0,0.0,29.0,0.9351135693070305,5.0,2.0,4.0,441.0,2.0,1.0,1920.0,1080.0,4.0,0.0,0
28.0,1.0,1.0,0.0,0.0,2.0,0.0,8.0,0.0,0.0,2.703777107845629,0.0,0.0,5.0,0.0,0.0,0.0,0.0,0.0,1.0,0.0,0.0,1.0,2156.0,0.0,0.0,19.0,0.0,0.0,0.0,0.0,2.0,0.0,1.0,0.0,0.0,92.0,0.9924492180917732,11.0,7.0,19.0,226.0,11.0,1.0,1280.0,800.0,41.0,0.0,0
21.0,1.0,0.0,0.0,0.0,1.0,0.0,16.0,0.0,0.0,2.380672165220722,0.0,0.0,21.0,0.0,0.0,1.0,1.0,0.0,1.0,0.0,0.0,1.0,1385.0,1.0,0.0,3.0,0.0,0.0,1.0,0.0,0.0,0.0,0.0,0.0,1.0,56.0,0.9493704747983635,10.0,4.0,3.0,152.0,7.0,1.0,1920.0,1080.0,6.0,0.0,0
22.0,1.0,1.0,0.0,0.0,2.0,0.0,7.0,0.0,0.0,2.7173131079265946,0.0,0.0,17.0,0.0,0.0,0.0,0.0,0.0,1.0,0.0,0.0,1.0,802.0,2.0,0.0,29.0,0.0,0.0,0.0,0.0,2.0,0.0,0.0,0.0,0.0,15.0,0.9217267608658297,2.0,1.0,29.0,425.0,2.0,1.0,1920.0,1080.0,19.0,0.0,0
19.0,1.0,1.0,0.0,0.0,2.0,0.0,8.0,0.0,0.0,2.1801316024363193,0.0,0.0,3.0,0.0,0.0,0.0,0.0,0.0,1.0,0.0,0.0,1.0,1002.0,1.0,1.0,29.0,0.0,0.0,0.0,0.0,3.0,0.0,0.0,0.0,0.0,17.0,0.9771045608965273,12.0,1.0,29.0,112.0,19.0,1.0,1280.0,800.0,8.0,0.0,0
21.0,1.0,1.0,0.0,0.0,2.0,0.0,7.0,1.0,0.14285714285714285,2.587041414260615,0.0,0.0,7.0,0.0,0.0,1.0,1.0,0.0,1.0,0.0,0.0,1.0,481.0,1.0,1.0,4.0,0.0,0.0,0.0,0.0,1.0,0.0,1.0,0.0,0.0,109.0,0.9391545972909743,14.0,0.0,4.0,9.0,9.0,1.0,1920.0,1080.0,24.0,0.0,0
45.0,0.0,0.0,0.0,0.0,1.0,0.0,14.0,0.0,0.0,2.739456831322576,0.0,0.0,1.0,0.0,0.0,1.0,1.0,0.0,0.0,0.0,0.0,0.0,1747.0,2.0,1.0,3.0,0.0,0.0,0.0,0.0,3.0,0.0,0.0,0.0,0.0,50.0,0.2886568048464151,10.0,0.0,3.0,75.0,9.0,1.0,1920.0,1080.0,17.0,0.0,0
30.0,1.0,1.0,0.0,2.0,2.0,0.0,20.0,0.0,0.0,2.6507390497117855,0.0,0.0,29.0,0.0,0.0,0.0,0.0,0.0,1.0,0.0,0.0,1.0,1583.0,1.0,0.0,8.0,1.0,1.0,0.0,0.0,0.0,3.0,0.0,0.0,1.0,82.0,0.982324825485324,3.0,2.0,8.0,33.0,3.0,1.0,1920.0,1080.0,9.0,0.0,0
21.0,1.0,0.0,0.0,0.0,1.0,0.0,15.0,0.0,0.0,2.4123006561784734,0.0,0.0,5.0,0.0,0.0,1.0,1.0,0.0,1.0,0.0,0.0,1.0,502.0,0.0,0.0,27.0,0.0,0.0,0.0,0.0,2.0,0.0,0.0,0.0,0.0,39.0,0.9924584543291279,4.0,3.0,27.0,465.0,6.0,1.0,1280.0,800.0,17.0,0.0,0
47.0,1.0,1.0,0.0,1.0,2.0,0.0,12.0,0.0,0.0,2.8875328660230926,0.0,0.0,26.0,0.0,0.0,1.0,1.0,0.0,1.0,0.0,0.0,1.0,1365.0,1.0,1.0,9.0,0.0,0.0,1.0,0.0,3.0,0.0,0.0,0.0,1.0,103.0,0.9996110561998915,4.0,3.0,9.0,241.0,16.0,1.0,1920.0,1080.0,35.0,0.0,0
32.0,1.0,1.0,0.0,0.0,2.0,0.0,21.0,0.0,0.0,3.0934389527206423,0.0,0.0,16.0,0.0,0.0,1.0,1.0,0.0,1.0,0.0,0.0,1.0,2385.0,1.0,2.0,7.0,0.0,0.0,0.0,0.0,0.0,0.0,0.0,0.0,0.0,59.0,0.9934878686236406,3.0,2.0,7.0,166.0,0.0,1.0,1920.0,1080.0,43.0,0.0,0
30.0,1.0,0.0,0.0,0.0,1.0,0.0,10.0,0.0,0.0,2.6380622972341343,0.0,0.0,7.0,0.0,0.0,0.0,0.0,0.0,1.0,0.0,0.0,1.0,701.0,2.0,2.0,13.0,0.0,0.0,0.0,0.0,0.0,0.0,0.0,0.0,0.0,75.0,0.960160079531027,9.0,0.0,13.0,162.0,18.0,1.0,1920.0,1080.0,14.0,0.0,0
32.0,1.0,1.0,0.0,0.0,2.0,0.0,9.0,0.0,0.0,2.1938852382147216,0.0,0.0,25.0,0.0,0.0,1.0,1.0,0.0,1.0,0.0,0.0,1.0,293.0,0.0,0.0,18.0,0.0,0.0,0.0,0.0,3.0,1.0,0.0,0.0,0.0,110.0,0.922560430534979,11.0,1.0,18.0,57.0,0.0,1.0,1280.0,800.0,12.0,0.0,0
27.0,1.0,1.0,0.0,0.0,2.0,0.0,21.0,0.0,0.0,3.110802029865911,0.0,1.0,22.0,0.0,0.0,1.0,1.0,0.0,1.0,0.0,0.0,1.0,868.0,1.0,1.0,23.0,1.0,1.0,0.0,0.0,1.0,3.0,0.0,0.0,1.0,62.0,0.9309561534973319,13.0,0.0,23.0,26.0,7.0,1.0,1920.0,1080.0,20.0,0.0,0
46.0,1.0,1.0,0.0,0.0,2.0,0.0,16.0,0.0,0.0,3.2308031749444925,0.0,0.0,27.0,5.0,0.0,0.0,0.0,0.0,1.0,0.0,0.0,1.0,1069.0,0.0,0.0,24.0,0.0,0.0,0.0,0.0,0.0,0.0,0.0,0.0,0.0,53.0,0.9944996942110166,1.0,0.0,24.0,251.0,10.0,1.0,1280.0,800.0,29.0,0.0,0
43.0,1.0,1.0,0.0,0.0,2.0,0.0,19.0,0.0,0.0,2.8859414101030065,0.0,0.0,15.0,0.0,0.0,1.0,1.0,0.0,1.0,0.0,0.0,1.0,1691.0,1.0,1.0,8.0,1.0,0.0,0.0,0.0,0.0,1.0,1.0,0.0,1.0,101.0,0.9831353791952291,10.0,9.0,8.0,11.0,14.0,1.0,1920.0,1080.0,5.0,0.0,0
42.0,1.0,1.0,0.0,0.0,2.0,0.0,14.0,0.0,0.0,2.1879464706647926,0.0,0.0,11.0,0.0,0.0,0.0,0.0,0.0,1.0,0.0,0.0,1.0,2226.0,1.0,0.0,25.0,0.0,0.0,0.0,0.0,0.0,1.0,0.0,0.0,0.0,70.0,0.9546975044716028,8.0,7.0,25.0,158.0,5.0,1.0,1920.0,1080.0,13.0,0.0,0
40.0,1.0,1.0,0.0,0.0,2.0,0.0,17.0,0.0,0.0,2.322241169309418,0.0,0.0,11.0,0.0,0.0,0.0,0.0,0.0,1.0,0.0,0.0,1.0,1237.0,1.0,1.0,23.0,0.0,0.0,0.0,0.0,3.0,1.0,0.0,0.0,0.0,96.0,0.9779600562600779,1.0,0.0,23.0,10.0,13.0,1.0,1920.0,1080.0,15.0,0.0,0
54.0,1.0,0.0,0.0,0.0,1.0,0.0,10.0,0.0,0.0,3.1979495923664354,0.0,0.0,9.0,0.0,0.0,1.0,1.0,0.0,1.0,0.0,0.0,1.0,567.0,1.0,1.0,24.0,0.0,0.0,0.0,0.0,1.0,1.0,0.0,0.0,0.0,91.0,0.9406535222382286,14.0,3.0,24.0,395.0,12.0,1.0,1920.0,1080.0,34.0,0.0,0
28.0,1.0,0.0,0.0,0.0,1.0,0.0,14.0,1.0,0.07142857142857142,2.350032309976971,0.0,0.0,21.0,0.0,0.0,1.0,1.0,0.0,1.0,0.0,0.0,0.0,680.0,1.0,0.0,8.0,0.0,0.0,0.0,0.0,1.0,0.0,0.0,0.0,0.0,74.0,0.9761556068014966,13.0,4.0,8.0,131.0,4.0,1.0,1920.0,1080.0,39.0,0.0,0
40.0,1.0,2.0,0.0,0.0,3.0,0.0,20.0,0.0,0.0,2.335221041104841,0.0,0.0,9.0,0.0,0.0,0.0,0.0,0.0,1.0,0.0,0.0,1.0,175.0,0.0,0.0,12.0,0.0,0.0,0.0,0.0,0.0,0.0,0.0,0.0,0.0,46.0,0.9631106834175062,13.0,5.0,12.0,143.0,16.0,1.0,1920.0,1080.0,15.0,0.0,0
21.0,0.0,1.0,0.0,0.0,2.0,0.0,21.0,0.0,0.0,3.3966568746889427,0.0,0.0,1.0,0.0,0.0,0.0,0.0,0.0,0.0,0.0,0.0,0.0,104.0,1.0,0.0,6.0,1.0,0.0,0.0,0.0,1.0,1.0,0.0,0.0,1.0,83.0,0.2551508847254391,6.0,0.0,6.0,334.0,15.0,1.0,1920.0,1080.0,24.0,0.0,0
33.0,1.0,1.0,0.0,0.0,2.0,0.0,13.0,0.0,0.0,3.3353684836355635,0.0,0.0,4.0,0.0,0.0,0.0,0.0,0.0,1.0,0.0,0.0,1.0,1253.0,1.0,1.0,16.0,0.0,0.0,0.0,0.0,2.0,0.0,0.0,0.0,0.0,33.0,0.9374265368971438,14.0,7.0,16.0,129.0,19.0,1.0,1920.0,1080.0,16.0,0.0,0
31.0,1.0,0.0,0.0,0.0,1.0,0.0,7.0,0.0,0.0,2.627585633270341,0.0,0.0,10.0,5.0,0.0,0.0,0.0,0.0,1.0,0.0,0.0,1.0,929.0,0.0,0.0,10.0,0.0,0.0,0.0,0.0,3.0,0.0,0.0,0.0,0.0,31.0,0.9314613788054614,1.0,0.0,10.0,465.0,19.0,1.0,1920.0,1080.0,13.0,0.0,0
38.0,1.0,1.0,0.0,0.0,2.0,0.0,14.0,0.0,0.0,2.400419111968516,0.0,0.0,14.0,0.0,0.0,1.0,1.0,0.0,1.0,0.0,0.0,1.0,622.0,1.0,0.0,13.0,0.0,0.0,0.0,0.0,2.0,0.0,0.0,0.0,0.0,26.0,0.9884463280837142,12.0,2.0,13.0,442.0,16.0,1.0,1920.0,1080.0,11.0,0.0,0
19.0,1.0,0.0,0.0,2.0,1.0,0.0,21.0,0.0,0.0,2.588070598220701,0.0,0.0,0.0,0.0,0.0,1.0,1.0,0.0,1.0,0.0,0.0,1.0,2472.0,0.0,2.0,28.0,0.0,0.0,0.0,0.0,3.0,0.0,0.0,0.0,0.0,85.0,0.946239019787537,11.0,7.0,28.0,317.0,7.0,1.0,1920.0,1080.0,4.0,0.0,0
21.0,1.0,0.0,0.0,0.0,1.0,0.0,21.0,0.0,0.0,3.2026709397600017,0.0,0.0,3.0,0.0,0.0,0.0,0.0,0.0,1.0,0.0,0.0,1.0,953.0,0.0,0.0,26.0,0.0,0.0,0.0,0.0,0.0,0.0,0.0,0.0,0.0,15.0,0.9877306589819972,7.0,6.0,26.0,496.0,7.0,1.0,1920.0,1080.0,35.0,0.0,0
37.0,1.0,1.0,0.0,0.0,2.0,0.0,10.0,0.0,0.0,2.4714284324848554,0.0,0.0,3.0,0.0,0.0,1.0,1.0,0.0,1.0,0.0,0.0,1.0,1480.0,2.0,0.0,4.0,0.0,0.0,0.0,0.0,0.0,0.0,0.0,0.0,0.0,59.0,0.9975349483161281,8.0,7.0,4.0,367.0,1.0,1.0,1280.0,800.0,30.0,0.0,0
23.0,1.0,0.0,0.0,0.0,1.0,0.0,12.0,0.0,0.0,2.5144192821003997,0.0,0.0,7.0,0.0,0.0,1.0,1.0,0.0,1.0,0.0,0.0,1.0,324.0,0.0,1.0,5.0,0.0,0.0,0.0,0.0,0.0,0.0,0.0,0.0,0.0,118.0,0.9750244346109608,4.0,0.0,5.0,495.0,10.0,1.0,1280.0,800.0,9.0,0.0,0
32.0,1.0,0.0,0.0,0.0,1.0,0.0,9.0,0.0,0.0,2.7808781622740977,0.0,0.0,3.0,0.0,0.0,0.0,0.0,0.0,1.0,0.0,0.0,1.0,1954.0,0.0,0.0,19.0,0.0,0.0,0.0,0.0,2.0,0.0,0.0,0.0,0.0,101.0,0.9334618077267424,9.0,2.0,19.0,6.0,10.0,1.0,1280.0,800.0,38.0,0.0,0
30.0,1.0,1.0,0.0,2.0,2.0,0.0,15.0,0.0,0.0,2.8054777347509816,0.0,0.0,17.0,0.0,0.0,0.0,0.0,0.0,1.0,0.0,0.0,1.0,502.0,2.0,0.0,12.0,0.0,0.0,0.0,0.0,3.0,1.0,0.0,0.0,0.0,53.0,0.9884212344315882,4.0,3.0,12.0,100.0,4.0,1.0,1280.0,800.0,27.0,0.0,0
29.0,0.0,1.0,0.0,0.0,2.0,0.0,20.0,0.0,0.0,3.203262967924909,0.0,0.0,12.0,0.0,0.0,1.0,1.0,0.0,0.0,0.0,0.0,0.0,1353.0,0.0,0.0,18.0,0.0,0.0,0.0,0.0,1.0,1.0,0.0,0.0,0.0,114.0,0.2333263268198399,2.0,1.0,18.0,64.0,2.0,1.0,1280.0,800.0,17.0,0.0,0
45.0,1.0,0.0,0.0,0.0,1.0,0.0,11.0,0.0,0.0,3.009860441560809,0.0,0.0,12.0,5.0,0.0,1.0,1.0,0.0,1.0,0.0,0.0,1.0,82.0,2.0,0.0,18.0,1.0,0.0,0.0,0.0,1.0,2.0,0.0,0.0,1.0,72.0,0.9456350035644969,1.0,0.0,18.0,232.0,1.0,1.0,1920.0,1080.0,11.0,0.0,0
38.0,1.0,0.0,0.0,0.0,1.0,0.0,20.0,0.0,0.0,2.2989054534985662,0.0,0.0,13.0,0.0,0.0,1.0,1.0,0.0,1.0,0.0,0.0,1.0,825.0,2.0,0.0,19.0,1.0,1.0,0.0,0.0,1.0,3.0,0.0,0.0,1.0,28.0,0.9448581080956914,8.0,7.0,19.0,35.0,19.0,1.0,1280.0,800.0,8.0,0.0,0
40.0,1.0,1.0,0.0,0.0,2.0,0.0,21.0,0.0,0.0,2.8107557271632384,0.0,0.0,27.0,5.0,0.0,0.0,0.0,0.0,1.0,0.0,0.0,1.0,1999.0,1.0,0.0,20.0,0.0,0.0,0.0,0.0,1.0,0.0,0.0,0.0,0.0,44.0,0.9465143210618182,4.0,3.0,20.0,310.0,5.0,1.0,1920.0,1080.0,18.0,0.0,0
33.0,1.0,0.0,0.0,0.0,1.0,0.0,18.0,2.0,0.1111111111111111,3.071826684192933,0.0,1.0,12.0,0.0,0.0,1.0,1.0,0.0,1.0,0.0,0.0,1.0,954.0,1.0,0.0,12.0,0.0,0.0,0.0,0.0,2.0,1.0,0.0,0.0,0.0,32.0,0.9992308057743085,4.0,3.0,12.0,409.0,9.0,1.0,1920.0,1080.0,4.0,0.0,0
37.0,1.0,1.0,0.0,0.0,2.0,0.0,21.0,0.0,0.0,2.2430243764995224,0.0,0.0,30.0,0.0,0.0,0.0,0.0,0.0,1.0,0.0,0.0,1.0,1162.0,0.0,2.0,21.0,0.0,0.0,0.0,0.0,1.0,1.0,0.0,0.0,0.0,60.0,0.9803087257315934,10.0,9.0,21.0,22.0,16.0,1.0,1920.0,1080.0,8.0,0.0,0
50.0,1.0,0.0,0.0,0.0,1.0,0.0,15.0,0.0,0.0,3.0746583439113877,0.0,0.0,6.0,0.0,0.0,0.0,0.0,0.0,1.0,0.0,0.0,1.0,348.0,0.0,0.0,2.0,0.0,0.0,0.0,0.0,3.0,0.0,0.0,0.0,0.0,46.0,0.9230896647855833,12.0,7.0,2.0,200.0,0.0,1.0,1280.0,800.0,10.0,0.0,0
38.0,1.0,1.0,0.0,0.0,2.0,0.0,9.0,0.0,0.0,2.7181562683674763,0.0,0.0,28.0,0.0,0.0,0.0,0.0,0.0,1.0,0.0,0.0,1.0,664.0,0.0,0.0,23.0,0.0,0.0,0.0,0.0,0.0,0.0,0.0,0.0,0.0,71.0,0.9852232871427253,5.0,4.0,23.0,389.0,14.0,1.0,1280.0,800.0,23.0,0.0,0
19.0,1.0,0.0,0.0,1.0,1.0,0.0,17.0,0.0,0.0,2.2791001372103197,0.0,0.0,13.0,0.0,0.0,0.0,0.0,0.0,1.0,0.0,0.0,1.0,651.0,1.0,1.0,20.0,0.0,0.0,0.0,0.0,0.0,0.0,1.0,0.0,0.0,58.0,0.9584760200761817,10.0,9.0,20.0,305.0,18.0,1.0,1920.0,1080.0,17.0,0.0,0
47.0,1.0,1.0,0.0,0.0,2.0,0.0,19.0,0.0,0.0,2.7184716837408667,0.0,0.0,9.0,0.0,0.0,0.0,0.0,0.0,1.0,0.0,0.0,1.0,1307.0,0.0,0.0,18.0,0.0,0.0,0.0,0.0,2.0,0.0,0.0,0.0,0.0,56.0,0.9399667718081021,5.0,1.0,18.0,50.0,4.0,1.0,1920.0,1080.0,32.0,0.0,0
20.0,1.0,1.0,0.0,0.0,2.0,0.0,8.0,0.0,0.0,2.477642405520811,0.0,0.0,29.0,5.0,0.0,1.0,1.0,0.0,1.0,0.0,0.0,1.0,1760.0,0.0,0.0,11.0,0.0,0.0,0.0,0.0,3.0,0.0,0.0,0.0,0.0,55.0,0.9595296075467555,2.0,1.0,11.0,418.0,10.0,1.0,1920.0,1080.0,19.0,0.0,0
22.0,1.0,1.0,0.0,0.0,2.0,0.0,14.0,0.0,0.0,3.321336334940001,0.0,0.0,33.0,20.0,0.0,1.0,1.0,0.0,1.0,0.0,0.0,1.0,1021.0,2.0,0.0,3.0,0.0,0.0,1.0,0.0,3.0,0.0,0.0,0.0,1.0,89.0,0.9941632718927326,9.0,7.0,3.0,457.0,4.0,1.0,1920.0,1080.0,6.0,0.0,0
50.0,1.0,1.0,0.0,2.0,2.0,0.0,19.0,0.0,0.0,3.0337791032508123,0.0,0.0,20.0,0.0,0.0,0.0,0.0,0.0,1.0,0.0,0.0,1.0,2109.0,2.0,0.0,10.0,0.0,0.0,0.0,0.0,2.0,0.0,0.0,0.0,0.0,97.0,0.968985916422827,3.0,2.0,10.0,339.0,18.0,1.0,1920.0,1080.0,32.0,0.0,0
50.0,1.0,1.0,0.0,0.0,2.0,0.0,14.0,0.0,0.0,2.860543567136953,0.0,0.0,22.0,0.0,0.0,0.0,0.0,0.0,1.0,0.0,0.0,1.0,2090.0,1.0,0.0,18.0,0.0,0.0,0.0,0.0,3.0,0.0,0.0,0.0,0.0,47.0,0.9451347027660563,11.0,6.0,18.0,460.0,3.0,1.0,1920.0,1080.0,8.0,0.0,0
51.0,1.0,0.0,0.0,0.0,1.0,0.0,10.0,0.0,0.0,3.11011368659992,0.0,0.0,28.0,0.0,0.0,1.0,1.0,0.0,1.0,0.0,0.0,1.0,869.0,1.0,0.0,28.0,1.0,1.0,0.0,0.0,1.0,2.0,0.0,0.0,1.0,61.0,0.9457095225364444,10.0,8.0,28.0,391.0,12.0,1.0,1920.0,1080.0,4.0,0.0,0
20.0,1.0,0.0,0.0,0.0,1.0,0.0,19.0,0.0,0.0,2.1633445222742873,0.0,0.0,14.0,0.0,0.0,0.0,0.0,0.0,1.0,0.0,0.0,1.0,1351.0,2.0,0.0,6.0,0.0,0.0,0.0,0.0,2.0,1.0,0.0,0.0,0.0,115.0,0.958681915630257,4.0,3.0,6.0,296.0,1.0,1.0,1920.0,1080.0,37.0,0.0,0
45.0,1.0,1.0,0.0,0.0,2.0,0.0,11.0,0.0,0.0,2.4239319832761956,0.0,0.0,2.0,0.0,0.0,1.0,1.0,0.0,1.0,0.0,0.0,1.0,477.0,1.0,1.0,14.0,0.0,0.0,0.0,0.0,0.0,0.0,0.0,0.0,0.0,34.0,0.9336059973952452,6.0,5.0,14.0,260.0,11.0,1.0,1920.0,1080.0,18.0,0.0,0
30.0,1.0,0.0,0.0,0.0,1.0,0.0,15.0,0.0,0.0,3.3948740295615365,0.0,0.0,10.0,0.0,0.0,0.0,0.0,0.0,1.0,0.0,0.0,1.0,734.0,0.0,2.0,21.0,0.0,0.0,0.0,0.0,3.0,0.0,0.0,0.0,0.0,75.0,0.9517068145710325,14.0,9.0,21.0,169.0,19.0,1.0,1920.0,1080.0,43.0,0.0,0
28.0,1.0,2.0,0.0,0.0,3.0,0.0,10.0,0.0,0.0,2.8407240665058526,0.0,0.0,33.0,0.0,0.0,1.0,1.0,0.0,1.0,0.0,0.0,1.0,981.0,1.0,0.0,16.0,0.0,0.0,0.0,0.0,2.0,0.0,0.0,0.0,0.0,80.0,0.9238075460267723,14.0,0.0,16.0,170.0,10.0,1.0,1920.0,1080.0,4.0,0.0,0
26.0,1.0,1.0,0.0,0.0,2.0,0.0,19.0,0.0,0.0,3.3572249818815187,0.0,0.0,24.0,20.0,0.0,1.0,1.0,0.0,1.0,0.0,0.0,1.0,744.0,0.0,0.0,22.0,0.0,0.0,0.0,0.0,0.0,0.0,0.0,0.0,0.0,35.0,0.9533976545271087,6.0,5.0,22.0,15.0,1.0,1.0,1920.0,1080.0,42.0,0.0,0
42.0,1.0,2.0,0.0,0.0,3.0,0.0,12.0,0.0,0.0,3.3483549493974434,0.0,0.0,15.0,0.0,0.0,0.0,0.0,0.0,1.0,0.0,0.0,1.0,96.0,2.0,0.0,29.0,0.0,0.0,0.0,0.0,2.0,0.0,1.0,0.0,0.0,16.0,0.9839334436465696,2.0,1.0,29.0,264.0,13.0,1.0,1920.0,1080.0,30.0,0.0,0
51.0,1.0,1.0,0.0,0.0,2.0,0.0,19.0,0.0,0.0,2.2864440841347307,0.0,1.0,31.0,0.0,0.0,1.0,1.0,0.0,1.0,0.0,0.0,1.0,248.0,0.0,0.0,26.0,0.0,0.0,0.0,0.0,3.0,0.0,0.0,0.0,0.0,91.0,0.9936911246958192,5.0,4.0,26.0,343.0,2.0,1.0,1280.0,800.0,30.0,0.0,0
23.0,1.0,0.0,0.0,0.0,1.0,0.0,12.0,0.0,0.0,2.3954452440797342,0.0,0.0,30.0,0.0,0.0,0.0,0.0,0.0,1.0,0.0,0.0,1.0,2004.0,2.0,0.0,14.0,1.0,0.0,0.0,0.0,2.0,2.0,0.0,0.0,1.0,18.0,0.9331186698145277,14.0,0.0,14.0,197.0,0.0,1.0,1920.0,1080.0,21.0,0.0,0
54.0,1.0,0.0,0.0,0.0,1.0,0.0,12.0,0.0,0.0,3.0806338554421355,0.0,0.0,31.0,0.0,0.0,1.0,1.0,0.0,1.0,0.0,0.0,1.0,1284.0,1.0,1.0,5.0,1.0,0.0,0.0,0.0,2.0,1.0,0.0,0.0,1.0,55.0,0.9334146462877757,13.0,8.0,5.0,33.0,10.0,1.0,1920.0,1080.0,9.0,0.0,0
27.0,1.0,1.0,0.0,0.0,2.0,0.0,15.0,2.0,0.13333333333333333,2.760548811203254,0.0,0.0,13.0,0.0,0.0,0.0,0.0,0.0,1.0,0.0,0.0,0.0,1132.0,0.0,0.0,28.0,0.0,0.0,0.0,0.0,0.0,0.0,0.0,0.0,0.0,35.0,0.9796702449404823,10.0,7.0,28.0,281.0,3.0,1.0,1280.0,800.0,37.0,0.0,0
44.0,0.0,1.0,0.0,0.0,2.0,0.0,18.0,1.0,0.05555555555555555,2.858090364566275,0.0,0.0,25.0,0.0,0.0,0.0,0.0,0.0,0.0,0.0,0.0,0.0,1531.0,1.0,0.0,26.0,0.0,0.0,1.0,0.0,2.0,0.0,0.0,0.0,1.0,91.0,0.17293749538406256,4.0,3.0,26.0,285.0,19.0,1.0,1920.0,1080.0,10.0,0.0,0
53.0,1.0,1.0,0.0,0.0,2.0,0.0,19.0,0.0,0.0,3.3179233309823233,0.0,1.0,12.0,0.0,0.0,0.0,0.0,0.0,1.0,0.0,0.0,1.0,778.0,1.0,1.0,21.0,0.0,0.0,0.0,0.0,1.0,1.0,0.0,0.0,0.0,18.0,0.9346681015667063,12.0,7.0,21.0,262.0,16.0,1.0,1280.0,800.0,35.0,0.0,0
36.0,1.0,0.0,0.0,0.0,1.0,0.0,12.0,0.0,0.0,3.1584819497847327,0.0,0.0,18.0,0.0,0.0,1.0,1.0,0.0,1.0,0.0,0.0,1.0,1626.0,1.0,0.0,2.0,1.0,1.0,0.0,0.0,2.0,3.0,0.0,0.0,1.0,27.0,0.9716353734956852,13.0,9.0,2.0,289.0,15.0,1.0,1920.0,1080.0,35.0,0.0,0
46.0,1.0,1.0,0.0,2.0,2.0,0.0,10.0,0.0,0.0,2.6602621322564857,0.0,0.0,21.0,0.0,0.0,1.0,1.0,0.0,1.0,0.0,0.0,1.0,977.0,2.0,0.0,12.0,0.0,0.0,0.0,0.0,2.0,0.0,1.0,0.0,0.0,18.0,0.9592510239584403,2.0,1.0,12.0,423.0,16.0,1.0,1280.0,800.0,3.0,0.0,0
53.0,1.0,0.0,0.0,0.0,1.0,0.0,15.0,0.0,0.0,3.0504318401241006,0.0,0.0,21.0,0.0,0.0,0.0,0.0,0.0,1.0,0.0,0.0,1.0,1369.0,0.0,0.0,8.0,0.0,0.0,0.0,0.0,0.0,0.0,0.0,0.0,0.0,20.0,0.9735449069828392,9.0,5.0,8.0,399.0,6.0,1.0,1920.0,1080.0,19.0,0.0,0
29.0,1.0,1.0,0.0,0.0,2.0,0.0,8.0,0.0,0.0,2.7117393261529443,0.0,0.0,27.0,0.0,0.0,0.0,0.0,0.0,1.0,0.0,0.0,1.0,464.0,1.0,0.0,6.0,0.0,0.0,0.0,0.0,0.0,0.0,0.0,0.0,0.0,85.0,0.976651608191028,1.0,0.0,6.0,94.0,2.0,1.0,1920.0,1080.0,15.0,0.0,0
26.0,1.0,0.0,0.0,2.0,1.0,0.0,15.0,0.0,0.0,3.1343196224493033,0.0,0.0,14.0,5.0,0.0,0.0,0.0,0.0,1.0,0.0,0.0,1.0,1304.0,1.0,1.0,5.0,0.0,0.0,0.0,0.0,1.0,0.0,0.0,0.0,0.0,42.0,0.9998903082283407,10.0,8.0,5.0,255.0,3.0,1.0,1280.0,800.0,12.0,0.0,0
28.0,1.0,1.0,0.0,0.0,2.0,0.0,9.0,0.0,0.0,2.3929892443764267,0.0,0.0,14.0,5.0,0.0,0.0,0.0,0.0,1.0,0.0,0.0,1.0,1421.0,1.0,0.0,24.0,0.0,0.0,0.0,0.0,3.0,0.0,0.0,0.0,0.0,36.0,0.9457939693841793,12.0,1.0,24.0,283.0,2.0,1.0,1920.0,1080.0,3.0,0.0,0
49.0,1.0,1.0,0.0,0.0,2.0,0.0,16.0,0.0,0.0,2.904986704132019,0.0,0.0,18.0,0.0,0.0,0.0,0.0,0.0,1.0,0.0,0.0,1.0,906.0,0.0,0.0,12.0,0.0,0.0,0.0,0.0,1.0,0.0,0.0,0.0,0.0,97.0,0.9225336905378313,12.0,2.0,12.0,39.0,0.0,1.0,1920.0,1080.0,19.0,0.0,0
35.0,1.0,1.0,0.0,1.0,2.0,0.0,12.0,0.0,0.0,3.308952560382337,0.0,0.0,19.0,0.0,0.0,1.0,1.0,0.0,1.0,0.0,0.0,1.0,1842.0,0.0,0.0,4.0,0.0,0.0,0.0,0.0,3.0,1.0,0.0,0.0,0.0,112.0,0.9410973979515421,10.0,7.0,4.0,436.0,1.0,1.0,1920.0,1080.0,25.0,0.0,0
30.0,1.0,0.0,0.0,0.0,1.0,0.0,13.0,1.0,0.07692307692307693,3.28103778062839,0.0,0.0,14.0,0.0,0.0,1.0,1.0,0.0,1.0,0.0,0.0,1.0,1544.0,1.0,0.0,12.0,1.0,0.0,0.0,0.0,3.0,3.0,0.0,0.0,1.0,97.0,0.9345842524283564,7.0,4.0,12.0,481.0,9.0,1.0,1280.0,800.0,37.0,0.0,0
53.0,1.0,1.0,0.0,1.0,2.0,0.0,20.0,0.0,0.0,2.188055842833921,0.0,1.0,12.0,0.0,0.0,1.0,1.0,0.0,1.0,0.0,0.0,1.0,853.0,1.0,0.0,21.0,0.0,0.0,0.0,0.0,2.0,0.0,0.0,0.0,0.0,88.0,0.9921778249362848,1.0,0.0,21.0,116.0,19.0,1.0,1920.0,1080.0,15.0,0.0,0
25.0,1.0,0.0,0.0,1.0,1.0,0.0,16.0,0.0,0.0,2.7496896094744407,0.0,0.0,22.0,0.0,0.0,0.0,0.0,0.0,1.0,0.0,0.0,1.0,1555.0,0.0,0.0,21.0,0.0,0.0,0.0,0.0,1.0,0.0,0.0,0.0,0.0,53.0,0.9559457123502885,2.0,1.0,21.0,327.0,11.0,1.0,1280.0,800.0,40.0,0.0,0
39.0,1.0,1.0,0.0,0.0,2.0,0.0,20.0,0.0,0.0,3.281366751442073,0.0,0.0,20.0,0.0,0.0,0.0,0.0,0.0,1.0,0.0,0.0,1.0,408.0,2.0,0.0,4.0,0.0,0.0,0.0,0.0,1.0,0.0,0.0,0.0,0.0,17.0,0.978420230027768,13.0,0.0,4.0,230.0,15.0,1.0,1920.0,1080.0,17.0,0.0,0
22.0,1.0,1.0,0.0,0.0,2.0,0.0,12.0,0.0,0.0,2.838244360032891,0.0,0.0,1.0,0.0,0.0,0.0,0.0,0.0,1.0,0.0,0.0,1.0,2119.0,1.0,0.0,4.0,0.0,0.0,0.0,0.0,1.0,1.0,0.0,0.0,0.0,48.0,0.9541718423070011,12.0,2.0,4.0,403.0,2.0,1.0,1920.0,1080.0,5.0,0.0,0
39.0,1.0,1.0,0.0,0.0,2.0,0.0,18.0,0.0,0.0,2.4382951468884744,0.0,0.0,9.0,0.0,0.0,0.0,0.0,0.0,1.0,0.0,0.0,1.0,2309.0,2.0,0.0,4.0,0.0,0.0,0.0,0.0,1.0,0.0,0.0,0.0,0.0,23.0,0.9462657707397485,1.0,0.0,4.0,420.0,7.0,1.0,1920.0,1080.0,34.0,0.0,0
30.0,1.0,1.0,0.0,0.0,2.0,0.0,21.0,0.0,0.0,2.104894503644191,0.0,0.0,19.0,0.0,0.0,1.0,1.0,0.0,1.0,0.0,0.0,1.0,101.0,1.0,0.0,28.0,0.0,0.0,0.0,0.0,0.0,0.0,0.0,0.0,0.0,21.0,0.9317318044742732,2.0,1.0,28.0,101.0,2.0,1.0,1920.0,1080.0,2.0,0.0,0
48.0,1.0,0.0,0.0,0.0,1.0,0.0,7.0,0.0,0.0,2.9172567279017096,0.0,0.0,10.0,5.0,0.0,0.0,0.0,0.0,1.0,0.0,0.0,1.0,191.0,0.0,1.0,29.0,0.0,0.0,0.0,0.0,2.0,0.0,0.0,0.0,0.0,95.0,0.9974059487634046,7.0,1.0,29.0,27.0,15.0,1.0,1280.0,800.0,26.0,0.0,0
18.0,1.0,1.0,0.0,0.0,2.0,0.0,18.0,1.0,0.05555555555555555,3.136603836864751,0.0,0.0,20.0,0.0,0.0,0.0,0.0,0.0,1.0,0.0,0.0,1.0,104.0,0.0,1.0,4.0,0.0,0.0,0.0,0.0,1.0,1.0,0.0,0.0,0.0,41.0,0.941986030091822,1.0,0.0,4.0,330.0,11.0,1.0,1280.0,800.0,37.0,0.0,0
22.0,1.0,1.0,0.0,0.0,2.0,0.0,19.0,0.0,0.0,3.2316851933671806,0.0,0.0,2.0,0.0,0.0,0.0,0.0,0.0,1.0,0.0,0.0,1.0,303.0,1.0,0.0,14.0,0.0,0.0,0.0,0.0,2.0,0.0,0.0,0.0,0.0,25.0,0.9698082800556898,8.0,2.0,14.0,74.0,15.0,1.0,1920.0,1080.0,31.0,0.0,0
24.0,1.0,1.0,0.0,0.0,2.0,0.0,12.0,0.0,0.0,2.518456852080207,0.0,0.0,3.0,0.0,0.0,0.0,0.0,0.0,1.0,0.0,0.0,1.0,2380.0,0.0,0.0,20.0,0.0,0.0,0.0,0.0,0.0,0.0,1.0,0.0,0.0,61.0,0.9796559639456988,8.0,1.0,20.0,15.0,12.0,1.0,1920.0,1080.0,40.0,0.0,0
18.0,1.0,2.0,0.0,0.0,3.0,0.0,9.0,0.0,0.0,2.2992043306681276,0.0,0.0,0.0,0.0,0.0,1.0,1.0,0.0,1.0,0.0,0.0,1.0,541.0,1.0,1.0,13.0,1.0,0.0,0.0,1.0,1.0,3.0,0.0,0.0,1.0,57.0,0.9665540867404637,10.0,9.0,13.0,468.0,14.0,1.0,1920.0,1080.0,5.0,0.0,0
18.0,1.0,2.0,0.0,1.0,3.0,0.0,11.0,0.0,0.0,2.1003511590637465,0.0,0.0,30.0,0.0,0.0,0.0,0.0,0.0,1.0,0.0,0.0,1.0,1066.0,0.0,0.0,5.0,0.0,0.0,0.0,0.0,3.0,0.0,0.0,0.0,0.0,44.0,0.9756007067353757,5.0,4.0,5.0,23.0,7.0,1.0,1280.0,800.0,10.0,0.0,0
42.0,1.0,0.0,0.0,0.0,1.0,0.0,15.0,0.0,0.0,2.1840543943580335,0.0,0.0,34.0,0.0,0.0,0.0,0.0,0.0,1.0,0.0,0.0,1.0,1325.0,0.0,0.0,4.0,0.0,0.0,0.0,0.0,0.0,0.0,0.0,0.0,0.0,82.0,0.9315498075167804,10.0,5.0,4.0,169.0,6.0,1.0,1920.0,1080.0,11.0,0.0,0
31.0,1.0,0.0,0.0,0.0,1.0,0.0,16.0,0.0,0.0,2.7068887590801785,0.0,0.0,22.0,5.0,0.0,1.0,1.0,0.0,1.0,0.0,0.0,1.0,1880.0,1.0,1.0,9.0,1.0,1.0,0.0,0.0,1.0,3.0,0.0,0.0,1.0,22.0,0.9595022425834265,6.0,5.0,9.0,126.0,16.0,1.0,1920.0,1080.0,43.0,0.0,0
48.0,1.0,1.0,0.0,0.0,2.0,0.0,7.0,0.0,0.0,2.8549973937709288,0.0,0.0,6.0,0.0,0.0,1.0,1.0,0.0,1.0,0.0,0.0,1.0,2004.0,0.0,0.0,6.0,0.0,0.0,0.0,0.0,1.0,1.0,0.0,0.0,0.0,45.0,0.9781136786225199,3.0,2.0,6.0,300.0,4.0,1.0,1920.0,1080.0,11.0,0.0,0
34.0,1.0,0.0,0.0,0.0,1.0,0.0,12.0,0.0,0.0,2.1455203204932127,0.0,0.0,33.0,0.0,0.0,1.0,1.0,0.0,1.0,0.0,0.0,1.0,835.0,1.0,0.0,3.0,0.0,0.0,0.0,0.0,2.0,1.0,0.0,0.0,0.0,94.0,0.957325218038628,14.0,3.0,3.0,494.0,1.0,1.0,1920.0,1080.0,35.0,0.0,0
53.0,1.0,1.0,0.0,0.0,2.0,0.0,21.0,0.0,0.0,2.596255089880719,0.0,0.0,15.0,0.0,0.0,0.0,0.0,0.0,1.0,0.0,0.0,1.0,1608.0,2.0,0.0,24.0,0.0,0.0,0.0,0.0,1.0,1.0,0.0,0.0,0.0,94.0,0.9240657251263106,13.0,5.0,24.0,218.0,0.0,1.0,1280.0,800.0,14.0,0.0,0
30.0,1.0,1.0,0.0,0.0,2.0,0.0,17.0,0.0,0.0,2.363007011964985,0.0,0.0,8.0,0.0,0.0,0.0,0.0,0.0,1.0,0.0,0.0,1.0,692.0,1.0,1.0,8.0,0.0,0.0,0.0,0.0,0.0,0.0,0.0,0.0,0.0,22.0,0.9855183687791351,2.0,1.0,8.0,394.0,5.0,1.0,1280.0,800.0,44.0,0.0,0
50.0,1.0,1.0,0.0,2.0,2.0,0.0,19.0,1.0,0.05263157894736842,2.168419764303247,0.0,0.0,28.0,5.0,0.0,1.0,1.0,0.0,1.0,0.0,0.0,1.0,1000.0,3.0,1.0,9.0,1.0,1.0,0.0,0.0,3.0,1.0,1.0,0.0,1.0,71.0,0.9303715552048236,3.0,0.0,9.0,147.0,8.0,1.0,1920.0,1080.0,18.0,0.0,0
30.0,1.0,1.0,0.0,1.0,2.0,0.0,13.0,0.0,0.0,3.193963177116123,0.0,0.0,2.0,0.0,0.0,0.0,0.0,0.0,1.0,0.0,0.0,1.0,322.0,1.0,0.0,10.0,0.0,0.0,0.0,0.0,3.0,0.0,0.0,0.0,0.0,100.0,0.9761313642572088,10.0,3.0,10.0,14.0,19.0,1.0,1280.0,800.0,28.0,0.0,0
28.0,1.0,0.0,0.0,0.0,1.0,0.0,7.0,0.0,0.0,2.5151747678986007,0.0,0.0,3.0,0.0,0.0,1.0,1.0,0.0,1.0,0.0,0.0,1.0,724.0,0.0,0.0,25.0,0.0,0.0,0.0,0.0,1.0,1.0,0.0,0.0,0.0,28.0,0.9617523854146776,11.0,6.0,25.0,301.0,13.0,1.0,1920.0,1080.0,28.0,0.0,0
24.0,1.0,1.0,0.0,0.0,2.0,0.0,8.0,0.0,0.0,2.3766822509640138,0.0,0.0,31.0,0.0,0.0,0.0,0.0,0.0,1.0,0.0,0.0,1.0,1910.0,1.0,1.0,23.0,0.0,0.0,0.0,0.0,0.0,0.0,1.0,0.0,0.0,36.0,0.9786500739847078,7.0,1.0,23.0,83.0,17.0,1.0,1280.0,800.0,34.0,0.0,0
47.0,1.0,1.0,0.0,2.0,2.0,0.0,18.0,0.0,0.0,3.209297672463851,0.0,1.0,1.0,0.0,0.0,0.0,0.0,0.0,1.0,0.0,0.0,1.0,1483.0,1.0,1.0,18.0,0.0,0.0,0.0,0.0,3.0,0.0,0.0,0.0,0.0,104.0,0.9805546166280138,8.0,5.0,18.0,108.0,4.0,1.0,1920.0,1080.0,21.0,0.0,0
51.0,1.0,1.0,0.0,0.0,2.0,0.0,13.0,0.0,0.0,2.8714072841443494,0.0,0.0,30.0,0.0,0.0,0.0,0.0,0.0,1.0,0.0,0.0,1.0,717.0,1.0,0.0,22.0,0.0,0.0,0.0,0.0,1.0,0.0,0.0,0.0,0.0,63.0,0.9526647943057193,14.0,3.0,22.0,243.0,14.0,1.0,1280.0,800.0,33.0,0.0,0
38.0,1.0,0.0,0.0,0.0,1.0,0.0,19.0,0.0,0.0,2.9226817697581593,0.0,0.0,1.0,0.0,0.0,1.0,1.0,0.0,1.0,0.0,0.0,1.0,317.0,1.0,0.0,16.0,0.0,0.0,0.0,0.0,2.0,0.0,0.0,0.0,0.0,49.0,0.9224918397319398,1.0,0.0,16.0,194.0,0.0,1.0,1280.0,800.0,6.0,0.0,0
23.0,1.0,1.0,0.0,0.0,2.0,0.0,10.0,0.0,0.0,2.8674929070838004,0.0,0.0,27.0,0.0,0.0,0.0,0.0,0.0,1.0,0.0,0.0,1.0,2198.0,1.0,1.0,14.0,0.0,0.0,0.0,0.0,1.0,0.0,0.0,0.0,0.0,111.0,0.9965888112300445,2.0,1.0,14.0,316.0,13.0,1.0,1920.0,1080.0,26.0,0.0,0
23.0,1.0,1.0,0.0,0.0,2.0,0.0,14.0,0.0,0.0,2.989795655962671,0.0,0.0,26.0,0.0,0.0,1.0,1.0,0.0,1.0,0.0,0.0,1.0,457.0,0.0,0.0,21.0,0.0,0.0,0.0,0.0,2.0,0.0,0.0,0.0,0.0,55.0,0.9248032297020085,2.0,1.0,21.0,464.0,7.0,1.0,1280.0,800.0,9.0,0.0,0
33.0,1.0,0.0,0.0,0.0,1.0,0.0,14.0,0.0,0.0,2.2763779037064715,0.0,0.0,32.0,0.0,0.0,0.0,0.0,0.0,1.0,0.0,0.0,1.0,613.0,0.0,0.0,6.0,0.0,0.0,0.0,0.0,2.0,0.0,0.0,0.0,0.0,39.0,0.9721655934297027,9.0,5.0,6.0,165.0,10.0,1.0,1920.0,1080.0,14.0,0.0,0
25.0,1.0,1.0,0.0,0.0,2.0,0.0,17.0,0.0,0.0,2.8002452968828315,0.0,0.0,28.0,0.0,0.0,0.0,0.0,0.0,1.0,0.0,0.0,1.0,124.0,1.0,0.0,17.0,0.0,0.0,0.0,0.0,2.0,0.0,0.0,0.0,0.0,32.0,0.9541536643188483,6.0,3.0,17.0,57.0,14.0,1.0,1920.0,1080.0,34.0,0.0,0
24.0,1.0,2.0,0.0,0.0,3.0,0.0,15.0,0.0,0.0,2.1054818558428963,0.0,0.0,7.0,0.0,0.0,0.0,0.0,0.0,1.0,0.0,0.0,1.0,349.0,1.0,0.0,6.0,0.0,0.0,0.0,0.0,3.0,1.0,0.0,0.0,0.0,65.0,0.9377900686696662,14.0,0.0,6.0,191.0,2.0,1.0,1920.0,1080.0,40.0,0.0,0
28.0,1.0,1.0,0.0,0.0,2.0,0.0,13.0,0.0,0.0,3.2589550973481716,0.0,0.0,32.0,0.0,0.0,0.0,0.0,0.0,1.0,0.0,0.0,1.0,1391.0,0.0,0.0,10.0,0.0,0.0,0.0,0.0,1.0,0.0,0.0,0.0,0.0,62.0,0.9448145826385141,9.0,4.0,10.0,112.0,11.0,1.0,1280.0,800.0,35.0,0.0,0
39.0,1.0,1.0,0.0,0.0,2.0,0.0,11.0,0.0,0.0,3.0968763760712594,0.0,0.0,6.0,0.0,0.0,1.0,1.0,0.0,1.0,0.0,0.0,1.0,2364.0,1.0,0.0,16.0,1.0,1.0,0.0,0.0,1.0,3.0,0.0,0.0,1.0,116.0,0.9649678088390213,9.0,3.0,16.0,435.0,4.0,1.0,1280.0,800.0,20.0,0.0,0
53.0,1.0,0.0,0.0,0.0,1.0,0.0,13.0,0.0,0.0,3.0178208176321384,0.0,0.0,22.0,0.0,0.0,1.0,1.0,0.0,1.0,0.0,0.0,1.0,1422.0,1.0,0.0,21.0,0.0,0.0,0.0,0.0,3.0,0.0,0.0,0.0,0.0,18.0,0.9745660123540338,10.0,7.0,21.0,137.0,17.0,1.0,1920.0,1080.0,26.0,0.0,0
22.0,1.0,1.0,0.0,0.0,2.0,0.0,13.0,0.0,0.0,2.237345522420044,0.0,0.0,25.0,5.0,0.0,1.0,1.0,0.0,1.0,0.0,0.0,1.0,1174.0,0.0,1.0,12.0,0.0,0.0,0.0,0.0,3.0,1.0,0.0,0.0,0.0,100.0,0.9475285849360113,5.0,2.0,12.0,159.0,6.0,1.0,1920.0,1080.0,24.0,0.0,0
41.0,1.0,0.0,0.0,0.0,1.0,0.0,13.0,0.0,0.0,2.5758996724091805,0.0,0.0,28.0,0.0,0.0,1.0,1.0,0.0,1.0,0.0,0.0,1.0,267.0,2.0,0.0,22.0,0.0,0.0,0.0,0.0,0.0,1.0,0.0,0.0,0.0,29.0,0.9570040301468481,12.0,9.0,22.0,135.0,9.0,1.0,1280.0,800.0,11.0,0.0,0
45.0,1.0,1.0,0.0,1.0,2.0,0.0,10.0,0.0,0.0,2.2665101910655867,0.0,0.0,15.0,0.0,0.0,0.0,0.0,0.0,1.0,0.0,0.0,1.0,1116.0,1.0,1.0,20.0,0.0,0.0,0.0,0.0,0.0,0.0,0.0,0.0,0.0,39.0,0.9428171714845613,3.0,2.0,20.0,410.0,5.0,1.0,1920.0,1080.0,12.0,0.0,0
51.0,1.0,1.0,0.0,0.0,2.0,0.0,11.0,0.0,0.0,2.8967270342443188,0.0,0.0,18.0,0.0,0.0,0.0,0.0,0.0,1.0,0.0,0.0,1.0,1627.0,1.0,2.0,16.0,0.0,0.0,0.0,0.0,1.0,0.0,0.0,0.0,0.0,108.0,0.9664143438556905,4.0,3.0,16.0,456.0,2.0,1.0,1920.0,1080.0,33.0,0.0,0
46.0,1.0,1.0,0.0,0.0,2.0,0.0,11.0,1.0,0.09090909090909091,3.109880961253273,0.0,0.0,1.0,0.0,0.0,1.0,1.0,0.0,1.0,0.0,0.0,1.0,629.0,1.0,0.0,20.0,0.0,0.0,0.0,0.0,1.0,0.0,0.0,0.0,0.0,87.0,0.9971657568792802,13.0,8.0,20.0,464.0,3.0,1.0,1920.0,1080.0,14.0,0.0,0
49.0,1.0,0.0,0.0,0.0,1.0,0.0,20.0,0.0,0.0,2.1478624537881466,0.0,0.0,26.0,5.0,0.0,0.0,0.0,0.0,1.0,0.0,0.0,1.0,370.0,1.0,1.0,21.0,0.0,0.0,0.0,0.0,2.0,0.0,0.0,0.0,0.0,53.0,0.94184339044028,12.0,9.0,21.0,460.0,1.0,1.0,1920.0,1080.0,27.0,0.0,0
23.0,1.0,1.0,0.0,1.0,2.0,0.0,18.0,0.0,0.0,2.2820569620110076,0.0,0.0,18.0,0.0,0.0,1.0,1.0,0.0,1.0,0.0,0.0,1.0,2441.0,1.0,0.0,9.0,1.0,0.0,0.0,1.0,1.0,1.0,0.0,0.0,1.0,27.0,0.950308279242239,6.0,5.0,9.0,260.0,17.0,1.0,1280.0,800.0,5.0,0.0,0
47.0,1.0,1.0,0.0,0.0,2.0,0.0,18.0,0.0,0.0,2.68439999250562,0.0,0.0,29.0,0.0,0.0,0.0,0.0,0.0,1.0,0.0,0.0,1.0,1792.0,0.0,0.0,22.0,0.0,0.0,0.0,0.0,0.0,0.0,0.0,0.0,0.0,49.0,0.9916454891002188,10.0,7.0,22.0,138.0,14.0,1.0,1280.0,800.0,7.0,0.0,0
46.0,1.0,0.0,0.0,0.0,1.0,0.0,13.0,0.0,0.0,3.1787208696970746,0.0,0.0,12.0,0.0,0.0,0.0,0.0,0.0,1.0,0.0,0.0,1.0,1786.0,0.0,1.0,4.0,0.0,0.0,0.0,0.0,0.0,0.0,0.0,0.0,0.0,35.0,0.9712797402693377,1.0,0.0,4.0,110.0,2.0,1.0,1920.0,1080.0,12.0,0.0,0
48.0,1.0,1.0,0.0,0.0,2.0,0.0,14.0,0.0,0.0,3.024419189591441,0.0,0.0,29.0,0.0,0.0,1.0,1.0,0.0,1.0,0.0,0.0,1.0,233.0,1.0,0.0,28.0,0.0,0.0,0.0,0.0,2.0,1.0,1.0,0.0,0.0,103.0,0.9982596601190641,8.0,7.0,28.0,68.0,0.0,1.0,1280.0,800.0,40.0,0.0,0
29.0,1.0,1.0,0.0,0.0,2.0,0.0,7.0,0.0,0.0,2.836924107349729,0.0,0.0,3.0,0.0,0.0,0.0,0.0,0.0,1.0,0.0,0.0,1.0,681.0,2.0,0.0,27.0,0.0,0.0,0.0,0.0,1.0,0.0,0.0,0.0,0.0,86.0,0.9819660986379819,10.0,5.0,27.0,315.0,17.0,1.0,1920.0,1080.0,24.0,0.0,0
35.0,1.0,1.0,0.0,1.0,2.0,0.0,18.0,0.0,0.0,2.816013929310077,0.0,0.0,18.0,0.0,0.0,0.0,0.0,0.0,1.0,0.0,0.0,1.0,159.0,1.0,1.0,7.0,0.0,0.0,0.0,0.0,2.0,1.0,1.0,0.0,0.0,82.0,0.9794906212469097,9.0,4.0,7.0,469.0,5.0,1.0,1920.0,1080.0,32.0,0.0,0
36.0,1.0,0.0,0.0,0.0,1.0,0.0,18.0,1.0,0.05555555555555555,2.4742760491383344,0.0,0.0,12.0,0.0,0.0,1.0,1.0,0.0,1.0,0.0,0.0,1.0,1138.0,2.0,0.0,20.0,0.0,0.0,0.0,0.0,3.0,0.0,0.0,0.0,0.0,60.0,0.9215925225768341,8.0,3.0,20.0,210.0,11.0,1.0,1920.0,1080.0,13.0,0.0,0
47.0,1.0,1.0,0.0,1.0,2.0,0.0,7.0,0.0,0.0,2.8464704196799904,0.0,0.0,17.0,0.0,0.0,0.0,0.0,0.0,1.0,0.0,0.0,1.0,1833.0,1.0,0.0,26.0,0.0,0.0,0.0,0.0,0.0,1.0,0.0,0.0,0.0,18.0,0.9462882152539788,1.0,0.0,26.0,136.0,11.0,1.0,1920.0,1080.0,6.0,0.0,0
49.0,1.0,0.0,0.0,0.0,1.0,0.0,15.0,0.0,0.0,3.2390407373862313,0.0,0.0,14.0,0.0,0.0,0.0,0.0,0.0,1.0,0.0,0.0,1.0,667.0,1.0,0.0,23.0,0.0,0.0,0.0,0.0,2.0,1.0,0.0,0.0,0.0,75.0,0.9919908033399518,12.0,4.0,23.0,132.0,16.0,1.0,1280.0,800.0,23.0,0.0,0
53.0,1.0,1.0,0.0,0.0,2.0,0.0,9.0,0.0,0.0,3.1401207334551553,0.0,0.0,29.0,0.0,0.0,0.0,0.0,0.0,1.0,0.0,0.0,1.0,1528.0,0.0,0.0,15.0,0.0,0.0,0.0,0.0,3.0,0.0,0.0,0.0,0.0,103.0,0.9543284782952791,8.0,7.0,15.0,499.0,14.0,1.0,1920.0,1080.0,17.0,0.0,0
46.0,1.0,0.0,0.0,0.0,1.0,0.0,14.0,0.0,0.0,2.814320437880393,0.0,0.0,1.0,0.0,0.0,1.0,1.0,0.0,1.0,0.0,0.0,1.0,725.0,1.0,0.0,28.0,0.0,0.0,0.0,0.0,2.0,0.0,0.0,0.0,0.0,86.0,0.9993094716047287,7.0,6.0,28.0,129.0,12.0,1.0,1280.0,800.0,2.0,0.0,0
43.0,1.0,1.0,0.0,1.0,2.0,0.0,12.0,0.0,0.0,2.5314843174022728,0.0,0.0,11.0,0.0,0.0,0.0,0.0,0.0,1.0,0.0,0.0,1.0,679.0,2.0,2.0,6.0,0.0,0.0,0.0,0.0,3.0,0.0,0.0,0.0,0.0,60.0,0.9722954969204958,5.0,0.0,6.0,439.0,0.0,1.0,1920.0,1080.0,43.0,0.0,0
24.0,1.0,0.0,0.0,0.0,1.0,0.0,10.0,0.0,0.0,2.1617134894002406,0.0,0.0,20.0,0.0,0.0,0.0,0.0,0.0,1.0,0.0,0.0,1.0,2430.0,1.0,0.0,11.0,0.0,0.0,0.0,0.0,2.0,0.0,0.0,0.0,0.0,27.0,0.9949147744760963,12.0,9.0,11.0,51.0,18.0,1.0,1280.0,800.0,33.0,0.0,0
33.0,1.0,1.0,0.0,0.0,2.0,0.0,10.0,0.0,0.0,2.6836306496864935,0.0,0.0,14.0,0.0,0.0,0.0,0.0,0.0,1.0,0.0,0.0,1.0,1226.0,1.0,0.0,29.0,0.0,0.0,0.0,0.0,2.0,1.0,0.0,0.0,0.0,40.0,0.9951968514235072,12.0,0.0,29.0,295.0,14.0,1.0,1920.0,1080.0,13.0,0.0,0
49.0,1.0,0.0,0.0,0.0,1.0,0.0,19.0,0.0,0.0,2.5658220767328483,0.0,0.0,18.0,20.0,0.0,0.0,0.0,0.0,1.0,0.0,0.0,1.0,1784.0,0.0,2.0,28.0,0.0,0.0,0.0,0.0,3.0,0.0,0.0,0.0,0.0,112.0,0.9320369897969113,7.0,6.0,28.0,416.0,18.0,1.0,1920.0,1080.0,11.0,0.0,0
49.0,1.0,1.0,0.0,0.0,2.0,0.0,8.0,0.0,0.0,2.1622330617082257,0.0,0.0,3.0,0.0,0.0,0.0,0.0,0.0,1.0,0.0,0.0,1.0,2141.0,1.0,0.0,19.0,0.0,0.0,0.0,0.0,0.0,0.0,0.0,0.0,0.0,38.0,0.9457186322277398,5.0,3.0,19.0,26.0,10.0,1.0,1280.0,800.0,8.0,0.0,0
54.0,1.0,1.0,0.0,0.0,2.0,0.0,7.0,0.0,0.0,2.924421001978847,0.0,0.0,18.0,0.0,0.0,0.0,0.0,0.0,1.0,0.0,0.0,0.0,2384.0,2.0,0.0,27.0,1.0,1.0,0.0,0.0,0.0,2.0,0.0,0.0,1.0,43.0,0.9818423296619994,9.0,0.0,27.0,10.0,12.0,1.0,1920.0,1080.0,36.0,0.0,0
50.0,1.0,1.0,0.0,0.0,2.0,0.0,12.0,0.0,0.0,2.5882097947508984,0.0,0.0,14.0,0.0,0.0,0.0,0.0,0.0,1.0,0.0,0.0,1.0,2087.0,2.0,0.0,23.0,0.0,0.0,0.0,0.0,0.0,0.0,0.0,0.0,0.0,51.0,0.9223973042466138,8.0,6.0,23.0,251.0,10.0,1.0,1280.0,800.0,17.0,0.0,0
32.0,0.0,1.0,0.0,0.0,2.0,0.0,20.0,2.0,0.1,3.3672775360458345,0.0,0.0,15.0,0.0,0.0,1.0,1.0,0.0,0.0,0.0,0.0,0.0,127.0,1.0,2.0,17.0,0.0,0.0,0.0,0.0,0.0,1.0,0.0,0.0,0.0,118.0,0.3013884603239637,14.0,6.0,17.0,481.0,17.0,1.0,1280.0,800.0,31.0,0.0,0
37.0,1.0,0.0,0.0,0.0,1.0,0.0,19.0,0.0,0.0,3.2441459022473387,0.0,0.0,13.0,5.0,0.0,1.0,1.0,0.0,1.0,0.0,0.0,1.0,1374.0,1.0,1.0,11.0,0.0,0.0,0.0,0.0,3.0,0.0,0.0,0.0,0.0,102.0,0.9546274854095169,2.0,1.0,11.0,318.0,14.0,1.0,1920.0,1080.0,3.0,0.0,0
45.0,1.0,0.0,0.0,0.0,1.0,0.0,14.0,0.0,0.0,2.3718033633009536,0.0,0.0,27.0,0.0,0.0,0.0,0.0,0.0,1.0,0.0,0.0,1.0,2419.0,1.0,0.0,9.0,0.0,0.0,0.0,0.0,1.0,0.0,0.0,0.0,0.0,76.0,0.9482952519499919,4.0,3.0,9.0,142.0,8.0,1.0,1920.0,1080.0,5.0,0.0,0
36.0,0.0,1.0,0.0,0.0,2.0,0.0,15.0,0.0,0.0,2.7516454176693825,0.0,0.0,10.0,20.0,0.0,1.0,1.0,0.0,0.0,0.0,0.0,0.0,1986.0,2.0,0.0,25.0,0.0,0.0,1.0,0.0,0.0,0.0,0.0,0.0,1.0,83.0,0.23300852127450394,1.0,0.0,25.0,331.0,13.0,1.0,1920.0,1080.0,33.0,0.0,0
44.0,1.0,0.0,0.0,2.0,1.0,0.0,10.0,0.0,0.0,2.833352451109412,0.0,0.0,27.0,0.0,0.0,0.0,0.0,0.0,1.0,0.0,0.0,1.0,1569.0,1.0,0.0,17.0,0.0,0.0,0.0,0.0,3.0,0.0,0.0,0.0,0.0,118.0,0.9412907329216231,3.0,2.0,17.0,484.0,11.0,1.0,1280.0,800.0,19.0,0.0,0
49.0,1.0,0.0,0.0,1.0,1.0,0.0,10.0,0.0,0.0,2.9142451901767337,0.0,1.0,25.0,5.0,0.0,0.0,0.0,0.0,1.0,0.0,0.0,1.0,613.0,1.0,0.0,12.0,0.0,0.0,0.0,0.0,3.0,0.0,0.0,0.0,0.0,113.0,0.988368959182361,7.0,2.0,12.0,280.0,0.0,1.0,1280.0,800.0,11.0,0.0,0
20.0,1.0,1.0,0.0,0.0,2.0,0.0,11.0,0.0,0.0,2.6262610152759223,0.0,0.0,27.0,0.0,0.0,0.0,0.0,0.0,1.0,0.0,0.0,1.0,196.0,3.0,0.0,2.0,0.0,0.0,0.0,0.0,2.0,0.0,0.0,0.0,0.0,43.0,0.9455834424233039,2.0,1.0,2.0,460.0,17.0,1.0,1920.0,1080.0,31.0,0.0,0
46.0,1.0,1.0,0.0,0.0,2.0,0.0,16.0,0.0,0.0,2.8362957498736736,0.0,0.0,4.0,5.0,0.0,0.0,0.0,0.0,1.0,0.0,0.0,1.0,850.0,0.0,0.0,7.0,0.0,0.0,0.0,0.0,2.0,0.0,0.0,0.0,0.0,17.0,0.9296490699551405,12.0,3.0,7.0,488.0,19.0,1.0,1920.0,1080.0,22.0,0.0,0
37.0,1.0,0.0,0.0,0.0,1.0,0.0,20.0,0.0,0.0,2.927070376225246,0.0,0.0,11.0,0.0,0.0,0.0,0.0,0.0,1.0,0.0,0.0,1.0,308.0,1.0,0.0,13.0,0.0,0.0,0.0,0.0,0.0,0.0,0.0,0.0,0.0,111.0,0.9732019179326499,13.0,7.0,13.0,285.0,19.0,1.0,1920.0,1080.0,37.0,0.0,0
46.0,1.0,1.0,0.0,0.0,2.0,0.0,18.0,0.0,0.0,2.5681347871196003,0.0,0.0,8.0,0.0,0.0,0.0,0.0,0.0,1.0,0.0,0.0,1.0,1857.0,1.0,0.0,5.0,1.0,1.0,0.0,0.0,2.0,1.0,0.0,0.0,1.0,93.0,0.937635672645279,8.0,7.0,5.0,383.0,7.0,1.0,1280.0,800.0,29.0,0.0,0
23.0,1.0,1.0,0.0,0.0,2.0,0.0,10.0,0.0,0.0,2.9765991158418688,0.0,0.0,21.0,0.0,0.0,1.0,1.0,0.0,1.0,0.0,0.0,1.0,2026.0,2.0,2.0,29.0,0.0,0.0,0.0,0.0,3.0,0.0,0.0,0.0,0.0,17.0,0.9500534618988661,3.0,0.0,29.0,112.0,11.0,1.0,1920.0,1080.0,29.0,0.0,0
49.0,1.0,1.0,0.0,0.0,2.0,0.0,13.0,0.0,0.0,2.2383574938322357,0.0,0.0,25.0,0.0,0.0,1.0,1.0,0.0,1.0,0.0,0.0,1.0,1330.0,2.0,1.0,26.0,1.0,1.0,0.0,1.0,2.0,1.0,0.0,0.0,1.0,25.0,0.9470519623153835,1.0,0.0,26.0,374.0,14.0,1.0,1920.0,1080.0,33.0,0.0,0
30.0,1.0,0.0,0.0,0.0,1.0,0.0,13.0,0.0,0.0,2.2231853640227968,0.0,0.0,26.0,0.0,0.0,1.0,1.0,0.0,1.0,0.0,0.0,1.0,2452.0,0.0,0.0,10.0,0.0,0.0,0.0,0.0,2.0,1.0,0.0,0.0,0.0,54.0,0.9555155356878289,9.0,5.0,10.0,151.0,0.0,1.0,1920.0,1080.0,34.0,0.0,0
47.0,1.0,0.0,0.0,0.0,1.0,0.0,9.0,0.0,0.0,2.5942249616915065,0.0,0.0,30.0,0.0,0.0,0.0,0.0,0.0,1.0,0.0,0.0,1.0,320.0,3.0,0.0,9.0,0.0,0.0,0.0,0.0,0.0,1.0,0.0,0.0,0.0,15.0,0.9607496932256185,9.0,0.0,9.0,460.0,10.0,1.0,1920.0,1080.0,3.0,0.0,0
46.0,1.0,1.0,0.0,0.0,2.0,0.0,20.0,0.0,0.0,2.3004220152632584,0.0,0.0,28.0,0.0,0.0,0.0,0.0,0.0,1.0,0.0,0.0,1.0,913.0,1.0,1.0,14.0,0.0,0.0,0.0,0.0,0.0,0.0,0.0,0.0,0.0,64.0,0.9288216504764708,9.0,8.0,14.0,296.0,3.0,1.0,1920.0,1080.0,13.0,0.0,0
38.0,1.0,1.0,0.0,0.0,2.0,0.0,19.0,0.0,0.0,2.1513727889699084,0.0,0.0,0.0,0.0,0.0,0.0,0.0,0.0,1.0,0.0,0.0,1.0,2320.0,1.0,0.0,26.0,1.0,0.0,0.0,0.0,1.0,1.0,0.0,0.0,1.0,33.0,0.9542357243872636,8.0,7.0,26.0,406.0,8.0,1.0,1280.0,800.0,31.0,0.0,0
41.0,1.0,1.0,0.0,0.0,2.0,0.0,20.0,0.0,0.0,2.4425147373018614,0.0,1.0,12.0,5.0,0.0,0.0,0.0,0.0,1.0,0.0,0.0,1.0,923.0,0.0,0.0,4.0,0.0,0.0,0.0,0.0,2.0,0.0,0.0,0.0,0.0,70.0,0.9930529737122246,11.0,5.0,4.0,213.0,18.0,1.0,1920.0,1080.0,24.0,0.0,0
29.0,1.0,0.0,0.0,0.0,1.0,0.0,9.0,0.0,0.0,2.586088244170232,0.0,0.0,17.0,0.0,0.0,1.0,1.0,0.0,1.0,0.0,0.0,1.0,607.0,1.0,1.0,8.0,1.0,0.0,0.0,0.0,1.0,2.0,0.0,0.0,1.0,30.0,0.9823125850407838,9.0,0.0,8.0,304.0,2.0,1.0,1280.0,800.0,9.0,0.0,0
54.0,1.0,0.0,0.0,1.0,1.0,0.0,13.0,0.0,0.0,2.888529723082469,0.0,0.0,11.0,0.0,0.0,0.0,0.0,0.0,1.0,0.0,0.0,1.0,2106.0,1.0,0.0,22.0,0.0,0.0,0.0,0.0,0.0,0.0,0.0,0.0,0.0,85.0,0.93428653051851,13.0,3.0,22.0,288.0,4.0,1.0,1920.0,1080.0,27.0,0.0,0
50.0,1.0,1.0,0.0,0.0,2.0,0.0,9.0,0.0,0.0,2.8334271362577477,0.0,0.0,17.0,0.0,0.0,0.0,0.0,0.0,1.0,0.0,0.0,1.0,766.0,0.0,0.0,16.0,0.0,0.0,0.0,0.0,0.0,0.0,1.0,0.0,0.0,119.0,0.9305732704099932,13.0,5.0,16.0,201.0,9.0,1.0,1920.0,1080.0,26.0,0.0,0
26.0,1.0,0.0,0.0,0.0,1.0,0.0,20.0,0.0,0.0,2.911574218660026,0.0,0.0,4.0,0.0,0.0,0.0,0.0,0.0,1.0,0.0,0.0,1.0,1395.0,1.0,0.0,29.0,0.0,0.0,0.0,0.0,1.0,1.0,0.0,0.0,0.0,22.0,0.9496705816071881,11.0,9.0,29.0,424.0,7.0,1.0,1920.0,1080.0,5.0,0.0,0
19.0,1.0,1.0,0.0,0.0,2.0,0.0,20.0,0.0,0.0,2.965120850388648,0.0,0.0,21.0,5.0,0.0,1.0,1.0,0.0,1.0,0.0,0.0,1.0,972.0,1.0,1.0,19.0,0.0,0.0,0.0,0.0,1.0,0.0,0.0,0.0,0.0,18.0,0.9661448186759838,3.0,2.0,19.0,419.0,16.0,1.0,1280.0,800.0,21.0,0.0,0
49.0,1.0,1.0,0.0,0.0,2.0,0.0,19.0,0.0,0.0,2.3350078307500888,0.0,0.0,25.0,0.0,0.0,0.0,0.0,0.0,1.0,0.0,0.0,1.0,1095.0,1.0,0.0,12.0,0.0,0.0,0.0,0.0,1.0,0.0,0.0,0.0,0.0,54.0,0.9834960252862734,12.0,9.0,12.0,38.0,14.0,1.0,1920.0,1080.0,32.0,0.0,0
50.0,1.0,0.0,0.0,0.0,1.0,0.0,21.0,0.0,0.0,3.085982887540408,0.0,1.0,23.0,0.0,0.0,0.0,0.0,0.0,1.0,0.0,0.0,1.0,2069.0,2.0,0.0,9.0,0.0,0.0,0.0,0.0,3.0,1.0,0.0,0.0,0.0,59.0,0.9453603373488944,4.0,1.0,9.0,18.0,17.0,1.0,1920.0,1080.0,16.0,0.0,0
19.0,1.0,1.0,0.0,0.0,2.0,0.0,8.0,0.0,0.0,2.236706853231285,0.0,0.0,20.0,0.0,0.0,0.0,0.0,0.0,1.0,0.0,0.0,1.0,135.0,0.0,0.0,23.0,0.0,0.0,0.0,0.0,2.0,1.0,0.0,0.0,0.0,93.0,0.9739420590688402,13.0,9.0,23.0,340.0,3.0,1.0,1920.0,1080.0,33.0,0.0,0
35.0,1.0,0.0,0.0,1.0,1.0,0.0,12.0,0.0,0.0,2.588509177326191,0.0,0.0,29.0,0.0,0.0,1.0,1.0,0.0,1.0,0.0,0.0,1.0,1164.0,1.0,0.0,21.0,1.0,0.0,0.0,0.0,3.0,2.0,0.0,0.0,1.0,110.0,0.9716701665715776,1.0,0.0,21.0,90.0,0.0,1.0,1920.0,1080.0,13.0,0.0,0
42.0,1.0,1.0,0.0,0.0,2.0,0.0,19.0,0.0,0.0,2.1617326954426703,0.0,0.0,10.0,0.0,0.0,0.0,0.0,0.0,1.0,0.0,0.0,1.0,1734.0,1.0,0.0,23.0,0.0,0.0,0.0,0.0,2.0,0.0,0.0,0.0,0.0,50.0,0.9436760136050165,10.0,7.0,23.0,86.0,14.0,1.0,1920.0,1080.0,32.0,0.0,0
21.0,1.0,1.0,0.0,0.0,2.0,0.0,9.0,0.0,0.0,3.3537874553099964,0.0,0.0,23.0,5.0,0.0,1.0,1.0,0.0,1.0,0.0,0.0,1.0,612.0,1.0,1.0,7.0,0.0,0.0,0.0,0.0,2.0,0.0,0.0,0.0,0.0,27.0,0.9289994466248371,3.0,1.0,7.0,164.0,0.0,1.0,1920.0,1080.0,11.0,0.0,0
21.0,1.0,1.0,0.0,0.0,2.0,0.0,14.0,0.0,0.0,2.687040853415848,0.0,1.0,24.0,0.0,0.0,0.0,0.0,0.0,1.0,0.0,0.0,1.0,998.0,2.0,1.0,13.0,0.0,0.0,0.0,0.0,0.0,1.0,0.0,0.0,0.0,79.0,0.99979432514727,14.0,5.0,13.0,249.0,6.0,1.0,1920.0,1080.0,10.0,0.0,0
32.0,1.0,1.0,0.0,0.0,2.0,0.0,21.0,0.0,0.0,3.32192137149361,0.0,0.0,15.0,20.0,0.0,1.0,1.0,0.0,1.0,0.0,0.0,1.0,1314.0,2.0,0.0,21.0,1.0,0.0,0.0,0.0,2.0,1.0,0.0,0.0,1.0,50.0,0.9832420587379318,1.0,0.0,21.0,127.0,19.0,1.0,1920.0,1080.0,20.0,0.0,0
54.0,1.0,0.0,0.0,1.0,1.0,0.0,10.0,1.0,0.1,3.291587323079387,0.0,1.0,27.0,0.0,0.0,0.0,0.0,0.0,1.0,0.0,0.0,1.0,2015.0,0.0,1.0,4.0,0.0,0.0,0.0,0.0,3.0,0.0,1.0,0.0,0.0,104.0,0.9735717669563674,2.0,1.0,4.0,209.0,10.0,1.0,1920.0,1080.0,44.0,0.0,0
24.0,1.0,1.0,0.0,0.0,2.0,0.0,19.0,0.0,0.0,2.7197982874373956,0.0,0.0,9.0,0.0,0.0,1.0,1.0,0.0,1.0,0.0,0.0,1.0,2322.0,1.0,1.0,18.0,1.0,1.0,0.0,0.0,3.0,1.0,0.0,0.0,1.0,70.0,0.9860427235024523,1.0,0.0,18.0,467.0,9.0,1.0,1920.0,1080.0,18.0,0.0,0
43.0,1.0,0.0,0.0,0.0,1.0,0.0,7.0,0.0,0.0,2.954687749228332,0.0,1.0,30.0,0.0,0.0,0.0,0.0,0.0,1.0,0.0,0.0,1.0,2220.0,0.0,0.0,15.0,0.0,0.0,0.0,0.0,0.0,0.0,0.0,0.0,0.0,86.0,0.9348023219885662,7.0,6.0,15.0,410.0,4.0,1.0,1280.0,800.0,32.0,0.0,0
40.0,1.0,0.0,0.0,0.0,1.0,0.0,21.0,1.0,0.047619047619047616,2.1269457356862986,0.0,0.0,32.0,5.0,0.0,0.0,0.0,0.0,1.0,0.0,0.0,1.0,1404.0,0.0,0.0,26.0,0.0,0.0,0.0,0.0,2.0,0.0,0.0,0.0,0.0,59.0,0.9218641336978216,1.0,0.0,26.0,419.0,15.0,1.0,1280.0,800.0,17.0,0.0,0
18.0,1.0,0.0,0.0,0.0,1.0,0.0,15.0,0.0,0.0,2.847051051422281,0.0,0.0,1.0,0.0,0.0,0.0,0.0,0.0,1.0,0.0,0.0,1.0,1437.0,2.0,0.0,24.0,0.0,0.0,0.0,0.0,2.0,1.0,0.0,0.0,0.0,106.0,0.9385995936002531,4.0,1.0,24.0,419.0,3.0,1.0,1920.0,1080.0,36.0,0.0,0
32.0,1.0,1.0,0.0,2.0,2.0,0.0,7.0,0.0,0.0,2.875683916095139,0.0,0.0,28.0,0.0,0.0,0.0,0.0,0.0,1.0,0.0,0.0,1.0,100.0,1.0,1.0,18.0,0.0,0.0,0.0,0.0,3.0,1.0,0.0,0.0,0.0,31.0,0.9225061139488043,12.0,2.0,18.0,364.0,18.0,1.0,1920.0,1080.0,44.0,0.0,0
48.0,1.0,1.0,0.0,0.0,2.0,0.0,7.0,0.0,0.0,3.258920631793724,0.0,0.0,0.0,0.0,0.0,1.0,1.0,0.0,1.0,0.0,0.0,1.0,291.0,1.0,0.0,13.0,0.0,0.0,0.0,0.0,1.0,1.0,0.0,0.0,0.0,88.0,0.9216381905712188,8.0,7.0,13.0,106.0,0.0,1.0,1280.0,800.0,34.0,0.0,0
38.0,1.0,1.0,0.0,0.0,2.0,0.0,13.0,0.0,0.0,2.979400978763399,0.0,0.0,5.0,5.0,0.0,0.0,0.0,0.0,1.0,0.0,0.0,1.0,1249.0,1.0,0.0,9.0,0.0,0.0,0.0,0.0,2.0,1.0,0.0,0.0,0.0,62.0,0.9696961079048164,12.0,0.0,9.0,122.0,14.0,1.0,1920.0,1080.0,32.0,0.0,0
43.0,1.0,1.0,0.0,0.0,2.0,0.0,18.0,0.0,0.0,2.861290426698223,0.0,0.0,14.0,5.0,0.0,0.0,0.0,0.0,1.0,0.0,0.0,1.0,978.0,0.0,0.0,28.0,0.0,0.0,0.0,0.0,1.0,0.0,0.0,0.0,0.0,86.0,0.9640389904511377,12.0,8.0,28.0,79.0,12.0,1.0,1280.0,800.0,36.0,0.0,0
32.0,1.0,0.0,0.0,0.0,1.0,0.0,16.0,1.0,0.0625,2.993853106421999,0.0,0.0,11.0,0.0,0.0,0.0,0.0,0.0,1.0,0.0,0.0,1.0,1198.0,1.0,0.0,24.0,0.0,0.0,0.0,0.0,1.0,1.0,0.0,0.0,0.0,25.0,0.9642119744274864,1.0,0.0,24.0,476.0,17.0,1.0,1280.0,800.0,17.0,0.0,0
46.0,1.0,1.0,0.0,0.0,2.0,0.0,16.0,0.0,0.0,2.9055135216605747,0.0,0.0,24.0,0.0,0.0,0.0,0.0,0.0,1.0,0.0,0.0,1.0,2073.0,0.0,0.0,12.0,0.0,0.0,0.0,0.0,2.0,0.0,0.0,0.0,0.0,62.0,0.9497444224996041,10.0,0.0,12.0,478.0,7.0,1.0,1280.0,800.0,11.0,0.0,0
46.0,1.0,1.0,0.0,0.0,2.0,0.0,19.0,0.0,0.0,3.1593733167240092,0.0,0.0,17.0,0.0,0.0,0.0,0.0,0.0,1.0,0.0,0.0,1.0,1852.0,1.0,0.0,28.0,0.0,0.0,0.0,0.0,0.0,0.0,0.0,0.0,0.0,114.0,0.955760712581437,4.0,3.0,28.0,152.0,17.0,1.0,1920.0,1080.0,35.0,0.0,0
27.0,1.0,1.0,0.0,1.0,2.0,0.0,13.0,0.0,0.0,2.1651589677921783,0.0,0.0,23.0,0.0,0.0,0.0,0.0,0.0,1.0,0.0,0.0,1.0,2077.0,0.0,0.0,21.0,0.0,0.0,0.0,0.0,1.0,0.0,0.0,0.0,0.0,99.0,0.9424975679448174,14.0,3.0,21.0,38.0,8.0,1.0,1920.0,1080.0,31.0,0.0,0
46.0,1.0,1.0,0.0,0.0,2.0,0.0,10.0,0.0,0.0,2.3458810949453364,0.0,0.0,21.0,0.0,0.0,0.0,0.0,0.0,1.0,0.0,0.0,1.0,2188.0,1.0,0.0,12.0,1.0,0.0,0.0,0.0,0.0,3.0,0.0,0.0,1.0,75.0,0.9981142806028324,5.0,0.0,12.0,228.0,17.0,1.0,1280.0,800.0,37.0,0.0,0
32.0,1.0,1.0,0.0,0.0,2.0,0.0,16.0,0.0,0.0,2.1193867736412852,0.0,0.0,17.0,5.0,0.0,1.0,1.0,0.0,1.0,0.0,0.0,1.0,2256.0,0.0,0.0,11.0,0.0,0.0,0.0,0.0,2.0,0.0,0.0,0.0,0.0,63.0,0.9551417256710638,1.0,0.0,11.0,201.0,5.0,1.0,1280.0,800.0,13.0,0.0,0
53.0,1.0,0.0,0.0,0.0,1.0,0.0,18.0,0.0,0.0,2.8759889657808353,0.0,0.0,31.0,20.0,0.0,0.0,0.0,0.0,1.0,0.0,0.0,1.0,1332.0,0.0,1.0,23.0,0.0,0.0,0.0,0.0,3.0,0.0,0.0,0.0,0.0,34.0,0.972262958406023,1.0,0.0,23.0,150.0,16.0,1.0,1920.0,1080.0,14.0,0.0,0
39.0,1.0,0.0,0.0,0.0,1.0,0.0,17.0,0.0,0.0,2.8516156552085414,0.0,0.0,12.0,0.0,0.0,0.0,0.0,0.0,1.0,0.0,0.0,1.0,1289.0,0.0,0.0,19.0,0.0,0.0,0.0,0.0,3.0,0.0,0.0,0.0,0.0,73.0,0.9876800856534325,10.0,4.0,19.0,207.0,4.0,1.0,1920.0,1080.0,12.0,0.0,0
32.0,1.0,1.0,0.0,2.0,2.0,0.0,13.0,1.0,0.07692307692307693,2.320198966130195,0.0,1.0,34.0,0.0,0.0,0.0,0.0,0.0,1.0,0.0,0.0,1.0,438.0,0.0,1.0,13.0,0.0,0.0,0.0,0.0,3.0,0.0,0.0,0.0,0.0,103.0,0.9454485445132701,10.0,2.0,13.0,493.0,9.0,1.0,1920.0,1080.0,31.0,0.0,0
24.0,1.0,0.0,0.0,2.0,1.0,0.0,18.0,0.0,0.0,2.4460155024910177,0.0,0.0,11.0,0.0,0.0,1.0,1.0,0.0,1.0,0.0,0.0,1.0,1985.0,1.0,0.0,23.0,1.0,0.0,0.0,0.0,2.0,2.0,0.0,0.0,1.0,23.0,0.9891944378868294,3.0,2.0,23.0,277.0,15.0,1.0,1920.0,1080.0,13.0,0.0,0
31.0,1.0,2.0,0.0,0.0,3.0,0.0,17.0,0.0,0.0,3.003497789806418,0.0,0.0,16.0,0.0,0.0,1.0,1.0,0.0,1.0,0.0,0.0,1.0,1230.0,0.0,1.0,18.0,0.0,0.0,0.0,0.0,1.0,1.0,0.0,0.0,0.0,111.0,0.9861911049434874,12.0,0.0,18.0,94.0,3.0,1.0,1280.0,800.0,33.0,0.0,0
43.0,1.0,0.0,0.0,0.0,1.0,0.0,16.0,0.0,0.0,3.1294136565621073,0.0,0.0,28.0,0.0,0.0,1.0,1.0,0.0,1.0,0.0,0.0,1.0,1940.0,0.0,0.0,13.0,0.0,0.0,0.0,0.0,2.0,0.0,0.0,0.0,0.0,36.0,0.9979966957889861,8.0,4.0,13.0,129.0,2.0,1.0,1920.0,1080.0,28.0,0.0,0
44.0,1.0,1.0,0.0,0.0,2.0,0.0,11.0,0.0,0.0,3.2548603470198243,0.0,0.0,16.0,0.0,0.0,0.0,0.0,0.0,1.0,0.0,0.0,1.0,2411.0,0.0,0.0,21.0,0.0,0.0,0.0,0.0,3.0,0.0,0.0,0.0,0.0,93.0,0.9611532372458339,9.0,8.0,21.0,310.0,16.0,1.0,1920.0,1080.0,11.0,0.0,0
22.0,1.0,1.0,0.0,0.0,2.0,0.0,14.0,0.0,0.0,2.3156968260596553,0.0,1.0,1.0,0.0,0.0,0.0,0.0,0.0,1.0,0.0,0.0,1.0,1535.0,1.0,0.0,19.0,0.0,0.0,0.0,0.0,3.0,0.0,0.0,0.0,0.0,66.0,0.9413921546147528,11.0,9.0,19.0,398.0,3.0,1.0,1920.0,1080.0,14.0,0.0,0
33.0,1.0,1.0,0.0,0.0,2.0,0.0,15.0,0.0,0.0,2.7728408253274015,0.0,1.0,17.0,0.0,0.0,1.0,1.0,0.0,1.0,0.0,0.0,1.0,2076.0,1.0,1.0,10.0,0.0,0.0,0.0,0.0,1.0,0.0,0.0,0.0,0.0,75.0,0.9829724741649677,9.0,7.0,10.0,476.0,14.0,1.0,1920.0,1080.0,25.0,0.0,0
40.0,1.0,1.0,0.0,0.0,2.0,0.0,12.0,0.0,0.0,2.9862982873563535,0.0,0.0,29.0,0.0,0.0,1.0,1.0,0.0,1.0,0.0,0.0,1.0,615.0,0.0,0.0,9.0,0.0,0.0,0.0,0.0,1.0,0.0,0.0,0.0,0.0,75.0,0.9650887022962057,2.0,0.0,9.0,319.0,17.0,1.0,1920.0,1080.0,20.0,0.0,0
50.0,1.0,1.0,0.0,0.0,2.0,0.0,17.0,1.0,0.058823529411764705,3.2339779641482913,0.0,0.0,29.0,5.0,0.0,1.0,1.0,0.0,1.0,0.0,0.0,1.0,628.0,1.0,0.0,19.0,0.0,0.0,0.0,0.0,3.0,0.0,0.0,0.0,0.0,95.0,0.9722094300363648,9.0,8.0,19.0,197.0,19.0,1.0,1920.0,1080.0,33.0,0.0,0
43.0,1.0,1.0,0.0,0.0,2.0,0.0,14.0,0.0,0.0,3.064725099216731,0.0,0.0,11.0,0.0,0.0,0.0,0.0,0.0,1.0,0.0,0.0,1.0,317.0,0.0,0.0,18.0,0.0,0.0,0.0,0.0,0.0,0.0,0.0,0.0,0.0,18.0,0.945758224745478,5.0,4.0,18.0,52.0,0.0,1.0,1920.0,1080.0,20.0,0.0,0
39.0,1.0,1.0,0.0,0.0,2.0,0.0,11.0,0.0,0.0,2.9883049028015014,0.0,0.0,28.0,5.0,0.0,1.0,1.0,0.0,1.0,0.0,0.0,1.0,389.0,1.0,1.0,18.0,1.0,1.0,0.0,0.0,1.0,2.0,0.0,0.0,1.0,92.0,0.9367842367517472,13.0,7.0,18.0,309.0,7.0,1.0,1920.0,1080.0,44.0,0.0,0
33.0,1.0,2.0,0.0,0.0,3.0,0.0,17.0,0.0,0.0,2.1070656982307487,0.0,0.0,34.0,0.0,0.0,0.0,0.0,0.0,1.0,0.0,0.0,1.0,2020.0,2.0,0.0,2.0,0.0,0.0,0.0,0.0,0.0,1.0,0.0,0.0,0.0,20.0,0.9456038779693489,6.0,1.0,2.0,53.0,15.0,1.0,1920.0,1080.0,19.0,0.0,0
23.0,1.0,0.0,0.0,0.0,1.0,0.0,16.0,0.0,0.0,2.393940031618428,0.0,0.0,19.0,0.0,0.0,0.0,0.0,0.0,1.0,0.0,0.0,1.0,1521.0,0.0,0.0,5.0,0.0,0.0,0.0,0.0,0.0,0.0,0.0,0.0,0.0,65.0,0.9518424457465428,6.0,5.0,5.0,463.0,9.0,1.0,1920.0,1080.0,33.0,0.0,0
41.0,1.0,0.0,0.0,0.0,1.0,0.0,15.0,0.0,0.0,2.880244528330624,0.0,0.0,21.0,0.0,0.0,1.0,1.0,0.0,1.0,0.0,0.0,1.0,1357.0,0.0,1.0,11.0,0.0,0.0,0.0,0.0,2.0,1.0,0.0,0.0,0.0,71.0,0.9832584012934465,1.0,0.0,11.0,428.0,18.0,1.0,1920.0,1080.0,17.0,0.0,0
26.0,1.0,0.0,0.0,0.0,1.0,0.0,20.0,0.0,0.0,2.7175829060961325,0.0,0.0,8.0,0.0,0.0,0.0,0.0,0.0,1.0,0.0,0.0,1.0,1243.0,0.0,0.0,20.0,0.0,0.0,0.0,0.0,0.0,0.0,0.0,0.0,0.0,71.0,0.9510865322469311,14.0,4.0,20.0,342.0,8.0,1.0,1920.0,1080.0,37.0,0.0,0
33.0,1.0,1.0,0.0,0.0,2.0,0.0,7.0,0.0,0.0,2.4977765888315746,0.0,0.0,11.0,0.0,0.0,1.0,1.0,0.0,1.0,0.0,0.0,0.0,2108.0,1.0,1.0,10.0,1.0,0.0,0.0,0.0,3.0,1.0,0.0,0.0,1.0,98.0,0.9881294169467766,6.0,0.0,10.0,57.0,11.0,1.0,1280.0,800.0,12.0,0.0,0
23.0,1.0,0.0,0.0,0.0,1.0,0.0,10.0,0.0,0.0,3.193949985123492,0.0,0.0,34.0,0.0,0.0,1.0,1.0,0.0,1.0,0.0,0.0,1.0,1368.0,1.0,0.0,19.0,1.0,1.0,0.0,0.0,2.0,1.0,0.0,0.0,1.0,38.0,0.9522304883376569,10.0,5.0,19.0,243.0,13.0,1.0,1920.0,1080.0,33.0,0.0,0
33.0,1.0,0.0,0.0,0.0,1.0,0.0,11.0,0.0,0.0,2.839287489702458,0.0,0.0,3.0,20.0,0.0,0.0,0.0,0.0,1.0,0.0,0.0,1.0,1610.0,0.0,0.0,29.0,0.0,0.0,0.0,0.0,0.0,0.0,0.0,0.0,0.0,91.0,0.9720288918118266,7.0,6.0,29.0,153.0,4.0,1.0,1920.0,1080.0,32.0,0.0,0
27.0,1.0,1.0,0.0,0.0,2.0,0.0,16.0,0.0,0.0,2.3874811856738147,0.0,0.0,17.0,20.0,0.0,0.0,0.0,0.0,1.0,0.0,0.0,1.0,1434.0,2.0,0.0,3.0,0.0,0.0,0.0,0.0,2.0,0.0,0.0,0.0,0.0,43.0,0.923986482492458,8.0,3.0,3.0,96.0,19.0,1.0,1920.0,1080.0,22.0,0.0,0
49.0,1.0,1.0,0.0,0.0,2.0,0.0,17.0,0.0,0.0,3.0603507875871125,0.0,0.0,12.0,0.0,0.0,1.0,1.0,0.0,1.0,0.0,0.0,1.0,1759.0,0.0,0.0,2.0,0.0,0.0,0.0,0.0,3.0,0.0,0.0,0.0,0.0,95.0,0.9660749640486278,8.0,2.0,2.0,141.0,11.0,1.0,1920.0,1080.0,44.0,0.0,0
43.0,1.0,1.0,0.0,0.0,2.0,0.0,9.0,0.0,0.0,2.166979323624705,0.0,0.0,22.0,0.0,0.0,0.0,0.0,0.0,1.0,0.0,0.0,1.0,1991.0,2.0,0.0,10.0,0.0,0.0,0.0,0.0,1.0,0.0,0.0,0.0,0.0,109.0,0.9909822193981617,3.0,2.0,10.0,393.0,10.0,1.0,1920.0,1080.0,2.0,0.0,0
40.0,1.0,0.0,0.0,0.0,1.0,0.0,9.0,0.0,0.0,2.181305348635003,0.0,0.0,20.0,0.0,0.0,0.0,0.0,0.0,1.0,0.0,0.0,1.0,232.0,1.0,0.0,15.0,0.0,0.0,0.0,0.0,1.0,0.0,0.0,0.0,0.0,46.0,0.9830817122341892,14.0,4.0,15.0,335.0,1.0,1.0,1920.0,1080.0,30.0,0.0,0
29.0,1.0,1.0,0.0,0.0,2.0,0.0,18.0,0.0,0.0,2.244287213342306,0.0,0.0,9.0,5.0,0.0,1.0,1.0,0.0,1.0,0.0,0.0,1.0,742.0,1.0,0.0,13.0,0.0,0.0,0.0,0.0,0.0,0.0,0.0,0.0,0.0,27.0,0.9910510451309906,8.0,3.0,13.0,175.0,5.0,1.0,1280.0,800.0,6.0,0.0,0
44.0,1.0,1.0,0.0,1.0,2.0,0.0,18.0,0.0,0.0,2.6542279539179425,0.0,0.0,28.0,0.0,0.0,0.0,0.0,0.0,1.0,0.0,0.0,1.0,1167.0,0.0,2.0,10.0,0.0,0.0,0.0,0.0,1.0,0.0,0.0,0.0,0.0,119.0,0.9835679766177827,14.0,6.0,10.0,225.0,10.0,1.0,1280.0,800.0,25.0,0.0,0
19.0,1.0,0.0,0.0,0.0,1.0,0.0,18.0,0.0,0.0,2.6799169797109594,0.0,0.0,24.0,0.0,0.0,1.0,1.0,0.0,1.0,0.0,0.0,1.0,1040.0,2.0,0.0,25.0,1.0,0.0,0.0,0.0,1.0,3.0,0.0,0.0,1.0,22.0,0.9232161955783267,8.0,5.0,25.0,300.0,19.0,1.0,1280.0,800.0,6.0,0.0,0
36.0,1.0,0.0,0.0,0.0,1.0,0.0,20.0,0.0,0.0,2.6251894066442176,0.0,1.0,4.0,0.0,0.0,1.0,1.0,0.0,1.0,0.0,0.0,1.0,1995.0,1.0,0.0,18.0,0.0,0.0,0.0,0.0,1.0,1.0,1.0,0.0,0.0,115.0,0.9625694577797052,13.0,7.0,18.0,50.0,5.0,1.0,1920.0,1080.0,27.0,0.0,0
47.0,1.0,1.0,0.0,0.0,2.0,0.0,14.0,0.0,0.0,2.3884681374419374,0.0,0.0,28.0,0.0,0.0,0.0,0.0,0.0,1.0,0.0,0.0,1.0,1339.0,2.0,0.0,20.0,0.0,0.0,1.0,0.0,3.0,0.0,0.0,0.0,1.0,29.0,0.9858849506317827,13.0,4.0,20.0,204.0,18.0,1.0,1920.0,1080.0,20.0,0.0,0
29.0,1.0,1.0,0.0,0.0,2.0,0.0,17.0,0.0,0.0,2.555148696853328,0.0,0.0,16.0,0.0,0.0,0.0,0.0,0.0,1.0,0.0,0.0,1.0,468.0,1.0,0.0,6.0,0.0,0.0,0.0,0.0,3.0,0.0,0.0,0.0,0.0,39.0,0.9345851960792309,14.0,6.0,6.0,56.0,7.0,1.0,1920.0,1080.0,19.0,0.0,0
23.0,1.0,0.0,0.0,0.0,1.0,0.0,17.0,0.0,0.0,2.213278448096553,0.0,0.0,19.0,0.0,0.0,0.0,0.0,0.0,1.0,0.0,0.0,1.0,1614.0,1.0,0.0,13.0,0.0,0.0,0.0,0.0,2.0,0.0,0.0,0.0,0.0,112.0,0.9911728607836293,1.0,0.0,13.0,169.0,1.0,1.0,1920.0,1080.0,11.0,0.0,0
35.0,1.0,1.0,0.0,1.0,2.0,0.0,11.0,0.0,0.0,2.5494662387016938,0.0,0.0,26.0,0.0,0.0,0.0,0.0,0.0,1.0,0.0,0.0,0.0,2392.0,1.0,0.0,25.0,0.0,0.0,0.0,0.0,1.0,1.0,0.0,0.0,0.0,60.0,0.9844401044514167,12.0,5.0,25.0,408.0,13.0,1.0,1920.0,1080.0,30.0,0.0,0
54.0,1.0,1.0,0.0,1.0,2.0,0.0,20.0,0.0,0.0,2.3439264946276004,0.0,0.0,16.0,0.0,0.0,0.0,0.0,0.0,1.0,0.0,0.0,0.0,846.0,0.0,1.0,11.0,0.0,0.0,0.0,0.0,1.0,0.0,0.0,0.0,0.0,44.0,0.9273241162010664,6.0,0.0,11.0,9.0,6.0,1.0,1920.0,1080.0,20.0,0.0,0
43.0,1.0,1.0,0.0,0.0,2.0,0.0,9.0,0.0,0.0,2.6641671231054938,0.0,0.0,28.0,0.0,0.0,0.0,0.0,0.0,1.0,0.0,0.0,1.0,1759.0,1.0,1.0,21.0,0.0,0.0,0.0,0.0,0.0,0.0,0.0,0.0,0.0,30.0,0.9323274195388739,9.0,7.0,21.0,297.0,12.0,1.0,1280.0,800.0,12.0,0.0,0
34.0,1.0,0.0,0.0,0.0,1.0,0.0,7.0,0.0,0.0,2.7527120017354423,0.0,1.0,25.0,0.0,0.0,1.0,1.0,0.0,1.0,0.0,0.0,1.0,132.0,2.0,0.0,23.0,1.0,1.0,0.0,0.0,3.0,1.0,0.0,0.0,1.0,91.0,0.9918809048990901,1.0,0.0,23.0,336.0,10.0,1.0,1920.0,1080.0,9.0,0.0,0
22.0,1.0,0.0,0.0,0.0,1.0,0.0,14.0,0.0,0.0,3.148903561787215,0.0,0.0,34.0,0.0,0.0,1.0,1.0,0.0,1.0,0.0,0.0,1.0,2338.0,1.0,1.0,8.0,0.0,0.0,0.0,0.0,1.0,0.0,0.0,0.0,0.0,40.0,0.9222621049328631,3.0,2.0,8.0,288.0,14.0,1.0,1920.0,1080.0,31.0,0.0,0
22.0,1.0,0.0,0.0,0.0,1.0,0.0,20.0,0.0,0.0,3.2442558779979143,0.0,0.0,30.0,0.0,0.0,1.0,1.0,0.0,1.0,0.0,0.0,1.0,1297.0,2.0,0.0,25.0,0.0,0.0,0.0,0.0,3.0,0.0,0.0,0.0,0.0,28.0,0.9929544080209127,13.0,2.0,25.0,38.0,4.0,1.0,1920.0,1080.0,22.0,0.0,0
41.0,1.0,1.0,0.0,0.0,2.0,0.0,14.0,0.0,0.0,3.1910726817308896,0.0,0.0,14.0,20.0,0.0,1.0,1.0,0.0,1.0,0.0,0.0,1.0,1297.0,0.0,1.0,10.0,0.0,0.0,0.0,0.0,1.0,0.0,1.0,0.0,0.0,88.0,0.9691305622186529,5.0,4.0,10.0,433.0,13.0,1.0,1920.0,1080.0,7.0,0.0,0
35.0,1.0,2.0,0.0,0.0,3.0,0.0,9.0,0.0,0.0,2.662519589709314,0.0,0.0,14.0,0.0,0.0,0.0,0.0,0.0,1.0,0.0,0.0,1.0,720.0,0.0,0.0,5.0,0.0,0.0,0.0,0.0,3.0,0.0,0.0,0.0,0.0,74.0,0.9206148697676146,5.0,4.0,5.0,64.0,9.0,1.0,1920.0,1080.0,2.0,0.0,0
39.0,1.0,1.0,0.0,0.0,2.0,0.0,14.0,0.0,0.0,2.826726869375685,0.0,0.0,33.0,5.0,0.0,1.0,1.0,0.0,1.0,0.0,0.0,1.0,1682.0,1.0,0.0,27.0,1.0,1.0,0.0,0.0,3.0,2.0,0.0,0.0,1.0,37.0,0.9496184256628459,6.0,5.0,27.0,491.0,12.0,1.0,1920.0,1080.0,30.0,0.0,0
26.0,1.0,0.0,0.0,0.0,1.0,0.0,21.0,1.0,0.047619047619047616,2.7461941159226284,0.0,0.0,4.0,0.0,0.0,0.0,0.0,0.0,1.0,0.0,0.0,1.0,2252.0,1.0,1.0,5.0,0.0,0.0,0.0,0.0,0.0,0.0,0.0,0.0,0.0,48.0,0.9894957269223632,8.0,3.0,5.0,120.0,2.0,1.0,1920.0,1080.0,35.0,0.0,0
47.0,1.0,1.0,0.0,0.0,2.0,0.0,7.0,0.0,0.0,2.9935311443964734,0.0,0.0,13.0,0.0,0.0,0.0,0.0,0.0,1.0,0.0,0.0,1.0,412.0,0.0,1.0,16.0,0.0,0.0,0.0,0.0,2.0,0.0,0.0,0.0,0.0,44.0,0.9632699038144807,7.0,6.0,16.0,449.0,15.0,1.0,1920.0,1080.0,15.0,0.0,0
48.0,1.0,0.0,0.0,0.0,1.0,0.0,8.0,0.0,0.0,2.81637213800071,0.0,0.0,10.0,0.0,0.0,0.0,0.0,0.0,1.0,0.0,0.0,1.0,589.0,1.0,0.0,17.0,0.0,0.0,1.0,0.0,1.0,0.0,0.0,0.0,1.0,55.0,0.9750863196122586,3.0,0.0,17.0,260.0,1.0,1.0,1920.0,1080.0,42.0,0.0,0
18.0,1.0,0.0,0.0,0.0,1.0,0.0,16.0,0.0,0.0,2.316369871820646,0.0,0.0,34.0,0.0,0.0,1.0,1.0,0.0,1.0,0.0,0.0,1.0,183.0,2.0,0.0,6.0,0.0,0.0,0.0,0.0,2.0,0.0,0.0,0.0,0.0,108.0,0.9343250916524594,12.0,2.0,6.0,257.0,1.0,1.0,1920.0,1080.0,17.0,0.0,0
49.0,1.0,0.0,0.0,0.0,1.0,0.0,19.0,0.0,0.0,3.1531229068873587,0.0,0.0,7.0,0.0,0.0,1.0,1.0,0.0,1.0,0.0,0.0,1.0,2431.0,0.0,0.0,26.0,0.0,0.0,0.0,0.0,3.0,0.0,0.0,0.0,0.0,77.0,0.9206746030805074,11.0,3.0,26.0,210.0,4.0,1.0,1280.0,800.0,27.0,0.0,0
43.0,0.0,0.0,0.0,0.0,1.0,0.0,12.0,0.0,0.0,2.7938937538777426,0.0,0.0,17.0,0.0,0.0,1.0,1.0,0.0,0.0,0.0,0.0,0.0,1942.0,1.0,2.0,23.0,0.0,0.0,1.0,0.0,0.0,0.0,0.0,0.0,1.0,76.0,0.33612427027722025,10.0,2.0,23.0,186.0,8.0,1.0,1920.0,1080.0,9.0,0.0,0
28.0,1.0,1.0,0.0,0.0,2.0,0.0,9.0,0.0,0.0,2.514570806981238,0.0,0.0,18.0,0.0,0.0,0.0,0.0,0.0,1.0,0.0,0.0,1.0,2415.0,0.0,0.0,28.0,0.0,0.0,0.0,0.0,0.0,0.0,1.0,0.0,0.0,37.0,0.9882574167424563,2.0,1.0,28.0,453.0,1.0,1.0,1920.0,1080.0,10.0,0.0,0
50.0,1.0,0.0,0.0,0.0,1.0,0.0,13.0,0.0,0.0,2.1605483783864363,0.0,0.0,34.0,5.0,0.0,0.0,0.0,0.0,1.0,0.0,0.0,1.0,2024.0,1.0,0.0,15.0,0.0,0.0,0.0,0.0,2.0,0.0,1.0,0.0,0.0,64.0,0.9279066889387055,8.0,5.0,15.0,191.0,11.0,1.0,1920.0,1080.0,21.0,0.0,0
52.0,1.0,1.0,0.0,0.0,2.0,0.0,17.0,0.0,0.0,2.227241910208117,0.0,0.0,15.0,0.0,0.0,0.0,0.0,0.0,1.0,0.0,0.0,1.0,326.0,2.0,0.0,23.0,0.0,0.0,0.0,0.0,2.0,1.0,0.0,0.0,0.0,29.0,0.95737258957711,5.0,4.0,23.0,67.0,3.0,1.0,1920.0,1080.0,35.0,0.0,0
39.0,1.0,1.0,0.0,1.0,2.0,0.0,18.0,0.0,0.0,2.9041548796174808,0.0,0.0,14.0,0.0,0.0,1.0,1.0,0.0,1.0,0.0,0.0,1.0,873.0,1.0,0.0,24.0,0.0,0.0,0.0,0.0,0.0,1.0,0.0,0.0,0.0,23.0,0.9792072883016276,10.0,0.0,24.0,52.0,15.0,1.0,1280.0,800.0,3.0,0.0,0
20.0,1.0,0.0,0.0,0.0,1.0,0.0,7.0,0.0,0.0,3.09324828401821,0.0,0.0,21.0,0.0,0.0,1.0,1.0,0.0,1.0,0.0,0.0,1.0,1329.0,1.0,0.0,18.0,0.0,0.0,0.0,0.0,2.0,0.0,0.0,0.0,0.0,51.0,0.9284392630260305,10.0,8.0,18.0,324.0,16.0,1.0,1920.0,1080.0,22.0,0.0,0
45.0,1.0,1.0,0.0,2.0,2.0,0.0,14.0,0.0,0.0,3.193426270792232,0.0,0.0,30.0,0.0,0.0,0.0,0.0,0.0,1.0,0.0,0.0,1.0,549.0,1.0,1.0,27.0,0.0,0.0,1.0,0.0,0.0,0.0,0.0,0.0,1.0,56.0,0.9345249410493935,6.0,3.0,27.0,401.0,7.0,1.0,1280.0,800.0,12.0,0.0,0
22.0,1.0,2.0,0.0,0.0,3.0,0.0,14.0,0.0,0.0,2.63203337875873,0.0,0.0,4.0,0.0,0.0,0.0,0.0,0.0,1.0,0.0,0.0,1.0,2188.0,1.0,0.0,8.0,0.0,0.0,0.0,0.0,3.0,0.0,0.0,0.0,0.0,118.0,0.9767089413276007,8.0,2.0,8.0,481.0,3.0,1.0,1920.0,1080.0,33.0,0.0,0
46.0,1.0,1.0,0.0,0.0,2.0,0.0,10.0,0.0,0.0,3.0119244087752364,0.0,0.0,33.0,0.0,0.0,0.0,0.0,0.0,1.0,0.0,0.0,1.0,2291.0,2.0,0.0,13.0,0.0,0.0,0.0,0.0,3.0,0.0,0.0,0.0,0.0,52.0,0.9484871771677167,13.0,1.0,13.0,311.0,15.0,1.0,1920.0,1080.0,18.0,0.0,0
48.0,1.0,0.0,0.0,0.0,1.0,0.0,13.0,0.0,0.0,3.297797439906324,0.0,0.0,5.0,0.0,0.0,0.0,0.0,0.0,1.0,0.0,0.0,1.0,2366.0,3.0,0.0,12.0,0.0,0.0,0.0,0.0,0.0,0.0,0.0,0.0,0.0,119.0,0.9512613729282484,9.0,4.0,12.0,330.0,4.0,1.0,1280.0,800.0,22.0,0.0,0
23.0,1.0,0.0,0.0,0.0,1.0,0.0,16.0,0.0,0.0,2.6975878671958453,0.0,0.0,14.0,0.0,0.0,0.0,0.0,0.0,1.0,0.0,0.0,1.0,111.0,2.0,1.0,2.0,1.0,1.0,0.0,0.0,0.0,1.0,0.0,0.0,1.0,89.0,0.9243489988063003,6.0,4.0,2.0,44.0,17.0,1.0,1280.0,800.0,30.0,0.0,0
29.0,1.0,0.0,0.0,0.0,1.0,0.0,9.0,0.0,0.0,3.3708582079221783,0.0,0.0,26.0,0.0,0.0,0.0,0.0,0.0,1.0,0.0,0.0,0.0,2273.0,0.0,0.0,17.0,0.0,0.0,0.0,0.0,3.0,0.0,0.0,0.0,0.0,99.0,0.921538827043909,7.0,0.0,17.0,477.0,12.0,1.0,1280.0,800.0,5.0,0.0,0
28.0,1.0,0.0,0.0,0.0,1.0,0.0,10.0,0.0,0.0,2.6938011465785374,0.0,0.0,32.0,0.0,0.0,0.0,0.0,0.0,1.0,0.0,0.0,1.0,1638.0,1.0,0.0,11.0,1.0,0.0,0.0,0.0,3.0,3.0,0.0,0.0,1.0,89.0,0.9244003804460643,3.0,0.0,11.0,94.0,1.0,1.0,1920.0,1080.0,36.0,0.0,0
22.0,1.0,0.0,0.0,0.0,1.0,0.0,14.0,0.0,0.0,2.8055129171164923,0.0,0.0,13.0,20.0,0.0,1.0,1.0,0.0,1.0,0.0,0.0,1.0,269.0,1.0,1.0,9.0,0.0,0.0,0.0,0.0,1.0,0.0,0.0,0.0,0.0,38.0,0.9523510129530803,8.0,4.0,9.0,130.0,11.0,1.0,1280.0,800.0,34.0,0.0,0
37.0,1.0,1.0,0.0,0.0,2.0,0.0,10.0,0.0,0.0,3.1714024341122222,0.0,0.0,4.0,0.0,0.0,0.0,0.0,0.0,1.0,0.0,0.0,1.0,952.0,1.0,0.0,7.0,1.0,0.0,0.0,0.0,0.0,1.0,0.0,0.0,1.0,105.0,0.9343113844224107,4.0,3.0,7.0,448.0,1.0,1.0,1280.0,800.0,39.0,0.0,0
45.0,1.0,1.0,0.0,0.0,2.0,0.0,17.0,0.0,0.0,2.984621580292947,0.0,0.0,8.0,0.0,0.0,0.0,0.0,0.0,1.0,0.0,0.0,1.0,1879.0,0.0,0.0,2.0,0.0,0.0,0.0,0.0,1.0,0.0,0.0,0.0,0.0,22.0,0.9363655785201616,7.0,6.0,2.0,40.0,17.0,1.0,1920.0,1080.0,32.0,0.0,0
37.0,1.0,1.0,0.0,0.0,2.0,0.0,7.0,0.0,0.0,2.9626755348145366,0.0,0.0,33.0,0.0,0.0,1.0,1.0,0.0,1.0,0.0,0.0,1.0,1781.0,3.0,0.0,25.0,0.0,0.0,0.0,0.0,2.0,0.0,0.0,0.0,0.0,21.0,0.952118765544948,9.0,8.0,25.0,86.0,1.0,1.0,1280.0,800.0,11.0,0.0,0
49.0,1.0,1.0,0.0,1.0,2.0,0.0,17.0,1.0,0.058823529411764705,2.428385158900426,0.0,0.0,29.0,5.0,0.0,0.0,0.0,0.0,1.0,0.0,0.0,1.0,553.0,1.0,1.0,22.0,0.0,0.0,0.0,0.0,2.0,0.0,0.0,0.0,0.0,93.0,0.9454438525906222,7.0,3.0,22.0,97.0,4.0,1.0,1920.0,1080.0,9.0,0.0,0
22.0,1.0,1.0,0.0,0.0,2.0,0.0,18.0,0.0,0.0,2.9658490674857916,0.0,0.0,26.0,0.0,0.0,0.0,0.0,0.0,1.0,0.0,0.0,1.0,1823.0,0.0,1.0,25.0,0.0,0.0,0.0,0.0,2.0,1.0,0.0,0.0,0.0,45.0,0.9313369654671908,11.0,5.0,25.0,120.0,2.0,1.0,1280.0,800.0,2.0,0.0,0
22.0,1.0,1.0,0.0,0.0,2.0,0.0,21.0,0.0,0.0,2.1302884156152664,0.0,0.0,32.0,0.0,0.0,1.0,1.0,0.0,1.0,0.0,0.0,1.0,583.0,0.0,0.0,26.0,0.0,0.0,0.0,0.0,1.0,0.0,0.0,0.0,0.0,48.0,0.986537641827786,3.0,2.0,26.0,433.0,12.0,1.0,1920.0,1080.0,29.0,0.0,0
22.0,1.0,2.0,0.0,0.0,3.0,0.0,16.0,0.0,0.0,2.5896451186327347,0.0,0.0,34.0,5.0,0.0,1.0,1.0,0.0,1.0,0.0,0.0,1.0,129.0,1.0,0.0,26.0,1.0,0.0,0.0,0.0,2.0,3.0,0.0,0.0,1.0,76.0,0.9861915171754165,9.0,6.0,26.0,172.0,19.0,1.0,1920.0,1080.0,24.0,0.0,0
25.0,1.0,1.0,0.0,0.0,2.0,0.0,18.0,0.0,0.0,2.4986360762223514,0.0,0.0,3.0,0.0,0.0,0.0,0.0,0.0,1.0,0.0,0.0,1.0,1841.0,1.0,0.0,27.0,1.0,0.0,0.0,0.0,3.0,3.0,0.0,0.0,1.0,111.0,0.9824629270165551,10.0,3.0,27.0,226.0,8.0,1.0,1920.0,1080.0,22.0,0.0,0
43.0,1.0,1.0,0.0,0.0,2.0,0.0,10.0,0.0,0.0,2.134531110340856,0.0,0.0,17.0,0.0,0.0,0.0,0.0,0.0,1.0,0.0,0.0,1.0,2266.0,0.0,0.0,8.0,0.0,0.0,0.0,0.0,0.0,0.0,0.0,0.0,0.0,112.0,0.9723468410236091,14.0,3.0,8.0,382.0,1.0,1.0,1280.0,800.0,40.0,0.0,0
45.0,1.0,0.0,0.0,2.0,1.0,0.0,8.0,0.0,0.0,2.3013611654950217,0.0,0.0,30.0,0.0,0.0,1.0,1.0,0.0,1.0,0.0,0.0,1.0,1977.0,1.0,0.0,26.0,0.0,0.0,0.0,0.0,2.0,0.0,0.0,0.0,0.0,104.0,0.991832636254655,2.0,1.0,26.0,256.0,9.0,1.0,1920.0,1080.0,36.0,0.0,0
22.0,1.0,1.0,0.0,0.0,2.0,0.0,9.0,0.0,0.0,2.3779683833783043,0.0,0.0,27.0,5.0,0.0,0.0,0.0,0.0,1.0,0.0,0.0,1.0,1051.0,2.0,0.0,5.0,0.0,0.0,0.0,0.0,3.0,1.0,0.0,0.0,0.0,106.0,0.9494149406553775,2.0,1.0,5.0,53.0,2.0,1.0,1920.0,1080.0,7.0,0.0,0
54.0,1.0,0.0,0.0,0.0,1.0,0.0,20.0,0.0,0.0,3.262416742385551,0.0,0.0,33.0,5.0,0.0,0.0,0.0,0.0,1.0,0.0,0.0,1.0,1849.0,1.0,0.0,10.0,0.0,0.0,0.0,0.0,2.0,1.0,0.0,0.0,0.0,98.0,0.9625922138181106,12.0,4.0,10.0,321.0,15.0,1.0,1920.0,1080.0,9.0,0.0,0
43.0,1.0,1.0,0.0,0.0,2.0,0.0,9.0,0.0,0.0,2.9095398277153715,0.0,1.0,31.0,0.0,0.0,0.0,0.0,0.0,1.0,0.0,0.0,1.0,1382.0,2.0,0.0,2.0,0.0,0.0,0.0,0.0,2.0,0.0,0.0,0.0,0.0,40.0,0.944034237326338,6.0,4.0,2.0,117.0,15.0,1.0,1920.0,1080.0,30.0,0.0,0
36.0,1.0,1.0,0.0,0.0,2.0,0.0,21.0,0.0,0.0,2.194192451834444,0.0,0.0,8.0,0.0,0.0,0.0,0.0,0.0,1.0,0.0,0.0,1.0,576.0,2.0,0.0,22.0,0.0,0.0,0.0,0.0,2.0,0.0,1.0,0.0,0.0,53.0,0.9869323681255442,4.0,3.0,22.0,50.0,6.0,1.0,1920.0,1080.0,32.0,0.0,0
39.0,1.0,1.0,0.0,0.0,2.0,0.0,18.0,0.0,0.0,2.2904158975831415,0.0,0.0,20.0,0.0,0.0,1.0,1.0,0.0,1.0,0.0,0.0,1.0,123.0,1.0,1.0,8.0,1.0,1.0,0.0,0.0,2.0,3.0,0.0,0.0,1.0,40.0,0.9846094926986535,11.0,2.0,8.0,154.0,0.0,1.0,1920.0,1080.0,33.0,0.0,0
46.0,1.0,0.0,0.0,0.0,1.0,0.0,8.0,2.0,0.25,3.318650451219216,0.0,0.0,17.0,5.0,0.0,0.0,0.0,0.0,1.0,0.0,0.0,1.0,1507.0,1.0,2.0,4.0,0.0,0.0,0.0,0.0,1.0,0.0,0.0,0.0,0.0,24.0,0.9722470245319256,7.0,0.0,4.0,383.0,2.0,1.0,1920.0,1080.0,32.0,0.0,0
24.0,1.0,0.0,0.0,0.0,1.0,0.0,18.0,0.0,0.0,3.1268260199355478,0.0,0.0,20.0,0.0,0.0,0.0,0.0,0.0,1.0,0.0,0.0,1.0,1124.0,1.0,1.0,20.0,0.0,0.0,0.0,0.0,0.0,1.0,0.0,0.0,0.0,45.0,0.9347767353457044,1.0,0.0,20.0,98.0,1.0,1.0,1920.0,1080.0,30.0,0.0,0
22.0,1.0,1.0,0.0,1.0,2.0,0.0,17.0,0.0,0.0,2.7518109584239,0.0,0.0,23.0,0.0,0.0,0.0,0.0,0.0,1.0,0.0,0.0,1.0,1846.0,2.0,0.0,13.0,0.0,0.0,0.0,0.0,3.0,0.0,0.0,0.0,0.0,15.0,0.9971541214866624,9.0,7.0,13.0,345.0,13.0,1.0,1920.0,1080.0,42.0,0.0,0
23.0,1.0,0.0,0.0,0.0,1.0,0.0,21.0,0.0,0.0,2.5407643930284705,0.0,0.0,19.0,0.0,0.0,1.0,1.0,0.0,1.0,0.0,0.0,1.0,2308.0,2.0,0.0,24.0,0.0,0.0,0.0,0.0,3.0,0.0,0.0,0.0,0.0,30.0,0.9856201852048834,8.0,7.0,24.0,193.0,17.0,1.0,1920.0,1080.0,7.0,0.0,0
20.0,1.0,1.0,0.0,0.0,2.0,0.0,18.0,0.0,0.0,2.114542898683977,0.0,0.0,2.0,0.0,0.0,0.0,0.0,0.0,1.0,0.0,0.0,1.0,1691.0,2.0,0.0,19.0,0.0,0.0,0.0,0.0,1.0,0.0,0.0,0.0,0.0,46.0,0.9502317082142653,3.0,2.0,19.0,87.0,4.0,1.0,1920.0,1080.0,42.0,0.0,0
36.0,1.0,0.0,0.0,0.0,1.0,0.0,10.0,1.0,0.1,2.6719859459579585,0.0,0.0,5.0,20.0,0.0,1.0,1.0,0.0,1.0,0.0,0.0,1.0,1508.0,0.0,1.0,4.0,0.0,0.0,0.0,0.0,1.0,0.0,0.0,0.0,0.0,103.0,0.9973635991207868,11.0,6.0,4.0,54.0,13.0,1.0,1920.0,1080.0,26.0,0.0,0
38.0,1.0,0.0,0.0,0.0,1.0,0.0,13.0,0.0,0.0,2.149187751032625,0.0,0.0,31.0,0.0,0.0,0.0,0.0,0.0,1.0,0.0,0.0,1.0,131.0,1.0,0.0,16.0,0.0,0.0,0.0,0.0,1.0,0.0,0.0,0.0,0.0,105.0,0.9854479016696347,11.0,5.0,16.0,327.0,8.0,1.0,1280.0,800.0,35.0,0.0,0
22.0,1.0,1.0,0.0,0.0,2.0,0.0,8.0,0.0,0.0,3.135639265306313,0.0,0.0,20.0,0.0,0.0,0.0,0.0,0.0,1.0,0.0,0.0,1.0,1641.0,2.0,0.0,14.0,0.0,0.0,0.0,0.0,3.0,0.0,0.0,0.0,0.0,103.0,0.9596805529247824,11.0,6.0,14.0,101.0,7.0,1.0,1920.0,1080.0,44.0,0.0,0
19.0,1.0,0.0,0.0,0.0,1.0,0.0,18.0,0.0,0.0,3.395095806313076,0.0,0.0,0.0,0.0,0.0,0.0,0.0,0.0,1.0,0.0,0.0,1.0,1276.0,1.0,2.0,3.0,0.0,0.0,0.0,0.0,3.0,0.0,0.0,0.0,0.0,31.0,0.9898039242895337,8.0,7.0,3.0,393.0,19.0,1.0,1920.0,1080.0,14.0,0.0,0
47.0,1.0,1.0,0.0,0.0,2.0,0.0,12.0,0.0,0.0,2.780493040324942,0.0,0.0,20.0,20.0,0.0,1.0,1.0,0.0,1.0,0.0,0.0,1.0,654.0,1.0,0.0,27.0,0.0,0.0,0.0,0.0,3.0,0.0,0.0,0.0,0.0,42.0,0.92580259476803,14.0,3.0,27.0,426.0,13.0,1.0,1920.0,1080.0,13.0,0.0,0
21.0,1.0,1.0,0.0,0.0,2.0,0.0,14.0,0.0,0.0,2.18805585308913,0.0,0.0,12.0,20.0,0.0,0.0,0.0,0.0,1.0,0.0,0.0,1.0,1241.0,0.0,0.0,5.0,0.0,0.0,0.0,0.0,2.0,0.0,0.0,0.0,0.0,101.0,0.9837749383315133,3.0,2.0,5.0,303.0,6.0,1.0,1280.0,800.0,23.0,0.0,0
32.0,1.0,1.0,0.0,0.0,2.0,0.0,10.0,0.0,0.0,2.2408255905089716,0.0,0.0,12.0,5.0,0.0,1.0,1.0,0.0,1.0,0.0,0.0,1.0,461.0,1.0,0.0,14.0,1.0,0.0,0.0,0.0,0.0,2.0,0.0,0.0,1.0,86.0,0.9395372252256289,10.0,0.0,14.0,466.0,12.0,1.0,1920.0,1080.0,38.0,0.0,0
38.0,1.0,0.0,0.0,0.0,1.0,0.0,13.0,0.0,0.0,2.7029082561217503,0.0,0.0,3.0,5.0,0.0,1.0,1.0,0.0,1.0,0.0,0.0,1.0,1719.0,1.0,1.0,14.0,1.0,1.0,0.0,0.0,1.0,1.0,0.0,0.0,1.0,22.0,0.9626232380386539,8.0,2.0,14.0,328.0,9.0,1.0,1920.0,1080.0,13.0,0.0,0
49.0,1.0,0.0,0.0,0.0,1.0,0.0,12.0,0.0,0.0,2.3064851760475173,0.0,0.0,21.0,0.0,0.0,1.0,1.0,0.0,1.0,0.0,0.0,1.0,338.0,1.0,0.0,22.0,1.0,1.0,0.0,0.0,1.0,1.0,1.0,0.0,1.0,109.0,0.9221445112960562,3.0,2.0,22.0,373.0,15.0,1.0,1920.0,1080.0,31.0,0.0,0
28.0,1.0,1.0,0.0,0.0,2.0,0.0,18.0,0.0,0.0,2.5328159326142368,0.0,0.0,32.0,0.0,0.0,0.0,0.0,0.0,1.0,0.0,0.0,1.0,1810.0,1.0,0.0,11.0,0.0,0.0,0.0,0.0,0.0,0.0,1.0,0.0,0.0,74.0,0.968460834300571,3.0,2.0,11.0,117.0,11.0,1.0,1920.0,1080.0,36.0,0.0,0
42.0,1.0,1.0,0.0,1.0,2.0,0.0,15.0,0.0,0.0,2.7957503034913094,0.0,0.0,2.0,0.0,0.0,0.0,0.0,0.0,1.0,0.0,0.0,1.0,212.0,1.0,2.0,23.0,0.0,0.0,0.0,0.0,0.0,0.0,0.0,0.0,0.0,46.0,0.999581491437479,14.0,2.0,23.0,375.0,2.0,1.0,1920.0,1080.0,10.0,0.0,0
45.0,1.0,0.0,0.0,0.0,1.0,0.0,21.0,2.0,0.09523809523809523,2.559522134774383,0.0,0.0,1.0,0.0,0.0,1.0,1.0,0.0,1.0,0.0,0.0,1.0,2001.0,1.0,1.0,15.0,1.0,0.0,0.0,0.0,2.0,2.0,0.0,0.0,1.0,64.0,0.9629126649169583,2.0,1.0,15.0,220.0,3.0,1.0,1920.0,1080.0,10.0,0.0,0
41.0,1.0,1.0,0.0,0.0,2.0,0.0,8.0,0.0,0.0,3.391328987225526,0.0,0.0,24.0,5.0,0.0,0.0,0.0,0.0,1.0,0.0,0.0,1.0,483.0,0.0,0.0,13.0,0.0,0.0,0.0,0.0,3.0,0.0,0.0,0.0,0.0,87.0,0.9498968524447832,14.0,0.0,13.0,39.0,15.0,1.0,1920.0,1080.0,3.0,0.0,0
28.0,1.0,0.0,0.0,0.0,1.0,0.0,17.0,0.0,0.0,2.4142611616936556,0.0,0.0,4.0,20.0,0.0,0.0,0.0,0.0,1.0,0.0,0.0,1.0,441.0,0.0,1.0,21.0,0.0,0.0,0.0,0.0,0.0,0.0,0.0,0.0,0.0,41.0,0.9930958994873473,8.0,0.0,21.0,144.0,1.0,1.0,1920.0,1080.0,14.0,0.0,0
38.0,1.0,0.0,0.0,0.0,1.0,0.0,14.0,0.0,0.0,3.121754205688929,0.0,0.0,17.0,5.0,0.0,0.0,0.0,0.0,1.0,0.0,0.0,1.0,2164.0,0.0,0.0,13.0,0.0,0.0,0.0,0.0,3.0,0.0,0.0,0.0,0.0,29.0,0.9897066662094083,3.0,0.0,13.0,31.0,7.0,1.0,1920.0,1080.0,27.0,0.0,0
22.0,1.0,0.0,0.0,0.0,1.0,0.0,14.0,0.0,0.0,2.327895478800351,0.0,0.0,20.0,0.0,0.0,0.0,0.0,0.0,1.0,0.0,0.0,1.0,276.0,0.0,0.0,10.0,0.0,0.0,0.0,0.0,2.0,0.0,0.0,0.0,0.0,104.0,0.9629174672831068,14.0,0.0,10.0,451.0,17.0,1.0,1920.0,1080.0,35.0,0.0,0
29.0,1.0,0.0,0.0,0.0,1.0,0.0,8.0,0.0,0.0,3.2427430763071694,0.0,0.0,16.0,0.0,0.0,1.0,1.0,0.0,1.0,0.0,0.0,1.0,1144.0,0.0,0.0,28.0,0.0,0.0,0.0,0.0,0.0,0.0,0.0,0.0,0.0,76.0,0.9488228915504473,7.0,6.0,28.0,219.0,17.0,1.0,1920.0,1080.0,23.0,0.0,0
22.0,1.0,0.0,0.0,0.0,1.0,0.0,18.0,0.0,0.0,2.718963919932854,0.0,0.0,5.0,5.0,0.0,1.0,1.0,0.0,1.0,0.0,0.0,1.0,1806.0,1.0,0.0,4.0,0.0,0.0,0.0,0.0,0.0,0.0,0.0,0.0,0.0,76.0,0.9806977222057285,14.0,6.0,4.0,409.0,12.0,1.0,1920.0,1080.0,35.0,0.0,0
18.0,1.0,1.0,0.0,0.0,2.0,0.0,21.0,0.0,0.0,2.737024708436299,0.0,0.0,15.0,0.0,0.0,0.0,0.0,0.0,1.0,0.0,0.0,1.0,486.0,1.0,1.0,16.0,0.0,0.0,0.0,0.0,0.0,0.0,0.0,0.0,0.0,34.0,0.9405837622567195,6.0,1.0,16.0,331.0,16.0,1.0,1920.0,1080.0,4.0,0.0,0
34.0,1.0,1.0,0.0,0.0,2.0,0.0,9.0,0.0,0.0,2.77483310089359,0.0,0.0,6.0,0.0,0.0,0.0,0.0,0.0,1.0,0.0,0.0,1.0,914.0,1.0,1.0,24.0,0.0,0.0,0.0,0.0,0.0,0.0,0.0,0.0,0.0,116.0,0.9424139883000269,10.0,0.0,24.0,84.0,16.0,1.0,1920.0,1080.0,42.0,0.0,0
51.0,1.0,1.0,0.0,0.0,2.0,0.0,7.0,0.0,0.0,3.1056172469503966,0.0,0.0,18.0,0.0,0.0,1.0,1.0,0.0,1.0,0.0,0.0,1.0,1296.0,0.0,0.0,6.0,0.0,0.0,0.0,0.0,3.0,0.0,0.0,0.0,0.0,28.0,0.975682725167824,14.0,5.0,6.0,277.0,0.0,1.0,1920.0,1080.0,12.0,0.0,0
29.0,1.0,1.0,0.0,0.0,2.0,0.0,20.0,0.0,0.0,2.209465113819872,0.0,0.0,13.0,0.0,0.0,0.0,0.0,0.0,1.0,0.0,0.0,1.0,2255.0,1.0,0.0,11.0,0.0,0.0,0.0,0.0,0.0,0.0,0.0,0.0,0.0,90.0,0.9717479770197994,2.0,1.0,11.0,260.0,17.0,1.0,1280.0,800.0,38.0,0.0,0
46.0,1.0,1.0,0.0,1.0,2.0,0.0,21.0,0.0,0.0,2.8088734802407465,0.0,0.0,6.0,5.0,0.0,0.0,0.0,0.0,1.0,0.0,0.0,1.0,951.0,1.0,1.0,19.0,0.0,0.0,0.0,0.0,1.0,0.0,0.0,0.0,0.0,79.0,0.9635498230453549,5.0,0.0,19.0,135.0,6.0,1.0,1920.0,1080.0,26.0,0.0,0
38.0,1.0,1.0,0.0,1.0,2.0,0.0,13.0,0.0,0.0,2.8692758142432697,0.0,0.0,14.0,0.0,0.0,0.0,0.0,0.0,1.0,0.0,0.0,1.0,584.0,1.0,0.0,10.0,0.0,0.0,0.0,0.0,1.0,0.0,0.0,0.0,0.0,101.0,0.9690971639109429,13.0,2.0,10.0,497.0,1.0,1.0,1920.0,1080.0,3.0,0.0,0
28.0,1.0,0.0,0.0,0.0,1.0,0.0,18.0,0.0,0.0,3.0074049536135927,0.0,0.0,16.0,20.0,0.0,0.0,0.0,0.0,1.0,0.0,0.0,1.0,2405.0,0.0,0.0,29.0,0.0,0.0,0.0,0.0,3.0,0.0,0.0,0.0,0.0,28.0,0.9214373797239992,7.0,6.0,29.0,170.0,10.0,1.0,1920.0,1080.0,40.0,0.0,0
20.0,1.0,1.0,0.0,0.0,2.0,0.0,13.0,0.0,0.0,3.030218796343762,0.0,1.0,13.0,5.0,0.0,0.0,0.0,0.0,1.0,0.0,0.0,1.0,1598.0,1.0,0.0,17.0,1.0,1.0,0.0,0.0,1.0,1.0,0.0,0.0,1.0,79.0,0.927689942197949,7.0,1.0,17.0,402.0,13.0,1.0,1920.0,1080.0,30.0,0.0,0
35.0,1.0,1.0,0.0,0.0,2.0,0.0,10.0,0.0,0.0,2.7666958859678434,0.0,0.0,32.0,0.0,0.0,1.0,1.0,0.0,1.0,0.0,0.0,1.0,1955.0,0.0,0.0,23.0,0.0,0.0,0.0,0.0,0.0,0.0,0.0,0.0,0.0,47.0,0.9276016991826508,10.0,0.0,23.0,397.0,4.0,1.0,1920.0,1080.0,12.0,0.0,0
34.0,1.0,0.0,0.0,0.0,1.0,0.0,19.0,0.0,0.0,2.9591573153496267,0.0,0.0,5.0,5.0,0.0,0.0,0.0,0.0,1.0,0.0,0.0,1.0,1452.0,1.0,0.0,12.0,0.0,0.0,0.0,0.0,0.0,0.0,0.0,0.0,0.0,95.0,0.9650849048745895,14.0,6.0,12.0,132.0,4.0,1.0,1280.0,800.0,10.0,0.0,0
25.0,1.0,1.0,0.0,0.0,2.0,0.0,13.0,0.0,0.0,3.2373010462592635,0.0,0.0,0.0,20.0,0.0,1.0,1.0,0.0,1.0,0.0,0.0,1.0,697.0,0.0,1.0,21.0,0.0,0.0,0.0,0.0,3.0,0.0,0.0,0.0,0.0,76.0,0.9625119654405181,2.0,1.0,21.0,449.0,12.0,1.0,1280.0,800.0,14.0,0.0,0
33.0,1.0,0.0,0.0,0.0,1.0,0.0,20.0,0.0,0.0,2.4359839974995534,0.0,0.0,3.0,5.0,0.0,1.0,1.0,0.0,1.0,0.0,0.0,1.0,166.0,1.0,0.0,6.0,0.0,0.0,0.0,0.0,1.0,0.0,0.0,0.0,0.0,83.0,0.9758634287815551,13.0,5.0,6.0,328.0,3.0,1.0,1920.0,1080.0,18.0,0.0,0
36.0,1.0,1.0,0.0,0.0,2.0,0.0,7.0,0.0,0.0,2.9624578653649487,0.0,0.0,33.0,0.0,0.0,1.0,1.0,0.0,1.0,0.0,0.0,1.0,1908.0,0.0,0.0,2.0,0.0,0.0,0.0,0.0,0.0,1.0,0.0,0.0,0.0,98.0,0.9706837916202526,1.0,0.0,2.0,375.0,2.0,1.0,1920.0,1080.0,7.0,0.0,0
45.0,1.0,1.0,0.0,1.0,2.0,0.0,21.0,0.0,0.0,2.6414935335496383,0.0,0.0,26.0,0.0,0.0,1.0,1.0,0.0,1.0,0.0,0.0,1.0,833.0,2.0,0.0,18.0,1.0,0.0,0.0,0.0,1.0,3.0,0.0,0.0,1.0,25.0,0.9424756245622858,9.0,3.0,18.0,55.0,7.0,1.0,1280.0,800.0,36.0,0.0,0
41.0,1.0,0.0,0.0,0.0,1.0,0.0,19.0,0.0,0.0,2.5896948309364465,0.0,0.0,33.0,0.0,0.0,1.0,1.0,0.0,1.0,0.0,0.0,1.0,1951.0,1.0,1.0,26.0,0.0,0.0,0.0,0.0,2.0,0.0,1.0,0.0,0.0,103.0,0.9509015230355471,8.0,7.0,26.0,72.0,8.0,1.0,1280.0,800.0,27.0,0.0,0
49.0,1.0,1.0,0.0,0.0,2.0,0.0,7.0,0.0,0.0,2.292037844330178,0.0,0.0,31.0,0.0,0.0,1.0,1.0,0.0,1.0,0.0,0.0,1.0,1553.0,1.0,1.0,13.0,0.0,0.0,0.0,0.0,0.0,0.0,0.0,0.0,0.0,48.0,0.9418408314564843,3.0,2.0,13.0,444.0,12.0,1.0,1920.0,1080.0,24.0,0.0,0
25.0,1.0,0.0,0.0,0.0,1.0,0.0,18.0,0.0,0.0,2.5089840474605687,0.0,0.0,26.0,0.0,0.0,1.0,1.0,0.0,1.0,0.0,0.0,1.0,908.0,1.0,0.0,23.0,0.0,0.0,0.0,0.0,1.0,1.0,0.0,0.0,0.0,21.0,0.9750596272330616,7.0,2.0,23.0,92.0,14.0,1.0,1920.0,1080.0,42.0,0.0,0
29.0,1.0,0.0,0.0,0.0,1.0,0.0,10.0,0.0,0.0,3.1587157361219855,0.0,0.0,31.0,5.0,0.0,0.0,0.0,0.0,1.0,0.0,0.0,1.0,1023.0,1.0,1.0,20.0,0.0,0.0,0.0,0.0,2.0,0.0,0.0,0.0,0.0,71.0,0.9687375220851113,3.0,0.0,20.0,496.0,11.0,1.0,1280.0,800.0,20.0,0.0,0
22.0,1.0,1.0,0.0,0.0,2.0,0.0,12.0,0.0,0.0,2.4393574239396405,0.0,0.0,17.0,0.0,0.0,1.0,1.0,0.0,1.0,0.0,0.0,1.0,648.0,0.0,0.0,9.0,0.0,0.0,0.0,0.0,3.0,0.0,0.0,0.0,0.0,94.0,0.9434509250458231,14.0,6.0,9.0,372.0,0.0,1.0,1280.0,800.0,34.0,0.0,0
24.0,1.0,1.0,0.0,0.0,2.0,0.0,14.0,0.0,0.0,3.0116536399596288,0.0,0.0,2.0,0.0,0.0,1.0,1.0,0.0,1.0,0.0,0.0,1.0,1015.0,1.0,0.0,2.0,1.0,0.0,0.0,0.0,3.0,2.0,0.0,0.0,1.0,97.0,0.9203162216398612,13.0,6.0,2.0,481.0,6.0,1.0,1920.0,1080.0,3.0,0.0,0
45.0,1.0,1.0,0.0,0.0,2.0,0.0,9.0,0.0,0.0,2.4911617063454794,0.0,0.0,15.0,0.0,0.0,0.0,0.0,0.0,1.0,0.0,0.0,1.0,2183.0,1.0,1.0,5.0,0.0,0.0,0.0,0.0,3.0,0.0,0.0,0.0,0.0,15.0,0.968834624262241,10.0,5.0,5.0,346.0,0.0,1.0,1920.0,1080.0,7.0,0.0,0
34.0,1.0,0.0,0.0,0.0,1.0,0.0,17.0,0.0,0.0,2.7603486906167465,0.0,0.0,12.0,0.0,0.0,0.0,0.0,0.0,1.0,0.0,0.0,1.0,1015.0,2.0,0.0,7.0,1.0,0.0,0.0,0.0,0.0,3.0,0.0,0.0,1.0,33.0,0.9662860762368417,8.0,1.0,7.0,365.0,3.0,1.0,1920.0,1080.0,21.0,0.0,0
18.0,1.0,1.0,0.0,0.0,2.0,0.0,7.0,0.0,0.0,2.6932394269672555,0.0,0.0,14.0,5.0,0.0,0.0,0.0,0.0,1.0,0.0,0.0,1.0,1274.0,1.0,1.0,4.0,0.0,0.0,0.0,0.0,1.0,0.0,0.0,0.0,0.0,76.0,0.9537535343444948,5.0,4.0,4.0,423.0,15.0,1.0,1920.0,1080.0,6.0,0.0,0
46.0,1.0,0.0,0.0,0.0,1.0,0.0,8.0,0.0,0.0,2.5065057238441155,0.0,0.0,31.0,20.0,0.0,1.0,1.0,0.0,1.0,0.0,0.0,1.0,1920.0,0.0,1.0,23.0,0.0,0.0,0.0,0.0,1.0,0.0,1.0,0.0,0.0,67.0,0.9283950454114165,6.0,2.0,23.0,320.0,8.0,1.0,1920.0,1080.0,5.0,0.0,0
47.0,1.0,0.0,0.0,0.0,1.0,0.0,19.0,0.0,0.0,3.2973946764058844,0.0,0.0,15.0,5.0,0.0,0.0,0.0,0.0,1.0,0.0,0.0,1.0,2219.0,1.0,1.0,4.0,0.0,0.0,0.0,0.0,3.0,0.0,0.0,0.0,0.0,53.0,0.9503755489426919,10.0,1.0,4.0,139.0,4.0,1.0,1920.0,1080.0,4.0,0.0,0
20.0,1.0,1.0,0.0,0.0,2.0,0.0,18.0,0.0,0.0,2.399340425308162,0.0,0.0,17.0,0.0,0.0,0.0,0.0,0.0,1.0,0.0,0.0,1.0,715.0,1.0,1.0,28.0,0.0,0.0,0.0,0.0,2.0,0.0,0.0,0.0,0.0,16.0,0.9448561852151065,10.0,5.0,28.0,114.0,0.0,1.0,1920.0,1080.0,23.0,0.0,0
28.0,1.0,0.0,0.0,0.0,1.0,0.0,19.0,0.0,0.0,3.342705080563019,0.0,0.0,4.0,5.0,0.0,0.0,0.0,0.0,1.0,0.0,0.0,1.0,618.0,3.0,0.0,23.0,0.0,0.0,0.0,0.0,2.0,0.0,0.0,0.0,0.0,39.0,0.9540632984465791,1.0,0.0,23.0,345.0,6.0,1.0,1920.0,1080.0,5.0,0.0,0
32.0,1.0,0.0,0.0,0.0,1.0,0.0,8.0,0.0,0.0,2.986954249479089,0.0,0.0,7.0,0.0,0.0,0.0,0.0,0.0,1.0,0.0,0.0,1.0,699.0,0.0,1.0,4.0,0.0,0.0,0.0,0.0,0.0,0.0,0.0,0.0,0.0,15.0,0.9786063332241915,6.0,5.0,4.0,120.0,12.0,1.0,1920.0,1080.0,22.0,0.0,0
48.0,1.0,0.0,0.0,1.0,1.0,0.0,20.0,0.0,0.0,2.8228786763551392,0.0,0.0,4.0,0.0,0.0,1.0,1.0,0.0,1.0,0.0,0.0,1.0,2241.0,2.0,0.0,6.0,0.0,0.0,0.0,0.0,1.0,0.0,0.0,0.0,0.0,59.0,0.949171968965655,14.0,0.0,6.0,258.0,1.0,1.0,1920.0,1080.0,43.0,0.0,0
18.0,1.0,1.0,0.0,0.0,2.0,0.0,16.0,0.0,0.0,2.1910553009963802,0.0,0.0,8.0,0.0,0.0,0.0,0.0,0.0,1.0,0.0,0.0,1.0,2304.0,1.0,0.0,28.0,0.0,0.0,0.0,0.0,2.0,0.0,0.0,0.0,0.0,57.0,0.9717665219091889,4.0,3.0,28.0,165.0,0.0,1.0,1920.0,1080.0,34.0,0.0,0
41.0,1.0,1.0,0.0,1.0,2.0,0.0,20.0,0.0,0.0,2.8941342706726765,0.0,0.0,15.0,0.0,0.0,0.0,0.0,0.0,1.0,0.0,0.0,1.0,1254.0,0.0,1.0,12.0,0.0,0.0,0.0,0.0,0.0,0.0,0.0,0.0,0.0,41.0,0.9703844478579523,8.0,7.0,12.0,145.0,14.0,1.0,1920.0,1080.0,6.0,0.0,0
32.0,1.0,1.0,0.0,0.0,2.0,0.0,13.0,0.0,0.0,3.1591420016483296,0.0,0.0,29.0,0.0,0.0,0.0,0.0,0.0,1.0,0.0,0.0,1.0,1793.0,1.0,0.0,8.0,0.0,0.0,0.0,0.0,1.0,0.0,0.0,0.0,0.0,33.0,0.9632838951089776,10.0,6.0,8.0,387.0,18.0,1.0,1920.0,1080.0,6.0,0.0,0
46.0,1.0,0.0,0.0,0.0,1.0,0.0,11.0,0.0,0.0,2.9595353336227066,0.0,0.0,5.0,0.0,0.0,0.0,0.0,0.0,1.0,0.0,0.0,1.0,2006.0,2.0,2.0,26.0,0.0,0.0,0.0,0.0,3.0,0.0,1.0,0.0,0.0,91.0,0.9690761085003058,12.0,6.0,26.0,114.0,15.0,1.0,1280.0,800.0,17.0,0.0,0
53.0,1.0,0.0,0.0,1.0,1.0,0.0,10.0,0.0,0.0,2.2181384197395175,0.0,0.0,10.0,0.0,0.0,0.0,0.0,0.0,1.0,0.0,0.0,1.0,1982.0,2.0,0.0,9.0,0.0,0.0,0.0,0.0,3.0,1.0,0.0,0.0,0.0,73.0,0.9865547181287357,5.0,3.0,9.0,301.0,18.0,1.0,1920.0,1080.0,14.0,0.0,0
36.0,1.0,0.0,0.0,0.0,1.0,0.0,17.0,0.0,0.0,3.299687072499694,0.0,0.0,26.0,0.0,0.0,1.0,1.0,0.0,1.0,0.0,0.0,1.0,395.0,0.0,0.0,16.0,0.0,0.0,0.0,0.0,0.0,0.0,0.0,0.0,0.0,20.0,0.9296383495344152,12.0,3.0,16.0,140.0,10.0,1.0,1280.0,800.0,27.0,0.0,0
39.0,1.0,1.0,0.0,0.0,2.0,0.0,15.0,1.0,0.06666666666666667,2.119185194762648,0.0,0.0,10.0,0.0,0.0,0.0,0.0,0.0,1.0,0.0,0.0,1.0,1820.0,3.0,1.0,29.0,0.0,0.0,0.0,0.0,0.0,0.0,0.0,0.0,0.0,77.0,0.9200959139562537,6.0,5.0,29.0,426.0,18.0,1.0,1920.0,1080.0,9.0,0.0,0
51.0,1.0,0.0,0.0,0.0,1.0,0.0,14.0,0.0,0.0,2.758050636719916,0.0,0.0,24.0,5.0,0.0,0.0,0.0,0.0,1.0,0.0,0.0,1.0,1478.0,2.0,0.0,22.0,0.0,0.0,0.0,0.0,3.0,0.0,0.0,0.0,0.0,96.0,0.9960421550305636,14.0,2.0,22.0,445.0,12.0,1.0,1920.0,1080.0,20.0,0.0,0
54.0,1.0,1.0,0.0,0.0,2.0,0.0,15.0,0.0,0.0,2.5588154505705285,0.0,0.0,33.0,20.0,0.0,1.0,1.0,0.0,1.0,0.0,0.0,1.0,1028.0,1.0,2.0,28.0,1.0,0.0,0.0,0.0,3.0,1.0,0.0,0.0,1.0,49.0,0.9207247913911448,6.0,5.0,28.0,459.0,5.0,1.0,1280.0,800.0,22.0,0.0,0
23.0,1.0,0.0,0.0,2.0,1.0,0.0,15.0,0.0,0.0,2.869068232861967,0.0,0.0,4.0,20.0,0.0,0.0,0.0,0.0,1.0,0.0,0.0,0.0,2496.0,1.0,1.0,9.0,0.0,0.0,0.0,0.0,3.0,1.0,0.0,0.0,0.0,88.0,0.9486084794901268,9.0,0.0,9.0,462.0,11.0,1.0,1920.0,1080.0,43.0,0.0,0
26.0,1.0,0.0,0.0,0.0,1.0,0.0,12.0,0.0,0.0,2.723743064860058,0.0,0.0,19.0,0.0,0.0,1.0,1.0,0.0,1.0,0.0,0.0,1.0,1375.0,0.0,0.0,3.0,0.0,0.0,0.0,0.0,1.0,0.0,0.0,0.0,0.0,115.0,0.9204738447301003,13.0,0.0,3.0,311.0,0.0,1.0,1920.0,1080.0,20.0,0.0,0
49.0,1.0,1.0,0.0,0.0,2.0,0.0,18.0,0.0,0.0,2.80939892407048,0.0,0.0,29.0,5.0,0.0,0.0,0.0,0.0,1.0,0.0,0.0,1.0,664.0,1.0,1.0,24.0,0.0,0.0,0.0,0.0,0.0,1.0,0.0,0.0,0.0,27.0,0.9881062495994672,3.0,0.0,24.0,210.0,12.0,1.0,1920.0,1080.0,33.0,0.0,0
54.0,1.0,1.0,0.0,0.0,2.0,0.0,10.0,0.0,0.0,3.169630517301338,0.0,0.0,0.0,0.0,0.0,0.0,0.0,0.0,1.0,0.0,0.0,1.0,300.0,0.0,0.0,20.0,0.0,0.0,0.0,0.0,1.0,0.0,0.0,0.0,0.0,87.0,0.9967499581609115,4.0,0.0,20.0,63.0,15.0,1.0,1920.0,1080.0,21.0,0.0,0
43.0,1.0,1.0,0.0,0.0,2.0,0.0,14.0,0.0,0.0,2.156118784010193,0.0,0.0,11.0,0.0,0.0,0.0,0.0,0.0,1.0,0.0,0.0,1.0,2430.0,3.0,2.0,25.0,0.0,0.0,0.0,0.0,3.0,0.0,0.0,0.0,0.0,114.0,0.9994318601689769,11.0,6.0,25.0,155.0,10.0,1.0,1280.0,800.0,17.0,0.0,0
48.0,1.0,1.0,0.0,1.0,2.0,0.0,10.0,0.0,0.0,3.3483136303882017,0.0,0.0,26.0,0.0,0.0,0.0,0.0,0.0,1.0,0.0,0.0,1.0,587.0,0.0,0.0,23.0,0.0,0.0,0.0,0.0,0.0,0.0,0.0,0.0,0.0,86.0,0.9933806626502308,12.0,4.0,23.0,184.0,4.0,1.0,1280.0,800.0,4.0,0.0,0
24.0,1.0,0.0,0.0,0.0,1.0,0.0,14.0,0.0,0.0,2.881482610392245,0.0,0.0,16.0,0.0,0.0,1.0,1.0,0.0,1.0,0.0,0.0,1.0,2447.0,2.0,2.0,14.0,1.0,1.0,0.0,0.0,0.0,1.0,0.0,0.0,1.0,57.0,0.9325471544451381,10.0,3.0,14.0,276.0,2.0,1.0,1920.0,1080.0,22.0,0.0,0
18.0,1.0,0.0,0.0,0.0,1.0,0.0,19.0,0.0,0.0,2.7244595362259636,0.0,0.0,0.0,0.0,0.0,1.0,1.0,0.0,1.0,0.0,0.0,1.0,1029.0,1.0,0.0,15.0,0.0,0.0,0.0,0.0,2.0,0.0,0.0,0.0,0.0,104.0,0.9659652791852432,4.0,3.0,15.0,409.0,9.0,1.0,1920.0,1080.0,3.0,0.0,0
51.0,1.0,1.0,0.0,0.0,2.0,0.0,11.0,0.0,0.0,3.3231312724927378,0.0,0.0,17.0,0.0,0.0,0.0,0.0,0.0,1.0,0.0,0.0,1.0,1240.0,1.0,0.0,10.0,0.0,0.0,0.0,0.0,2.0,0.0,0.0,0.0,0.0,33.0,0.9209414937935835,8.0,7.0,10.0,124.0,10.0,1.0,1280.0,800.0,37.0,0.0,0
48.0,1.0,0.0,0.0,0.0,1.0,0.0,15.0,0.0,0.0,2.2248990087645013,0.0,0.0,22.0,5.0,0.0,1.0,1.0,0.0,1.0,0.0,0.0,1.0,2130.0,0.0,0.0,2.0,0.0,0.0,0.0,0.0,2.0,1.0,0.0,0.0,0.0,41.0,0.9542590739295067,13.0,4.0,2.0,7.0,8.0,1.0,1920.0,1080.0,14.0,0.0,0
37.0,1.0,0.0,0.0,1.0,1.0,0.0,10.0,1.0,0.1,2.9625195688156998,0.0,0.0,13.0,5.0,0.0,1.0,1.0,0.0,1.0,0.0,0.0,1.0,1308.0,1.0,0.0,18.0,1.0,1.0,0.0,0.0,3.0,1.0,0.0,0.0,1.0,59.0,0.9334675026814998,1.0,0.0,18.0,172.0,0.0,1.0,1280.0,800.0,28.0,0.0,0
51.0,1.0,0.0,0.0,0.0,1.0,0.0,16.0,0.0,0.0,2.761427248232742,0.0,0.0,1.0,0.0,0.0,0.0,0.0,0.0,1.0,0.0,0.0,1.0,407.0,1.0,0.0,12.0,0.0,0.0,0.0,0.0,2.0,0.0,0.0,0.0,0.0,59.0,0.9470709552405313,9.0,1.0,12.0,165.0,17.0,1.0,1280.0,800.0,6.0,0.0,0
27.0,1.0,1.0,0.0,0.0,2.0,0.0,14.0,0.0,0.0,2.4557503251665413,0.0,0.0,1.0,0.0,0.0,0.0,0.0,0.0,1.0,0.0,0.0,1.0,1209.0,2.0,0.0,24.0,0.0,0.0,0.0,0.0,3.0,0.0,0.0,0.0,0.0,82.0,0.9416071660989441,14.0,0.0,24.0,251.0,2.0,1.0,1920.0,1080.0,17.0,0.0,0
49.0,1.0,1.0,0.0,0.0,2.0,0.0,19.0,0.0,0.0,3.226797863605965,0.0,1.0,0.0,0.0,0.0,0.0,0.0,0.0,1.0,0.0,0.0,1.0,116.0,0.0,0.0,4.0,0.0,0.0,0.0,0.0,1.0,1.0,0.0,0.0,0.0,35.0,0.9867474242657384,6.0,1.0,4.0,301.0,14.0,1.0,1280.0,800.0,8.0,0.0,0
49.0,1.0,1.0,0.0,0.0,2.0,0.0,19.0,0.0,0.0,2.308563601101537,0.0,0.0,21.0,0.0,0.0,0.0,0.0,0.0,1.0,0.0,0.0,1.0,2421.0,1.0,2.0,12.0,0.0,0.0,0.0,0.0,1.0,1.0,0.0,0.0,0.0,89.0,0.9323617099177474,9.0,8.0,12.0,494.0,17.0,1.0,1920.0,1080.0,38.0,0.0,0
45.0,1.0,0.0,0.0,0.0,1.0,0.0,21.0,0.0,0.0,3.1092394747586884,0.0,0.0,18.0,5.0,0.0,1.0,1.0,0.0,1.0,0.0,0.0,1.0,608.0,0.0,1.0,27.0,0.0,0.0,0.0,0.0,2.0,0.0,0.0,0.0,0.0,50.0,0.9632128670302973,8.0,3.0,27.0,195.0,18.0,1.0,1920.0,1080.0,22.0,0.0,0
21.0,1.0,0.0,0.0,0.0,1.0,0.0,11.0,0.0,0.0,2.630964509267402,0.0,0.0,15.0,0.0,0.0,0.0,0.0,0.0,1.0,0.0,0.0,1.0,1279.0,1.0,0.0,9.0,0.0,0.0,0.0,0.0,3.0,0.0,0.0,0.0,0.0,109.0,0.9736919357588298,13.0,9.0,9.0,159.0,8.0,1.0,1920.0,1080.0,39.0,0.0,0
34.0,1.0,1.0,0.0,0.0,2.0,0.0,13.0,0.0,0.0,3.276054877879031,0.0,0.0,21.0,0.0,0.0,1.0,1.0,0.0,1.0,0.0,0.0,1.0,869.0,2.0,0.0,15.0,0.0,0.0,0.0,0.0,2.0,0.0,0.0,0.0,0.0,84.0,0.9565308102164518,13.0,1.0,15.0,78.0,14.0,1.0,1280.0,800.0,17.0,0.0,0
48.0,1.0,1.0,0.0,1.0,2.0,0.0,12.0,0.0,0.0,3.1848932416192683,0.0,0.0,30.0,0.0,0.0,1.0,1.0,0.0,1.0,0.0,0.0,1.0,916.0,2.0,0.0,13.0,0.0,0.0,0.0,0.0,3.0,0.0,0.0,0.0,0.0,100.0,0.9707860380065835,5.0,1.0,13.0,271.0,15.0,1.0,1920.0,1080.0,27.0,0.0,0
28.0,1.0,1.0,0.0,2.0,2.0,0.0,21.0,0.0,0.0,3.3310577474998357,0.0,0.0,16.0,0.0,0.0,1.0,1.0,0.0,1.0,0.0,0.0,1.0,1784.0,1.0,0.0,10.0,1.0,0.0,0.0,0.0,2.0,1.0,0.0,0.0,1.0,111.0,0.9242650720880966,8.0,0.0,10.0,123.0,13.0,1.0,1280.0,800.0,25.0,0.0,0
18.0,1.0,1.0,0.0,0.0,2.0,0.0,21.0,0.0,0.0,2.5774368683260196,0.0,0.0,6.0,0.0,0.0,0.0,0.0,0.0,1.0,0.0,0.0,1.0,1897.0,2.0,2.0,23.0,0.0,0.0,0.0,0.0,0.0,0.0,0.0,0.0,0.0,21.0,0.989247986974737,12.0,5.0,23.0,219.0,15.0,1.0,1920.0,1080.0,9.0,0.0,0
26.0,1.0,1.0,0.0,2.0,2.0,0.0,21.0,0.0,0.0,2.8247656353553623,0.0,0.0,5.0,5.0,0.0,0.0,0.0,0.0,1.0,0.0,0.0,1.0,716.0,1.0,0.0,29.0,0.0,0.0,0.0,0.0,1.0,1.0,0.0,0.0,0.0,47.0,0.98717579736293,1.0,0.0,29.0,115.0,18.0,1.0,1280.0,800.0,7.0,0.0,0
25.0,1.0,0.0,0.0,1.0,1.0,0.0,10.0,0.0,0.0,3.328064582965423,0.0,0.0,4.0,20.0,0.0,0.0,0.0,0.0,1.0,0.0,0.0,1.0,195.0,0.0,1.0,22.0,0.0,0.0,0.0,0.0,0.0,1.0,0.0,0.0,0.0,33.0,0.9294865385041648,5.0,1.0,22.0,268.0,13.0,1.0,1920.0,1080.0,25.0,0.0,0
35.0,1.0,1.0,0.0,0.0,2.0,0.0,18.0,0.0,0.0,2.818594946741972,0.0,0.0,10.0,0.0,0.0,1.0,1.0,0.0,1.0,0.0,0.0,1.0,2456.0,0.0,0.0,9.0,0.0,0.0,0.0,0.0,3.0,0.0,0.0,0.0,0.0,18.0,0.9828870533740127,4.0,3.0,9.0,305.0,4.0,1.0,1920.0,1080.0,7.0,0.0,0
48.0,1.0,1.0,0.0,0.0,2.0,0.0,17.0,0.0,0.0,2.2347476326313185,0.0,0.0,16.0,0.0,0.0,0.0,0.0,0.0,1.0,0.0,0.0,1.0,1564.0,1.0,0.0,15.0,0.0,0.0,0.0,0.0,0.0,0.0,0.0,0.0,0.0,88.0,0.9759882899330028,1.0,0.0,15.0,128.0,12.0,1.0,1280.0,800.0,28.0,0.0,0
53.0,1.0,1.0,0.0,0.0,2.0,0.0,12.0,0.0,0.0,2.455764807417795,0.0,0.0,0.0,0.0,0.0,0.0,0.0,0.0,1.0,0.0,0.0,1.0,443.0,1.0,1.0,2.0,0.0,0.0,0.0,0.0,1.0,1.0,0.0,0.0,0.0,67.0,0.9239664867938178,5.0,4.0,2.0,406.0,13.0,1.0,1920.0,1080.0,27.0,0.0,0
42.0,1.0,1.0,0.0,0.0,2.0,0.0,10.0,0.0,0.0,2.5501444845347847,0.0,0.0,11.0,0.0,0.0,1.0,1.0,0.0,1.0,0.0,0.0,1.0,1290.0,2.0,0.0,5.0,0.0,0.0,0.0,0.0,0.0,0.0,0.0,0.0,0.0,48.0,0.9902527337701986,13.0,6.0,5.0,410.0,2.0,1.0,1920.0,1080.0,24.0,0.0,0
49.0,1.0,1.0,0.0,1.0,2.0,0.0,9.0,0.0,0.0,3.153889390224692,0.0,0.0,22.0,0.0,0.0,1.0,1.0,0.0,1.0,0.0,0.0,1.0,319.0,0.0,0.0,13.0,0.0,0.0,0.0,0.0,1.0,0.0,0.0,0.0,0.0,99.0,0.9667165312416255,12.0,9.0,13.0,384.0,12.0,1.0,1280.0,800.0,35.0,0.0,0
27.0,1.0,0.0,0.0,0.0,1.0,0.0,12.0,0.0,0.0,2.754916659696577,0.0,0.0,22.0,0.0,0.0,0.0,0.0,0.0,1.0,0.0,0.0,1.0,1612.0,1.0,1.0,18.0,0.0,0.0,0.0,0.0,0.0,0.0,0.0,0.0,0.0,54.0,0.9840902395244019,8.0,1.0,18.0,436.0,12.0,1.0,1920.0,1080.0,8.0,0.0,0
38.0,1.0,0.0,0.0,1.0,1.0,0.0,14.0,0.0,0.0,2.611305274691959,0.0,0.0,26.0,0.0,0.0,1.0,1.0,0.0,1.0,0.0,0.0,1.0,1205.0,1.0,0.0,2.0,0.0,0.0,0.0,1.0,2.0,0.0,1.0,0.0,1.0,25.0,0.9568130709741635,13.0,7.0,2.0,198.0,4.0,1.0,1920.0,1080.0,8.0,0.0,0
23.0,1.0,1.0,0.0,0.0,2.0,0.0,20.0,0.0,0.0,2.170626244160039,0.0,0.0,28.0,0.0,0.0,0.0,0.0,0.0,1.0,0.0,0.0,1.0,2252.0,1.0,2.0,12.0,0.0,0.0,0.0,0.0,1.0,1.0,1.0,0.0,0.0,92.0,0.9929626155735969,13.0,0.0,12.0,41.0,3.0,1.0,1280.0,800.0,4.0,0.0,0
44.0,1.0,1.0,0.0,0.0,2.0,0.0,11.0,0.0,0.0,2.939174960551566,0.0,0.0,5.0,0.0,0.0,1.0,1.0,0.0,1.0,0.0,0.0,1.0,773.0,1.0,0.0,12.0,0.0,0.0,0.0,0.0,3.0,1.0,1.0,0.0,0.0,54.0,0.981317978148418,7.0,6.0,12.0,96.0,6.0,1.0,1280.0,800.0,5.0,0.0,0
50.0,1.0,1.0,0.0,0.0,2.0,0.0,20.0,0.0,0.0,2.669541505645775,0.0,1.0,10.0,20.0,0.0,1.0,1.0,0.0,1.0,0.0,0.0,1.0,1088.0,3.0,1.0,8.0,0.0,0.0,0.0,0.0,3.0,0.0,0.0,0.0,0.0,117.0,0.9917897142595803,7.0,0.0,8.0,307.0,6.0,1.0,1920.0,1080.0,15.0,0.0,0
22.0,1.0,0.0,0.0,0.0,1.0,0.0,8.0,0.0,0.0,2.8111552366668353,0.0,0.0,1.0,0.0,0.0,0.0,0.0,0.0,1.0,0.0,0.0,1.0,900.0,1.0,1.0,3.0,0.0,0.0,0.0,0.0,3.0,0.0,0.0,0.0,0.0,92.0,0.9688597024396823,7.0,2.0,3.0,322.0,15.0,1.0,1920.0,1080.0,13.0,0.0,0
50.0,1.0,1.0,0.0,0.0,2.0,0.0,8.0,0.0,0.0,3.195054453648426,0.0,0.0,34.0,5.0,0.0,0.0,0.0,0.0,1.0,0.0,0.0,1.0,1326.0,1.0,0.0,22.0,0.0,0.0,0.0,0.0,3.0,1.0,0.0,0.0,0.0,41.0,0.9771862075578207,7.0,6.0,22.0,122.0,12.0,1.0,1920.0,1080.0,25.0,0.0,0
25.0,1.0,0.0,0.0,0.0,1.0,0.0,16.0,0.0,0.0,3.2450397582580237,0.0,0.0,33.0,0.0,0.0,0.0,0.0,0.0,1.0,0.0,0.0,1.0,1464.0,1.0,0.0,22.0,0.0,0.0,0.0,0.0,1.0,0.0,0.0,0.0,0.0,32.0,0.9276767696453917,4.0,3.0,22.0,46.0,19.0,1.0,1920.0,1080.0,9.0,0.0,0
19.0,1.0,0.0,0.0,0.0,1.0,0.0,9.0,0.0,0.0,2.293025195089769,0.0,0.0,33.0,0.0,0.0,0.0,0.0,0.0,1.0,0.0,0.0,1.0,81.0,0.0,0.0,26.0,0.0,0.0,0.0,0.0,0.0,1.0,0.0,0.0,0.0,48.0,0.9572789724605361,7.0,6.0,26.0,472.0,10.0,1.0,1920.0,1080.0,15.0,0.0,0
39.0,1.0,1.0,0.0,0.0,2.0,0.0,20.0,0.0,0.0,3.229060290826129,0.0,0.0,28.0,0.0,0.0,0.0,0.0,0.0,1.0,0.0,0.0,1.0,1965.0,0.0,1.0,12.0,0.0,0.0,0.0,0.0,2.0,1.0,1.0,0.0,0.0,44.0,0.9727615061850308,13.0,7.0,12.0,98.0,5.0,1.0,1280.0,800.0,24.0,0.0,0
40.0,1.0,0.0,0.0,0.0,1.0,0.0,19.0,0.0,0.0,2.9231529415066975,0.0,0.0,9.0,0.0,0.0,1.0,1.0,0.0,1.0,0.0,0.0,1.0,1248.0,1.0,1.0,13.0,0.0,0.0,0.0,0.0,1.0,0.0,0.0,0.0,0.0,38.0,0.9984007423704099,2.0,1.0,13.0,349.0,8.0,1.0,1920.0,1080.0,31.0,0.0,0
41.0,1.0,1.0,0.0,0.0,2.0,0.0,8.0,0.0,0.0,2.3937508562172196,0.0,0.0,16.0,0.0,0.0,1.0,1.0,0.0,1.0,0.0,0.0,1.0,2447.0,1.0,0.0,9.0,0.0,0.0,0.0,0.0,1.0,1.0,0.0,0.0,0.0,53.0,0.9791969425204619,9.0,1.0,9.0,407.0,10.0,1.0,1920.0,1080.0,43.0,0.0,0
34.0,1.0,1.0,0.0,2.0,2.0,0.0,10.0,0.0,0.0,2.4164667386845293,0.0,0.0,7.0,20.0,0.0,1.0,1.0,0.0,1.0,0.0,0.0,1.0,827.0,1.0,0.0,12.0,1.0,1.0,0.0,1.0,2.0,1.0,0.0,0.0,1.0,52.0,0.9720050915965365,4.0,3.0,12.0,137.0,9.0,1.0,1920.0,1080.0,19.0,0.0,0
31.0,1.0,0.0,0.0,2.0,1.0,0.0,7.0,0.0,0.0,2.424540205602474,0.0,0.0,26.0,0.0,0.0,0.0,0.0,0.0,1.0,0.0,0.0,1.0,781.0,0.0,0.0,17.0,0.0,0.0,0.0,0.0,0.0,0.0,0.0,0.0,0.0,50.0,0.9537147481297918,9.0,2.0,17.0,369.0,19.0,1.0,1920.0,1080.0,32.0,0.0,0
54.0,1.0,1.0,0.0,0.0,2.0,0.0,13.0,0.0,0.0,2.323972962087606,0.0,0.0,19.0,20.0,0.0,0.0,0.0,0.0,1.0,0.0,0.0,1.0,375.0,0.0,0.0,2.0,0.0,0.0,0.0,0.0,0.0,0.0,0.0,0.0,0.0,92.0,0.9743952284039524,12.0,5.0,2.0,96.0,9.0,1.0,1920.0,1080.0,4.0,0.0,0
47.0,1.0,0.0,0.0,0.0,1.0,0.0,15.0,0.0,0.0,2.92126970805931,0.0,0.0,13.0,0.0,0.0,0.0,0.0,0.0,1.0,0.0,0.0,1.0,1012.0,2.0,0.0,20.0,0.0,0.0,0.0,0.0,3.0,0.0,0.0,0.0,0.0,61.0,0.9886861346350483,3.0,2.0,20.0,371.0,13.0,1.0,1920.0,1080.0,16.0,0.0,0
39.0,1.0,1.0,0.0,0.0,2.0,0.0,7.0,0.0,0.0,3.3479490522640933,0.0,0.0,9.0,0.0,0.0,1.0,1.0,0.0,1.0,0.0,0.0,1.0,2339.0,1.0,0.0,8.0,1.0,1.0,0.0,0.0,2.0,1.0,0.0,0.0,1.0,74.0,0.9622620861273039,5.0,3.0,8.0,346.0,14.0,1.0,1280.0,800.0,2.0,0.0,0
49.0,1.0,0.0,0.0,0.0,1.0,0.0,17.0,0.0,0.0,3.2291403523564224,0.0,0.0,26.0,0.0,0.0,0.0,0.0,0.0,1.0,0.0,0.0,1.0,1257.0,1.0,0.0,18.0,0.0,0.0,0.0,0.0,0.0,1.0,0.0,0.0,0.0,34.0,0.9377474355243146,2.0,1.0,18.0,12.0,18.0,1.0,1920.0,1080.0,20.0,0.0,0
25.0,1.0,1.0,0.0,0.0,2.0,0.0,12.0,0.0,0.0,2.382610011621405,0.0,0.0,9.0,0.0,0.0,1.0,1.0,0.0,1.0,0.0,0.0,1.0,304.0,3.0,0.0,8.0,0.0,0.0,0.0,0.0,0.0,0.0,0.0,0.0,0.0,28.0,0.956447367966546,11.0,3.0,8.0,299.0,4.0,1.0,1920.0,1080.0,20.0,0.0,0
54.0,1.0,1.0,0.0,0.0,2.0,0.0,11.0,0.0,0.0,2.7482038848443655,0.0,0.0,5.0,0.0,0.0,0.0,0.0,0.0,1.0,0.0,0.0,1.0,1423.0,3.0,0.0,28.0,0.0,0.0,1.0,0.0,3.0,0.0,0.0,0.0,1.0,69.0,0.9623829085185932,2.0,1.0,28.0,72.0,1.0,1.0,1280.0,800.0,41.0,0.0,0
51.0,1.0,2.0,0.0,0.0,3.0,0.0,17.0,0.0,0.0,2.6659545117856553,0.0,0.0,34.0,0.0,0.0,0.0,0.0,0.0,1.0,0.0,0.0,1.0,2411.0,3.0,0.0,13.0,0.0,0.0,1.0,0.0,1.0,1.0,0.0,0.0,1.0,84.0,0.9500270117234709,1.0,0.0,13.0,84.0,7.0,1.0,1280.0,800.0,12.0,0.0,0
29.0,1.0,1.0,0.0,0.0,2.0,0.0,11.0,0.0,0.0,2.270944864060409,0.0,0.0,19.0,0.0,0.0,1.0,1.0,0.0,1.0,0.0,0.0,1.0,2106.0,1.0,0.0,24.0,0.0,0.0,0.0,0.0,0.0,1.0,0.0,0.0,0.0,112.0,0.9633406669092522,13.0,1.0,24.0,279.0,1.0,1.0,1920.0,1080.0,19.0,0.0,0
53.0,1.0,2.0,0.0,0.0,3.0,0.0,21.0,2.0,0.09523809523809523,2.596278364303177,0.0,1.0,3.0,0.0,0.0,1.0,1.0,0.0,1.0,0.0,0.0,1.0,362.0,1.0,0.0,7.0,0.0,0.0,0.0,0.0,0.0,0.0,0.0,0.0,0.0,116.0,0.9323511649982106,14.0,8.0,7.0,103.0,14.0,1.0,1920.0,1080.0,22.0,0.0,0
44.0,1.0,0.0,0.0,0.0,1.0,0.0,11.0,2.0,0.18181818181818182,2.7886779730492206,0.0,0.0,21.0,0.0,0.0,1.0,1.0,0.0,1.0,0.0,0.0,1.0,1994.0,1.0,0.0,7.0,1.0,0.0,0.0,0.0,1.0,3.0,0.0,0.0,1.0,20.0,0.9861350807837169,1.0,0.0,7.0,44.0,8.0,1.0,1920.0,1080.0,39.0,0.0,0
38.0,1.0,1.0,0.0,0.0,2.0,0.0,10.0,0.0,0.0,2.206392843440825,0.0,0.0,17.0,5.0,0.0,0.0,0.0,0.0,1.0,0.0,0.0,1.0,2162.0,1.0,0.0,13.0,0.0,0.0,0.0,0.0,3.0,1.0,0.0,0.0,0.0,109.0,0.9532306299665765,12.0,9.0,13.0,78.0,7.0,1.0,1920.0,1080.0,15.0,0.0,0
51.0,1.0,1.0,0.0,0.0,2.0,0.0,9.0,1.0,0.1111111111111111,3.0787393685111732,0.0,0.0,2.0,0.0,0.0,0.0,0.0,0.0,1.0,0.0,0.0,1.0,540.0,2.0,1.0,13.0,0.0,0.0,0.0,0.0,3.0,0.0,1.0,0.0,0.0,54.0,0.9931505838348067,9.0,8.0,13.0,295.0,5.0,1.0,1920.0,1080.0,31.0,0.0,0
32.0,1.0,1.0,0.0,0.0,2.0,0.0,7.0,0.0,0.0,2.2190544108844352,0.0,0.0,32.0,0.0,0.0,0.0,0.0,0.0,1.0,0.0,0.0,1.0,669.0,1.0,0.0,15.0,0.0,0.0,0.0,0.0,1.0,1.0,0.0,0.0,0.0,38.0,0.9221595971809742,9.0,8.0,15.0,171.0,11.0,1.0,1920.0,1080.0,4.0,0.0,0
49.0,1.0,0.0,0.0,0.0,1.0,0.0,10.0,1.0,0.1,2.148634882212219,0.0,0.0,22.0,0.0,0.0,0.0,0.0,0.0,1.0,0.0,0.0,1.0,1352.0,1.0,0.0,10.0,0.0,0.0,0.0,0.0,1.0,0.0,0.0,0.0,0.0,31.0,0.9675482111250289,5.0,3.0,10.0,123.0,11.0,1.0,1920.0,1080.0,3.0,0.0,0
42.0,1.0,0.0,0.0,2.0,1.0,0.0,18.0,0.0,0.0,3.0586115644825167,0.0,0.0,22.0,0.0,0.0,0.0,0.0,0.0,1.0,0.0,0.0,1.0,1157.0,1.0,0.0,14.0,0.0,0.0,0.0,0.0,1.0,0.0,0.0,0.0,0.0,43.0,0.9552845216197325,6.0,1.0,14.0,328.0,15.0,1.0,1280.0,800.0,26.0,0.0,0
18.0,1.0,0.0,0.0,0.0,1.0,0.0,14.0,0.0,0.0,2.9064644676075657,0.0,0.0,8.0,5.0,0.0,1.0,1.0,0.0,1.0,0.0,0.0,1.0,1712.0,0.0,0.0,2.0,0.0,0.0,0.0,0.0,0.0,0.0,0.0,0.0,0.0,23.0,0.9876361673729108,14.0,8.0,2.0,139.0,13.0,1.0,1280.0,800.0,14.0,0.0,0
37.0,1.0,1.0,0.0,0.0,2.0,0.0,18.0,0.0,0.0,2.321856299465532,0.0,0.0,20.0,5.0,0.0,1.0,1.0,0.0,1.0,0.0,0.0,1.0,119.0,2.0,0.0,19.0,0.0,0.0,0.0,0.0,2.0,0.0,0.0,0.0,0.0,28.0,0.9363146213060803,9.0,5.0,19.0,314.0,19.0,1.0,1920.0,1080.0,44.0,0.0,0
36.0,1.0,1.0,0.0,0.0,2.0,0.0,12.0,0.0,0.0,2.2997921775602626,0.0,0.0,13.0,0.0,0.0,0.0,0.0,0.0,1.0,0.0,0.0,1.0,872.0,1.0,0.0,6.0,1.0,1.0,0.0,0.0,0.0,2.0,0.0,0.0,1.0,40.0,0.9983196531076143,1.0,0.0,6.0,175.0,11.0,1.0,1920.0,1080.0,40.0,0.0,0
30.0,1.0,1.0,0.0,0.0,2.0,0.0,8.0,0.0,0.0,2.2641563174279944,0.0,0.0,33.0,0.0,0.0,1.0,1.0,0.0,1.0,0.0,0.0,1.0,211.0,0.0,0.0,4.0,0.0,0.0,0.0,0.0,3.0,0.0,0.0,0.0,0.0,24.0,0.9234290500751027,6.0,5.0,4.0,117.0,18.0,1.0,1920.0,1080.0,35.0,0.0,0
18.0,1.0,1.0,0.0,0.0,2.0,0.0,17.0,0.0,0.0,2.2348929020571795,0.0,0.0,29.0,0.0,0.0,1.0,1.0,0.0,1.0,0.0,0.0,1.0,1801.0,0.0,0.0,17.0,0.0,0.0,0.0,0.0,0.0,1.0,0.0,0.0,0.0,45.0,0.9980851075041837,12.0,1.0,17.0,166.0,9.0,1.0,1920.0,1080.0,13.0,0.0,0
34.0,1.0,0.0,0.0,1.0,1.0,0.0,14.0,0.0,0.0,2.7273113312978188,0.0,1.0,9.0,0.0,0.0,0.0,0.0,0.0,1.0,0.0,0.0,1.0,1240.0,2.0,1.0,24.0,0.0,0.0,0.0,0.0,3.0,1.0,0.0,0.0,0.0,36.0,0.933400952599093,7.0,2.0,24.0,140.0,4.0,1.0,1920.0,1080.0,20.0,0.0,0
35.0,1.0,0.0,0.0,0.0,1.0,0.0,21.0,0.0,0.0,3.1815266013896677,0.0,0.0,17.0,0.0,0.0,1.0,1.0,0.0,1.0,0.0,0.0,1.0,983.0,2.0,1.0,13.0,1.0,1.0,0.0,0.0,2.0,3.0,0.0,0.0,1.0,89.0,0.943851206748249,11.0,6.0,13.0,279.0,9.0,1.0,1280.0,800.0,17.0,0.0,0
49.0,1.0,0.0,0.0,0.0,1.0,0.0,14.0,0.0,0.0,3.325664032410452,0.0,0.0,19.0,5.0,0.0,0.0,0.0,0.0,1.0,0.0,0.0,1.0,1258.0,1.0,0.0,6.0,0.0,0.0,0.0,0.0,2.0,1.0,0.0,0.0,0.0,62.0,0.9338967936774178,10.0,4.0,6.0,41.0,3.0,1.0,1280.0,800.0,8.0,0.0,0
44.0,1.0,1.0,0.0,0.0,2.0,0.0,17.0,0.0,0.0,3.2858192733178084,0.0,0.0,6.0,0.0,0.0,0.0,0.0,0.0,1.0,0.0,0.0,1.0,2178.0,1.0,0.0,18.0,0.0,0.0,0.0,0.0,2.0,0.0,0.0,0.0,0.0,36.0,0.93641504175252,3.0,2.0,18.0,193.0,18.0,1.0,1920.0,1080.0,19.0,0.0,0
46.0,1.0,1.0,0.0,0.0,2.0,0.0,18.0,0.0,0.0,2.3787714690322326,0.0,1.0,9.0,0.0,0.0,0.0,0.0,0.0,1.0,0.0,0.0,1.0,1716.0,1.0,0.0,21.0,0.0,0.0,0.0,0.0,0.0,0.0,0.0,0.0,0.0,102.0,0.9823069135339739,8.0,6.0,21.0,86.0,9.0,1.0,1920.0,1080.0,10.0,0.0,0
28.0,1.0,1.0,0.0,1.0,2.0,0.0,20.0,0.0,0.0,2.7738802632336466,0.0,0.0,7.0,0.0,0.0,0.0,0.0,0.0,1.0,0.0,0.0,1.0,1441.0,1.0,0.0,28.0,0.0,0.0,0.0,0.0,0.0,0.0,0.0,0.0,0.0,19.0,0.9206147698379342,1.0,0.0,28.0,160.0,13.0,1.0,1280.0,800.0,11.0,0.0,0
32.0,1.0,1.0,0.0,0.0,2.0,0.0,8.0,0.0,0.0,2.6813061390682646,0.0,0.0,20.0,0.0,0.0,1.0,1.0,0.0,1.0,0.0,0.0,1.0,1018.0,3.0,0.0,25.0,1.0,1.0,0.0,0.0,0.0,1.0,0.0,0.0,1.0,62.0,0.9335802751029212,4.0,3.0,25.0,352.0,16.0,1.0,1280.0,800.0,26.0,0.0,0
45.0,1.0,1.0,0.0,0.0,2.0,0.0,21.0,0.0,0.0,2.524884368255199,0.0,0.0,6.0,0.0,0.0,1.0,1.0,0.0,1.0,0.0,0.0,1.0,1399.0,1.0,0.0,24.0,0.0,0.0,0.0,0.0,1.0,1.0,0.0,0.0,0.0,31.0,0.9623489893461579,3.0,2.0,24.0,148.0,13.0,1.0,1920.0,1080.0,10.0,0.0,0
43.0,1.0,1.0,0.0,0.0,2.0,0.0,20.0,0.0,0.0,2.6517536793332583,0.0,0.0,0.0,0.0,0.0,1.0,1.0,0.0,1.0,0.0,0.0,1.0,498.0,1.0,0.0,20.0,0.0,0.0,0.0,0.0,0.0,1.0,0.0,0.0,0.0,44.0,0.9723823009454352,10.0,0.0,20.0,357.0,7.0,1.0,1920.0,1080.0,12.0,0.0,0
35.0,1.0,0.0,0.0,0.0,1.0,0.0,19.0,0.0,0.0,3.080899077931745,0.0,0.0,17.0,0.0,0.0,0.0,0.0,0.0,1.0,0.0,0.0,1.0,664.0,1.0,0.0,11.0,0.0,0.0,0.0,0.0,0.0,0.0,1.0,0.0,0.0,32.0,0.9463759734536866,12.0,0.0,11.0,147.0,12.0,1.0,1280.0,800.0,37.0,0.0,0
52.0,1.0,1.0,0.0,0.0,2.0,0.0,18.0,0.0,0.0,2.825706802638624,0.0,0.0,11.0,0.0,0.0,1.0,1.0,0.0,1.0,0.0,0.0,1.0,1202.0,0.0,0.0,2.0,0.0,0.0,0.0,0.0,0.0,0.0,0.0,0.0,0.0,114.0,0.979187374317302,10.0,3.0,2.0,463.0,18.0,1.0,1920.0,1080.0,22.0,0.0,0
54.0,1.0,1.0,0.0,0.0,2.0,0.0,19.0,0.0,0.0,3.326827198670035,0.0,0.0,6.0,0.0,0.0,0.0,0.0,0.0,1.0,0.0,0.0,1.0,1005.0,1.0,0.0,16.0,0.0,0.0,0.0,0.0,2.0,0.0,0.0,0.0,0.0,45.0,0.9364076678446402,14.0,2.0,16.0,471.0,4.0,1.0,1920.0,1080.0,42.0,0.0,0
52.0,1.0,1.0,0.0,0.0,2.0,0.0,10.0,0.0,0.0,3.158429671798757,0.0,0.0,16.0,0.0,0.0,0.0,0.0,0.0,1.0,0.0,0.0,1.0,310.0,2.0,0.0,28.0,0.0,0.0,0.0,0.0,2.0,0.0,0.0,0.0,0.0,32.0,0.937105820655235,7.0,6.0,28.0,44.0,15.0,1.0,1280.0,800.0,41.0,0.0,0
50.0,0.0,1.0,0.0,2.0,2.0,0.0,16.0,0.0,0.0,2.1675314923243683,0.0,0.0,6.0,0.0,0.0,0.0,0.0,0.0,0.0,0.0,0.0,0.0,2314.0,3.0,1.0,21.0,0.0,0.0,0.0,0.0,2.0,0.0,0.0,0.0,0.0,75.0,0.11001370533829338,12.0,8.0,21.0,338.0,7.0,1.0,1920.0,1080.0,18.0,0.0,0
51.0,1.0,0.0,0.0,0.0,1.0,0.0,16.0,0.0,0.0,2.1801102908545875,0.0,0.0,8.0,0.0,0.0,0.0,0.0,0.0,1.0,0.0,0.0,1.0,2189.0,2.0,0.0,3.0,0.0,0.0,0.0,0.0,2.0,0.0,0.0,0.0,0.0,115.0,0.9528408056430235,4.0,1.0,3.0,45.0,0.0,1.0,1920.0,1080.0,21.0,0.0,0
27.0,1.0,1.0,0.0,0.0,2.0,0.0,16.0,1.0,0.0625,2.7269987057440974,0.0,0.0,23.0,0.0,0.0,1.0,1.0,0.0,1.0,0.0,0.0,1.0,1633.0,3.0,0.0,23.0,0.0,0.0,1.0,0.0,1.0,0.0,0.0,0.0,1.0,90.0,0.9360343904751391,4.0,3.0,23.0,145.0,18.0,1.0,1920.0,1080.0,38.0,0.0,0
27.0,1.0,1.0,0.0,0.0,2.0,0.0,12.0,0.0,0.0,2.948891783700118,0.0,0.0,14.0,20.0,0.0,1.0,1.0,0.0,1.0,0.0,0.0,1.0,1322.0,1.0,1.0,24.0,0.0,0.0,1.0,0.0,3.0,0.0,0.0,0.0,1.0,75.0,0.9529694609224015,3.0,2.0,24.0,255.0,15.0,1.0,1920.0,1080.0,7.0,0.0,0
34.0,1.0,1.0,0.0,0.0,2.0,0.0,18.0,0.0,0.0,3.1630545068441744,0.0,0.0,12.0,0.0,0.0,1.0,1.0,0.0,1.0,0.0,0.0,1.0,1432.0,1.0,1.0,13.0,1.0,0.0,0.0,0.0,1.0,3.0,0.0,0.0,1.0,48.0,0.9571086527745651,4.0,3.0,13.0,459.0,11.0,1.0,1920.0,1080.0,36.0,0.0,0
46.0,1.0,1.0,0.0,2.0,2.0,0.0,7.0,0.0,0.0,3.007404603024772,0.0,0.0,23.0,0.0,0.0,0.0,0.0,0.0,1.0,0.0,0.0,1.0,1368.0,1.0,0.0,11.0,0.0,0.0,0.0,0.0,1.0,0.0,0.0,0.0,0.0,58.0,0.9411463698845531,1.0,0.0,11.0,440.0,5.0,1.0,1920.0,1080.0,31.0,0.0,0
53.0,1.0,2.0,0.0,0.0,3.0,0.0,14.0,0.0,0.0,3.19642064076314,0.0,0.0,17.0,0.0,0.0,0.0,0.0,0.0,1.0,0.0,0.0,1.0,1440.0,2.0,1.0,6.0,0.0,0.0,0.0,0.0,1.0,0.0,0.0,0.0,0.0,111.0,0.9800521997844647,2.0,1.0,6.0,203.0,6.0,1.0,1920.0,1080.0,31.0,0.0,0
19.0,1.0,0.0,0.0,0.0,1.0,0.0,12.0,0.0,0.0,2.9976443150944996,0.0,0.0,33.0,0.0,0.0,1.0,1.0,0.0,1.0,0.0,0.0,1.0,285.0,1.0,0.0,14.0,1.0,1.0,0.0,0.0,0.0,2.0,0.0,0.0,1.0,18.0,0.9535324193736515,8.0,2.0,14.0,399.0,19.0,1.0,1920.0,1080.0,30.0,0.0,0
21.0,1.0,1.0,0.0,0.0,2.0,0.0,19.0,0.0,0.0,2.3570165104763845,0.0,0.0,30.0,0.0,0.0,1.0,1.0,0.0,1.0,0.0,0.0,1.0,927.0,0.0,0.0,13.0,0.0,0.0,0.0,0.0,2.0,0.0,0.0,0.0,0.0,63.0,0.922905841739618,12.0,7.0,13.0,204.0,7.0,1.0,1920.0,1080.0,16.0,0.0,0
27.0,1.0,2.0,0.0,0.0,3.0,0.0,16.0,0.0,0.0,2.549060853926786,0.0,0.0,20.0,5.0,0.0,0.0,0.0,0.0,1.0,0.0,0.0,1.0,910.0,2.0,1.0,4.0,0.0,0.0,0.0,0.0,1.0,0.0,0.0,0.0,0.0,26.0,0.9274868385393388,9.0,8.0,4.0,37.0,5.0,1.0,1280.0,800.0,32.0,0.0,0
43.0,1.0,0.0,0.0,0.0,1.0,0.0,15.0,0.0,0.0,3.2582157899099267,0.0,0.0,20.0,0.0,0.0,0.0,0.0,0.0,1.0,0.0,0.0,1.0,1859.0,0.0,0.0,12.0,0.0,0.0,0.0,0.0,2.0,0.0,0.0,0.0,0.0,91.0,0.9307803814834316,7.0,5.0,12.0,220.0,1.0,1.0,1920.0,1080.0,15.0,0.0,0
33.0,1.0,1.0,0.0,0.0,2.0,0.0,15.0,0.0,0.0,2.2266549477601836,0.0,0.0,20.0,0.0,0.0,0.0,0.0,0.0,1.0,0.0,0.0,1.0,1378.0,2.0,0.0,8.0,0.0,0.0,0.0,0.0,3.0,0.0,0.0,0.0,0.0,80.0,0.9563229978408183,14.0,8.0,8.0,207.0,11.0,1.0,1280.0,800.0,12.0,0.0,0
21.0,1.0,1.0,0.0,0.0,2.0,0.0,15.0,0.0,0.0,3.068781160900348,0.0,0.0,32.0,0.0,0.0,1.0,1.0,0.0,1.0,0.0,0.0,1.0,176.0,0.0,0.0,5.0,0.0,0.0,0.0,0.0,2.0,0.0,0.0,0.0,0.0,72.0,0.9432264838471731,11.0,6.0,5.0,403.0,18.0,1.0,1920.0,1080.0,8.0,0.0,0
51.0,1.0,1.0,0.0,0.0,2.0,0.0,21.0,0.0,0.0,2.90916014198303,0.0,1.0,27.0,20.0,0.0,0.0,0.0,0.0,1.0,0.0,0.0,1.0,1727.0,1.0,0.0,11.0,0.0,0.0,0.0,0.0,1.0,0.0,0.0,0.0,0.0,74.0,0.9646868443416144,14.0,9.0,11.0,287.0,10.0,1.0,1920.0,1080.0,44.0,0.0,0
46.0,1.0,1.0,0.0,2.0,2.0,0.0,17.0,0.0,0.0,2.339507699834269,0.0,0.0,10.0,0.0,0.0,0.0,0.0,0.0,1.0,0.0,0.0,1.0,2022.0,1.0,0.0,25.0,0.0,0.0,0.0,0.0,2.0,1.0,0.0,0.0,0.0,95.0,0.9369637825157383,8.0,6.0,25.0,362.0,9.0,1.0,1920.0,1080.0,25.0,0.0,0
54.0,1.0,1.0,0.0,0.0,2.0,0.0,12.0,0.0,0.0,3.2310649939344476,0.0,0.0,6.0,0.0,0.0,1.0,1.0,0.0,1.0,0.0,0.0,1.0,2278.0,2.0,0.0,9.0,1.0,0.0,0.0,0.0,1.0,2.0,0.0,0.0,1.0,105.0,0.9234242463815289,3.0,2.0,9.0,288.0,1.0,1.0,1920.0,1080.0,37.0,0.0,0
20.0,1.0,1.0,0.0,0.0,2.0,0.0,15.0,0.0,0.0,2.7387302021660593,0.0,0.0,13.0,0.0,0.0,0.0,0.0,0.0,1.0,0.0,0.0,0.0,1760.0,2.0,1.0,17.0,0.0,0.0,0.0,0.0,3.0,0.0,0.0,0.0,0.0,79.0,0.9562918242620524,14.0,5.0,17.0,467.0,0.0,1.0,1920.0,1080.0,43.0,0.0,0
47.0,1.0,0.0,0.0,0.0,1.0,0.0,13.0,0.0,0.0,3.3244094032284455,0.0,0.0,29.0,0.0,0.0,1.0,1.0,0.0,1.0,0.0,0.0,1.0,1933.0,0.0,0.0,3.0,0.0,0.0,0.0,0.0,3.0,0.0,0.0,0.0,0.0,119.0,0.9460103857388991,4.0,0.0,3.0,27.0,4.0,1.0,1920.0,1080.0,22.0,0.0,0
26.0,1.0,1.0,0.0,0.0,2.0,0.0,19.0,0.0,0.0,3.368372693608583,0.0,0.0,32.0,0.0,0.0,1.0,1.0,0.0,1.0,0.0,0.0,1.0,1340.0,0.0,0.0,12.0,0.0,0.0,0.0,0.0,1.0,0.0,0.0,0.0,0.0,89.0,0.9885266449324845,7.0,6.0,12.0,74.0,5.0,1.0,1920.0,1080.0,22.0,0.0,0
32.0,1.0,1.0,0.0,0.0,2.0,0.0,18.0,0.0,0.0,2.3265935962347206,0.0,0.0,1.0,0.0,0.0,0.0,0.0,0.0,1.0,0.0,0.0,1.0,477.0,1.0,0.0,23.0,0.0,0.0,0.0,0.0,1.0,0.0,0.0,0.0,0.0,42.0,0.9971503791775402,13.0,7.0,23.0,321.0,15.0,1.0,1280.0,800.0,32.0,0.0,0
22.0,1.0,2.0,0.0,0.0,3.0,0.0,9.0,0.0,0.0,2.7486360191700956,0.0,1.0,16.0,5.0,0.0,1.0,1.0,0.0,1.0,0.0,0.0,1.0,1858.0,1.0,1.0,22.0,1.0,1.0,0.0,0.0,0.0,1.0,0.0,0.0,1.0,48.0,0.9488121293703888,14.0,3.0,22.0,240.0,5.0,1.0,1280.0,800.0,42.0,0.0,0
48.0,1.0,1.0,0.0,0.0,2.0,0.0,19.0,0.0,0.0,2.6362529663565573,0.0,0.0,14.0,0.0,0.0,1.0,1.0,0.0,1.0,0.0,0.0,1.0,2244.0,1.0,0.0,19.0,0.0,0.0,0.0,0.0,3.0,1.0,0.0,0.0,0.0,49.0,0.9872373113398107,2.0,1.0,19.0,333.0,1.0,1.0,1920.0,1080.0,28.0,0.0,0
44.0,1.0,0.0,0.0,0.0,1.0,0.0,12.0,0.0,0.0,2.646714674854819,0.0,0.0,27.0,0.0,0.0,0.0,0.0,0.0,1.0,0.0,0.0,1.0,1542.0,1.0,0.0,21.0,0.0,0.0,0.0,0.0,2.0,1.0,0.0,0.0,0.0,49.0,0.9824686938614484,14.0,4.0,21.0,5.0,17.0,1.0,1920.0,1080.0,34.0,0.0,0
51.0,1.0,1.0,0.0,0.0,2.0,0.0,21.0,0.0,0.0,3.0313984531758607,0.0,0.0,2.0,0.0,0.0,0.0,0.0,0.0,1.0,0.0,0.0,1.0,984.0,2.0,0.0,17.0,0.0,0.0,0.0,0.0,3.0,0.0,0.0,0.0,0.0,98.0,0.9474300697486725,6.0,5.0,17.0,466.0,15.0,1.0,1920.0,1080.0,30.0,0.0,0
48.0,1.0,1.0,0.0,0.0,2.0,0.0,12.0,0.0,0.0,2.53888908897497,0.0,0.0,33.0,0.0,0.0,0.0,0.0,0.0,1.0,0.0,0.0,1.0,1951.0,0.0,0.0,2.0,0.0,0.0,0.0,0.0,2.0,0.0,0.0,0.0,0.0,62.0,0.9602334843876991,12.0,8.0,2.0,351.0,11.0,1.0,1920.0,1080.0,40.0,0.0,0
47.0,1.0,1.0,0.0,0.0,2.0,0.0,9.0,1.0,0.1111111111111111,2.495289012824073,0.0,0.0,27.0,0.0,0.0,1.0,1.0,0.0,1.0,0.0,0.0,1.0,99.0,0.0,0.0,23.0,0.0,0.0,0.0,0.0,1.0,0.0,0.0,0.0,0.0,119.0,0.9374483944975159,13.0,3.0,23.0,39.0,10.0,1.0,1920.0,1080.0,23.0,0.0,0
51.0,1.0,1.0,0.0,0.0,2.0,0.0,18.0,0.0,0.0,2.743914932497997,0.0,0.0,18.0,0.0,0.0,1.0,1.0,0.0,1.0,0.0,0.0,1.0,572.0,0.0,1.0,22.0,0.0,0.0,0.0,0.0,1.0,1.0,0.0,0.0,0.0,77.0,0.9384334747334401,8.0,7.0,22.0,240.0,5.0,1.0,1920.0,1080.0,34.0,0.0,0
25.0,1.0,1.0,0.0,2.0,2.0,0.0,14.0,0.0,0.0,2.261759806532504,0.0,0.0,31.0,0.0,0.0,1.0,1.0,0.0,1.0,0.0,0.0,1.0,1199.0,3.0,0.0,20.0,1.0,1.0,0.0,1.0,0.0,1.0,0.0,0.0,1.0,87.0,0.9965941049968507,12.0,3.0,20.0,452.0,6.0,1.0,1920.0,1080.0,8.0,0.0,0
31.0,1.0,0.0,0.0,0.0,1.0,0.0,20.0,0.0,0.0,2.5224381888755594,0.0,0.0,12.0,0.0,0.0,0.0,0.0,0.0,1.0,0.0,0.0,0.0,1643.0,1.0,0.0,7.0,1.0,1.0,0.0,0.0,1.0,2.0,0.0,0.0,1.0,46.0,0.9308487277482543,3.0,1.0,7.0,391.0,0.0,1.0,1280.0,800.0,26.0,0.0,0
50.0,1.0,0.0,0.0,0.0,1.0,0.0,9.0,0.0,0.0,2.8484270514624153,0.0,0.0,2.0,0.0,0.0,1.0,1.0,0.0,1.0,0.0,0.0,1.0,2126.0,2.0,1.0,15.0,0.0,0.0,0.0,0.0,3.0,0.0,0.0,0.0,0.0,116.0,0.9470011551068568,14.0,2.0,15.0,298.0,11.0,1.0,1920.0,1080.0,42.0,0.0,0
32.0,1.0,0.0,0.0,0.0,1.0,0.0,13.0,0.0,0.0,2.1421260952115024,0.0,0.0,14.0,0.0,0.0,1.0,1.0,0.0,1.0,0.0,0.0,1.0,1277.0,0.0,0.0,11.0,0.0,0.0,0.0,0.0,0.0,0.0,0.0,0.0,0.0,100.0,0.9758297056729482,2.0,1.0,11.0,449.0,6.0,1.0,1280.0,800.0,5.0,0.0,0
25.0,1.0,2.0,0.0,1.0,3.0,0.0,9.0,0.0,0.0,2.5670291344916922,0.0,0.0,24.0,5.0,0.0,1.0,1.0,0.0,1.0,0.0,0.0,1.0,2458.0,1.0,0.0,2.0,0.0,0.0,0.0,0.0,2.0,0.0,0.0,0.0,0.0,23.0,0.9937564287859108,11.0,1.0,2.0,404.0,3.0,1.0,1280.0,800.0,21.0,0.0,0
29.0,1.0,1.0,0.0,0.0,2.0,0.0,7.0,0.0,0.0,3.0261365625357577,0.0,0.0,8.0,0.0,0.0,1.0,1.0,0.0,1.0,0.0,0.0,1.0,664.0,2.0,0.0,22.0,0.0,0.0,0.0,0.0,3.0,1.0,0.0,0.0,0.0,57.0,0.9814916109808618,4.0,2.0,22.0,336.0,16.0,1.0,1280.0,800.0,42.0,0.0,0
43.0,1.0,0.0,0.0,0.0,1.0,0.0,15.0,0.0,0.0,2.629229557868166,0.0,0.0,11.0,0.0,0.0,0.0,0.0,0.0,1.0,0.0,0.0,1.0,1371.0,0.0,0.0,13.0,0.0,0.0,0.0,0.0,0.0,0.0,0.0,0.0,0.0,22.0,0.9361156473253504,12.0,6.0,13.0,225.0,12.0,1.0,1920.0,1080.0,13.0,0.0,0
36.0,1.0,1.0,0.0,0.0,2.0,0.0,10.0,1.0,0.1,3.279121915370172,0.0,0.0,7.0,5.0,0.0,1.0,1.0,0.0,1.0,0.0,0.0,1.0,1761.0,1.0,1.0,10.0,0.0,0.0,0.0,0.0,2.0,0.0,0.0,0.0,0.0,43.0,0.9357087932093491,2.0,0.0,10.0,234.0,12.0,1.0,1280.0,800.0,18.0,0.0,0
38.0,1.0,1.0,0.0,0.0,2.0,0.0,7.0,0.0,0.0,3.0904508197716267,0.0,0.0,13.0,20.0,0.0,1.0,1.0,0.0,1.0,0.0,0.0,1.0,709.0,1.0,0.0,16.0,1.0,0.0,0.0,1.0,1.0,1.0,1.0,0.0,1.0,103.0,0.9333895537710231,7.0,0.0,16.0,470.0,11.0,1.0,1920.0,1080.0,27.0,0.0,0
25.0,1.0,1.0,0.0,2.0,2.0,0.0,9.0,0.0,0.0,2.4282020182274344,0.0,0.0,16.0,0.0,0.0,0.0,0.0,0.0,1.0,0.0,0.0,1.0,1509.0,2.0,0.0,23.0,0.0,0.0,0.0,0.0,2.0,0.0,0.0,0.0,0.0,21.0,0.9302352877829803,2.0,1.0,23.0,293.0,17.0,1.0,1280.0,800.0,8.0,0.0,0
41.0,1.0,1.0,0.0,0.0,2.0,0.0,19.0,0.0,0.0,2.4562734508849307,0.0,0.0,0.0,0.0,0.0,1.0,1.0,0.0,1.0,0.0,0.0,1.0,2056.0,0.0,0.0,17.0,0.0,0.0,0.0,0.0,3.0,1.0,0.0,0.0,0.0,114.0,0.9546702546748544,12.0,2.0,17.0,277.0,14.0,1.0,1920.0,1080.0,10.0,0.0,0
18.0,1.0,0.0,0.0,0.0,1.0,0.0,16.0,0.0,0.0,2.643980251646232,0.0,0.0,27.0,0.0,0.0,0.0,0.0,0.0,1.0,0.0,0.0,1.0,1551.0,2.0,0.0,7.0,0.0,0.0,0.0,0.0,0.0,0.0,0.0,0.0,0.0,60.0,0.926943974249565,9.0,5.0,7.0,313.0,2.0,1.0,1920.0,1080.0,22.0,0.0,0
52.0,1.0,0.0,0.0,0.0,1.0,0.0,13.0,1.0,0.07692307692307693,3.3220884619145887,0.0,0.0,15.0,0.0,0.0,0.0,0.0,0.0,1.0,0.0,0.0,1.0,509.0,1.0,0.0,21.0,0.0,0.0,0.0,0.0,2.0,0.0,0.0,0.0,0.0,105.0,0.9707139580035298,8.0,0.0,21.0,137.0,10.0,1.0,1920.0,1080.0,30.0,0.0,0
40.0,1.0,2.0,0.0,0.0,3.0,0.0,19.0,0.0,0.0,2.3063656728499953,0.0,0.0,1.0,20.0,0.0,0.0,0.0,0.0,1.0,0.0,0.0,1.0,800.0,0.0,0.0,22.0,0.0,0.0,0.0,0.0,2.0,1.0,0.0,0.0,0.0,57.0,0.9931293405483479,11.0,0.0,22.0,232.0,10.0,1.0,1280.0,800.0,30.0,0.0,0
37.0,1.0,1.0,0.0,0.0,2.0,0.0,8.0,0.0,0.0,2.3725891057507607,0.0,0.0,8.0,0.0,0.0,0.0,0.0,0.0,1.0,0.0,0.0,1.0,1781.0,1.0,0.0,20.0,0.0,0.0,0.0,0.0,3.0,0.0,0.0,0.0,0.0,66.0,0.947519672817081,9.0,3.0,20.0,26.0,12.0,1.0,1920.0,1080.0,24.0,0.0,0
36.0,1.0,1.0,0.0,1.0,2.0,0.0,18.0,0.0,0.0,2.4754811464883764,0.0,1.0,28.0,0.0,0.0,0.0,0.0,0.0,1.0,0.0,0.0,1.0,119.0,3.0,0.0,12.0,0.0,0.0,0.0,0.0,1.0,0.0,0.0,0.0,0.0,61.0,0.9860767147759192,4.0,0.0,12.0,342.0,4.0,1.0,1920.0,1080.0,6.0,0.0,0
40.0,1.0,0.0,0.0,0.0,1.0,0.0,9.0,0.0,0.0,2.1639547964931003,0.0,0.0,12.0,0.0,0.0,0.0,0.0,0.0,1.0,0.0,0.0,1.0,996.0,1.0,0.0,10.0,1.0,1.0,0.0,0.0,2.0,1.0,0.0,0.0,1.0,77.0,0.9223966536344321,14.0,6.0,10.0,40.0,10.0,1.0,1920.0,1080.0,35.0,0.0,0
26.0,1.0,0.0,0.0,0.0,1.0,0.0,11.0,0.0,0.0,2.1803038904999643,0.0,0.0,2.0,0.0,0.0,1.0,1.0,0.0,1.0,0.0,0.0,1.0,754.0,1.0,1.0,26.0,0.0,0.0,0.0,0.0,0.0,1.0,0.0,0.0,0.0,28.0,0.9667143181493325,4.0,2.0,26.0,352.0,6.0,1.0,1280.0,800.0,10.0,0.0,0
25.0,1.0,1.0,0.0,0.0,2.0,0.0,14.0,1.0,0.07142857142857142,2.793385613113748,0.0,0.0,2.0,0.0,0.0,1.0,1.0,0.0,1.0,0.0,0.0,1.0,721.0,2.0,0.0,6.0,1.0,0.0,0.0,1.0,1.0,3.0,0.0,0.0,1.0,78.0,0.9590349073284993,6.0,5.0,6.0,200.0,19.0,1.0,1280.0,800.0,28.0,0.0,0
22.0,1.0,2.0,0.0,0.0,3.0,0.0,9.0,0.0,0.0,2.636276912459069,0.0,0.0,4.0,0.0,0.0,1.0,1.0,0.0,1.0,0.0,0.0,1.0,1302.0,2.0,0.0,27.0,0.0,0.0,0.0,0.0,3.0,1.0,0.0,0.0,0.0,87.0,0.9455988243677749,1.0,0.0,27.0,364.0,11.0,1.0,1920.0,1080.0,14.0,0.0,0
44.0,1.0,1.0,0.0,0.0,2.0,0.0,9.0,2.0,0.2222222222222222,3.079506199389409,0.0,0.0,27.0,0.0,0.0,1.0,1.0,0.0,1.0,0.0,0.0,1.0,2162.0,1.0,0.0,16.0,1.0,1.0,0.0,0.0,0.0,1.0,0.0,0.0,1.0,119.0,0.959741451133868,2.0,1.0,16.0,481.0,8.0,1.0,1920.0,1080.0,16.0,0.0,0
26.0,1.0,1.0,0.0,0.0,2.0,0.0,9.0,0.0,0.0,3.1377570854997554,0.0,0.0,9.0,0.0,0.0,0.0,0.0,0.0,1.0,0.0,0.0,1.0,1033.0,0.0,1.0,21.0,0.0,0.0,0.0,0.0,1.0,0.0,0.0,0.0,0.0,68.0,0.9293027629141415,10.0,3.0,21.0,288.0,9.0,1.0,1920.0,1080.0,19.0,0.0,0
49.0,1.0,0.0,0.0,0.0,1.0,0.0,16.0,0.0,0.0,2.3406846334693983,0.0,0.0,10.0,0.0,0.0,1.0,1.0,0.0,1.0,0.0,0.0,1.0,497.0,1.0,0.0,8.0,0.0,0.0,0.0,0.0,2.0,0.0,0.0,0.0,0.0,75.0,0.9495314787971084,11.0,4.0,8.0,93.0,18.0,1.0,1920.0,1080.0,36.0,0.0,0
22.0,1.0,0.0,0.0,0.0,1.0,0.0,8.0,0.0,0.0,2.5138338014491834,0.0,0.0,11.0,0.0,0.0,0.0,0.0,0.0,1.0,0.0,0.0,1.0,264.0,1.0,1.0,13.0,1.0,1.0,0.0,0.0,0.0,1.0,0.0,0.0,1.0,82.0,0.9201693870203882,6.0,5.0,13.0,334.0,0.0,1.0,1920.0,1080.0,41.0,0.0,0
34.0,0.0,1.0,0.0,0.0,2.0,0.0,15.0,0.0,0.0,2.8926789633192915,0.0,0.0,16.0,20.0,0.0,0.0,0.0,0.0,0.0,0.0,0.0,0.0,190.0,1.0,0.0,21.0,0.0,0.0,0.0,0.0,2.0,0.0,0.0,0.0,0.0,67.0,0.24001590586992927,3.0,2.0,21.0,144.0,1.0,1.0,1280.0,800.0,41.0,0.0,0
28.0,1.0,1.0,0.0,0.0,2.0,0.0,21.0,0.0,0.0,3.164724583747994,0.0,0.0,8.0,0.0,0.0,1.0,1.0,0.0,1.0,0.0,0.0,1.0,853.0,2.0,0.0,20.0,0.0,0.0,0.0,0.0,1.0,0.0,0.0,0.0,0.0,101.0,0.9475898927753384,4.0,3.0,20.0,160.0,13.0,1.0,1920.0,1080.0,4.0,0.0,0
29.0,1.0,0.0,0.0,0.0,1.0,0.0,9.0,0.0,0.0,2.6084260188649333,0.0,0.0,5.0,0.0,0.0,1.0,1.0,0.0,1.0,0.0,0.0,1.0,893.0,1.0,0.0,7.0,0.0,0.0,0.0,0.0,1.0,0.0,0.0,0.0,0.0,30.0,0.9586218202600255,8.0,7.0,7.0,259.0,3.0,1.0,1920.0,1080.0,9.0,0.0,0
18.0,1.0,0.0,0.0,0.0,1.0,0.0,14.0,0.0,0.0,2.4162487743074417,0.0,0.0,25.0,0.0,0.0,1.0,1.0,0.0,1.0,0.0,0.0,1.0,2479.0,0.0,1.0,28.0,0.0,0.0,0.0,0.0,0.0,0.0,0.0,0.0,0.0,24.0,0.9346701499421305,13.0,6.0,28.0,402.0,3.0,1.0,1920.0,1080.0,6.0,0.0,0
37.0,1.0,0.0,0.0,0.0,1.0,0.0,17.0,0.0,0.0,2.5473078398862317,0.0,0.0,24.0,0.0,0.0,0.0,0.0,0.0,1.0,0.0,0.0,1.0,345.0,1.0,0.0,23.0,0.0,0.0,0.0,0.0,0.0,1.0,0.0,0.0,0.0,73.0,0.9816269732268645,6.0,0.0,23.0,246.0,11.0,1.0,1280.0,800.0,5.0,0.0,0
36.0,1.0,1.0,0.0,0.0,2.0,0.0,16.0,0.0,0.0,2.542743264508936,0.0,0.0,31.0,0.0,0.0,1.0,1.0,0.0,1.0,0.0,0.0,1.0,977.0,0.0,0.0,19.0,0.0,0.0,0.0,0.0,1.0,1.0,0.0,0.0,0.0,113.0,0.9526864276731318,3.0,1.0,19.0,16.0,17.0,1.0,1280.0,800.0,37.0,0.0,0
37.0,1.0,1.0,0.0,0.0,2.0,0.0,16.0,0.0,0.0,2.927470056535536,0.0,0.0,32.0,0.0,0.0,1.0,1.0,0.0,1.0,0.0,0.0,1.0,1477.0,1.0,0.0,23.0,0.0,0.0,1.0,0.0,2.0,0.0,0.0,0.0,1.0,41.0,0.9731901746395796,5.0,0.0,23.0,340.0,7.0,1.0,1920.0,1080.0,30.0,0.0,0
25.0,1.0,1.0,0.0,0.0,2.0,0.0,9.0,0.0,0.0,2.509652653232722,0.0,0.0,19.0,5.0,0.0,0.0,0.0,0.0,1.0,0.0,0.0,1.0,953.0,1.0,0.0,26.0,1.0,0.0,0.0,0.0,0.0,2.0,0.0,0.0,1.0,42.0,0.9461430223270324,2.0,1.0,26.0,285.0,8.0,1.0,1920.0,1080.0,44.0,0.0,0
45.0,1.0,2.0,0.0,0.0,3.0,0.0,18.0,0.0,0.0,2.7279358149139132,0.0,0.0,17.0,0.0,0.0,0.0,0.0,0.0,1.0,0.0,0.0,1.0,788.0,0.0,0.0,5.0,0.0,0.0,0.0,0.0,0.0,0.0,0.0,0.0,0.0,54.0,0.976383440638561,9.0,6.0,5.0,207.0,4.0,1.0,1920.0,1080.0,43.0,0.0,0
37.0,1.0,1.0,0.0,0.0,2.0,0.0,12.0,0.0,0.0,2.881052425765171,0.0,0.0,7.0,0.0,0.0,1.0,1.0,0.0,1.0,0.0,0.0,1.0,950.0,3.0,0.0,5.0,0.0,0.0,0.0,0.0,0.0,0.0,0.0,0.0,0.0,109.0,0.9706506043268619,14.0,5.0,5.0,22.0,16.0,1.0,1920.0,1080.0,18.0,0.0,0
30.0,1.0,0.0,0.0,0.0,1.0,0.0,21.0,0.0,0.0,2.9351070831485693,0.0,0.0,15.0,0.0,0.0,1.0,1.0,0.0,1.0,0.0,0.0,1.0,900.0,1.0,0.0,6.0,0.0,0.0,0.0,0.0,0.0,0.0,0.0,0.0,0.0,108.0,0.9941275624102012,14.0,0.0,6.0,409.0,3.0,1.0,1920.0,1080.0,32.0,0.0,0
50.0,1.0,0.0,0.0,0.0,1.0,0.0,17.0,0.0,0.0,2.645052309737503,0.0,0.0,14.0,0.0,0.0,0.0,0.0,0.0,1.0,0.0,0.0,1.0,879.0,1.0,0.0,19.0,0.0,0.0,0.0,0.0,1.0,0.0,0.0,0.0,0.0,72.0,0.9719344975454833,1.0,0.0,19.0,379.0,1.0,1.0,1920.0,1080.0,24.0,0.0,0
52.0,1.0,1.0,0.0,0.0,2.0,0.0,9.0,0.0,0.0,3.149079350793493,0.0,0.0,10.0,0.0,0.0,1.0,1.0,0.0,1.0,0.0,0.0,1.0,2098.0,2.0,0.0,12.0,1.0,1.0,0.0,0.0,1.0,1.0,0.0,0.0,1.0,118.0,0.9275171095854913,7.0,5.0,12.0,284.0,0.0,1.0,1920.0,1080.0,22.0,0.0,0
32.0,1.0,1.0,0.0,0.0,2.0,0.0,8.0,0.0,0.0,2.8039655652268154,0.0,0.0,11.0,5.0,0.0,0.0,0.0,0.0,1.0,0.0,0.0,1.0,319.0,1.0,0.0,15.0,0.0,0.0,0.0,0.0,2.0,0.0,0.0,0.0,0.0,91.0,0.9851661036868673,2.0,1.0,15.0,213.0,1.0,1.0,1920.0,1080.0,6.0,0.0,0
25.0,1.0,1.0,0.0,0.0,2.0,0.0,14.0,0.0,0.0,3.1737706495200593,0.0,0.0,8.0,20.0,0.0,0.0,0.0,0.0,1.0,0.0,0.0,1.0,2337.0,2.0,1.0,26.0,0.0,0.0,0.0,0.0,0.0,0.0,0.0,0.0,0.0,52.0,0.9496321575185479,8.0,7.0,26.0,368.0,18.0,1.0,1920.0,1080.0,24.0,0.0,0
37.0,1.0,0.0,0.0,0.0,1.0,0.0,12.0,0.0,0.0,2.381654698833534,0.0,0.0,25.0,5.0,0.0,0.0,0.0,0.0,1.0,0.0,0.0,1.0,2403.0,1.0,1.0,4.0,0.0,0.0,0.0,0.0,0.0,0.0,0.0,0.0,0.0,48.0,0.9852964663369843,1.0,0.0,4.0,109.0,17.0,1.0,1920.0,1080.0,27.0,0.0,0
48.0,1.0,0.0,0.0,0.0,1.0,0.0,8.0,0.0,0.0,3.1074293444920493,0.0,0.0,34.0,0.0,0.0,0.0,0.0,0.0,1.0,0.0,0.0,1.0,156.0,0.0,2.0,25.0,0.0,0.0,0.0,0.0,3.0,0.0,0.0,0.0,0.0,42.0,0.9343322088046824,14.0,6.0,25.0,498.0,11.0,1.0,1280.0,800.0,43.0,0.0,0
18.0,1.0,0.0,0.0,0.0,1.0,0.0,13.0,0.0,0.0,2.854314375908734,0.0,0.0,11.0,0.0,0.0,0.0,0.0,0.0,1.0,0.0,0.0,1.0,2266.0,1.0,0.0,10.0,0.0,0.0,0.0,0.0,2.0,0.0,0.0,0.0,0.0,20.0,0.9378490274534486,2.0,0.0,10.0,414.0,8.0,1.0,1920.0,1080.0,31.0,0.0,0
36.0,1.0,1.0,0.0,0.0,2.0,0.0,14.0,0.0,0.0,2.586178961913451,0.0,0.0,30.0,5.0,0.0,1.0,1.0,0.0,1.0,0.0,0.0,1.0,966.0,0.0,1.0,24.0,0.0,0.0,0.0,0.0,3.0,1.0,0.0,0.0,0.0,109.0,0.9789559471679546,5.0,2.0,24.0,307.0,6.0,1.0,1920.0,1080.0,31.0,0.0,0
48.0,1.0,1.0,0.0,0.0,2.0,0.0,12.0,0.0,0.0,3.0707657099859116,0.0,0.0,5.0,20.0,0.0,0.0,0.0,0.0,1.0,0.0,0.0,1.0,2076.0,2.0,0.0,2.0,0.0,0.0,0.0,0.0,0.0,0.0,0.0,0.0,0.0,36.0,0.9411197374577159,11.0,7.0,2.0,249.0,2.0,1.0,1920.0,1080.0,8.0,0.0,0
46.0,1.0,1.0,0.0,0.0,2.0,0.0,11.0,0.0,0.0,2.112255292716671,0.0,0.0,32.0,5.0,0.0,0.0,0.0,0.0,1.0,0.0,0.0,1.0,1949.0,1.0,0.0,2.0,0.0,0.0,0.0,0.0,2.0,0.0,0.0,0.0,0.0,99.0,0.9707352468122651,14.0,1.0,2.0,33.0,3.0,1.0,1920.0,1080.0,13.0,0.0,0
41.0,1.0,0.0,0.0,1.0,1.0,0.0,8.0,0.0,0.0,2.1865757034398867,0.0,0.0,14.0,0.0,0.0,1.0,1.0,0.0,1.0,0.0,0.0,1.0,2264.0,3.0,0.0,2.0,0.0,0.0,0.0,0.0,0.0,0.0,0.0,0.0,0.0,102.0,0.9513779100982876,7.0,6.0,2.0,128.0,2.0,1.0,1920.0,1080.0,11.0,0.0,0
24.0,1.0,1.0,0.0,0.0,2.0,0.0,19.0,0.0,0.0,3.0227787998709976,0.0,0.0,32.0,5.0,0.0,1.0,1.0,0.0,1.0,0.0,0.0,1.0,1291.0,2.0,1.0,17.0,1.0,1.0,0.0,0.0,2.0,2.0,1.0,0.0,1.0,113.0,0.9647011673318477,3.0,2.0,17.0,366.0,7.0,1.0,1920.0,1080.0,12.0,0.0,0
45.0,1.0,1.0,0.0,0.0,2.0,0.0,9.0,0.0,0.0,2.3463033713242836,0.0,0.0,6.0,0.0,0.0,0.0,0.0,0.0,1.0,0.0,0.0,0.0,102.0,2.0,1.0,19.0,0.0,0.0,0.0,0.0,3.0,1.0,0.0,0.0,0.0,77.0,0.996545761340702,5.0,2.0,19.0,54.0,1.0,1.0,1920.0,1080.0,12.0,0.0,0
45.0,1.0,0.0,0.0,0.0,1.0,0.0,7.0,0.0,0.0,3.396028717006267,0.0,0.0,21.0,0.0,0.0,0.0,0.0,0.0,1.0,0.0,0.0,1.0,1217.0,1.0,2.0,8.0,0.0,0.0,0.0,0.0,0.0,0.0,1.0,0.0,0.0,48.0,0.9534347408986801,5.0,4.0,8.0,261.0,12.0,1.0,1920.0,1080.0,30.0,0.0,0
37.0,1.0,0.0,0.0,0.0,1.0,0.0,14.0,0.0,0.0,3.1558367629320845,0.0,0.0,27.0,0.0,0.0,1.0,1.0,0.0,1.0,0.0,0.0,1.0,2406.0,0.0,0.0,26.0,0.0,0.0,0.0,0.0,3.0,0.0,0.0,0.0,0.0,42.0,0.9661339186256106,11.0,2.0,26.0,145.0,6.0,1.0,1280.0,800.0,14.0,0.0,0
40.0,1.0,0.0,0.0,0.0,1.0,0.0,9.0,0.0,0.0,2.6944775873770324,0.0,0.0,13.0,0.0,0.0,0.0,0.0,0.0,1.0,0.0,0.0,1.0,739.0,3.0,0.0,9.0,1.0,0.0,0.0,0.0,3.0,2.0,0.0,0.0,1.0,108.0,0.9492793393595141,4.0,3.0,9.0,65.0,15.0,1.0,1920.0,1080.0,27.0,0.0,0
37.0,1.0,0.0,0.0,0.0,1.0,0.0,15.0,0.0,0.0,2.235603485920845,0.0,0.0,1.0,0.0,0.0,0.0,0.0,0.0,1.0,0.0,0.0,1.0,1468.0,1.0,0.0,19.0,0.0,0.0,0.0,0.0,2.0,0.0,0.0,0.0,0.0,46.0,0.9396330685115903,11.0,0.0,19.0,485.0,11.0,1.0,1920.0,1080.0,5.0,0.0,0
43.0,1.0,0.0,0.0,0.0,1.0,0.0,11.0,0.0,0.0,3.288792739606791,0.0,0.0,11.0,0.0,0.0,1.0,1.0,0.0,1.0,0.0,0.0,1.0,1097.0,2.0,0.0,21.0,1.0,1.0,0.0,0.0,1.0,1.0,0.0,0.0,1.0,63.0,0.9678027374709672,10.0,6.0,21.0,117.0,17.0,1.0,1920.0,1080.0,30.0,0.0,0
37.0,1.0,0.0,0.0,0.0,1.0,0.0,9.0,0.0,0.0,2.973836555700262,0.0,0.0,14.0,5.0,0.0,0.0,0.0,0.0,1.0,0.0,0.0,1.0,953.0,1.0,0.0,2.0,0.0,0.0,0.0,0.0,3.0,0.0,1.0,0.0,0.0,29.0,0.9226674179839737,11.0,3.0,2.0,424.0,13.0,1.0,1920.0,1080.0,37.0,0.0,0
41.0,1.0,2.0,0.0,0.0,3.0,0.0,21.0,0.0,0.0,2.3240391009812273,0.0,0.0,0.0,0.0,0.0,0.0,0.0,0.0,1.0,0.0,0.0,1.0,317.0,1.0,1.0,19.0,0.0,0.0,0.0,0.0,0.0,0.0,1.0,0.0,0.0,82.0,0.9745641650366061,6.0,5.0,19.0,307.0,4.0,1.0,1280.0,800.0,44.0,0.0,0
42.0,1.0,0.0,0.0,0.0,1.0,0.0,20.0,0.0,0.0,2.3443572299024686,0.0,0.0,21.0,0.0,0.0,0.0,0.0,0.0,1.0,0.0,0.0,1.0,769.0,1.0,0.0,22.0,0.0,0.0,0.0,0.0,0.0,0.0,0.0,0.0,0.0,102.0,0.9408264691140588,9.0,5.0,22.0,107.0,11.0,1.0,1920.0,1080.0,31.0,0.0,0
49.0,1.0,1.0,0.0,0.0,2.0,0.0,21.0,0.0,0.0,2.883610564053868,0.0,0.0,29.0,0.0,0.0,1.0,1.0,0.0,1.0,0.0,0.0,1.0,346.0,1.0,1.0,23.0,1.0,0.0,0.0,0.0,3.0,2.0,0.0,0.0,1.0,25.0,0.9706896423028102,3.0,0.0,23.0,366.0,13.0,1.0,1920.0,1080.0,6.0,0.0,0
46.0,1.0,2.0,0.0,0.0,3.0,0.0,7.0,0.0,0.0,3.181846177518011,0.0,0.0,0.0,0.0,0.0,0.0,0.0,0.0,1.0,0.0,0.0,0.0,1731.0,1.0,0.0,7.0,0.0,0.0,0.0,0.0,2.0,0.0,0.0,0.0,0.0,72.0,0.9636836078910525,6.0,5.0,7.0,368.0,7.0,1.0,1920.0,1080.0,4.0,0.0,0
48.0,1.0,0.0,0.0,0.0,1.0,0.0,21.0,0.0,0.0,2.9600409788323554,0.0,0.0,10.0,0.0,0.0,0.0,0.0,0.0,1.0,0.0,0.0,1.0,1491.0,0.0,0.0,24.0,0.0,0.0,0.0,0.0,2.0,0.0,0.0,0.0,0.0,67.0,0.9479007904364912,11.0,0.0,24.0,139.0,8.0,1.0,1920.0,1080.0,21.0,0.0,0
47.0,1.0,1.0,0.0,0.0,2.0,0.0,12.0,0.0,0.0,2.256944900989738,0.0,0.0,15.0,0.0,0.0,0.0,0.0,0.0,1.0,0.0,0.0,1.0,1149.0,1.0,0.0,26.0,0.0,0.0,0.0,0.0,3.0,0.0,1.0,0.0,0.0,72.0,0.9416270402505718,10.0,6.0,26.0,479.0,5.0,1.0,1280.0,800.0,37.0,0.0,0
30.0,1.0,1.0,0.0,0.0,2.0,0.0,8.0,1.0,0.125,3.161891886073006,0.0,0.0,0.0,0.0,0.0,0.0,0.0,0.0,1.0,0.0,0.0,1.0,2415.0,0.0,0.0,27.0,0.0,0.0,0.0,0.0,0.0,0.0,0.0,0.0,0.0,19.0,0.9223657012191253,14.0,8.0,27.0,72.0,13.0,1.0,1280.0,800.0,32.0,0.0,0
43.0,1.0,1.0,0.0,1.0,2.0,0.0,11.0,0.0,0.0,2.552414653923162,0.0,0.0,21.0,0.0,0.0,0.0,0.0,0.0,1.0,0.0,0.0,1.0,2226.0,0.0,2.0,12.0,0.0,0.0,0.0,0.0,0.0,0.0,0.0,0.0,0.0,15.0,0.9981719407779218,12.0,0.0,12.0,374.0,10.0,1.0,1280.0,800.0,13.0,0.0,0
48.0,1.0,0.0,0.0,0.0,1.0,0.0,13.0,0.0,0.0,2.9052284417750105,0.0,0.0,28.0,0.0,0.0,0.0,0.0,0.0,1.0,0.0,0.0,1.0,2016.0,2.0,0.0,11.0,0.0,0.0,0.0,0.0,2.0,0.0,0.0,0.0,0.0,39.0,0.9363133871577959,5.0,4.0,11.0,447.0,1.0,1.0,1920.0,1080.0,36.0,0.0,0
50.0,1.0,1.0,0.0,0.0,2.0,0.0,19.0,0.0,0.0,2.4803381429050946,0.0,0.0,4.0,5.0,0.0,0.0,0.0,0.0,1.0,0.0,0.0,1.0,1701.0,1.0,0.0,26.0,0.0,0.0,0.0,0.0,1.0,0.0,0.0,0.0,0.0,97.0,0.9298312449041009,2.0,1.0,26.0,389.0,19.0,1.0,1280.0,800.0,24.0,0.0,0
39.0,1.0,1.0,0.0,0.0,2.0,0.0,7.0,0.0,0.0,2.5443574803569793,0.0,0.0,31.0,0.0,0.0,1.0,1.0,0.0,1.0,0.0,0.0,1.0,2262.0,0.0,1.0,13.0,0.0,0.0,0.0,0.0,3.0,1.0,0.0,0.0,0.0,24.0,0.9209651447034652,7.0,6.0,13.0,101.0,4.0,1.0,1280.0,800.0,3.0,0.0,0
21.0,1.0,0.0,0.0,0.0,1.0,0.0,11.0,0.0,0.0,2.9312202378041916,0.0,0.0,8.0,0.0,0.0,0.0,0.0,0.0,1.0,0.0,0.0,1.0,1346.0,0.0,0.0,13.0,0.0,0.0,0.0,0.0,2.0,0.0,0.0,0.0,0.0,29.0,0.9567005890461049,10.0,0.0,13.0,387.0,14.0,1.0,1920.0,1080.0,35.0,0.0,0
18.0,1.0,1.0,0.0,0.0,2.0,0.0,13.0,0.0,0.0,2.188139892909559,0.0,0.0,4.0,0.0,0.0,0.0,0.0,0.0,1.0,0.0,0.0,1.0,663.0,0.0,1.0,12.0,0.0,0.0,0.0,0.0,3.0,0.0,0.0,0.0,0.0,24.0,0.946589450175674,11.0,7.0,12.0,35.0,4.0,1.0,1280.0,800.0,10.0,0.0,0
20.0,1.0,1.0,0.0,0.0,2.0,0.0,14.0,0.0,0.0,3.028063965869782,0.0,0.0,0.0,5.0,0.0,0.0,0.0,0.0,1.0,0.0,0.0,1.0,1347.0,1.0,0.0,17.0,0.0,0.0,0.0,0.0,2.0,0.0,0.0,0.0,0.0,55.0,0.9964093722743527,3.0,0.0,17.0,84.0,18.0,1.0,1920.0,1080.0,32.0,0.0,0
53.0,1.0,1.0,0.0,0.0,2.0,0.0,17.0,0.0,0.0,2.832802782696448,0.0,0.0,4.0,0.0,0.0,1.0,1.0,0.0,1.0,0.0,0.0,1.0,2349.0,1.0,0.0,8.0,0.0,0.0,0.0,0.0,0.0,1.0,0.0,0.0,0.0,56.0,0.9581555655719838,12.0,7.0,8.0,19.0,4.0,1.0,1280.0,800.0,5.0,0.0,0
42.0,1.0,1.0,0.0,0.0,2.0,0.0,18.0,0.0,0.0,2.540112078178991,0.0,0.0,32.0,0.0,0.0,1.0,1.0,0.0,1.0,0.0,0.0,1.0,669.0,0.0,0.0,24.0,0.0,0.0,0.0,0.0,1.0,0.0,0.0,0.0,0.0,59.0,0.950180332458796,10.0,4.0,24.0,11.0,9.0,1.0,1920.0,1080.0,7.0,0.0,0
34.0,1.0,1.0,0.0,0.0,2.0,0.0,14.0,0.0,0.0,2.2463052322236026,0.0,0.0,6.0,0.0,0.0,0.0,0.0,0.0,1.0,0.0,0.0,1.0,2099.0,1.0,1.0,19.0,0.0,0.0,0.0,0.0,2.0,0.0,0.0,0.0,0.0,53.0,0.960105818217585,1.0,0.0,19.0,345.0,6.0,1.0,1920.0,1080.0,23.0,0.0,0
47.0,1.0,0.0,0.0,1.0,1.0,0.0,19.0,0.0,0.0,2.6885194105585732,0.0,0.0,24.0,0.0,0.0,0.0,0.0,0.0,1.0,0.0,0.0,1.0,1796.0,3.0,0.0,21.0,0.0,0.0,0.0,0.0,0.0,0.0,0.0,0.0,0.0,61.0,0.9342509278256814,13.0,2.0,21.0,160.0,12.0,1.0,1920.0,1080.0,25.0,0.0,0
50.0,1.0,0.0,0.0,0.0,1.0,0.0,16.0,1.0,0.0625,3.104334111827031,0.0,0.0,32.0,0.0,0.0,1.0,1.0,0.0,1.0,0.0,0.0,1.0,1474.0,0.0,2.0,4.0,0.0,0.0,0.0,0.0,0.0,0.0,0.0,0.0,0.0,38.0,0.9966746677950591,9.0,2.0,4.0,103.0,12.0,1.0,1920.0,1080.0,5.0,0.0,0
48.0,1.0,0.0,0.0,0.0,1.0,0.0,17.0,0.0,0.0,2.2978921229340936,0.0,0.0,23.0,0.0,0.0,1.0,1.0,0.0,1.0,0.0,0.0,1.0,644.0,1.0,1.0,20.0,0.0,0.0,1.0,0.0,0.0,0.0,0.0,0.0,1.0,76.0,0.9918159673958995,1.0,0.0,20.0,52.0,3.0,1.0,1280.0,800.0,28.0,0.0,0
24.0,1.0,1.0,0.0,1.0,2.0,0.0,14.0,0.0,0.0,2.8381057670668977,0.0,0.0,16.0,5.0,0.0,1.0,1.0,0.0,1.0,0.0,0.0,1.0,755.0,1.0,0.0,27.0,1.0,1.0,0.0,0.0,3.0,2.0,0.0,0.0,1.0,73.0,0.9662584504334034,12.0,5.0,27.0,413.0,1.0,1.0,1920.0,1080.0,5.0,0.0,0
43.0,1.0,0.0,0.0,0.0,1.0,0.0,20.0,0.0,0.0,3.0222890683985764,0.0,0.0,20.0,0.0,0.0,1.0,1.0,0.0,1.0,0.0,0.0,0.0,1978.0,1.0,1.0,21.0,0.0,0.0,0.0,0.0,0.0,1.0,0.0,0.0,0.0,29.0,0.9270428864649382,5.0,4.0,21.0,444.0,8.0,1.0,1280.0,800.0,22.0,0.0,0
34.0,1.0,0.0,0.0,0.0,1.0,0.0,21.0,0.0,0.0,3.1517535966945296,0.0,0.0,33.0,0.0,0.0,1.0,1.0,0.0,1.0,0.0,0.0,1.0,1123.0,2.0,0.0,6.0,1.0,0.0,0.0,0.0,0.0,2.0,0.0,0.0,1.0,38.0,0.928762264433475,6.0,5.0,6.0,46.0,1.0,1.0,1920.0,1080.0,20.0,0.0,0
45.0,1.0,1.0,0.0,0.0,2.0,0.0,13.0,0.0,0.0,3.219548464878307,0.0,0.0,29.0,0.0,0.0,0.0,0.0,0.0,1.0,0.0,0.0,1.0,2429.0,1.0,2.0,13.0,0.0,0.0,0.0,0.0,1.0,1.0,0.0,0.0,0.0,80.0,0.972802322011726,1.0,0.0,13.0,395.0,0.0,1.0,1280.0,800.0,42.0,0.0,0
35.0,1.0,1.0,0.0,0.0,2.0,0.0,16.0,0.0,0.0,2.5522768323363976,0.0,0.0,34.0,0.0,0.0,0.0,0.0,0.0,1.0,0.0,0.0,1.0,2387.0,2.0,0.0,12.0,0.0,0.0,0.0,0.0,1.0,0.0,0.0,0.0,0.0,52.0,0.9782813299467475,6.0,5.0,12.0,485.0,5.0,1.0,1280.0,800.0,15.0,0.0,0
26.0,1.0,1.0,0.0,0.0,2.0,0.0,13.0,0.0,0.0,2.3905961854989366,0.0,0.0,11.0,0.0,0.0,0.0,0.0,0.0,1.0,0.0,0.0,1.0,1406.0,0.0,1.0,28.0,0.0,0.0,0.0,0.0,2.0,1.0,0.0,0.0,0.0,74.0,0.9274069598142258,12.0,7.0,28.0,322.0,6.0,1.0,1280.0,800.0,5.0,0.0,0
20.0,1.0,1.0,0.0,0.0,2.0,0.0,20.0,0.0,0.0,3.3145572866143365,0.0,0.0,20.0,0.0,0.0,0.0,0.0,0.0,1.0,0.0,0.0,1.0,2381.0,2.0,1.0,8.0,0.0,0.0,0.0,0.0,3.0,1.0,0.0,0.0,0.0,105.0,0.9403450031649233,12.0,4.0,8.0,78.0,4.0,1.0,1920.0,1080.0,7.0,0.0,0
45.0,1.0,0.0,0.0,0.0,1.0,0.0,21.0,0.0,0.0,2.521478264541297,0.0,0.0,12.0,5.0,0.0,0.0,0.0,0.0,1.0,0.0,0.0,1.0,2407.0,1.0,0.0,18.0,0.0,0.0,0.0,0.0,3.0,0.0,0.0,0.0,0.0,33.0,0.9933090636105518,10.0,0.0,18.0,180.0,4.0,1.0,1920.0,1080.0,9.0,0.0,0
39.0,1.0,0.0,0.0,0.0,1.0,0.0,21.0,0.0,0.0,3.200948791369144,0.0,0.0,20.0,5.0,0.0,0.0,0.0,0.0,1.0,0.0,0.0,1.0,109.0,1.0,0.0,2.0,0.0,0.0,0.0,0.0,2.0,1.0,0.0,0.0,0.0,91.0,0.9641968782555758,5.0,4.0,2.0,172.0,5.0,1.0,1920.0,1080.0,5.0,0.0,0
47.0,1.0,2.0,0.0,0.0,3.0,0.0,8.0,0.0,0.0,2.312207354842421,0.0,0.0,8.0,0.0,0.0,1.0,1.0,0.0,1.0,0.0,0.0,1.0,1907.0,1.0,0.0,17.0,0.0,0.0,1.0,0.0,1.0,1.0,0.0,0.0,1.0,61.0,0.9577740795320869,13.0,6.0,17.0,162.0,3.0,1.0,1920.0,1080.0,2.0,0.0,0
46.0,1.0,1.0,0.0,1.0,2.0,0.0,10.0,0.0,0.0,3.396585844902407,0.0,0.0,32.0,0.0,0.0,1.0,1.0,0.0,1.0,0.0,0.0,1.0,882.0,1.0,0.0,16.0,0.0,0.0,0.0,0.0,1.0,0.0,0.0,0.0,0.0,20.0,0.9802234015555049,9.0,8.0,16.0,23.0,18.0,1.0,1920.0,1080.0,13.0,0.0,0
52.0,1.0,1.0,0.0,0.0,2.0,0.0,12.0,0.0,0.0,2.6280012994343727,0.0,0.0,15.0,0.0,0.0,0.0,0.0,0.0,1.0,0.0,0.0,1.0,1383.0,0.0,1.0,2.0,0.0,0.0,0.0,0.0,0.0,0.0,0.0,0.0,0.0,45.0,0.9796915382348914,7.0,5.0,2.0,359.0,18.0,1.0,1920.0,1080.0,42.0,0.0,0
18.0,1.0,1.0,0.0,0.0,2.0,0.0,11.0,0.0,0.0,2.3992445585394844,0.0,0.0,29.0,0.0,0.0,0.0,0.0,0.0,1.0,0.0,0.0,1.0,1484.0,2.0,0.0,13.0,0.0,0.0,0.0,0.0,3.0,0.0,0.0,0.0,0.0,101.0,0.9808180986354078,7.0,2.0,13.0,375.0,0.0,1.0,1920.0,1080.0,26.0,0.0,0
54.0,1.0,0.0,0.0,1.0,1.0,0.0,7.0,0.0,0.0,2.8892263803695863,0.0,0.0,5.0,0.0,0.0,0.0,0.0,0.0,1.0,0.0,0.0,1.0,603.0,0.0,0.0,27.0,0.0,0.0,0.0,0.0,0.0,0.0,0.0,0.0,0.0,86.0,0.9283785865195665,4.0,3.0,27.0,31.0,0.0,1.0,1920.0,1080.0,41.0,0.0,0
20.0,1.0,0.0,0.0,0.0,1.0,0.0,20.0,0.0,0.0,2.5027413602350226,0.0,0.0,20.0,5.0,0.0,1.0,1.0,0.0,1.0,0.0,0.0,1.0,1641.0,1.0,0.0,8.0,0.0,0.0,0.0,0.0,3.0,0.0,0.0,0.0,0.0,80.0,0.9489524649356061,7.0,6.0,8.0,170.0,5.0,1.0,1280.0,800.0,20.0,0.0,0
45.0,1.0,1.0,0.0,0.0,2.0,0.0,8.0,0.0,0.0,3.1673144310249155,0.0,0.0,1.0,0.0,0.0,0.0,0.0,0.0,1.0,0.0,0.0,1.0,2273.0,1.0,0.0,22.0,0.0,0.0,0.0,0.0,1.0,1.0,0.0,0.0,0.0,78.0,0.9768519886843109,5.0,4.0,22.0,377.0,8.0,1.0,1920.0,1080.0,41.0,0.0,0
23.0,1.0,0.0,0.0,0.0,1.0,0.0,15.0,0.0,0.0,2.5465665675488087,0.0,0.0,30.0,0.0,0.0,0.0,0.0,0.0,1.0,0.0,0.0,1.0,648.0,0.0,0.0,29.0,0.0,0.0,0.0,0.0,1.0,0.0,0.0,0.0,0.0,108.0,0.9290014794881815,1.0,0.0,29.0,247.0,10.0,1.0,1280.0,800.0,8.0,0.0,0
18.0,1.0,1.0,0.0,0.0,2.0,0.0,11.0,0.0,0.0,2.2318543887125655,0.0,0.0,30.0,0.0,0.0,1.0,1.0,0.0,1.0,0.0,0.0,1.0,1534.0,3.0,0.0,6.0,1.0,0.0,0.0,0.0,3.0,2.0,0.0,0.0,1.0,27.0,0.9939726575930422,13.0,0.0,6.0,329.0,3.0,1.0,1280.0,800.0,11.0,0.0,0
54.0,1.0,0.0,0.0,0.0,1.0,0.0,14.0,0.0,0.0,2.749633042795084,0.0,0.0,10.0,0.0,0.0,0.0,0.0,0.0,1.0,0.0,0.0,1.0,918.0,2.0,0.0,15.0,0.0,0.0,0.0,0.0,1.0,0.0,0.0,0.0,0.0,39.0,0.9820981185582079,2.0,1.0,15.0,216.0,14.0,1.0,1280.0,800.0,44.0,0.0,0
30.0,1.0,0.0,0.0,0.0,1.0,0.0,20.0,2.0,0.1,2.780668665449364,0.0,0.0,4.0,0.0,0.0,0.0,0.0,0.0,1.0,0.0,0.0,1.0,1429.0,1.0,0.0,13.0,0.0,0.0,0.0,0.0,2.0,1.0,1.0,0.0,0.0,110.0,0.9894978615373139,14.0,0.0,13.0,260.0,1.0,1.0,1920.0,1080.0,44.0,0.0,0
43.0,1.0,0.0,0.0,0.0,1.0,0.0,20.0,0.0,0.0,3.267584755033412,0.0,0.0,34.0,0.0,0.0,1.0,1.0,0.0,1.0,0.0,0.0,0.0,2121.0,0.0,2.0,12.0,0.0,0.0,0.0,0.0,2.0,0.0,0.0,0.0,0.0,26.0,0.9989672911808243,11.0,9.0,12.0,150.0,10.0,1.0,1920.0,1080.0,30.0,0.0,0
32.0,1.0,1.0,0.0,0.0,2.0,0.0,21.0,0.0,0.0,2.41107965087911,0.0,0.0,33.0,0.0,0.0,1.0,1.0,0.0,1.0,0.0,0.0,1.0,2052.0,2.0,1.0,2.0,0.0,0.0,1.0,0.0,3.0,0.0,0.0,0.0,1.0,92.0,0.9511691778522697,9.0,3.0,2.0,76.0,14.0,1.0,1280.0,800.0,13.0,0.0,0
50.0,1.0,1.0,0.0,0.0,2.0,0.0,14.0,1.0,0.07142857142857142,2.5678981266630463,0.0,0.0,0.0,0.0,0.0,1.0,1.0,0.0,1.0,0.0,0.0,1.0,1287.0,0.0,0.0,8.0,0.0,0.0,0.0,0.0,3.0,0.0,0.0,0.0,0.0,46.0,0.9619435319974967,9.0,3.0,8.0,192.0,5.0,1.0,1280.0,800.0,3.0,0.0,0
43.0,1.0,0.0,0.0,0.0,1.0,0.0,18.0,0.0,0.0,3.2392977191086683,0.0,0.0,19.0,0.0,0.0,1.0,1.0,0.0,1.0,0.0,0.0,1.0,257.0,1.0,0.0,28.0,0.0,0.0,0.0,0.0,3.0,0.0,0.0,0.0,0.0,114.0,0.9506133794227586,2.0,1.0,28.0,469.0,11.0,1.0,1920.0,1080.0,9.0,0.0,0
27.0,1.0,2.0,0.0,1.0,3.0,0.0,15.0,0.0,0.0,2.128399104017395,0.0,0.0,18.0,0.0,0.0,0.0,0.0,0.0,1.0,0.0,0.0,1.0,187.0,2.0,0.0,5.0,0.0,0.0,0.0,0.0,0.0,0.0,0.0,0.0,0.0,49.0,0.9279663990762496,5.0,1.0,5.0,190.0,19.0,1.0,1920.0,1080.0,34.0,0.0,0
36.0,1.0,1.0,0.0,0.0,2.0,0.0,16.0,0.0,0.0,2.8813353237966464,0.0,0.0,13.0,20.0,0.0,0.0,0.0,0.0,1.0,0.0,0.0,1.0,1450.0,1.0,0.0,24.0,0.0,0.0,0.0,0.0,2.0,1.0,0.0,0.0,0.0,87.0,0.9407309582741666,13.0,0.0,24.0,391.0,14.0,1.0,1280.0,800.0,31.0,0.0,0
31.0,1.0,1.0,0.0,0.0,2.0,0.0,14.0,0.0,0.0,2.812724545899421,0.0,0.0,9.0,0.0,0.0,0.0,0.0,0.0,1.0,0.0,0.0,1.0,1719.0,1.0,1.0,2.0,0.0,0.0,0.0,0.0,2.0,0.0,0.0,0.0,0.0,69.0,0.943822061575817,8.0,7.0,2.0,281.0,14.0,1.0,1280.0,800.0,41.0,0.0,0
42.0,1.0,0.0,0.0,0.0,1.0,0.0,8.0,0.0,0.0,2.751036191637711,0.0,0.0,19.0,0.0,0.0,1.0,1.0,0.0,1.0,0.0,0.0,1.0,1135.0,3.0,0.0,12.0,0.0,0.0,0.0,1.0,2.0,0.0,0.0,0.0,1.0,92.0,0.9947391296429473,13.0,1.0,12.0,92.0,2.0,1.0,1920.0,1080.0,39.0,0.0,0
18.0,1.0,1.0,0.0,1.0,2.0,0.0,19.0,0.0,0.0,2.256194363342488,0.0,0.0,34.0,0.0,0.0,0.0,0.0,0.0,1.0,0.0,0.0,1.0,1165.0,3.0,1.0,22.0,1.0,0.0,0.0,1.0,0.0,1.0,0.0,0.0,1.0,56.0,0.9824732551796873,1.0,0.0,22.0,228.0,2.0,1.0,1920.0,1080.0,43.0,0.0,0
21.0,1.0,0.0,0.0,0.0,1.0,0.0,10.0,0.0,0.0,2.1451745265313216,0.0,0.0,26.0,0.0,0.0,1.0,1.0,0.0,1.0,0.0,0.0,1.0,1486.0,0.0,0.0,12.0,0.0,0.0,0.0,0.0,1.0,0.0,0.0,0.0,0.0,38.0,0.9723275602214813,9.0,2.0,12.0,376.0,9.0,1.0,1280.0,800.0,38.0,0.0,0
19.0,1.0,1.0,0.0,0.0,2.0,0.0,19.0,0.0,0.0,3.343234814402238,0.0,0.0,12.0,0.0,0.0,0.0,0.0,0.0,1.0,0.0,0.0,1.0,2409.0,2.0,0.0,28.0,0.0,0.0,0.0,0.0,1.0,0.0,0.0,0.0,0.0,86.0,0.9493877797802626,4.0,3.0,28.0,287.0,13.0,1.0,1920.0,1080.0,22.0,0.0,0
51.0,1.0,0.0,0.0,0.0,1.0,0.0,21.0,1.0,0.047619047619047616,2.6051913425816506,0.0,0.0,22.0,0.0,0.0,1.0,1.0,0.0,1.0,0.0,0.0,1.0,110.0,1.0,0.0,13.0,0.0,0.0,0.0,0.0,3.0,0.0,0.0,0.0,0.0,79.0,0.9938205080811908,4.0,2.0,13.0,129.0,12.0,1.0,1920.0,1080.0,9.0,0.0,0
25.0,1.0,1.0,0.0,0.0,2.0,0.0,15.0,0.0,0.0,2.2814586188520893,0.0,0.0,24.0,0.0,0.0,1.0,1.0,0.0,1.0,0.0,0.0,1.0,1593.0,2.0,0.0,2.0,0.0,0.0,0.0,1.0,2.0,0.0,0.0,0.0,1.0,41.0,0.9321909612505406,12.0,3.0,2.0,395.0,1.0,1.0,1920.0,1080.0,2.0,0.0,0
43.0,1.0,1.0,0.0,0.0,2.0,0.0,14.0,0.0,0.0,2.399514265360929,0.0,0.0,23.0,0.0,0.0,0.0,0.0,0.0,1.0,0.0,0.0,1.0,538.0,1.0,0.0,24.0,0.0,0.0,0.0,0.0,1.0,1.0,0.0,0.0,0.0,53.0,0.9556417121825462,11.0,5.0,24.0,272.0,7.0,1.0,1920.0,1080.0,42.0,0.0,0
27.0,1.0,1.0,0.0,0.0,2.0,0.0,10.0,1.0,0.1,2.8323456940051774,0.0,0.0,0.0,20.0,0.0,0.0,0.0,0.0,1.0,0.0,0.0,1.0,1787.0,1.0,0.0,9.0,0.0,0.0,0.0,0.0,1.0,1.0,0.0,0.0,0.0,30.0,0.990787605287858,10.0,6.0,9.0,98.0,19.0,1.0,1920.0,1080.0,3.0,0.0,0
46.0,1.0,1.0,0.0,0.0,2.0,0.0,17.0,0.0,0.0,2.693541088434071,0.0,0.0,18.0,0.0,0.0,0.0,0.0,0.0,1.0,0.0,0.0,1.0,2347.0,1.0,0.0,17.0,0.0,0.0,0.0,0.0,2.0,0.0,0.0,0.0,0.0,75.0,0.9755079739450522,14.0,1.0,17.0,268.0,9.0,1.0,1280.0,800.0,4.0,0.0,0
31.0,1.0,0.0,0.0,0.0,1.0,0.0,16.0,1.0,0.0625,2.4427137888613712,0.0,0.0,28.0,0.0,0.0,0.0,0.0,0.0,1.0,0.0,0.0,1.0,490.0,0.0,0.0,19.0,0.0,0.0,0.0,0.0,1.0,1.0,0.0,0.0,0.0,87.0,0.9402730133065521,10.0,3.0,19.0,233.0,5.0,1.0,1920.0,1080.0,23.0,0.0,0
43.0,1.0,1.0,0.0,2.0,2.0,0.0,20.0,0.0,0.0,2.541793889036254,0.0,0.0,1.0,0.0,0.0,0.0,0.0,0.0,1.0,0.0,0.0,1.0,656.0,1.0,0.0,6.0,0.0,0.0,0.0,0.0,2.0,0.0,0.0,0.0,0.0,110.0,0.9790307421681316,13.0,2.0,6.0,413.0,10.0,1.0,1920.0,1080.0,42.0,0.0,0
30.0,1.0,1.0,0.0,0.0,2.0,0.0,13.0,1.0,0.07692307692307693,2.763373304097585,0.0,0.0,7.0,5.0,0.0,0.0,0.0,0.0,1.0,0.0,0.0,1.0,2452.0,1.0,1.0,7.0,0.0,0.0,0.0,0.0,1.0,0.0,1.0,0.0,0.0,119.0,0.9895361974452369,1.0,0.0,7.0,14.0,4.0,1.0,1280.0,800.0,29.0,0.0,0
27.0,1.0,1.0,0.0,0.0,2.0,0.0,19.0,0.0,0.0,2.966540512240127,0.0,0.0,26.0,0.0,0.0,1.0,1.0,0.0,1.0,0.0,0.0,1.0,2309.0,0.0,1.0,20.0,0.0,0.0,0.0,0.0,1.0,0.0,0.0,0.0,0.0,77.0,0.956807047039534,4.0,3.0,20.0,382.0,2.0,1.0,1920.0,1080.0,44.0,0.0,0
44.0,1.0,1.0,0.0,0.0,2.0,0.0,21.0,0.0,0.0,2.352746203039496,0.0,0.0,14.0,0.0,0.0,1.0,1.0,0.0,1.0,0.0,0.0,1.0,1536.0,2.0,0.0,3.0,0.0,0.0,0.0,0.0,1.0,0.0,0.0,0.0,0.0,43.0,0.9413143850417358,7.0,6.0,3.0,439.0,1.0,1.0,1920.0,1080.0,2.0,0.0,0
37.0,1.0,1.0,0.0,1.0,2.0,0.0,12.0,0.0,0.0,2.171626551633264,0.0,0.0,28.0,20.0,0.0,1.0,1.0,0.0,1.0,0.0,0.0,0.0,1574.0,1.0,1.0,12.0,0.0,0.0,1.0,0.0,0.0,0.0,0.0,0.0,1.0,52.0,0.9949138639834331,10.0,8.0,12.0,304.0,19.0,1.0,1280.0,800.0,44.0,0.0,0
46.0,1.0,0.0,0.0,0.0,1.0,0.0,13.0,0.0,0.0,2.163825531223202,0.0,0.0,18.0,0.0,0.0,1.0,1.0,0.0,1.0,0.0,0.0,1.0,416.0,1.0,0.0,25.0,1.0,1.0,0.0,0.0,0.0,3.0,0.0,0.0,1.0,91.0,0.997299662127031,12.0,3.0,25.0,164.0,8.0,1.0,1920.0,1080.0,12.0,0.0,0
51.0,1.0,2.0,0.0,0.0,3.0,0.0,13.0,0.0,0.0,2.9171782569990334,0.0,0.0,11.0,0.0,0.0,0.0,0.0,0.0,1.0,0.0,0.0,1.0,1581.0,2.0,0.0,13.0,0.0,0.0,0.0,0.0,1.0,0.0,0.0,0.0,0.0,17.0,0.9802831337778869,13.0,5.0,13.0,426.0,0.0,1.0,1280.0,800.0,42.0,0.0,0
37.0,1.0,1.0,0.0,0.0,2.0,0.0,9.0,0.0,0.0,3.213594272439676,0.0,0.0,30.0,20.0,0.0,1.0,1.0,0.0,1.0,0.0,0.0,1.0,1166.0,2.0,0.0,29.0,0.0,0.0,0.0,0.0,2.0,1.0,0.0,0.0,0.0,83.0,0.9622900200327569,1.0,0.0,29.0,295.0,14.0,1.0,1280.0,800.0,20.0,0.0,0
42.0,1.0,2.0,0.0,1.0,3.0,0.0,16.0,0.0,0.0,2.8173631517207953,0.0,0.0,23.0,0.0,0.0,1.0,1.0,0.0,1.0,0.0,0.0,1.0,379.0,1.0,0.0,8.0,1.0,1.0,0.0,0.0,3.0,3.0,0.0,0.0,1.0,79.0,0.9266952897525554,5.0,4.0,8.0,443.0,14.0,1.0,1920.0,1080.0,23.0,0.0,0
18.0,1.0,0.0,0.0,0.0,1.0,0.0,19.0,0.0,0.0,3.276226679929862,0.0,0.0,6.0,5.0,0.0,0.0,0.0,0.0,1.0,0.0,0.0,1.0,1203.0,1.0,0.0,13.0,0.0,0.0,0.0,0.0,3.0,1.0,0.0,0.0,0.0,72.0,0.9863866608678648,5.0,4.0,13.0,107.0,8.0,1.0,1280.0,800.0,6.0,0.0,0
34.0,1.0,0.0,0.0,0.0,1.0,0.0,18.0,0.0,0.0,3.0736407050720915,0.0,0.0,18.0,0.0,0.0,0.0,0.0,0.0,1.0,0.0,0.0,1.0,2124.0,2.0,0.0,18.0,0.0,0.0,0.0,0.0,3.0,0.0,0.0,0.0,0.0,60.0,0.962501688907207,14.0,5.0,18.0,159.0,5.0,1.0,1920.0,1080.0,15.0,0.0,0
18.0,1.0,1.0,0.0,0.0,2.0,0.0,17.0,0.0,0.0,2.26253003535085,0.0,0.0,21.0,0.0,0.0,0.0,0.0,0.0,1.0,0.0,0.0,1.0,999.0,0.0,1.0,15.0,0.0,0.0,0.0,0.0,2.0,0.0,0.0,0.0,0.0,114.0,0.9301919708323171,6.0,5.0,15.0,217.0,8.0,1.0,1920.0,1080.0,8.0,0.0,0
25.0,1.0,1.0,0.0,0.0,2.0,0.0,9.0,0.0,0.0,2.968403411951497,0.0,0.0,20.0,0.0,0.0,1.0,1.0,0.0,1.0,0.0,0.0,1.0,807.0,0.0,1.0,26.0,0.0,0.0,0.0,0.0,1.0,1.0,1.0,0.0,0.0,25.0,0.9240450985543743,7.0,6.0,26.0,91.0,16.0,1.0,1280.0,800.0,34.0,0.0,0
51.0,1.0,1.0,0.0,0.0,2.0,0.0,18.0,0.0,0.0,2.189108165877572,0.0,0.0,33.0,0.0,0.0,1.0,1.0,0.0,1.0,0.0,0.0,1.0,681.0,2.0,0.0,2.0,0.0,0.0,0.0,0.0,3.0,0.0,0.0,0.0,0.0,16.0,0.9991906190225845,5.0,2.0,2.0,210.0,16.0,1.0,1920.0,1080.0,22.0,0.0,0
37.0,1.0,0.0,0.0,1.0,1.0,0.0,13.0,0.0,0.0,2.9526124451679236,0.0,0.0,18.0,0.0,0.0,0.0,0.0,0.0,1.0,0.0,0.0,1.0,2099.0,1.0,0.0,17.0,0.0,0.0,0.0,0.0,3.0,0.0,0.0,0.0,0.0,76.0,0.9364040542540287,10.0,9.0,17.0,454.0,0.0,1.0,1920.0,1080.0,3.0,0.0,0
47.0,1.0,1.0,0.0,0.0,2.0,0.0,7.0,0.0,0.0,2.1737743259628544,0.0,0.0,34.0,0.0,0.0,0.0,0.0,0.0,1.0,0.0,0.0,1.0,1545.0,1.0,0.0,21.0,0.0,0.0,0.0,0.0,3.0,1.0,1.0,0.0,0.0,92.0,0.9551440160946061,4.0,2.0,21.0,427.0,19.0,1.0,1920.0,1080.0,12.0,0.0,0
48.0,1.0,2.0,0.0,0.0,3.0,0.0,21.0,0.0,0.0,2.532358019518664,0.0,0.0,20.0,0.0,0.0,0.0,0.0,0.0,1.0,0.0,0.0,1.0,2163.0,2.0,0.0,9.0,0.0,0.0,0.0,0.0,1.0,0.0,0.0,0.0,0.0,59.0,0.9594967569493835,9.0,1.0,9.0,380.0,17.0,1.0,1920.0,1080.0,24.0,0.0,0
18.0,1.0,0.0,0.0,0.0,1.0,0.0,20.0,0.0,0.0,3.3247354830139244,0.0,0.0,27.0,0.0,0.0,0.0,0.0,0.0,1.0,0.0,0.0,1.0,1677.0,0.0,0.0,28.0,0.0,0.0,0.0,0.0,2.0,0.0,0.0,0.0,0.0,52.0,0.9507569639144882,1.0,0.0,28.0,373.0,13.0,1.0,1920.0,1080.0,33.0,0.0,0
43.0,1.0,0.0,0.0,0.0,1.0,0.0,11.0,0.0,0.0,3.334549135948703,0.0,0.0,13.0,0.0,0.0,0.0,0.0,0.0,1.0,0.0,0.0,1.0,1611.0,1.0,0.0,24.0,0.0,0.0,0.0,0.0,3.0,0.0,0.0,0.0,0.0,114.0,0.9451984783900144,1.0,0.0,24.0,197.0,4.0,1.0,1280.0,800.0,44.0,0.0,0
26.0,1.0,0.0,0.0,0.0,1.0,0.0,15.0,0.0,0.0,2.203014453648712,0.0,0.0,11.0,0.0,0.0,1.0,1.0,0.0,1.0,0.0,0.0,1.0,339.0,2.0,0.0,27.0,0.0,0.0,0.0,0.0,1.0,0.0,1.0,0.0,0.0,52.0,0.9763196756409355,13.0,1.0,27.0,417.0,16.0,1.0,1920.0,1080.0,16.0,0.0,0
28.0,1.0,1.0,0.0,0.0,2.0,0.0,10.0,0.0,0.0,2.8080933762194,0.0,0.0,12.0,0.0,0.0,0.0,0.0,0.0,1.0,0.0,0.0,1.0,1302.0,1.0,0.0,22.0,0.0,0.0,0.0,0.0,0.0,0.0,0.0,0.0,0.0,86.0,0.9315074973432343,1.0,0.0,22.0,181.0,1.0,1.0,1920.0,1080.0,24.0,0.0,0
19.0,1.0,1.0,0.0,0.0,2.0,0.0,11.0,0.0,0.0,2.973379061250784,0.0,0.0,30.0,5.0,0.0,0.0,0.0,0.0,1.0,0.0,0.0,1.0,2017.0,0.0,0.0,13.0,0.0,0.0,0.0,0.0,0.0,0.0,0.0,0.0,0.0,80.0,0.9931363357844837,8.0,2.0,13.0,131.0,15.0,1.0,1280.0,800.0,38.0,0.0,0
31.0,1.0,1.0,0.0,0.0,2.0,0.0,11.0,0.0,0.0,3.0876454447855726,0.0,0.0,13.0,5.0,0.0,1.0,1.0,0.0,1.0,0.0,0.0,1.0,601.0,2.0,0.0,23.0,1.0,1.0,0.0,0.0,3.0,2.0,0.0,0.0,1.0,40.0,0.9984656999578884,9.0,8.0,23.0,96.0,18.0,1.0,1280.0,800.0,43.0,0.0,0
48.0,1.0,0.0,0.0,0.0,1.0,0.0,7.0,0.0,0.0,2.232633608399568,0.0,0.0,31.0,5.0,0.0,0.0,0.0,0.0,1.0,0.0,0.0,1.0,2177.0,1.0,0.0,2.0,0.0,0.0,0.0,0.0,1.0,0.0,0.0,0.0,0.0,19.0,0.9424853409462237,6.0,5.0,2.0,100.0,0.0,1.0,1920.0,1080.0,28.0,0.0,0
36.0,1.0,1.0,0.0,0.0,2.0,0.0,20.0,0.0,0.0,2.4456010090196023,0.0,0.0,34.0,0.0,0.0,0.0,0.0,0.0,1.0,0.0,0.0,1.0,508.0,2.0,2.0,5.0,0.0,0.0,0.0,0.0,3.0,1.0,0.0,0.0,0.0,115.0,0.9409983729956034,13.0,9.0,5.0,410.0,15.0,1.0,1920.0,1080.0,13.0,0.0,0
34.0,1.0,1.0,0.0,0.0,2.0,0.0,15.0,0.0,0.0,2.2061227724713413,0.0,0.0,28.0,0.0,0.0,0.0,0.0,0.0,1.0,0.0,0.0,1.0,842.0,2.0,0.0,24.0,0.0,0.0,0.0,0.0,1.0,0.0,0.0,0.0,0.0,70.0,0.9373629740060828,11.0,9.0,24.0,343.0,2.0,1.0,1920.0,1080.0,29.0,0.0,0
32.0,1.0,1.0,0.0,1.0,2.0,0.0,21.0,0.0,0.0,2.719275981247683,0.0,0.0,31.0,0.0,0.0,0.0,0.0,0.0,1.0,0.0,0.0,1.0,1752.0,1.0,0.0,24.0,0.0,0.0,0.0,0.0,1.0,0.0,0.0,0.0,0.0,84.0,0.9294422132208924,13.0,9.0,24.0,112.0,19.0,1.0,1920.0,1080.0,44.0,0.0,0
35.0,1.0,2.0,0.0,0.0,3.0,0.0,11.0,1.0,0.09090909090909091,2.5182755155506045,0.0,0.0,15.0,0.0,0.0,0.0,0.0,0.0,1.0,0.0,0.0,1.0,1388.0,2.0,0.0,4.0,0.0,0.0,0.0,0.0,0.0,0.0,0.0,0.0,0.0,76.0,0.997397507198662,1.0,0.0,4.0,173.0,17.0,1.0,1920.0,1080.0,15.0,0.0,0
28.0,1.0,1.0,0.0,0.0,2.0,0.0,8.0,0.0,0.0,3.2661534619417134,0.0,0.0,33.0,0.0,0.0,1.0,1.0,0.0,1.0,0.0,0.0,1.0,1735.0,1.0,1.0,11.0,1.0,1.0,0.0,0.0,0.0,2.0,0.0,0.0,1.0,100.0,0.9317405670844865,12.0,2.0,11.0,212.0,18.0,1.0,1920.0,1080.0,3.0,0.0,0
28.0,1.0,0.0,0.0,1.0,1.0,0.0,12.0,0.0,0.0,3.33863903911398,0.0,0.0,25.0,0.0,0.0,0.0,0.0,0.0,1.0,0.0,0.0,1.0,1785.0,1.0,1.0,13.0,0.0,0.0,0.0,0.0,1.0,1.0,0.0,0.0,0.0,67.0,0.9868279512515268,9.0,0.0,13.0,356.0,4.0,1.0,1920.0,1080.0,38.0,0.0,0
25.0,1.0,0.0,0.0,0.0,1.0,0.0,18.0,0.0,0.0,2.5003427988462006,0.0,0.0,0.0,0.0,0.0,1.0,1.0,0.0,1.0,0.0,0.0,1.0,1363.0,2.0,0.0,26.0,1.0,0.0,0.0,0.0,0.0,3.0,0.0,0.0,1.0,116.0,0.9334027206887984,3.0,2.0,26.0,97.0,17.0,1.0,1920.0,1080.0,35.0,0.0,0
45.0,1.0,1.0,0.0,0.0,2.0,0.0,16.0,0.0,0.0,3.0802705458719415,0.0,0.0,30.0,5.0,0.0,1.0,1.0,0.0,1.0,0.0,0.0,1.0,1966.0,1.0,0.0,7.0,0.0,0.0,0.0,0.0,0.0,0.0,0.0,0.0,0.0,94.0,0.9354647105087747,7.0,3.0,7.0,200.0,3.0,1.0,1280.0,800.0,43.0,0.0,0
43.0,1.0,1.0,0.0,0.0,2.0,0.0,18.0,0.0,0.0,2.5136081881815793,0.0,0.0,9.0,0.0,0.0,1.0,1.0,0.0,1.0,0.0,0.0,1.0,927.0,1.0,0.0,22.0,1.0,1.0,0.0,1.0,3.0,2.0,0.0,0.0,1.0,99.0,0.9381241246668082,8.0,1.0,22.0,475.0,8.0,1.0,1920.0,1080.0,17.0,0.0,0
49.0,1.0,1.0,0.0,0.0,2.0,0.0,7.0,0.0,0.0,2.5399743503904704,0.0,0.0,30.0,0.0,0.0,0.0,0.0,0.0,1.0,0.0,0.0,1.0,1541.0,0.0,0.0,21.0,0.0,0.0,0.0,0.0,1.0,1.0,0.0,0.0,0.0,37.0,0.9229924151233759,7.0,4.0,21.0,121.0,8.0,1.0,1920.0,1080.0,38.0,0.0,0
29.0,1.0,1.0,0.0,0.0,2.0,0.0,10.0,0.0,0.0,2.117541255570599,0.0,0.0,27.0,0.0,0.0,0.0,0.0,0.0,1.0,0.0,0.0,1.0,619.0,1.0,0.0,15.0,0.0,0.0,0.0,0.0,2.0,0.0,0.0,0.0,0.0,116.0,0.9388960498370577,3.0,2.0,15.0,117.0,11.0,1.0,1920.0,1080.0,12.0,0.0,0
48.0,1.0,1.0,0.0,0.0,2.0,0.0,17.0,0.0,0.0,3.01162378696697,0.0,0.0,6.0,5.0,0.0,0.0,0.0,0.0,1.0,0.0,0.0,1.0,541.0,1.0,0.0,23.0,0.0,0.0,0.0,0.0,0.0,0.0,0.0,0.0,0.0,23.0,0.934612356940063,9.0,1.0,23.0,498.0,3.0,1.0,1920.0,1080.0,6.0,0.0,0
21.0,1.0,0.0,0.0,0.0,1.0,0.0,8.0,1.0,0.125,3.1899519606870794,0.0,0.0,12.0,0.0,0.0,0.0,0.0,0.0,1.0,0.0,0.0,1.0,317.0,0.0,1.0,21.0,0.0,0.0,0.0,0.0,1.0,0.0,0.0,0.0,0.0,41.0,0.9642660236215149,11.0,3.0,21.0,122.0,14.0,1.0,1920.0,1080.0,32.0,0.0,0
31.0,1.0,1.0,0.0,0.0,2.0,0.0,13.0,0.0,0.0,2.539835371492131,0.0,0.0,1.0,0.0,0.0,1.0,1.0,0.0,1.0,0.0,0.0,1.0,1517.0,2.0,0.0,10.0,0.0,0.0,0.0,0.0,0.0,0.0,0.0,0.0,0.0,103.0,0.9578038595016317,13.0,8.0,10.0,455.0,5.0,1.0,1920.0,1080.0,2.0,0.0,0
46.0,1.0,1.0,0.0,0.0,2.0,0.0,9.0,0.0,0.0,3.2384622537006877,0.0,0.0,3.0,0.0,0.0,0.0,0.0,0.0,1.0,0.0,0.0,1.0,199.0,1.0,1.0,10.0,0.0,0.0,0.0,0.0,0.0,0.0,0.0,0.0,0.0,119.0,0.9791677283674688,8.0,7.0,10.0,57.0,19.0,1.0,1280.0,800.0,44.0,0.0,0
20.0,1.0,1.0,0.0,0.0,2.0,0.0,12.0,0.0,0.0,2.2674594731100637,0.0,0.0,24.0,0.0,0.0,1.0,1.0,0.0,1.0,0.0,0.0,1.0,1966.0,1.0,0.0,5.0,0.0,0.0,0.0,0.0,0.0,0.0,0.0,0.0,0.0,17.0,0.9662640689640901,1.0,0.0,5.0,40.0,9.0,1.0,1920.0,1080.0,20.0,0.0,0
37.0,1.0,0.0,0.0,0.0,1.0,0.0,13.0,0.0,0.0,2.4635957245457547,0.0,0.0,27.0,0.0,0.0,1.0,1.0,0.0,1.0,0.0,0.0,1.0,2217.0,2.0,1.0,29.0,1.0,0.0,0.0,0.0,3.0,3.0,0.0,0.0,1.0,93.0,0.9837263495871015,10.0,7.0,29.0,396.0,5.0,1.0,1280.0,800.0,40.0,0.0,0
20.0,1.0,1.0,0.0,0.0,2.0,0.0,7.0,1.0,0.14285714285714285,3.380425927106196,0.0,0.0,28.0,5.0,0.0,1.0,1.0,0.0,1.0,0.0,0.0,1.0,2113.0,1.0,1.0,4.0,1.0,0.0,0.0,0.0,0.0,1.0,0.0,0.0,1.0,51.0,0.9886605797754849,12.0,1.0,4.0,386.0,19.0,1.0,1920.0,1080.0,42.0,0.0,0
41.0,1.0,1.0,0.0,0.0,2.0,0.0,17.0,0.0,0.0,2.9109278906362737,0.0,0.0,5.0,5.0,0.0,0.0,0.0,0.0,1.0,0.0,0.0,1.0,1759.0,1.0,1.0,9.0,0.0,0.0,0.0,0.0,1.0,0.0,0.0,0.0,0.0,99.0,0.9392623923322962,11.0,5.0,9.0,191.0,8.0,1.0,1920.0,1080.0,4.0,0.0,0
41.0,1.0,0.0,0.0,0.0,1.0,0.0,9.0,0.0,0.0,2.565926585198807,0.0,0.0,2.0,0.0,0.0,1.0,1.0,0.0,1.0,0.0,0.0,1.0,1177.0,0.0,0.0,29.0,0.0,0.0,0.0,0.0,1.0,0.0,0.0,0.0,0.0,16.0,0.9630403718970717,9.0,5.0,29.0,8.0,13.0,1.0,1920.0,1080.0,18.0,0.0,0
44.0,1.0,0.0,0.0,0.0,1.0,0.0,7.0,0.0,0.0,2.8796050164169875,0.0,0.0,5.0,0.0,0.0,0.0,0.0,0.0,1.0,0.0,0.0,1.0,1946.0,1.0,0.0,19.0,0.0,0.0,0.0,0.0,2.0,0.0,0.0,0.0,0.0,91.0,0.9930117487358339,11.0,4.0,19.0,52.0,18.0,1.0,1280.0,800.0,10.0,0.0,0
45.0,1.0,0.0,0.0,0.0,1.0,0.0,10.0,0.0,0.0,2.6154742875407546,0.0,0.0,11.0,0.0,0.0,0.0,0.0,0.0,1.0,0.0,0.0,1.0,772.0,0.0,1.0,26.0,0.0,0.0,0.0,0.0,3.0,0.0,0.0,0.0,0.0,98.0,0.992630854234572,5.0,4.0,26.0,122.0,0.0,1.0,1920.0,1080.0,38.0,0.0,0
47.0,1.0,1.0,0.0,0.0,2.0,0.0,20.0,0.0,0.0,3.375155375395937,0.0,0.0,24.0,0.0,0.0,0.0,0.0,0.0,1.0,0.0,0.0,1.0,2150.0,0.0,0.0,16.0,0.0,0.0,0.0,0.0,3.0,0.0,0.0,0.0,0.0,21.0,0.9725996448994068,2.0,0.0,16.0,418.0,16.0,1.0,1920.0,1080.0,36.0,0.0,0
39.0,1.0,1.0,0.0,0.0,2.0,0.0,11.0,0.0,0.0,2.5193202741116107,0.0,0.0,0.0,0.0,0.0,1.0,1.0,0.0,1.0,0.0,0.0,1.0,2242.0,1.0,1.0,22.0,1.0,1.0,0.0,0.0,0.0,2.0,1.0,0.0,1.0,72.0,0.9280216038345527,8.0,7.0,22.0,267.0,5.0,1.0,1920.0,1080.0,27.0,0.0,0
19.0,1.0,1.0,0.0,0.0,2.0,0.0,17.0,0.0,0.0,3.0057540170906316,0.0,0.0,15.0,0.0,0.0,0.0,0.0,0.0,1.0,0.0,0.0,1.0,251.0,0.0,0.0,12.0,0.0,0.0,0.0,0.0,2.0,0.0,0.0,0.0,0.0,103.0,0.9908052988119593,2.0,1.0,12.0,482.0,12.0,1.0,1920.0,1080.0,34.0,0.0,0
37.0,1.0,0.0,0.0,0.0,1.0,0.0,18.0,0.0,0.0,3.2119261918332946,0.0,0.0,13.0,0.0,0.0,0.0,0.0,0.0,1.0,0.0,0.0,1.0,1963.0,1.0,1.0,23.0,1.0,0.0,0.0,0.0,2.0,3.0,0.0,0.0,1.0,18.0,0.9390970991935338,4.0,3.0,23.0,17.0,10.0,1.0,1920.0,1080.0,34.0,0.0,0
25.0,1.0,1.0,0.0,0.0,2.0,0.0,18.0,0.0,0.0,2.85233965948604,0.0,0.0,29.0,0.0,0.0,0.0,0.0,0.0,1.0,0.0,0.0,1.0,481.0,0.0,0.0,8.0,0.0,0.0,0.0,0.0,1.0,1.0,0.0,0.0,0.0,104.0,0.9396769495819023,11.0,3.0,8.0,332.0,1.0,1.0,1280.0,800.0,28.0,0.0,0
53.0,1.0,0.0,0.0,0.0,1.0,0.0,14.0,0.0,0.0,2.6192803042458923,0.0,0.0,1.0,0.0,0.0,1.0,1.0,0.0,1.0,0.0,0.0,1.0,237.0,3.0,2.0,26.0,0.0,0.0,1.0,0.0,0.0,0.0,0.0,0.0,1.0,119.0,0.938925062367217,10.0,5.0,26.0,278.0,16.0,1.0,1920.0,1080.0,40.0,0.0,0
27.0,1.0,1.0,0.0,0.0,2.0,0.0,7.0,0.0,0.0,2.513077911282398,0.0,0.0,13.0,5.0,0.0,1.0,1.0,0.0,1.0,0.0,0.0,1.0,1790.0,1.0,1.0,25.0,0.0,0.0,0.0,0.0,0.0,0.0,0.0,0.0,0.0,75.0,0.9993743304665915,5.0,4.0,25.0,327.0,16.0,1.0,1920.0,1080.0,39.0,0.0,0
54.0,1.0,0.0,0.0,0.0,1.0,0.0,16.0,0.0,0.0,2.6416165791288457,0.0,0.0,29.0,0.0,0.0,0.0,0.0,0.0,1.0,0.0,0.0,1.0,1711.0,0.0,1.0,29.0,0.0,0.0,0.0,0.0,1.0,0.0,0.0,0.0,0.0,49.0,0.9553784574419733,2.0,1.0,29.0,143.0,5.0,1.0,1920.0,1080.0,23.0,0.0,0
