url_length,is_https,subdomain_count,has_ip_address,hyphen_count,dot_count,is_suspicious_tld,domain_length,longest_numeric_sequence,numeric_ratio,domain_entropy,is_punycode,suspicious_keyword_count,path_length,query_length,non_standard_port,brand_detected,brand_domain_match,brand_domain_mismatch,ssl_chain_valid,ssl_expired,ssl_self_signed,ssl_recognized_ca,dom_element_count,dom_form_count,dom_iframe_count,dom_script_count,password_input_count,email_input_count,card_input_count,otp_input_count,hidden_input_count,login_keyword_count,external_form_action_count,cross_domain_form_action_count,has_credential_harvesting_form,network_request_count,network_https_ratio,network_unique_domains_count,network_external_domains_count,js_script_count,js_dom_modifications,js_external_api_calls,has_screenshot,viewport_width,viewport_height,image_count,threat_intelligence_flag,is_phishing
35.0,1.0,0.0,0.0,3.0,1.0,1.0,11.0,0.0,0.0,3.6921400311965584,0.0,0.0,55.0,11.0,0.0,1.0,0.0,1.0,1.0,0.0,0.0,1.0,346.0,1.0,1.0,10.0,1.0,0.0,0.0,0.0,2.0,1.0,1.0,0.0,1.0,33.0,0.7783033443358875,6.0,5.0,10.0,47.0,8.0,1.0,1280.0,800.0,3.0,0.0,1
64.0,1.0,1.0,0.0,4.0,2.0,1.0,15.0,5.0,0.3333333333333333,3.2363636665011124,0.0,0.0,56.0,34.0,1.0,1.0,0.0,1.0,1.0,0.0,0.0,1.0,294.0,1.0,6.0,9.0,0.0,1.0,1.0,0.0,9.0,2.0,0.0,0.0,1.0,11.0,0.8907951967871954,5.0,5.0,9.0,59.0,1.0,1.0,1280.0,800.0,5.0,0.0,1
86.0,1.0,1.0,0.0,2.0,2.0,0.0,27.0,5.0,0.18518518518518517,3.527332675930567,0.0,3.0,41.0,28.0,0.0,1.0,0.0,1.0,0.0,0.0,0.0,0.0,138.0,1.0,0.0,9.0,1.0,0.0,0.0,1.0,2.0,1.0,1.0,0.0,1.0,33.0,0.7165690758694432,5.0,3.0,9.0,26.0,12.0,1.0,1280.0,800.0,1.0,0.0,1
88.0,1.0,2.0,0.0,4.0,3.0,1.0,25.0,8.0,0.32,3.2781461531954856,0.0,1.0,51.0,22.0,0.0,0.0,0.0,0.0,1.0,0.0,0.0,1.0,92.0,1.0,0.0,8.0,1.0,0.0,0.0,0.0,4.0,1.0,1.0,0.0,1.0,28.0,0.8392752546328507,4.0,2.0,8.0,116.0,9.0,1.0,1280.0,800.0,11.0,0.0,1
60.0,0.0,1.0,0.0,4.0,2.0,0.0,25.0,5.0,0.2,3.8661810542141613,0.0,3.0,9.0,9.0,1.0,1.0,0.0,1.0,0.0,0.0,0.0,0.0,85.0,1.0,1.0,8.0,1.0,1.0,0.0,0.0,3.0,1.0,0.0,0.0,1.0,10.0,0.21691146895630783,3.0,1.0,8.0,32.0,2.0,1.0,1280.0,800.0,7.0,0.0,1
93.0,1.0,2.0,0.0,1.0,3.0,1.0,14.0,10.0,0.6660143852300631,4.15720376763059,0.0,0.0,58.0,25.0,1.0,1.0,0.0,1.0,1.0,0.0,0.0,1.0,348.0,1.0,0.0,6.0,1.0,1.0,0.0,0.0,0.0,2.0,0.0,1.0,1.0,26.0,0.9419456554806622,1.0,4.0,6.0,10.0,7.0,1.0,1280.0,800.0,9.0,0.0,1
40.0,1.0,0.0,0.0,2.0,1.0,0.0,18.0,2.0,0.1111111111111111,3.864582947452241,0.0,1.0,8.0,40.0,0.0,1.0,0.0,1.0,1.0,0.0,0.0,1.0,129.0,1.0,0.0,11.0,1.0,1.0,2.0,1.0,2.0,2.0,0.0,1.0,1.0,14.0,0.8056152788373145,2.0,3.0,11.0,61.0,10.0,1.0,1280.0,800.0,4.0,0.0,1
45.0,0.0,2.0,0.0,1.0,3.0,0.0,17.0,8.0,0.47058823529411764,3.390610523448946,0.0,0.0,51.0,13.0,0.0,0.0,0.0,0.0,0.0,0.0,0.0,0.0,85.0,1.0,1.0,6.0,1.0,1.0,0.0,0.0,0.0,2.0,0.0,0.0,1.0,39.0,0.10934037239661183,7.0,2.0,6.0,77.0,14.0,1.0,1280.0,800.0,12.0,1.0,1
58.0,1.0,1.0,0.0,1.0,2.0,0.0,21.0,0.0,0.0,3.7202434232899515,1.0,1.0,8.0,36.0,0.0,1.0,0.0,1.0,1.0,0.0,0.0,1.0,172.0,1.0,1.0,4.0,1.0,0.0,0.0,0.0,2.0,2.0,0.0,1.0,1.0,35.0,0.9006765037533588,3.0,5.0,4.0,83.0,3.0,1.0,1280.0,800.0,8.0,0.0,1
75.0,1.0,2.0,0.0,2.0,3.0,0.0,11.0,5.0,0.45454545454545453,3.868990665123789,0.0,0.0,56.0,35.0,0.0,0.0,0.0,0.0,1.0,0.0,0.0,1.0,140.0,1.0,0.0,7.0,1.0,0.0,1.0,0.0,3.0,2.0,1.0,1.0,1.0,26.0,0.8422502422625231,4.0,4.0,7.0,61.0,8.0,1.0,1280.0,800.0,2.0,1.0,1
85.0,1.0,1.0,0.0,1.0,2.0,0.0,13.0,0.0,0.0,3.282353631410255,0.0,2.0,43.0,30.0,0.0,1.0,0.0,1.0,1.0,0.0,0.0,1.0,163.0,1.0,1.0,8.0,1.0,1.0,0.0,0.0,3.0,1.0,0.0,1.0,1.0,11.0,0.7231916794370626,3.0,1.0,8.0,15.0,9.0,1.0,1280.0,800.0,11.0,0.0,1
80.0,1.0,2.0,0.0,0.0,3.0,1.0,27.0,10.0,0.37037037037037035,3.769636915056773,0.0,0.0,45.0,38.0,0.0,1.0,0.0,1.0,1.0,0.0,0.0,1.0,69.0,2.0,0.0,3.0,1.0,1.0,0.0,0.0,0.0,2.0,1.0,1.0,1.0,17.0,0.7954992053092999,6.0,1.0,3.0,1.0,6.0,1.0,1280.0,800.0,9.0,1.0,1
84.0,0.0,2.0,0.0,4.0,3.0,0.0,23.0,8.0,0.34782608695652173,3.1254009702511487,0.0,0.0,8.0,42.0,0.0,1.0,0.0,1.0,0.0,0.0,0.0,0.0,81.0,1.0,1.0,3.0,1.0,1.0,1.0,0.0,2.0,3.0,1.0,0.0,1.0,6.0,0.023853047470210352,6.0,2.0,3.0,78.0,8.0,1.0,1280.0,800.0,9.0,0.0,1
36.0,1.0,1.0,0.0,2.0,2.0,0.0,16.0,0.0,0.0,3.5639116551293233,1.0,0.0,47.0,17.0,0.0,1.0,0.0,1.0,1.0,0.0,0.0,1.0,187.0,1.0,0.0,7.0,0.0,0.0,0.0,0.0,4.0,2.0,1.0,1.0,0.0,7.0,0.7498830420929448,6.0,2.0,7.0,1.0,6.0,0.0,1280.0,800.0,14.0,0.0,1
38.0,1.0,1.0,0.0,1.0,2.0,0.0,25.0,2.0,0.08,3.737492522064391,0.0,1.0,50.0,3.0,1.0,1.0,0.0,1.0,1.0,0.0,0.0,1.0,210.0,1.0,0.0,1.0,1.0,0.0,0.0,0.0,12.0,1.0,0.0,0.0,1.0,24.0,0.9571810629164756,7.0,3.0,1.0,84.0,5.0,1.0,1280.0,800.0,14.0,0.0,1
44.0,0.0,0.0,0.0,2.0,1.0,0.0,21.0,0.0,0.0,3.6433266536427413,1.0,0.0,5.0,24.0,0.0,1.0,0.0,1.0,0.0,0.0,0.0,0.0,332.0,1.0,1.0,2.0,1.0,1.0,0.0,0.0,1.0,1.0,1.0,0.0,1.0,14.0,0.19005206143961864,2.0,3.0,2.0,79.0,8.0,1.0,1280.0,800.0,5.0,0.0,1
75.0,1.0,2.0,0.0,3.0,3.0,1.0,24.0,5.0,0.20833333333333334,3.7789286491739613,0.0,0.0,54.0,23.0,0.0,1.0,0.0,1.0,1.0,0.0,0.0,1.0,200.0,1.0,6.0,1.0,0.0,0.0,2.0,1.0,3.0,5.0,1.0,1.0,1.0,7.0,0.6056247652244048,3.0,3.0,1.0,84.0,13.0,1.0,1280.0,800.0,11.0,0.0,1
86.0,1.0,1.0,0.0,1.0,2.0,0.0,16.0,0.0,0.0,3.5365772707838095,1.0,0.0,22.0,21.0,1.0,1.0,0.0,1.0,1.0,0.0,0.0,1.0,319.0,1.0,1.0,4.0,0.0,0.0,0.0,0.0,2.0,3.0,0.0,0.0,0.0,30.0,0.7483216078218422,7.0,5.0,4.0,114.0,12.0,1.0,1280.0,800.0,3.0,0.0,1
63.0,1.0,0.0,0.0,2.0,1.0,0.0,23.0,14.0,0.5058719152934921,3.307417860758345,0.0,0.0,44.0,2.0,0.0,1.0,0.0,1.0,1.0,0.0,0.0,1.0,251.0,1.0,0.0,1.0,1.0,0.0,0.0,0.0,0.0,2.0,0.0,1.0,1.0,37.0,0.7539358237460861,1.0,4.0,1.0,39.0,9.0,1.0,1280.0,800.0,11.0,0.0,1
62.0,0.0,0.0,1.0,0.0,1.0,0.0,15.0,3.0,0.6878506604074592,2.65147572209778,0.0,1.0,25.0,2.0,1.0,0.0,0.0,0.0,0.0,0.0,0.0,0.0,311.0,1.0,1.0,2.0,0.0,0.0,0.0,1.0,2.0,3.0,0.0,1.0,1.0,24.0,0.17213876880434836,3.0,2.0,2.0,28.0,6.0,1.0,1280.0,800.0,4.0,0.0,1
84.0,1.0,3.0,0.0,2.0,4.0,0.0,10.0,5.0,0.5,3.641499352856323,0.0,3.0,43.0,34.0,0.0,1.0,0.0,1.0,1.0,0.0,0.0,1.0,330.0,2.0,1.0,6.0,1.0,1.0,0.0,0.0,0.0,3.0,1.0,0.0,1.0,26.0,0.7137195984409676,5.0,3.0,6.0,105.0,3.0,1.0,1280.0,800.0,0.0,0.0,1
83.0,1.0,1.0,0.0,1.0,2.0,0.0,11.0,0.0,0.0,3.4924726957212893,0.0,1.0,42.0,1.0,1.0,1.0,0.0,1.0,1.0,0.0,0.0,1.0,206.0,1.0,1.0,5.0,0.0,1.0,2.0,1.0,2.0,4.0,0.0,0.0,1.0,40.0,0.8596326629042172,5.0,1.0,5.0,59.0,4.0,1.0,1280.0,800.0,5.0,0.0,1
79.0,1.0,2.0,0.0,2.0,3.0,0.0,22.0,2.0,0.09090909090909091,2.8711594047712574,0.0,0.0,46.0,19.0,0.0,1.0,0.0,1.0,0.0,1.0,1.0,0.0,35.0,1.0,1.0,10.0,0.0,1.0,0.0,1.0,1.0,1.0,1.0,1.0,1.0,8.0,0.887587692209256,5.0,1.0,10.0,33.0,14.0,1.0,1280.0,800.0,10.0,0.0,1
88.0,1.0,3.0,0.0,3.0,4.0,0.0,17.0,0.0,0.0,2.8108417017224205,0.0,2.0,26.0,21.0,0.0,1.0,0.0,1.0,1.0,0.0,0.0,1.0,66.0,1.0,6.0,6.0,1.0,0.0,1.0,1.0,2.0,2.0,1.0,1.0,1.0,12.0,0.8880349211248115,3.0,4.0,6.0,15.0,0.0,1.0,1280.0,800.0,3.0,1.0,1
92.0,1.0,2.0,0.0,0.0,3.0,1.0,27.0,12.0,0.4444444444444444,3.706457180765889,0.0,1.0,56.0,31.0,0.0,1.0,0.0,1.0,1.0,0.0,0.0,1.0,147.0,1.0,6.0,2.0,1.0,1.0,0.0,0.0,2.0,1.0,1.0,1.0,1.0,11.0,0.7532628660805174,2.0,5.0,2.0,59.0,6.0,1.0,1280.0,800.0,9.0,1.0,1
35.0,1.0,0.0,0.0,2.0,1.0,0.0,22.0,0.0,0.0,3.6534851471631935,0.0,0.0,31.0,37.0,0.0,0.0,0.0,0.0,1.0,0.0,0.0,1.0,45.0,1.0,1.0,9.0,0.0,0.0,0.0,0.0,2.0,3.0,1.0,1.0,0.0,8.0,0.9728746873848946,4.0,2.0,9.0,24.0,1.0,1.0,1280.0,800.0,8.0,1.0,1
47.0,1.0,2.0,0.0,3.0,3.0,1.0,22.0,2.0,0.09090909090909091,3.6809254768293056,0.0,2.0,45.0,19.0,0.0,0.0,0.0,0.0,1.0,0.0,0.0,1.0,110.0,2.0,1.0,7.0,0.0,0.0,0.0,0.0,15.0,2.0,1.0,1.0,0.0,43.0,0.9855348894961051,7.0,1.0,7.0,97.0,4.0,1.0,1280.0,800.0,6.0,1.0,1
49.0,1.0,0.0,0.0,2.0,1.0,0.0,21.0,0.0,0.0,3.1116564648201086,1.0,2.0,35.0,20.0,0.0,1.0,0.0,1.0,1.0,0.0,0.0,1.0,56.0,1.0,1.0,9.0,0.0,1.0,0.0,0.0,3.0,1.0,1.0,0.0,1.0,10.0,0.6966214480159155,7.0,4.0,9.0,7.0,5.0,1.0,1280.0,800.0,12.0,0.0,1
50.0,1.0,1.0,0.0,3.0,2.0,1.0,12.0,2.0,0.16666666666666666,3.4852561738181564,0.0,0.0,8.0,12.0,0.0,0.0,0.0,0.0,0.0,0.0,1.0,0.0,61.0,1.0,0.0,2.0,0.0,1.0,2.0,1.0,2.0,4.0,1.0,0.0,1.0,23.0,0.8091098746707936,1.0,4.0,2.0,57.0,1.0,1.0,1280.0,800.0,7.0,0.0,1
81.0,0.0,1.0,0.0,4.0,2.0,0.0,16.0,0.0,0.0,3.896184238705115,0.0,0.0,50.0,11.0,1.0,0.0,0.0,0.0,0.0,0.0,0.0,0.0,32.0,1.0,6.0,2.0,0.0,1.0,0.0,0.0,2.0,2.0,1.0,1.0,1.0,7.0,0.2403916331346628,4.0,4.0,2.0,94.0,5.0,1.0,1280.0,800.0,9.0,0.0,1
50.0,0.0,0.0,1.0,0.0,1.0,0.0,15.0,3.0,0.7925074946937023,2.9662761001616382,0.0,0.0,34.0,44.0,1.0,0.0,0.0,0.0,0.0,0.0,0.0,0.0,140.0,1.0,0.0,5.0,0.0,0.0,1.0,1.0,3.0,2.0,1.0,1.0,1.0,34.0,0.21022274091341522,1.0,4.0,5.0,44.0,2.0,0.0,1280.0,800.0,3.0,0.0,1
81.0,0.0,0.0,1.0,0.0,1.0,0.0,15.0,3.0,0.6103455997436356,2.5996627288127785,0.0,0.0,51.0,22.0,0.0,1.0,0.0,1.0,0.0,0.0,0.0,0.0,339.0,1.0,1.0,8.0,1.0,0.0,0.0,0.0,0.0,2.0,0.0,1.0,1.0,38.0,0.2368534019336905,6.0,5.0,8.0,10.0,5.0,1.0,1280.0,800.0,13.0,0.0,1
86.0,0.0,1.0,0.0,3.0,2.0,0.0,24.0,0.0,0.0,3.751662345881827,0.0,0.0,11.0,42.0,0.0,0.0,0.0,0.0,0.0,0.0,0.0,0.0,150.0,1.0,0.0,8.0,0.0,1.0,0.0,0.0,2.0,3.0,1.0,0.0,1.0,35.0,0.2990905711675377,5.0,5.0,8.0,49.0,0.0,1.0,1280.0,800.0,6.0,0.0,1
40.0,1.0,2.0,0.0,4.0,3.0,0.0,15.0,0.0,0.0,3.8506933031455386,0.0,0.0,25.0,12.0,0.0,0.0,0.0,0.0,0.0,0.0,0.0,0.0,330.0,1.0,0.0,2.0,1.0,1.0,0.0,1.0,1.0,1.0,1.0,1.0,1.0,31.0,0.7636464875128408,3.0,4.0,2.0,110.0,13.0,1.0,1280.0,800.0,1.0,0.0,1
85.0,1.0,1.0,0.0,1.0,2.0,1.0,14.0,8.0,0.5714285714285714,3.6540904062845456,0.0,1.0,46.0,25.0,0.0,0.0,0.0,0.0,1.0,0.0,0.0,1.0,94.0,1.0,1.0,11.0,1.0,1.0,0.0,0.0,0.0,1.0,0.0,0.0,1.0,17.0,0.9639416134303695,4.0,3.0,11.0,105.0,5.0,1.0,1280.0,800.0,4.0,0.0,1
52.0,1.0,2.0,0.0,2.0,3.0,0.0,25.0,12.0,0.48,3.2457132098865973,0.0,0.0,41.0,24.0,0.0,1.0,0.0,1.0,1.0,0.0,0.0,1.0,218.0,1.0,1.0,9.0,1.0,0.0,0.0,0.0,3.0,3.0,0.0,0.0,1.0,41.0,0.6067233516453964,6.0,5.0,9.0,113.0,10.0,1.0,1280.0,800.0,5.0,0.0,1
78.0,1.0,3.0,0.0,0.0,4.0,1.0,27.0,5.0,0.18518518518518517,3.02482573774243,0.0,0.0,14.0,14.0,0.0,1.0,0.0,1.0,1.0,0.0,0.0,1.0,198.0,1.0,0.0,7.0,1.0,1.0,0.0,1.0,2.0,1.0,0.0,0.0,1.0,41.0,0.792097278216696,6.0,3.0,7.0,8.0,1.0,1.0,1280.0,800.0,0.0,0.0,1
65.0,1.0,0.0,1.0,0.0,1.0,0.0,15.0,3.0,0.7613255734405961,2.952678339576025,0.0,1.0,28.0,22.0,1.0,0.0,0.0,0.0,1.0,0.0,0.0,1.0,119.0,1.0,0.0,8.0,1.0,1.0,0.0,0.0,1.0,2.0,1.0,0.0,1.0,43.0,0.6846992430288332,3.0,2.0,8.0,10.0,1.0,1.0,1280.0,800.0,2.0,0.0,1
61.0,1.0,0.0,0.0,2.0,1.0,0.0,16.0,0.0,0.0,3.761870054049181,1.0,1.0,57.0,18.0,0.0,1.0,0.0,1.0,1.0,0.0,0.0,1.0,163.0,1.0,0.0,8.0,0.0,0.0,1.0,1.0,4.0,2.0,0.0,1.0,1.0,34.0,0.6206719987039359,1.0,4.0,8.0,109.0,6.0,0.0,1280.0,800.0,12.0,0.0,1
79.0,1.0,1.0,0.0,3.0,2.0,0.0,14.0,2.0,0.14285714285714285,3.313220885475256,0.0,3.0,44.0,11.0,0.0,1.0,0.0,1.0,0.0,0.0,0.0,0.0,138.0,1.0,0.0,4.0,0.0,1.0,2.0,1.0,0.0,3.0,1.0,1.0,1.0,34.0,0.6792884675574328,1.0,2.0,4.0,54.0,9.0,1.0,1280.0,800.0,1.0,0.0,1
51.0,0.0,0.0,0.0,4.0,1.0,1.0,23.0,2.0,0.08695652173913043,3.025684775224846,0.0,1.0,16.0,44.0,0.0,1.0,0.0,1.0,0.0,0.0,0.0,0.0,26.0,1.0,0.0,6.0,1.0,1.0,1.0,1.0,1.0,5.0,0.0,0.0,1.0,14.0,0.17200257089721457,5.0,3.0,6.0,54.0,9.0,1.0,1280.0,800.0,7.0,0.0,1
71.0,1.0,1.0,0.0,2.0,2.0,1.0,20.0,0.0,0.0,3.3972294789873323,0.0,0.0,27.0,26.0,0.0,1.0,0.0,1.0,0.0,1.0,0.0,0.0,35.0,1.0,1.0,4.0,1.0,1.0,0.0,1.0,4.0,3.0,0.0,0.0,1.0,25.0,0.6620936906473975,1.0,2.0,4.0,74.0,14.0,1.0,1280.0,800.0,8.0,0.0,1
89.0,1.0,1.0,0.0,2.0,2.0,1.0,20.0,8.0,0.4,3.145931772456484,0.0,0.0,49.0,39.0,0.0,1.0,0.0,1.0,1.0,0.0,0.0,1.0,319.0,1.0,0.0,7.0,1.0,1.0,0.0,0.0,3.0,4.0,1.0,1.0,1.0,42.0,0.9259226503901705,2.0,2.0,7.0,111.0,7.0,1.0,1280.0,800.0,11.0,0.0,1
93.0,1.0,1.0,0.0,0.0,2.0,0.0,22.0,8.0,0.36363636363636365,3.390218749777648,0.0,0.0,5.0,30.0,0.0,1.0,0.0,1.0,1.0,0.0,0.0,1.0,200.0,1.0,1.0,2.0,1.0,0.0,0.0,1.0,0.0,1.0,1.0,0.0,1.0,28.0,0.920743694546396,6.0,4.0,2.0,21.0,11.0,1.0,1280.0,800.0,14.0,0.0,1
78.0,0.0,0.0,0.0,2.0,1.0,1.0,16.0,5.0,0.3125,2.978048571450399,0.0,1.0,45.0,24.0,0.0,1.0,0.0,1.0,0.0,0.0,0.0,0.0,96.0,1.0,0.0,11.0,1.0,1.0,0.0,0.0,0.0,4.0,0.0,0.0,1.0,10.0,0.2536051120748458,6.0,3.0,11.0,81.0,6.0,1.0,1280.0,800.0,7.0,0.0,1
62.0,0.0,2.0,0.0,0.0,3.0,0.0,17.0,5.0,0.29411764705882354,3.2475950939761886,0.0,1.0,6.0,11.0,0.0,1.0,0.0,1.0,0.0,0.0,0.0,0.0,308.0,2.0,0.0,6.0,1.0,1.0,1.0,0.0,3.0,3.0,0.0,0.0,1.0,16.0,0.017986039597267457,6.0,2.0,6.0,112.0,9.0,1.0,1280.0,800.0,5.0,1.0,1
94.0,0.0,0.0,0.0,4.0,1.0,0.0,23.0,0.0,0.0,3.1073643627494736,0.0,2.0,53.0,1.0,1.0,1.0,0.0,1.0,0.0,0.0,0.0,0.0,308.0,1.0,6.0,4.0,1.0,0.0,0.0,0.0,2.0,2.0,1.0,1.0,1.0,43.0,0.16048341462205395,4.0,4.0,4.0,59.0,1.0,1.0,1280.0,800.0,8.0,0.0,1
50.0,1.0,0.0,0.0,2.0,1.0,0.0,20.0,0.0,0.0,3.7895619113377226,1.0,0.0,46.0,41.0,0.0,1.0,0.0,1.0,1.0,0.0,0.0,1.0,79.0,1.0,0.0,6.0,1.0,1.0,0.0,1.0,3.0,1.0,0.0,1.0,1.0,9.0,0.9795548086900944,7.0,2.0,6.0,14.0,6.0,1.0,1280.0,800.0,8.0,0.0,1
43.0,1.0,1.0,0.0,3.0,2.0,1.0,20.0,2.0,0.1,3.3841101754138085,0.0,3.0,47.0,1.0,0.0,0.0,0.0,0.0,1.0,0.0,0.0,1.0,19.0,1.0,0.0,7.0,1.0,1.0,0.0,0.0,3.0,3.0,1.0,0.0,1.0,30.0,0.773694774973921,5.0,1.0,7.0,58.0,8.0,1.0,1280.0,800.0,0.0,0.0,1
52.0,1.0,1.0,0.0,2.0,2.0,1.0,11.0,0.0,0.0,3.4638991575002764,0.0,0.0,6.0,1.0,0.0,1.0,0.0,1.0,1.0,0.0,0.0,1.0,290.0,1.0,0.0,7.0,0.0,1.0,1.0,2.0,3.0,2.0,0.0,0.0,1.0,25.0,0.8751617775160336,3.0,2.0,7.0,80.0,11.0,0.0,1280.0,800.0,8.0,0.0,1
48.0,0.0,0.0,0.0,2.0,1.0,0.0,16.0,0.0,0.0,3.8447922336060825,1.0,1.0,33.0,1.0,1.0,1.0,0.0,1.0,0.0,0.0,0.0,0.0,46.0,1.0,6.0,6.0,0.0,1.0,0.0,1.0,3.0,3.0,0.0,0.0,1.0,27.0,0.13455490405294498,1.0,2.0,6.0,21.0,6.0,1.0,1280.0,800.0,7.0,0.0,1
88.0,1.0,1.0,0.0,3.0,2.0,0.0,21.0,0.0,0.0,3.6155180642577434,0.0,2.0,57.0,3.0,1.0,0.0,0.0,0.0,1.0,0.0,0.0,1.0,16.0,1.0,1.0,7.0,0.0,0.0,1.0,1.0,2.0,3.0,1.0,0.0,1.0,35.0,0.6422769588967158,3.0,1.0,7.0,28.0,10.0,1.0,1280.0,800.0,1.0,0.0,1
72.0,1.0,0.0,0.0,1.0,1.0,0.0,21.0,0.0,0.0,3.4986464857236577,1.0,1.0,9.0,8.0,0.0,1.0,0.0,1.0,1.0,0.0,0.0,1.0,301.0,1.0,0.0,2.0,1.0,1.0,0.0,0.0,1.0,2.0,0.0,0.0,1.0,14.0,0.7659320821085884,6.0,1.0,2.0,61.0,6.0,1.0,1280.0,800.0,2.0,1.0,1
46.0,1.0,1.0,0.0,2.0,2.0,0.0,20.0,0.0,0.0,3.6210962701819085,1.0,1.0,58.0,6.0,0.0,1.0,0.0,1.0,1.0,0.0,0.0,1.0,177.0,1.0,1.0,11.0,1.0,1.0,1.0,1.0,3.0,3.0,0.0,0.0,1.0,14.0,0.6301971961244786,4.0,2.0,11.0,97.0,9.0,1.0,1280.0,800.0,14.0,1.0,1
46.0,1.0,1.0,0.0,1.0,2.0,1.0,20.0,2.0,0.1,2.921742139069341,0.0,1.0,33.0,31.0,0.0,1.0,0.0,1.0,1.0,0.0,0.0,1.0,297.0,1.0,0.0,6.0,1.0,0.0,0.0,0.0,3.0,3.0,1.0,0.0,1.0,33.0,0.940366925613752,3.0,5.0,6.0,35.0,4.0,1.0,1280.0,800.0,6.0,0.0,1
66.0,1.0,1.0,0.0,2.0,2.0,1.0,23.0,10.0,0.43478260869565216,3.16359259577849,0.0,1.0,40.0,39.0,0.0,1.0,0.0,1.0,1.0,0.0,0.0,1.0,145.0,2.0,1.0,1.0,1.0,1.0,0.0,0.0,2.0,3.0,1.0,0.0,1.0,36.0,0.642002539679893,2.0,5.0,1.0,94.0,10.0,1.0,1280.0,800.0,6.0,1.0,1
77.0,0.0,1.0,0.0,2.0,2.0,1.0,23.0,0.0,0.0,3.0697302849554706,0.0,0.0,52.0,2.0,0.0,1.0,0.0,1.0,0.0,0.0,0.0,0.0,230.0,1.0,6.0,2.0,1.0,0.0,0.0,1.0,4.0,1.0,0.0,0.0,1.0,27.0,0.2546124540132681,4.0,1.0,2.0,59.0,9.0,1.0,1280.0,800.0,1.0,0.0,1
43.0,1.0,2.0,0.0,2.0,3.0,0.0,24.0,5.0,0.20833333333333334,3.47262653715901,0.0,0.0,46.0,35.0,0.0,1.0,0.0,1.0,1.0,0.0,0.0,1.0,101.0,1.0,0.0,7.0,1.0,1.0,0.0,0.0,2.0,4.0,0.0,1.0,1.0,27.0,0.6062240181665299,6.0,1.0,7.0,31.0,11.0,1.0,1280.0,800.0,6.0,0.0,1
70.0,0.0,1.0,0.0,1.0,2.0,0.0,13.0,12.0,0.9230769230769231,3.504907762421734,0.0,0.0,17.0,40.0,0.0,1.0,0.0,1.0,0.0,0.0,0.0,0.0,29.0,1.0,0.0,5.0,1.0,1.0,0.0,0.0,0.0,3.0,1.0,0.0,1.0,9.0,0.18650249332305244,6.0,1.0,5.0,1.0,3.0,0.0,1280.0,800.0,4.0,0.0,1
94.0,1.0,0.0,1.0,0.0,1.0,0.0,15.0,3.0,0.723381281829092,2.9063637221230247,0.0,0.0,46.0,23.0,0.0,1.0,0.0,1.0,1.0,0.0,0.0,1.0,298.0,1.0,0.0,10.0,1.0,1.0,0.0,0.0,3.0,1.0,0.0,1.0,1.0,41.0,0.6742783989663094,3.0,2.0,10.0,13.0,4.0,1.0,1280.0,800.0,11.0,0.0,1
88.0,1.0,2.0,0.0,1.0,3.0,1.0,25.0,2.0,0.08,3.021541927413719,0.0,0.0,38.0,4.0,0.0,1.0,0.0,1.0,1.0,0.0,0.0,1.0,96.0,1.0,0.0,4.0,0.0,0.0,2.0,2.0,2.0,5.0,0.0,0.0,1.0,10.0,0.9564546910787539,5.0,5.0,4.0,29.0,11.0,1.0,1280.0,800.0,13.0,0.0,1
62.0,1.0,1.0,0.0,2.0,2.0,1.0,21.0,8.0,0.38095238095238093,2.927811117849453,0.0,1.0,18.0,10.0,0.0,1.0,0.0,1.0,1.0,0.0,0.0,1.0,26.0,1.0,1.0,10.0,1.0,1.0,0.0,0.0,2.0,3.0,0.0,1.0,1.0,20.0,0.7299481292541857,7.0,2.0,10.0,73.0,9.0,1.0,1280.0,800.0,11.0,0.0,1
50.0,0.0,1.0,0.0,3.0,2.0,0.0,19.0,2.0,0.10526315789473684,3.5171579686419863,0.0,0.0,15.0,40.0,0.0,1.0,0.0,1.0,0.0,0.0,0.0,0.0,183.0,1.0,0.0,8.0,0.0,0.0,0.0,0.0,3.0,3.0,0.0,0.0,0.0,29.0,0.07728293806653334,2.0,3.0,8.0,21.0,4.0,1.0,1280.0,800.0,14.0,0.0,1
56.0,0.0,2.0,0.0,2.0,3.0,0.0,20.0,8.0,0.37618443733687856,3.358797303639496,0.0,3.0,23.0,21.0,1.0,0.0,0.0,0.0,0.0,0.0,0.0,0.0,215.0,1.0,1.0,3.0,1.0,0.0,1.0,0.0,2.0,3.0,0.0,1.0,1.0,36.0,0.15723713552176555,5.0,2.0,3.0,101.0,4.0,1.0,1280.0,800.0,8.0,0.0,1
86.0,0.0,1.0,0.0,3.0,2.0,0.0,17.0,5.0,0.29411764705882354,3.017739006184059,0.0,2.0,37.0,36.0,0.0,0.0,0.0,0.0,0.0,0.0,0.0,0.0,171.0,2.0,0.0,1.0,0.0,1.0,0.0,0.0,4.0,2.0,0.0,1.0,1.0,28.0,0.04659764450376617,2.0,1.0,1.0,83.0,8.0,1.0,1280.0,800.0,1.0,0.0,1
45.0,1.0,0.0,0.0,1.0,1.0,0.0,15.0,5.0,0.3333333333333333,3.1080181501204023,0.0,2.0,42.0,7.0,0.0,0.0,0.0,0.0,1.0,0.0,0.0,1.0,349.0,2.0,6.0,7.0,0.0,1.0,0.0,0.0,0.0,3.0,0.0,0.0,1.0,40.0,0.6986802897500719,3.0,2.0,7.0,90.0,5.0,1.0,1280.0,800.0,7.0,0.0,1
71.0,1.0,2.0,0.0,2.0,3.0,1.0,15.0,0.0,0.0,3.3169253442986584,0.0,2.0,40.0,20.0,1.0,1.0,0.0,1.0,1.0,0.0,0.0,1.0,34.0,1.0,6.0,6.0,1.0,0.0,0.0,0.0,0.0,3.0,0.0,0.0,1.0,36.0,0.7712160444268243,4.0,1.0,6.0,55.0,12.0,1.0,1280.0,800.0,2.0,0.0,1
70.0,1.0,2.0,0.0,2.0,3.0,1.0,26.0,7.0,0.42802616819854045,3.816856951997492,0.0,2.0,33.0,32.0,0.0,1.0,0.0,1.0,1.0,0.0,0.0,1.0,32.0,1.0,0.0,5.0,1.0,1.0,1.0,0.0,3.0,3.0,0.0,1.0,1.0,38.0,0.7822201213468939,5.0,2.0,5.0,95.0,0.0,1.0,1280.0,800.0,10.0,0.0,1
46.0,0.0,1.0,0.0,3.0,2.0,0.0,17.0,0.0,0.0,3.0934786423825074,0.0,0.0,19.0,44.0,0.0,1.0,0.0,1.0,0.0,0.0,0.0,0.0,116.0,1.0,0.0,3.0,1.0,1.0,0.0,1.0,0.0,2.0,1.0,1.0,1.0,32.0,0.06739082262440037,2.0,4.0,3.0,67.0,7.0,1.0,1280.0,800.0,0.0,0.0,1
61.0,0.0,1.0,0.0,2.0,2.0,0.0,17.0,0.0,0.0,3.6731927231608625,1.0,0.0,43.0,35.0,0.0,1.0,0.0,1.0,0.0,0.0,0.0,0.0,118.0,1.0,0.0,10.0,1.0,0.0,0.0,0.0,3.0,1.0,0.0,1.0,1.0,28.0,0.29795898527629067,2.0,2.0,10.0,56.0,10.0,1.0,1280.0,800.0,6.0,0.0,1
84.0,0.0,1.0,0.0,1.0,2.0,0.0,16.0,2.0,0.125,3.275927812909406,0.0,1.0,58.0,32.0,0.0,0.0,0.0,0.0,0.0,0.0,0.0,0.0,325.0,1.0,0.0,8.0,1.0,0.0,1.0,0.0,13.0,2.0,1.0,0.0,1.0,39.0,0.02974324369104595,1.0,3.0,8.0,92.0,8.0,1.0,1280.0,800.0,9.0,1.0,1
89.0,1.0,1.0,0.0,1.0,2.0,0.0,10.0,5.0,0.5,3.1245253283601215,0.0,0.0,23.0,6.0,0.0,1.0,0.0,1.0,1.0,0.0,0.0,1.0,105.0,1.0,6.0,4.0,0.0,1.0,0.0,0.0,6.0,3.0,1.0,0.0,1.0,43.0,0.7562123475918441,3.0,1.0,4.0,65.0,14.0,0.0,1280.0,800.0,8.0,0.0,1
50.0,0.0,0.0,1.0,0.0,1.0,0.0,15.0,3.0,0.7289451404563265,2.747946515535338,0.0,1.0,53.0,0.0,0.0,0.0,0.0,0.0,0.0,0.0,0.0,0.0,147.0,1.0,0.0,8.0,1.0,1.0,0.0,1.0,0.0,2.0,1.0,0.0,1.0,44.0,0.2879205151325841,1.0,2.0,8.0,33.0,10.0,0.0,1280.0,800.0,5.0,0.0,1
81.0,1.0,2.0,0.0,1.0,3.0,0.0,12.0,8.0,0.6666666666666666,3.7734010411071166,0.0,0.0,46.0,20.0,0.0,1.0,0.0,1.0,1.0,0.0,0.0,1.0,281.0,1.0,0.0,11.0,0.0,1.0,1.0,2.0,3.0,5.0,1.0,0.0,1.0,9.0,0.8558919594894763,6.0,3.0,11.0,114.0,5.0,1.0,1280.0,800.0,9.0,0.0,1
64.0,1.0,3.0,0.0,2.0,4.0,0.0,24.0,0.0,0.0,3.094126576787398,0.0,1.0,11.0,37.0,0.0,1.0,0.0,1.0,1.0,0.0,0.0,1.0,17.0,1.0,0.0,10.0,1.0,1.0,0.0,0.0,3.0,3.0,1.0,1.0,1.0,41.0,0.8114966019507303,2.0,5.0,10.0,102.0,14.0,1.0,1280.0,800.0,11.0,0.0,1
40.0,1.0,2.0,0.0,3.0,3.0,0.0,20.0,5.0,0.25,3.518817476586081,0.0,0.0,27.0,13.0,0.0,0.0,0.0,0.0,1.0,0.0,0.0,1.0,52.0,1.0,0.0,4.0,1.0,1.0,0.0,0.0,2.0,1.0,0.0,0.0,1.0,16.0,0.9666851245352948,4.0,5.0,4.0,6.0,14.0,1.0,1280.0,800.0,0.0,0.0,1
94.0,1.0,0.0,0.0,1.0,1.0,1.0,10.0,2.0,0.2,3.168927502416605,0.0,1.0,43.0,16.0,0.0,1.0,0.0,1.0,0.0,1.0,0.0,0.0,200.0,1.0,1.0,3.0,1.0,1.0,1.0,1.0,9.0,2.0,0.0,0.0,1.0,23.0,0.9380393781543893,2.0,5.0,3.0,71.0,4.0,1.0,1280.0,800.0,8.0,0.0,1
36.0,0.0,1.0,0.0,1.0,2.0,0.0,16.0,0.0,0.0,3.559000567915585,0.0,1.0,10.0,12.0,0.0,1.0,0.0,1.0,0.0,0.0,0.0,0.0,35.0,2.0,0.0,1.0,1.0,1.0,0.0,0.0,1.0,2.0,1.0,1.0,1.0,12.0,0.27311320488022267,6.0,3.0,1.0,51.0,14.0,1.0,1280.0,800.0,1.0,0.0,1
93.0,1.0,0.0,1.0,0.0,1.0,0.0,15.0,3.0,0.6368188464084532,3.072427726234175,0.0,0.0,17.0,34.0,0.0,1.0,0.0,1.0,1.0,0.0,0.0,1.0,39.0,1.0,0.0,8.0,1.0,1.0,0.0,0.0,2.0,1.0,0.0,0.0,1.0,15.0,0.7031364157968572,7.0,4.0,8.0,90.0,7.0,1.0,1280.0,800.0,11.0,0.0,1
75.0,1.0,1.0,0.0,2.0,2.0,1.0,17.0,8.0,0.47058823529411764,2.898055647764058,0.0,2.0,57.0,12.0,0.0,1.0,0.0,1.0,1.0,0.0,0.0,1.0,266.0,1.0,6.0,6.0,1.0,1.0,0.0,1.0,0.0,3.0,1.0,1.0,1.0,30.0,0.6827698451037939,2.0,3.0,6.0,98.0,9.0,1.0,1280.0,800.0,10.0,0.0,1
54.0,1.0,2.0,0.0,4.0,3.0,1.0,17.0,8.0,0.47058823529411764,3.6690159677144965,0.0,1.0,37.0,24.0,0.0,1.0,0.0,1.0,1.0,0.0,0.0,1.0,74.0,2.0,1.0,11.0,1.0,0.0,2.0,2.0,3.0,3.0,1.0,0.0,1.0,33.0,0.8547177308663009,7.0,4.0,11.0,47.0,11.0,1.0,1280.0,800.0,3.0,1.0,1
36.0,0.0,2.0,0.0,3.0,3.0,0.0,27.0,13.0,0.6526317078136792,3.460335949520048,0.0,1.0,34.0,3.0,0.0,1.0,0.0,1.0,0.0,0.0,0.0,0.0,52.0,2.0,0.0,7.0,1.0,0.0,1.0,0.0,1.0,2.0,1.0,0.0,1.0,30.0,0.14853171432336884,6.0,5.0,7.0,14.0,11.0,1.0,1280.0,800.0,5.0,0.0,1
37.0,1.0,1.0,0.0,3.0,2.0,1.0,29.0,13.0,0.6571941448741438,3.4862571407269423,0.0,2.0,29.0,12.0,0.0,0.0,0.0,0.0,1.0,0.0,0.0,1.0,169.0,1.0,0.0,2.0,1.0,1.0,0.0,1.0,0.0,3.0,1.0,0.0,1.0,18.0,0.8795481215977162,2.0,1.0,2.0,59.0,13.0,0.0,1280.0,800.0,14.0,1.0,1
70.0,1.0,0.0,0.0,3.0,1.0,1.0,27.0,8.0,0.5422690193021128,3.2220889652373215,0.0,1.0,5.0,30.0,0.0,1.0,0.0,1.0,1.0,0.0,0.0,1.0,41.0,1.0,0.0,8.0,1.0,1.0,0.0,0.0,2.0,1.0,1.0,0.0,1.0,24.0,0.608858520705552,7.0,1.0,8.0,84.0,6.0,1.0,1280.0,800.0,5.0,0.0,1
77.0,1.0,2.0,0.0,1.0,3.0,0.0,12.0,0.0,0.0,2.8369600802920756,0.0,1.0,9.0,13.0,0.0,1.0,0.0,1.0,1.0,0.0,0.0,1.0,271.0,1.0,0.0,8.0,0.0,1.0,0.0,1.0,2.0,1.0,1.0,1.0,1.0,37.0,0.8900210440466462,1.0,1.0,8.0,13.0,6.0,1.0,1280.0,800.0,2.0,0.0,1
90.0,0.0,1.0,0.0,4.0,2.0,1.0,18.0,0.0,0.0,3.3557792647388682,0.0,0.0,52.0,7.0,0.0,1.0,0.0,1.0,0.0,0.0,0.0,0.0,176.0,1.0,0.0,8.0,1.0,0.0,0.0,0.0,3.0,1.0,1.0,1.0,1.0,44.0,0.1652673920568926,3.0,5.0,8.0,1.0,14.0,1.0,1280.0,800.0,14.0,0.0,1
86.0,0.0,0.0,0.0,2.0,1.0,1.0,27.0,9.0,0.5292284602485064,3.928169511087237,0.0,1.0,57.0,14.0,0.0,0.0,0.0,0.0,0.0,0.0,0.0,0.0,155.0,1.0,0.0,6.0,0.0,0.0,1.0,0.0,0.0,2.0,0.0,1.0,1.0,43.0,0.1660096271984597,4.0,1.0,6.0,33.0,14.0,1.0,1280.0,800.0,14.0,0.0,1
67.0,0.0,1.0,0.0,1.0,2.0,0.0,20.0,0.0,0.0,3.8496220306341047,1.0,1.0,53.0,3.0,0.0,1.0,0.0,1.0,0.0,0.0,0.0,0.0,313.0,1.0,0.0,2.0,0.0,1.0,0.0,1.0,1.0,1.0,0.0,1.0,1.0,15.0,0.047138272680174564,6.0,2.0,2.0,35.0,5.0,1.0,1280.0,800.0,2.0,1.0,1
64.0,1.0,0.0,0.0,1.0,1.0,1.0,18.0,13.0,0.5023744826305115,3.9841779619975783,0.0,2.0,46.0,22.0,0.0,1.0,0.0,1.0,1.0,0.0,0.0,1.0,300.0,1.0,0.0,10.0,1.0,0.0,0.0,0.0,1.0,1.0,0.0,0.0,1.0,23.0,0.6180735554295029,5.0,1.0,10.0,33.0,1.0,1.0,1280.0,800.0,14.0,0.0,1
63.0,1.0,0.0,1.0,0.0,1.0,0.0,15.0,3.0,0.7898276538485735,2.6774130030399172,0.0,2.0,58.0,2.0,0.0,0.0,0.0,0.0,1.0,0.0,0.0,1.0,120.0,2.0,0.0,2.0,1.0,1.0,0.0,0.0,0.0,1.0,1.0,0.0,1.0,34.0,0.956475005914162,1.0,2.0,2.0,2.0,11.0,1.0,1280.0,800.0,3.0,1.0,1
79.0,0.0,2.0,0.0,2.0,3.0,1.0,17.0,5.0,0.29411764705882354,3.882666483439894,0.0,0.0,5.0,44.0,0.0,0.0,0.0,0.0,0.0,0.0,0.0,0.0,134.0,1.0,0.0,5.0,1.0,1.0,1.0,0.0,15.0,1.0,0.0,1.0,1.0,17.0,0.17130456885403786,5.0,5.0,5.0,39.0,14.0,1.0,1280.0,800.0,0.0,0.0,1
78.0,1.0,1.0,0.0,3.0,2.0,1.0,23.0,2.0,0.08695652173913043,2.9049313965199146,0.0,3.0,5.0,20.0,0.0,1.0,0.0,1.0,1.0,0.0,0.0,1.0,137.0,1.0,0.0,4.0,1.0,0.0,0.0,0.0,1.0,2.0,1.0,1.0,1.0,16.0,0.7280078817465434,3.0,2.0,4.0,101.0,7.0,1.0,1280.0,800.0,3.0,0.0,1
92.0,1.0,1.0,0.0,3.0,2.0,0.0,24.0,0.0,0.0,3.1229265768172207,0.0,0.0,11.0,13.0,0.0,0.0,0.0,0.0,1.0,0.0,0.0,1.0,223.0,1.0,0.0,11.0,0.0,1.0,1.0,2.0,1.0,3.0,1.0,0.0,1.0,7.0,0.9222615106306562,3.0,5.0,11.0,66.0,13.0,1.0,1280.0,800.0,6.0,0.0,1
35.0,1.0,0.0,0.0,1.0,1.0,0.0,15.0,0.0,0.0,3.566122050142974,1.0,0.0,22.0,25.0,0.0,1.0,0.0,1.0,1.0,0.0,0.0,1.0,102.0,1.0,0.0,11.0,1.0,0.0,0.0,1.0,0.0,1.0,0.0,0.0,1.0,12.0,0.706907446945917,5.0,3.0,11.0,95.0,1.0,1.0,1280.0,800.0,5.0,0.0,1
87.0,1.0,3.0,0.0,3.0,4.0,0.0,24.0,0.0,0.0,3.2758778473988404,0.0,0.0,55.0,38.0,0.0,1.0,0.0,1.0,1.0,0.0,0.0,1.0,142.0,1.0,1.0,5.0,1.0,1.0,0.0,0.0,3.0,2.0,0.0,0.0,1.0,38.0,0.6069839673304315,5.0,3.0,5.0,106.0,12.0,1.0,1280.0,800.0,0.0,0.0,1
57.0,1.0,3.0,0.0,4.0,4.0,1.0,20.0,2.0,0.1,3.72717039802953,0.0,1.0,14.0,25.0,1.0,1.0,0.0,1.0,1.0,0.0,0.0,1.0,68.0,1.0,1.0,10.0,0.0,1.0,0.0,0.0,0.0,3.0,1.0,0.0,1.0,44.0,0.9420476446985304,3.0,1.0,10.0,24.0,5.0,1.0,1280.0,800.0,13.0,0.0,1
57.0,1.0,0.0,1.0,0.0,1.0,0.0,15.0,3.0,0.7068461616241064,2.987200504029321,0.0,0.0,13.0,3.0,0.0,1.0,0.0,1.0,1.0,0.0,0.0,1.0,220.0,1.0,0.0,6.0,1.0,0.0,0.0,0.0,2.0,2.0,1.0,1.0,1.0,12.0,0.8777729236686251,6.0,2.0,6.0,105.0,5.0,0.0,1280.0,800.0,14.0,0.0,1
51.0,1.0,2.0,0.0,2.0,3.0,1.0,12.0,5.0,0.4166666666666667,3.6715545604316313,0.0,0.0,40.0,3.0,0.0,1.0,0.0,1.0,1.0,0.0,0.0,1.0,20.0,1.0,0.0,7.0,1.0,1.0,0.0,1.0,3.0,2.0,0.0,1.0,1.0,32.0,0.9482755839080516,7.0,2.0,7.0,40.0,5.0,1.0,1280.0,800.0,0.0,1.0,1
35.0,1.0,2.0,0.0,1.0,3.0,1.0,15.0,8.0,0.5333333333333333,3.4392439979208884,0.0,0.0,11.0,15.0,0.0,1.0,0.0,1.0,1.0,0.0,0.0,1.0,308.0,1.0,0.0,11.0,1.0,1.0,0.0,0.0,3.0,3.0,1.0,0.0,1.0,27.0,0.7922225664587856,4.0,5.0,11.0,94.0,4.0,1.0,1280.0,800.0,10.0,0.0,1
48.0,0.0,0.0,0.0,3.0,1.0,1.0,14.0,2.0,0.14285714285714285,3.201803288194416,0.0,0.0,51.0,19.0,0.0,1.0,0.0,1.0,0.0,0.0,0.0,0.0,241.0,2.0,0.0,1.0,1.0,1.0,1.0,0.0,3.0,1.0,1.0,1.0,1.0,27.0,0.20692702557873444,4.0,1.0,1.0,50.0,7.0,1.0,1280.0,800.0,7.0,0.0,1
56.0,1.0,1.0,0.0,2.0,2.0,0.0,15.0,8.0,0.5333333333333333,3.5733953555565465,0.0,2.0,53.0,23.0,0.0,1.0,0.0,1.0,1.0,0.0,0.0,1.0,60.0,1.0,0.0,1.0,1.0,0.0,0.0,0.0,0.0,3.0,1.0,1.0,1.0,22.0,0.9041580821071198,2.0,2.0,1.0,53.0,5.0,1.0,1280.0,800.0,2.0,0.0,1
47.0,1.0,1.0,0.0,4.0,2.0,1.0,10.0,0.0,0.0,3.233351246581571,0.0,1.0,9.0,25.0,0.0,1.0,0.0,1.0,0.0,1.0,1.0,0.0,306.0,1.0,0.0,11.0,0.0,1.0,0.0,1.0,7.0,2.0,1.0,0.0,1.0,13.0,0.672275316532524,2.0,5.0,11.0,47.0,8.0,1.0,1280.0,800.0,6.0,0.0,1
60.0,1.0,2.0,0.0,3.0,3.0,1.0,19.0,2.0,0.10526315789473684,3.04282413996718,0.0,0.0,45.0,31.0,0.0,1.0,0.0,1.0,1.0,0.0,0.0,1.0,51.0,1.0,0.0,11.0,0.0,1.0,0.0,1.0,0.0,1.0,1.0,1.0,1.0,33.0,0.8242486520400327,3.0,3.0,11.0,79.0,14.0,1.0,1280.0,800.0,4.0,0.0,1
74.0,1.0,2.0,0.0,2.0,3.0,1.0,12.0,2.0,0.16666666666666666,3.6846342882225733,0.0,0.0,46.0,12.0,0.0,0.0,0.0,0.0,1.0,0.0,0.0,1.0,224.0,1.0,0.0,9.0,1.0,1.0,0.0,0.0,3.0,1.0,1.0,1.0,1.0,7.0,0.6192170421627736,2.0,3.0,9.0,73.0,6.0,1.0,1280.0,800.0,5.0,0.0,1
81.0,1.0,0.0,1.0,0.0,1.0,0.0,15.0,3.0,0.6425847785348179,2.8347277241483937,0.0,0.0,6.0,43.0,0.0,0.0,0.0,0.0,0.0,0.0,0.0,0.0,287.0,1.0,0.0,1.0,1.0,1.0,0.0,0.0,3.0,3.0,0.0,0.0,1.0,24.0,0.8761050411406333,7.0,2.0,1.0,59.0,7.0,0.0,1280.0,800.0,2.0,0.0,1
47.0,1.0,2.0,0.0,2.0,3.0,0.0,21.0,0.0,0.0,3.699108755001793,0.0,0.0,33.0,28.0,0.0,1.0,0.0,1.0,1.0,0.0,0.0,1.0,334.0,2.0,1.0,2.0,1.0,1.0,1.0,0.0,2.0,1.0,0.0,1.0,1.0,40.0,0.8688835424056884,4.0,5.0,2.0,1.0,10.0,1.0,1280.0,800.0,5.0,0.0,1
76.0,1.0,3.0,0.0,3.0,4.0,0.0,23.0,0.0,0.0,3.2362722374310056,0.0,0.0,12.0,44.0,0.0,1.0,0.0,1.0,1.0,0.0,0.0,1.0,232.0,1.0,6.0,11.0,0.0,1.0,0.0,0.0,9.0,3.0,0.0,0.0,1.0,43.0,0.7307842419525473,7.0,4.0,11.0,116.0,9.0,1.0,1280.0,800.0,12.0,0.0,1
72.0,1.0,1.0,0.0,2.0,2.0,0.0,21.0,5.0,0.23809523809523808,3.7309094689712046,0.0,1.0,53.0,40.0,0.0,1.0,0.0,1.0,1.0,0.0,0.0,1.0,106.0,1.0,0.0,5.0,1.0,1.0,1.0,0.0,1.0,3.0,1.0,1.0,1.0,24.0,0.6605469703072637,1.0,5.0,5.0,115.0,13.0,1.0,1280.0,800.0,13.0,0.0,1
68.0,1.0,1.0,0.0,4.0,2.0,1.0,22.0,8.0,0.36363636363636365,3.668208673792753,0.0,1.0,31.0,5.0,0.0,1.0,0.0,1.0,0.0,0.0,1.0,0.0,324.0,1.0,6.0,8.0,1.0,1.0,0.0,0.0,3.0,2.0,0.0,1.0,1.0,26.0,0.851699812465734,3.0,5.0,8.0,22.0,6.0,1.0,1280.0,800.0,5.0,0.0,1
92.0,1.0,2.0,0.0,1.0,3.0,0.0,20.0,2.0,0.1,3.6372126124124033,0.0,0.0,53.0,4.0,0.0,1.0,0.0,1.0,1.0,0.0,0.0,1.0,30.0,1.0,0.0,11.0,1.0,0.0,1.0,2.0,4.0,4.0,1.0,0.0,1.0,38.0,0.6827458623442769,3.0,1.0,11.0,103.0,1.0,1.0,1280.0,800.0,12.0,0.0,1
43.0,1.0,1.0,0.0,1.0,2.0,0.0,16.0,2.0,0.125,2.8768909744107587,0.0,0.0,26.0,0.0,0.0,0.0,0.0,0.0,1.0,0.0,0.0,1.0,336.0,1.0,6.0,11.0,1.0,0.0,0.0,0.0,2.0,3.0,1.0,0.0,1.0,27.0,0.9089748644526758,5.0,1.0,11.0,68.0,6.0,1.0,1280.0,800.0,6.0,0.0,1
73.0,0.0,1.0,0.0,1.0,2.0,1.0,14.0,0.0,0.0,3.559303825376409,0.0,0.0,14.0,33.0,0.0,0.0,0.0,0.0,0.0,0.0,0.0,0.0,175.0,1.0,0.0,4.0,1.0,0.0,0.0,0.0,3.0,1.0,1.0,0.0,1.0,20.0,0.27972349654501744,5.0,1.0,4.0,38.0,3.0,1.0,1280.0,800.0,1.0,0.0,1
41.0,1.0,1.0,0.0,3.0,2.0,0.0,10.0,0.0,0.0,3.258367125257849,0.0,1.0,40.0,16.0,0.0,0.0,0.0,0.0,1.0,0.0,0.0,1.0,347.0,1.0,1.0,9.0,1.0,1.0,1.0,0.0,2.0,2.0,1.0,0.0,1.0,27.0,0.9807495196548155,4.0,4.0,9.0,58.0,3.0,1.0,1280.0,800.0,4.0,0.0,1
86.0,0.0,2.0,0.0,4.0,3.0,1.0,14.0,8.0,0.5714285714285714,3.492465635646065,0.0,3.0,13.0,39.0,0.0,0.0,0.0,0.0,0.0,0.0,0.0,0.0,202.0,1.0,1.0,10.0,0.0,1.0,0.0,1.0,1.0,3.0,1.0,1.0,1.0,29.0,0.16681309021151958,2.0,3.0,10.0,51.0,7.0,1.0,1280.0,800.0,0.0,1.0,1
60.0,1.0,1.0,0.0,4.0,2.0,0.0,19.0,0.0,0.0,3.717458533847965,0.0,1.0,48.0,11.0,0.0,1.0,0.0,1.0,1.0,0.0,0.0,1.0,33.0,1.0,1.0,9.0,1.0,1.0,0.0,0.0,3.0,1.0,1.0,1.0,1.0,9.0,0.8827664925270873,5.0,4.0,9.0,33.0,13.0,1.0,1280.0,800.0,11.0,0.0,1
72.0,1.0,2.0,0.0,1.0,3.0,0.0,13.0,0.0,0.0,3.7930205930757928,0.0,0.0,45.0,32.0,0.0,1.0,0.0,1.0,1.0,0.0,0.0,1.0,212.0,1.0,0.0,10.0,0.0,0.0,0.0,0.0,1.0,3.0,0.0,0.0,0.0,38.0,0.6980460676227421,7.0,2.0,10.0,113.0,12.0,1.0,1280.0,800.0,1.0,1.0,1
86.0,1.0,1.0,0.0,4.0,2.0,1.0,20.0,0.0,0.0,3.020599854697286,0.0,1.0,31.0,40.0,0.0,1.0,0.0,1.0,1.0,0.0,0.0,1.0,37.0,1.0,0.0,4.0,1.0,1.0,0.0,0.0,2.0,2.0,0.0,1.0,1.0,11.0,0.9132217289980993,7.0,5.0,4.0,113.0,9.0,1.0,1280.0,800.0,5.0,0.0,1
51.0,1.0,3.0,0.0,2.0,4.0,1.0,21.0,5.0,0.23809523809523808,3.4225014036160344,0.0,0.0,22.0,1.0,0.0,1.0,0.0,1.0,1.0,0.0,0.0,1.0,133.0,1.0,0.0,9.0,1.0,0.0,1.0,2.0,1.0,4.0,0.0,0.0,1.0,31.0,0.7346461369866545,5.0,1.0,9.0,77.0,4.0,1.0,1280.0,800.0,13.0,0.0,1
56.0,1.0,0.0,1.0,0.0,1.0,0.0,15.0,3.0,0.7233017882515325,2.639125958846622,0.0,0.0,42.0,4.0,0.0,1.0,0.0,1.0,1.0,0.0,0.0,1.0,211.0,1.0,6.0,9.0,1.0,1.0,0.0,0.0,3.0,2.0,0.0,0.0,1.0,33.0,0.8973876327325452,6.0,1.0,9.0,94.0,3.0,1.0,1280.0,800.0,2.0,0.0,1
40.0,1.0,2.0,0.0,3.0,3.0,0.0,15.0,2.0,0.13333333333333333,3.6721414328443442,0.0,0.0,40.0,18.0,0.0,0.0,0.0,0.0,1.0,0.0,0.0,1.0,258.0,2.0,0.0,1.0,1.0,1.0,0.0,0.0,6.0,2.0,1.0,1.0,1.0,14.0,0.7214299496983938,6.0,5.0,1.0,39.0,10.0,1.0,1280.0,800.0,2.0,0.0,1
55.0,1.0,1.0,0.0,1.0,2.0,1.0,18.0,5.0,0.2777777777777778,2.8875438840311016,0.0,0.0,10.0,10.0,0.0,1.0,0.0,1.0,1.0,0.0,0.0,1.0,166.0,1.0,1.0,3.0,1.0,1.0,0.0,0.0,1.0,3.0,0.0,0.0,1.0,34.0,0.7673950108236189,2.0,1.0,3.0,40.0,3.0,1.0,1280.0,800.0,5.0,0.0,1
56.0,1.0,2.0,0.0,4.0,3.0,0.0,15.0,0.0,0.0,3.0784120234782315,0.0,2.0,42.0,24.0,0.0,1.0,0.0,1.0,1.0,0.0,0.0,1.0,135.0,1.0,0.0,4.0,1.0,1.0,2.0,2.0,3.0,5.0,0.0,0.0,1.0,37.0,0.817007716366981,6.0,2.0,4.0,57.0,11.0,1.0,1280.0,800.0,5.0,1.0,1
61.0,0.0,2.0,0.0,2.0,3.0,0.0,14.0,2.0,0.14285714285714285,3.7885356481700407,0.0,0.0,59.0,21.0,0.0,0.0,0.0,0.0,0.0,0.0,0.0,0.0,200.0,1.0,0.0,4.0,1.0,1.0,1.0,0.0,0.0,1.0,0.0,0.0,1.0,32.0,0.165679521627321,6.0,3.0,4.0,9.0,6.0,1.0,1280.0,800.0,14.0,0.0,1
74.0,1.0,2.0,0.0,4.0,3.0,0.0,10.0,0.0,0.0,3.6422487736111298,0.0,2.0,32.0,18.0,0.0,1.0,0.0,1.0,0.0,0.0,0.0,0.0,135.0,1.0,0.0,4.0,0.0,0.0,0.0,0.0,2.0,3.0,1.0,1.0,0.0,21.0,0.9011846478197609,7.0,3.0,4.0,91.0,5.0,1.0,1280.0,800.0,6.0,0.0,1
71.0,0.0,0.0,0.0,1.0,1.0,0.0,14.0,0.0,0.0,3.3096645522676886,1.0,1.0,46.0,29.0,0.0,1.0,0.0,1.0,0.0,0.0,0.0,0.0,151.0,2.0,1.0,4.0,1.0,1.0,0.0,0.0,0.0,1.0,1.0,1.0,1.0,31.0,0.2923451073299611,2.0,3.0,4.0,101.0,11.0,1.0,1280.0,800.0,3.0,0.0,1
90.0,0.0,2.0,0.0,4.0,3.0,0.0,18.0,5.0,0.2777777777777778,3.5143231585923758,0.0,0.0,24.0,9.0,1.0,0.0,0.0,0.0,0.0,0.0,0.0,0.0,113.0,2.0,0.0,11.0,1.0,1.0,0.0,0.0,1.0,3.0,0.0,0.0,1.0,21.0,0.14444405483800893,2.0,2.0,11.0,96.0,1.0,1.0,1280.0,800.0,5.0,0.0,1
92.0,1.0,1.0,0.0,3.0,2.0,1.0,25.0,10.0,0.7428679847463648,3.8786483755818644,0.0,0.0,58.0,42.0,0.0,0.0,0.0,0.0,1.0,0.0,0.0,1.0,239.0,1.0,0.0,9.0,1.0,1.0,0.0,0.0,4.0,1.0,0.0,0.0,1.0,8.0,0.8916324571721266,2.0,2.0,9.0,87.0,12.0,1.0,1280.0,800.0,1.0,0.0,1
45.0,1.0,0.0,0.0,1.0,1.0,0.0,18.0,0.0,0.0,3.190982028372215,0.0,1.0,52.0,10.0,0.0,0.0,0.0,0.0,1.0,0.0,0.0,1.0,32.0,1.0,0.0,5.0,1.0,1.0,0.0,0.0,2.0,1.0,0.0,1.0,1.0,15.0,0.9525660382780649,4.0,1.0,5.0,53.0,2.0,1.0,1280.0,800.0,7.0,0.0,1
55.0,0.0,2.0,0.0,4.0,3.0,0.0,24.0,2.0,0.08333333333333333,3.5875217823087726,0.0,0.0,56.0,39.0,0.0,1.0,0.0,1.0,0.0,0.0,0.0,0.0,139.0,1.0,0.0,2.0,1.0,0.0,0.0,1.0,3.0,2.0,1.0,1.0,1.0,14.0,0.24263604740949316,6.0,2.0,2.0,59.0,14.0,0.0,1280.0,800.0,3.0,0.0,1
60.0,1.0,1.0,0.0,4.0,2.0,1.0,25.0,5.0,0.2,3.7993246124365165,0.0,2.0,41.0,41.0,0.0,1.0,0.0,1.0,1.0,0.0,0.0,1.0,215.0,1.0,0.0,3.0,1.0,1.0,0.0,0.0,14.0,1.0,1.0,1.0,1.0,10.0,0.8142215834331925,6.0,3.0,3.0,71.0,1.0,0.0,1280.0,800.0,13.0,0.0,1
90.0,0.0,1.0,0.0,2.0,2.0,1.0,15.0,0.0,0.0,3.3563601312693163,0.0,1.0,47.0,25.0,1.0,0.0,0.0,0.0,0.0,0.0,0.0,0.0,109.0,1.0,0.0,5.0,0.0,0.0,0.0,0.0,15.0,3.0,0.0,1.0,0.0,8.0,0.04057777379426394,5.0,5.0,5.0,64.0,14.0,1.0,1280.0,800.0,0.0,0.0,1
71.0,1.0,2.0,0.0,1.0,3.0,1.0,12.0,0.0,0.0,3.6167800024883934,0.0,1.0,18.0,32.0,0.0,0.0,0.0,0.0,0.0,1.0,1.0,0.0,83.0,2.0,0.0,5.0,0.0,0.0,0.0,0.0,1.0,2.0,1.0,1.0,0.0,27.0,0.9328365316094046,1.0,5.0,5.0,64.0,0.0,1.0,1280.0,800.0,1.0,0.0,1
53.0,1.0,2.0,0.0,2.0,3.0,1.0,10.0,2.0,0.2,2.889006479815199,0.0,1.0,12.0,21.0,0.0,0.0,0.0,0.0,1.0,0.0,0.0,1.0,346.0,1.0,0.0,3.0,0.0,1.0,0.0,1.0,0.0,2.0,0.0,1.0,1.0,6.0,0.9702909658669656,2.0,3.0,3.0,39.0,13.0,1.0,1280.0,800.0,0.0,0.0,1
43.0,1.0,2.0,0.0,4.0,3.0,1.0,12.0,2.0,0.16666666666666666,2.918246352889981,0.0,0.0,31.0,13.0,0.0,0.0,0.0,0.0,1.0,0.0,0.0,1.0,263.0,1.0,0.0,8.0,1.0,1.0,0.0,0.0,10.0,3.0,0.0,0.0,1.0,25.0,0.708523352654303,7.0,3.0,8.0,68.0,3.0,1.0,1280.0,800.0,1.0,0.0,1
62.0,1.0,0.0,1.0,0.0,1.0,0.0,15.0,3.0,0.7361141780816745,2.8788261436626774,0.0,1.0,8.0,28.0,0.0,0.0,0.0,0.0,1.0,0.0,0.0,1.0,189.0,1.0,0.0,5.0,1.0,1.0,1.0,0.0,2.0,2.0,1.0,0.0,1.0,5.0,0.8863130120397918,1.0,1.0,5.0,4.0,5.0,1.0,1280.0,800.0,11.0,0.0,1
38.0,1.0,0.0,0.0,1.0,1.0,0.0,14.0,0.0,0.0,3.313750498525344,1.0,2.0,35.0,38.0,0.0,1.0,0.0,1.0,1.0,0.0,0.0,1.0,166.0,2.0,1.0,3.0,1.0,1.0,0.0,1.0,2.0,1.0,0.0,0.0,1.0,38.0,0.997547589857624,2.0,3.0,3.0,78.0,2.0,1.0,1280.0,800.0,12.0,0.0,1
51.0,1.0,1.0,0.0,2.0,2.0,1.0,15.0,0.0,0.0,3.7959732215305464,0.0,0.0,7.0,44.0,0.0,1.0,0.0,1.0,1.0,0.0,0.0,1.0,82.0,1.0,0.0,11.0,1.0,1.0,1.0,0.0,0.0,2.0,1.0,0.0,1.0,42.0,0.6708647554517685,6.0,3.0,11.0,66.0,0.0,1.0,1280.0,800.0,12.0,0.0,1
84.0,0.0,2.0,0.0,2.0,3.0,0.0,23.0,10.0,0.44655034386533277,3.371131753214237,0.0,1.0,45.0,8.0,1.0,1.0,0.0,1.0,0.0,0.0,0.0,0.0,113.0,2.0,0.0,8.0,1.0,1.0,1.0,0.0,4.0,2.0,0.0,1.0,1.0,11.0,0.09023006128171453,5.0,2.0,8.0,99.0,5.0,1.0,1280.0,800.0,9.0,0.0,1
75.0,1.0,0.0,0.0,2.0,1.0,0.0,15.0,0.0,0.0,3.842181819105981,1.0,0.0,19.0,3.0,0.0,1.0,0.0,1.0,1.0,0.0,0.0,1.0,106.0,1.0,0.0,8.0,1.0,0.0,0.0,0.0,0.0,2.0,0.0,0.0,1.0,34.0,0.9482204774967169,6.0,2.0,8.0,113.0,12.0,1.0,1280.0,800.0,14.0,0.0,1
35.0,1.0,0.0,0.0,3.0,1.0,0.0,25.0,0.0,0.0,3.666429675976252,0.0,2.0,40.0,19.0,0.0,1.0,0.0,1.0,1.0,0.0,0.0,1.0,110.0,1.0,0.0,5.0,1.0,1.0,1.0,0.0,0.0,1.0,1.0,1.0,1.0,16.0,0.7852677591035246,5.0,2.0,5.0,112.0,2.0,1.0,1280.0,800.0,6.0,0.0,1
89.0,1.0,0.0,1.0,0.0,1.0,0.0,15.0,3.0,0.7671886142139945,2.7346372496449045,0.0,0.0,36.0,15.0,1.0,0.0,0.0,0.0,1.0,0.0,0.0,1.0,324.0,1.0,1.0,4.0,1.0,1.0,0.0,0.0,4.0,3.0,0.0,1.0,1.0,39.0,0.9011795625734416,2.0,3.0,4.0,37.0,4.0,1.0,1280.0,800.0,10.0,0.0,1
77.0,1.0,2.0,0.0,1.0,3.0,0.0,24.0,0.0,0.0,3.3426003156787005,0.0,0.0,42.0,20.0,0.0,1.0,0.0,1.0,0.0,0.0,1.0,0.0,38.0,1.0,0.0,5.0,1.0,1.0,0.0,0.0,1.0,3.0,1.0,1.0,1.0,12.0,0.6974969780030352,6.0,3.0,5.0,116.0,6.0,1.0,1280.0,800.0,11.0,0.0,1
50.0,1.0,1.0,0.0,4.0,2.0,0.0,17.0,2.0,0.11764705882352941,2.9120841817503407,0.0,0.0,20.0,40.0,0.0,0.0,0.0,0.0,1.0,0.0,0.0,1.0,261.0,1.0,0.0,1.0,1.0,1.0,1.0,0.0,4.0,2.0,1.0,1.0,1.0,5.0,0.8772341684229157,2.0,3.0,1.0,58.0,14.0,1.0,1280.0,800.0,10.0,0.0,1
72.0,1.0,2.0,0.0,4.0,3.0,0.0,18.0,5.0,0.2777777777777778,3.3703793206098736,0.0,3.0,37.0,2.0,1.0,1.0,0.0,1.0,1.0,0.0,0.0,1.0,249.0,1.0,0.0,2.0,0.0,1.0,0.0,0.0,2.0,3.0,1.0,1.0,1.0,22.0,0.947066366803517,4.0,4.0,2.0,111.0,13.0,1.0,1280.0,800.0,2.0,0.0,1
72.0,0.0,1.0,0.0,1.0,2.0,0.0,23.0,0.0,0.0,3.033387163804809,0.0,0.0,8.0,25.0,0.0,0.0,0.0,0.0,0.0,0.0,0.0,0.0,183.0,1.0,0.0,5.0,1.0,0.0,0.0,0.0,3.0,3.0,0.0,0.0,1.0,24.0,0.13204164088131756,4.0,4.0,5.0,39.0,13.0,1.0,1280.0,800.0,4.0,0.0,1
37.0,1.0,3.0,0.0,2.0,4.0,0.0,19.0,5.0,0.2631578947368421,3.3912562987142305,0.0,1.0,56.0,36.0,1.0,1.0,0.0,1.0,1.0,0.0,0.0,1.0,271.0,1.0,0.0,5.0,1.0,1.0,0.0,0.0,1.0,4.0,0.0,0.0,1.0,40.0,0.8591033148008401,1.0,2.0,5.0,98.0,9.0,1.0,1280.0,800.0,12.0,1.0,1
71.0,1.0,1.0,0.0,3.0,2.0,1.0,21.0,2.0,0.09523809523809523,3.050237208945336,0.0,0.0,24.0,19.0,0.0,1.0,0.0,1.0,1.0,0.0,0.0,1.0,204.0,1.0,0.0,9.0,1.0,0.0,1.0,0.0,10.0,3.0,0.0,1.0,1.0,17.0,0.9551340895565026,4.0,2.0,9.0,26.0,4.0,1.0,1280.0,800.0,6.0,0.0,1
85.0,0.0,3.0,0.0,2.0,4.0,1.0,22.0,5.0,0.22727272727272727,3.3319813313198994,0.0,1.0,33.0,28.0,0.0,1.0,0.0,1.0,0.0,0.0,0.0,0.0,187.0,2.0,0.0,1.0,1.0,1.0,0.0,1.0,1.0,3.0,1.0,0.0,1.0,20.0,0.03959471878122573,4.0,5.0,1.0,24.0,8.0,1.0,1280.0,800.0,13.0,0.0,1
66.0,1.0,2.0,0.0,2.0,3.0,0.0,11.0,5.0,0.45454545454545453,3.304555554602435,0.0,0.0,42.0,5.0,0.0,0.0,0.0,0.0,1.0,0.0,0.0,1.0,99.0,1.0,0.0,8.0,0.0,0.0,0.0,0.0,4.0,1.0,1.0,0.0,0.0,15.0,0.7364808129940122,7.0,1.0,8.0,19.0,13.0,1.0,1280.0,800.0,6.0,0.0,1
42.0,1.0,1.0,0.0,2.0,2.0,1.0,21.0,10.0,0.47619047619047616,3.0502795131831593,0.0,1.0,55.0,16.0,0.0,1.0,0.0,1.0,1.0,0.0,0.0,1.0,333.0,1.0,0.0,10.0,1.0,1.0,0.0,0.0,2.0,3.0,0.0,1.0,1.0,40.0,0.7295572624135107,5.0,2.0,10.0,67.0,4.0,1.0,1280.0,800.0,9.0,0.0,1
64.0,1.0,0.0,0.0,4.0,1.0,0.0,10.0,2.0,0.2,3.8988818197949393,0.0,1.0,44.0,1.0,0.0,0.0,0.0,0.0,1.0,0.0,0.0,1.0,331.0,1.0,6.0,5.0,1.0,1.0,1.0,1.0,0.0,1.0,0.0,1.0,1.0,31.0,0.9555460258132791,7.0,3.0,5.0,26.0,0.0,1.0,1280.0,800.0,11.0,1.0,1
54.0,1.0,0.0,1.0,0.0,1.0,0.0,15.0,3.0,0.7539510089044884,2.541354261552656,0.0,0.0,14.0,41.0,0.0,0.0,0.0,0.0,1.0,0.0,0.0,1.0,162.0,1.0,0.0,1.0,1.0,1.0,0.0,0.0,3.0,2.0,0.0,1.0,1.0,21.0,0.6198709658781903,2.0,1.0,1.0,59.0,0.0,1.0,1280.0,800.0,9.0,0.0,1
46.0,1.0,0.0,0.0,1.0,1.0,1.0,15.0,5.0,0.3333333333333333,3.6829678910467445,0.0,0.0,21.0,31.0,0.0,1.0,0.0,1.0,1.0,0.0,0.0,1.0,44.0,1.0,1.0,11.0,1.0,1.0,0.0,1.0,7.0,1.0,0.0,0.0,1.0,12.0,0.6245836161205505,6.0,4.0,11.0,9.0,10.0,1.0,1280.0,800.0,0.0,0.0,1
50.0,1.0,2.0,0.0,0.0,3.0,1.0,26.0,8.0,0.3076923076923077,3.6576550327410233,0.0,1.0,36.0,34.0,0.0,1.0,0.0,1.0,1.0,0.0,0.0,1.0,225.0,1.0,1.0,1.0,1.0,0.0,1.0,0.0,2.0,2.0,1.0,1.0,1.0,36.0,0.7518073199678269,7.0,1.0,1.0,81.0,14.0,1.0,1280.0,800.0,3.0,0.0,1
70.0,1.0,2.0,0.0,2.0,3.0,1.0,24.0,8.0,0.3333333333333333,2.850499392621828,0.0,1.0,5.0,22.0,0.0,1.0,0.0,1.0,1.0,0.0,0.0,1.0,154.0,1.0,0.0,2.0,1.0,1.0,2.0,2.0,2.0,2.0,0.0,0.0,1.0,16.0,0.7017659488666469,7.0,5.0,2.0,87.0,1.0,1.0,1280.0,800.0,4.0,0.0,1
71.0,1.0,2.0,0.0,3.0,3.0,0.0,25.0,5.0,0.2,3.691221200249304,0.0,0.0,44.0,22.0,0.0,0.0,0.0,0.0,1.0,0.0,0.0,1.0,184.0,1.0,6.0,10.0,0.0,1.0,0.0,1.0,1.0,3.0,1.0,1.0,1.0,10.0,0.6093948693822205,4.0,3.0,10.0,78.0,13.0,1.0,1280.0,800.0,0.0,0.0,1
47.0,1.0,0.0,0.0,4.0,1.0,1.0,11.0,5.0,0.45454545454545453,3.6100228936089485,0.0,1.0,36.0,10.0,0.0,1.0,0.0,1.0,1.0,0.0,0.0,1.0,287.0,1.0,0.0,5.0,0.0,0.0,0.0,0.0,4.0,3.0,0.0,0.0,0.0,21.0,0.8238155695278122,1.0,2.0,5.0,78.0,10.0,1.0,1280.0,800.0,9.0,0.0,1
80.0,1.0,1.0,0.0,3.0,2.0,1.0,13.0,2.0,0.15384615384615385,3.0383988398412956,0.0,1.0,15.0,18.0,1.0,1.0,0.0,1.0,1.0,0.0,0.0,1.0,101.0,1.0,6.0,2.0,1.0,1.0,0.0,1.0,3.0,4.0,0.0,0.0,1.0,43.0,0.7428471316674454,1.0,5.0,2.0,25.0,13.0,1.0,1280.0,800.0,7.0,0.0,1
36.0,1.0,0.0,0.0,1.0,1.0,1.0,25.0,11.0,0.5140834668445128,4.054993985632627,0.0,2.0,22.0,4.0,0.0,0.0,0.0,0.0,0.0,0.0,0.0,0.0,72.0,1.0,0.0,10.0,1.0,1.0,0.0,0.0,1.0,3.0,1.0,0.0,1.0,31.0,0.9782722809260539,1.0,1.0,10.0,94.0,7.0,1.0,1280.0,800.0,13.0,0.0,1
72.0,1.0,0.0,1.0,0.0,1.0,0.0,15.0,3.0,0.7405034808904593,3.0762679752603854,0.0,0.0,12.0,40.0,0.0,1.0,0.0,1.0,1.0,0.0,0.0,1.0,261.0,1.0,0.0,4.0,1.0,1.0,0.0,0.0,1.0,1.0,1.0,1.0,1.0,36.0,0.6738632048449724,6.0,2.0,4.0,12.0,7.0,1.0,1280.0,800.0,2.0,0.0,1
83.0,0.0,1.0,0.0,3.0,2.0,1.0,25.0,0.0,0.0,3.824561091254529,0.0,2.0,45.0,28.0,1.0,1.0,0.0,1.0,0.0,0.0,0.0,0.0,295.0,1.0,0.0,2.0,1.0,1.0,2.0,1.0,3.0,5.0,0.0,0.0,1.0,20.0,0.20619043163678819,1.0,5.0,2.0,111.0,11.0,1.0,1280.0,800.0,1.0,0.0,1
37.0,1.0,2.0,0.0,4.0,3.0,1.0,22.0,5.0,0.22727272727272727,2.8566358479591227,0.0,0.0,40.0,13.0,0.0,0.0,0.0,0.0,1.0,0.0,0.0,1.0,87.0,1.0,1.0,2.0,0.0,1.0,2.0,1.0,4.0,3.0,0.0,1.0,1.0,16.0,0.8860408293967499,3.0,3.0,2.0,53.0,13.0,1.0,1280.0,800.0,5.0,0.0,1
68.0,1.0,2.0,0.0,2.0,3.0,0.0,27.0,12.0,0.4444444444444444,3.03507544538498,0.0,0.0,58.0,14.0,0.0,1.0,0.0,1.0,1.0,0.0,0.0,1.0,157.0,1.0,0.0,3.0,1.0,1.0,0.0,1.0,2.0,1.0,0.0,0.0,1.0,37.0,0.8703252651639094,2.0,5.0,3.0,92.0,14.0,1.0,1280.0,800.0,7.0,0.0,1
91.0,0.0,0.0,0.0,1.0,1.0,0.0,15.0,0.0,0.0,3.107975400414255,1.0,0.0,40.0,4.0,0.0,1.0,0.0,1.0,0.0,0.0,0.0,0.0,147.0,1.0,0.0,11.0,0.0,1.0,1.0,0.0,2.0,2.0,0.0,0.0,1.0,30.0,0.04487836387141817,2.0,5.0,11.0,28.0,1.0,1.0,1280.0,800.0,3.0,0.0,1
57.0,1.0,1.0,0.0,1.0,2.0,0.0,22.0,2.0,0.09090909090909091,3.6014823674839196,0.0,1.0,40.0,0.0,1.0,0.0,0.0,0.0,1.0,0.0,0.0,1.0,55.0,1.0,0.0,4.0,1.0,0.0,1.0,0.0,2.0,4.0,1.0,0.0,1.0,43.0,0.9860029562032118,4.0,1.0,4.0,71.0,4.0,0.0,1280.0,800.0,4.0,0.0,1
36.0,0.0,1.0,0.0,2.0,2.0,1.0,18.0,0.0,0.0,3.877880649406321,0.0,0.0,8.0,35.0,0.0,1.0,0.0,1.0,0.0,0.0,0.0,0.0,313.0,2.0,0.0,6.0,1.0,1.0,0.0,0.0,7.0,2.0,1.0,0.0,1.0,20.0,0.2006737931811793,1.0,5.0,6.0,10.0,12.0,0.0,1280.0,800.0,4.0,0.0,1
85.0,1.0,0.0,1.0,0.0,1.0,0.0,15.0,3.0,0.6363543071639562,2.890605090039104,0.0,0.0,45.0,6.0,0.0,1.0,0.0,1.0,0.0,0.0,0.0,0.0,83.0,1.0,1.0,3.0,0.0,0.0,1.0,0.0,0.0,2.0,1.0,0.0,1.0,41.0,0.6572821515903878,6.0,2.0,3.0,75.0,3.0,1.0,1280.0,800.0,11.0,0.0,1
50.0,1.0,1.0,0.0,2.0,2.0,0.0,17.0,0.0,0.0,3.646427052041183,1.0,3.0,40.0,41.0,0.0,1.0,0.0,1.0,1.0,0.0,0.0,1.0,214.0,1.0,0.0,5.0,1.0,0.0,1.0,0.0,1.0,3.0,1.0,1.0,1.0,6.0,0.6382613179839084,5.0,2.0,5.0,26.0,13.0,1.0,1280.0,800.0,4.0,0.0,1
74.0,1.0,2.0,0.0,3.0,3.0,1.0,10.0,5.0,0.5,3.413330228037479,0.0,0.0,29.0,27.0,0.0,1.0,0.0,1.0,0.0,1.0,1.0,0.0,59.0,1.0,1.0,8.0,0.0,0.0,0.0,0.0,4.0,2.0,1.0,1.0,0.0,8.0,0.8944062819436249,3.0,5.0,8.0,107.0,3.0,1.0,1280.0,800.0,3.0,0.0,1
56.0,1.0,0.0,0.0,3.0,1.0,0.0,20.0,12.0,0.5862133984167616,3.7683447694828764,0.0,0.0,23.0,6.0,0.0,0.0,0.0,0.0,1.0,0.0,0.0,1.0,249.0,1.0,6.0,1.0,1.0,0.0,0.0,0.0,2.0,3.0,0.0,0.0,1.0,8.0,0.9396487915199006,6.0,1.0,1.0,50.0,2.0,1.0,1280.0,800.0,14.0,0.0,1
61.0,1.0,0.0,1.0,0.0,1.0,0.0,15.0,3.0,0.6813144247924187,3.0797985879910623,0.0,2.0,44.0,26.0,0.0,0.0,0.0,0.0,1.0,0.0,0.0,1.0,87.0,1.0,0.0,5.0,1.0,1.0,1.0,0.0,3.0,3.0,0.0,1.0,1.0,38.0,0.9319623120229782,3.0,5.0,5.0,64.0,2.0,1.0,1280.0,800.0,3.0,0.0,1
74.0,1.0,1.0,0.0,1.0,2.0,0.0,14.0,0.0,0.0,3.715881782933206,1.0,2.0,16.0,13.0,0.0,1.0,0.0,1.0,1.0,0.0,0.0,1.0,217.0,1.0,0.0,8.0,1.0,1.0,0.0,0.0,0.0,3.0,0.0,0.0,1.0,9.0,0.7524665558534732,3.0,3.0,8.0,53.0,9.0,1.0,1280.0,800.0,0.0,0.0,1
67.0,0.0,3.0,0.0,0.0,4.0,0.0,18.0,10.0,0.5555555555555556,2.9813803844842006,0.0,0.0,55.0,14.0,0.0,1.0,0.0,1.0,0.0,0.0,0.0,0.0,323.0,1.0,6.0,4.0,1.0,1.0,0.0,1.0,4.0,2.0,0.0,1.0,1.0,26.0,0.2681073038222523,1.0,1.0,4.0,64.0,0.0,1.0,1280.0,800.0,1.0,0.0,1
55.0,0.0,1.0,0.0,3.0,2.0,1.0,22.0,5.0,0.22727272727272727,3.8204062559127525,0.0,0.0,22.0,37.0,0.0,0.0,0.0,0.0,0.0,0.0,0.0,0.0,21.0,1.0,0.0,5.0,0.0,1.0,0.0,0.0,13.0,2.0,0.0,0.0,1.0,44.0,0.08960768940643866,1.0,1.0,5.0,54.0,14.0,1.0,1280.0,800.0,7.0,0.0,1
55.0,1.0,2.0,0.0,2.0,3.0,1.0,10.0,5.0,0.5,3.7328698026757827,0.0,0.0,5.0,26.0,0.0,1.0,0.0,1.0,1.0,0.0,0.0,1.0,128.0,1.0,0.0,11.0,0.0,1.0,0.0,0.0,2.0,2.0,1.0,1.0,1.0,33.0,0.979501982687246,3.0,5.0,11.0,58.0,1.0,1.0,1280.0,800.0,2.0,0.0,1
65.0,1.0,1.0,0.0,2.0,2.0,0.0,11.0,5.0,0.45454545454545453,3.711973776777782,0.0,0.0,13.0,41.0,0.0,0.0,0.0,0.0,1.0,0.0,0.0,1.0,280.0,1.0,1.0,10.0,1.0,1.0,0.0,0.0,6.0,1.0,1.0,0.0,1.0,44.0,0.6801743975322,6.0,1.0,10.0,38.0,9.0,1.0,1280.0,800.0,5.0,0.0,1
70.0,1.0,0.0,1.0,0.0,1.0,0.0,15.0,3.0,0.7677935928512004,2.8286401839885538,0.0,0.0,35.0,2.0,1.0,1.0,0.0,1.0,1.0,0.0,0.0,1.0,132.0,1.0,0.0,2.0,0.0,0.0,0.0,0.0,3.0,3.0,0.0,1.0,0.0,26.0,0.7890438434690392,5.0,5.0,2.0,77.0,3.0,1.0,1280.0,800.0,9.0,0.0,1
86.0,0.0,0.0,1.0,0.0,1.0,0.0,15.0,3.0,0.7333464917090736,2.92091483877987,0.0,0.0,40.0,11.0,0.0,0.0,0.0,0.0,0.0,0.0,0.0,0.0,190.0,1.0,0.0,2.0,0.0,1.0,1.0,0.0,4.0,2.0,0.0,0.0,1.0,42.0,0.2714720951684021,7.0,2.0,2.0,95.0,3.0,1.0,1280.0,800.0,9.0,0.0,1
79.0,1.0,2.0,0.0,1.0,3.0,0.0,14.0,12.0,0.743156422099572,3.6665191694445785,0.0,3.0,18.0,33.0,0.0,1.0,0.0,1.0,1.0,0.0,0.0,1.0,348.0,1.0,0.0,9.0,1.0,0.0,1.0,0.0,3.0,3.0,1.0,1.0,1.0,41.0,0.8198258602059927,4.0,5.0,9.0,75.0,10.0,1.0,1280.0,800.0,4.0,0.0,1
35.0,0.0,2.0,0.0,1.0,3.0,0.0,13.0,0.0,0.0,3.023021668147039,0.0,0.0,50.0,16.0,0.0,1.0,0.0,1.0,0.0,0.0,0.0,0.0,38.0,1.0,0.0,7.0,1.0,1.0,0.0,0.0,1.0,1.0,1.0,0.0,1.0,38.0,0.06987909267280469,5.0,2.0,7.0,10.0,9.0,1.0,1280.0,800.0,11.0,0.0,1
51.0,1.0,3.0,0.0,3.0,4.0,1.0,16.0,8.0,0.5,2.857581385011803,0.0,0.0,37.0,19.0,0.0,1.0,0.0,1.0,1.0,0.0,0.0,1.0,207.0,1.0,1.0,11.0,1.0,1.0,0.0,1.0,7.0,2.0,1.0,0.0,1.0,15.0,0.7186379554373591,3.0,2.0,11.0,78.0,4.0,1.0,1280.0,800.0,9.0,0.0,1
47.0,1.0,3.0,0.0,2.0,4.0,1.0,24.0,2.0,0.08333333333333333,3.4331824583966086,0.0,0.0,23.0,29.0,0.0,1.0,0.0,1.0,1.0,0.0,0.0,1.0,228.0,1.0,0.0,4.0,1.0,0.0,0.0,0.0,1.0,1.0,1.0,1.0,1.0,13.0,0.8257193561166767,1.0,3.0,4.0,95.0,14.0,1.0,1280.0,800.0,12.0,0.0,1
86.0,0.0,1.0,0.0,2.0,2.0,1.0,22.0,5.0,0.22727272727272727,3.0100935202744323,0.0,0.0,22.0,13.0,0.0,1.0,0.0,1.0,0.0,0.0,0.0,0.0,182.0,1.0,0.0,5.0,1.0,1.0,0.0,0.0,3.0,3.0,1.0,0.0,1.0,27.0,0.15335625160007385,4.0,5.0,5.0,90.0,14.0,1.0,1280.0,800.0,13.0,0.0,1
56.0,1.0,0.0,0.0,1.0,1.0,1.0,20.0,9.0,0.532839692318225,3.954464354813739,0.0,2.0,19.0,14.0,0.0,1.0,0.0,1.0,1.0,0.0,0.0,1.0,320.0,1.0,1.0,2.0,0.0,0.0,0.0,0.0,1.0,1.0,1.0,1.0,0.0,36.0,0.8244544125261919,6.0,3.0,2.0,111.0,9.0,1.0,1280.0,800.0,7.0,0.0,1
63.0,1.0,2.0,0.0,1.0,3.0,0.0,16.0,8.0,0.5,3.6779253598225803,0.0,1.0,28.0,19.0,0.0,0.0,0.0,0.0,1.0,0.0,0.0,1.0,272.0,1.0,0.0,6.0,1.0,1.0,0.0,0.0,2.0,4.0,1.0,0.0,1.0,20.0,0.8607992601950667,7.0,3.0,6.0,91.0,12.0,1.0,1280.0,800.0,9.0,0.0,1
82.0,1.0,0.0,0.0,2.0,1.0,0.0,24.0,8.0,0.5446402114449698,4.064140696572307,0.0,1.0,45.0,0.0,0.0,0.0,0.0,0.0,1.0,0.0,0.0,1.0,119.0,1.0,1.0,5.0,1.0,0.0,0.0,0.0,2.0,2.0,0.0,1.0,1.0,15.0,0.9372954453009885,2.0,1.0,5.0,92.0,5.0,0.0,1280.0,800.0,5.0,1.0,1
43.0,0.0,1.0,0.0,1.0,2.0,1.0,21.0,2.0,0.09523809523809523,3.8571957384876416,0.0,1.0,48.0,32.0,0.0,0.0,0.0,0.0,0.0,0.0,0.0,0.0,144.0,1.0,1.0,8.0,0.0,1.0,0.0,0.0,1.0,1.0,1.0,0.0,1.0,30.0,0.2193709470239749,3.0,5.0,8.0,80.0,11.0,1.0,1280.0,800.0,8.0,0.0,1
50.0,1.0,1.0,0.0,4.0,2.0,1.0,20.0,5.0,0.25,3.072314611420168,0.0,0.0,54.0,12.0,0.0,0.0,0.0,0.0,1.0,0.0,0.0,1.0,250.0,1.0,0.0,9.0,0.0,0.0,0.0,0.0,4.0,3.0,0.0,1.0,0.0,37.0,0.9744571173977647,1.0,3.0,9.0,42.0,6.0,1.0,1280.0,800.0,9.0,1.0,1
84.0,1.0,2.0,0.0,1.0,3.0,0.0,13.0,2.0,0.15384615384615385,3.8919753289242274,0.0,1.0,11.0,33.0,0.0,1.0,0.0,1.0,1.0,0.0,0.0,1.0,54.0,1.0,0.0,2.0,1.0,1.0,0.0,1.0,1.0,3.0,0.0,1.0,1.0,16.0,0.8719410808848909,5.0,5.0,2.0,39.0,9.0,1.0,1280.0,800.0,9.0,0.0,1
66.0,1.0,2.0,0.0,1.0,3.0,1.0,10.0,2.0,0.2,3.8487682459108328,0.0,0.0,48.0,17.0,0.0,1.0,0.0,1.0,1.0,0.0,0.0,1.0,166.0,1.0,1.0,6.0,1.0,1.0,2.0,2.0,2.0,3.0,0.0,0.0,1.0,5.0,0.9345235730055321,6.0,4.0,6.0,19.0,8.0,0.0,1280.0,800.0,5.0,0.0,1
45.0,1.0,1.0,0.0,3.0,2.0,1.0,17.0,0.0,0.0,3.6810113235900213,0.0,0.0,40.0,8.0,0.0,1.0,0.0,1.0,0.0,0.0,0.0,0.0,75.0,2.0,0.0,3.0,1.0,1.0,0.0,0.0,0.0,2.0,1.0,1.0,1.0,6.0,0.7434581951768489,3.0,3.0,3.0,33.0,12.0,1.0,1280.0,800.0,10.0,1.0,1
40.0,1.0,0.0,0.0,1.0,1.0,1.0,14.0,10.0,0.5179249524897117,3.541931478561602,0.0,2.0,59.0,9.0,0.0,0.0,0.0,0.0,1.0,0.0,0.0,1.0,45.0,1.0,0.0,5.0,1.0,0.0,0.0,0.0,1.0,1.0,1.0,0.0,1.0,31.0,0.6697677047272751,7.0,2.0,5.0,20.0,12.0,1.0,1280.0,800.0,9.0,0.0,1
91.0,1.0,0.0,1.0,0.0,1.0,0.0,15.0,3.0,0.7184088551068127,2.6118757263478822,0.0,0.0,56.0,40.0,0.0,0.0,0.0,0.0,1.0,0.0,0.0,1.0,72.0,1.0,0.0,2.0,1.0,0.0,0.0,0.0,1.0,3.0,1.0,1.0,1.0,18.0,0.629410311577261,3.0,5.0,2.0,84.0,4.0,1.0,1280.0,800.0,9.0,0.0,1
39.0,1.0,2.0,0.0,3.0,3.0,0.0,10.0,2.0,0.2,3.1750137966531824,0.0,0.0,15.0,8.0,0.0,1.0,0.0,1.0,1.0,0.0,0.0,1.0,305.0,2.0,1.0,1.0,1.0,1.0,0.0,0.0,4.0,4.0,1.0,0.0,1.0,18.0,0.8276032880324821,7.0,5.0,1.0,109.0,11.0,1.0,1280.0,800.0,3.0,0.0,1
93.0,1.0,1.0,0.0,2.0,2.0,1.0,15.0,2.0,0.13333333333333333,3.2632815629766085,0.0,0.0,6.0,26.0,0.0,1.0,0.0,1.0,1.0,0.0,0.0,1.0,145.0,1.0,6.0,11.0,1.0,1.0,0.0,0.0,3.0,4.0,0.0,0.0,1.0,30.0,0.9452663330049464,6.0,1.0,11.0,43.0,14.0,1.0,1280.0,800.0,12.0,0.0,1
57.0,0.0,0.0,1.0,0.0,1.0,0.0,15.0,3.0,0.604552323433815,2.9526905084447765,0.0,1.0,21.0,37.0,0.0,0.0,0.0,0.0,0.0,0.0,0.0,0.0,18.0,1.0,0.0,11.0,1.0,1.0,0.0,0.0,2.0,3.0,0.0,0.0,1.0,10.0,0.24540531573243443,5.0,5.0,11.0,41.0,8.0,1.0,1280.0,800.0,2.0,1.0,1
50.0,1.0,1.0,0.0,1.0,2.0,1.0,13.0,2.0,0.15384615384615385,3.6907675468260814,0.0,0.0,51.0,3.0,1.0,1.0,0.0,1.0,1.0,0.0,0.0,1.0,163.0,1.0,1.0,11.0,1.0,1.0,0.0,1.0,4.0,3.0,0.0,0.0,1.0,21.0,0.9253955505083712,6.0,1.0,11.0,112.0,2.0,0.0,1280.0,800.0,12.0,0.0,1
36.0,1.0,1.0,0.0,3.0,2.0,1.0,12.0,5.0,0.4166666666666667,3.1395487141484595,0.0,0.0,28.0,41.0,0.0,1.0,0.0,1.0,0.0,0.0,0.0,0.0,15.0,2.0,1.0,6.0,1.0,0.0,1.0,0.0,1.0,4.0,0.0,0.0,1.0,40.0,0.9658311917728525,7.0,2.0,6.0,29.0,5.0,1.0,1280.0,800.0,0.0,0.0,1
91.0,0.0,3.0,0.0,3.0,4.0,1.0,16.0,0.0,0.0,2.9945722233162795,0.0,0.0,9.0,1.0,0.0,0.0,0.0,0.0,0.0,0.0,0.0,0.0,101.0,1.0,0.0,4.0,1.0,1.0,2.0,1.0,0.0,4.0,0.0,0.0,1.0,34.0,0.014545049348232796,6.0,3.0,4.0,51.0,14.0,1.0,1280.0,800.0,12.0,0.0,1
43.0,1.0,1.0,0.0,2.0,2.0,1.0,14.0,2.0,0.14285714285714285,3.2632557048809065,0.0,1.0,38.0,11.0,0.0,0.0,0.0,0.0,1.0,0.0,0.0,1.0,285.0,1.0,0.0,7.0,1.0,0.0,1.0,2.0,1.0,3.0,1.0,1.0,1.0,32.0,0.9354518535164531,6.0,1.0,7.0,35.0,4.0,1.0,1280.0,800.0,5.0,0.0,1
77.0,1.0,1.0,0.0,3.0,2.0,0.0,20.0,0.0,0.0,3.528234319937731,0.0,0.0,20.0,43.0,1.0,0.0,0.0,0.0,1.0,0.0,0.0,1.0,199.0,1.0,0.0,9.0,1.0,1.0,0.0,0.0,3.0,1.0,1.0,0.0,1.0,8.0,0.8921404308588738,7.0,2.0,9.0,75.0,1.0,1.0,1280.0,800.0,12.0,0.0,1
37.0,1.0,1.0,0.0,3.0,2.0,1.0,11.0,0.0,0.0,3.2723399253701695,0.0,2.0,34.0,24.0,1.0,0.0,0.0,0.0,1.0,0.0,0.0,1.0,339.0,1.0,0.0,1.0,1.0,1.0,0.0,0.0,1.0,3.0,1.0,1.0,1.0,20.0,0.9267618874607032,5.0,1.0,1.0,23.0,1.0,1.0,1280.0,800.0,13.0,1.0,1
38.0,1.0,2.0,0.0,4.0,3.0,1.0,11.0,2.0,0.18181818181818182,3.0498205507805216,0.0,3.0,15.0,38.0,0.0,0.0,0.0,0.0,0.0,1.0,0.0,0.0,72.0,1.0,0.0,11.0,1.0,1.0,0.0,0.0,2.0,2.0,1.0,1.0,1.0,17.0,0.9272833042537691,6.0,1.0,11.0,26.0,8.0,1.0,1280.0,800.0,12.0,0.0,1
93.0,0.0,1.0,0.0,3.0,2.0,1.0,20.0,0.0,0.0,3.4155725660773433,0.0,0.0,12.0,5.0,0.0,0.0,0.0,0.0,0.0,0.0,0.0,0.0,133.0,1.0,6.0,8.0,1.0,0.0,2.0,2.0,3.0,4.0,1.0,0.0,1.0,40.0,0.2028297993104652,7.0,4.0,8.0,102.0,3.0,1.0,1280.0,800.0,7.0,0.0,1
64.0,0.0,1.0,0.0,2.0,2.0,1.0,25.0,12.0,0.48,3.439827991520721,0.0,0.0,17.0,30.0,0.0,1.0,0.0,1.0,0.0,0.0,0.0,0.0,49.0,1.0,0.0,10.0,1.0,1.0,0.0,0.0,4.0,1.0,1.0,0.0,1.0,38.0,0.029548930092736625,5.0,2.0,10.0,89.0,4.0,1.0,1280.0,800.0,3.0,0.0,1
94.0,1.0,1.0,0.0,4.0,2.0,1.0,20.0,2.0,0.1,3.5285277177930148,0.0,0.0,46.0,31.0,0.0,0.0,0.0,0.0,1.0,0.0,0.0,1.0,275.0,1.0,0.0,7.0,1.0,0.0,1.0,1.0,4.0,5.0,0.0,0.0,1.0,23.0,0.7243294122370597,4.0,3.0,7.0,15.0,14.0,0.0,1280.0,800.0,12.0,0.0,1
79.0,1.0,0.0,1.0,0.0,1.0,0.0,15.0,3.0,0.6774676015432008,2.835568779528422,0.0,0.0,53.0,23.0,0.0,1.0,0.0,1.0,1.0,0.0,0.0,1.0,22.0,1.0,0.0,2.0,1.0,1.0,0.0,0.0,1.0,1.0,0.0,1.0,1.0,7.0,0.6807319269980376,7.0,5.0,2.0,53.0,13.0,1.0,1280.0,800.0,13.0,0.0,1
38.0,1.0,1.0,0.0,4.0,2.0,1.0,18.0,8.0,0.4444444444444444,3.1532464819479884,0.0,1.0,9.0,1.0,0.0,1.0,0.0,1.0,1.0,0.0,0.0,1.0,80.0,1.0,6.0,11.0,1.0,1.0,0.0,0.0,1.0,4.0,0.0,0.0,1.0,14.0,0.6728286899140727,1.0,3.0,11.0,73.0,12.0,1.0,1280.0,800.0,3.0,0.0,1
39.0,1.0,2.0,0.0,1.0,3.0,1.0,23.0,5.0,0.21739130434782608,3.028279516127144,0.0,1.0,14.0,8.0,0.0,1.0,0.0,1.0,1.0,0.0,0.0,1.0,311.0,1.0,0.0,4.0,0.0,0.0,1.0,1.0,4.0,4.0,0.0,0.0,1.0,7.0,0.667083523522097,6.0,2.0,4.0,111.0,12.0,1.0,1280.0,800.0,4.0,0.0,1
90.0,0.0,2.0,0.0,2.0,3.0,0.0,17.0,8.0,0.47058823529411764,3.1201816937801254,0.0,1.0,24.0,0.0,1.0,0.0,0.0,0.0,0.0,0.0,0.0,0.0,192.0,1.0,0.0,10.0,1.0,1.0,0.0,0.0,0.0,2.0,0.0,1.0,1.0,12.0,0.1547636229432235,5.0,1.0,10.0,70.0,13.0,1.0,1280.0,800.0,2.0,0.0,1
52.0,1.0,0.0,0.0,2.0,1.0,0.0,13.0,0.0,0.0,3.564684956788277,0.0,0.0,52.0,5.0,1.0,0.0,0.0,0.0,1.0,0.0,0.0,1.0,176.0,1.0,0.0,5.0,1.0,1.0,0.0,0.0,11.0,1.0,1.0,0.0,1.0,34.0,0.7228801321339867,7.0,5.0,5.0,88.0,14.0,1.0,1280.0,800.0,9.0,0.0,1
57.0,0.0,1.0,0.0,3.0,2.0,1.0,15.0,2.0,0.13333333333333333,3.887514121767504,0.0,0.0,7.0,29.0,0.0,1.0,0.0,1.0,0.0,0.0,0.0,0.0,213.0,1.0,0.0,1.0,0.0,1.0,0.0,0.0,14.0,2.0,0.0,0.0,1.0,36.0,0.14595974296962355,3.0,1.0,1.0,5.0,3.0,1.0,1280.0,800.0,1.0,0.0,1
87.0,1.0,0.0,0.0,3.0,1.0,1.0,22.0,5.0,0.22727272727272727,3.497670277392107,0.0,0.0,34.0,17.0,1.0,1.0,0.0,1.0,1.0,0.0,0.0,1.0,162.0,2.0,0.0,4.0,1.0,1.0,0.0,0.0,2.0,1.0,1.0,0.0,1.0,18.0,0.8860441172081823,6.0,4.0,4.0,18.0,9.0,1.0,1280.0,800.0,13.0,0.0,1
72.0,1.0,2.0,0.0,2.0,3.0,1.0,14.0,5.0,0.35714285714285715,3.6980252328547847,0.0,0.0,37.0,36.0,0.0,1.0,0.0,1.0,1.0,0.0,0.0,1.0,133.0,1.0,0.0,2.0,0.0,1.0,0.0,0.0,11.0,3.0,1.0,0.0,1.0,20.0,0.8939105240868589,4.0,2.0,2.0,8.0,11.0,1.0,1280.0,800.0,12.0,0.0,1
56.0,1.0,0.0,1.0,0.0,1.0,0.0,15.0,3.0,0.7578643498388085,2.920436927801485,0.0,0.0,12.0,20.0,1.0,0.0,0.0,0.0,1.0,0.0,0.0,1.0,84.0,1.0,0.0,8.0,1.0,1.0,1.0,1.0,2.0,3.0,0.0,0.0,1.0,26.0,0.7449097759677964,6.0,1.0,8.0,37.0,3.0,1.0,1280.0,800.0,8.0,0.0,1
58.0,1.0,1.0,0.0,0.0,2.0,1.0,19.0,10.0,0.5263157894736842,3.0137964567393167,0.0,0.0,54.0,8.0,0.0,1.0,0.0,1.0,1.0,0.0,0.0,1.0,23.0,1.0,0.0,5.0,1.0,0.0,0.0,0.0,1.0,2.0,1.0,0.0,1.0,27.0,0.7415256387136389,4.0,5.0,5.0,13.0,6.0,1.0,1280.0,800.0,2.0,0.0,1
47.0,1.0,0.0,1.0,0.0,1.0,0.0,15.0,3.0,0.63872794753998,2.7862113230462473,0.0,2.0,6.0,31.0,0.0,1.0,0.0,1.0,1.0,0.0,0.0,1.0,203.0,1.0,0.0,4.0,0.0,1.0,0.0,0.0,2.0,1.0,0.0,1.0,1.0,26.0,0.6840861265095951,7.0,2.0,4.0,10.0,8.0,1.0,1280.0,800.0,5.0,0.0,1
64.0,1.0,2.0,0.0,1.0,3.0,0.0,14.0,2.0,0.14285714285714285,3.1689085949502642,0.0,0.0,21.0,14.0,0.0,0.0,0.0,0.0,1.0,0.0,0.0,1.0,85.0,1.0,1.0,6.0,1.0,1.0,0.0,0.0,1.0,2.0,0.0,1.0,1.0,42.0,0.6480976843968317,2.0,3.0,6.0,97.0,9.0,1.0,1280.0,800.0,9.0,0.0,1
79.0,1.0,1.0,0.0,2.0,2.0,1.0,24.0,11.0,0.41761183058390466,3.432511147012102,0.0,0.0,55.0,8.0,0.0,0.0,0.0,0.0,0.0,1.0,0.0,0.0,323.0,1.0,0.0,8.0,0.0,1.0,0.0,0.0,3.0,3.0,0.0,1.0,1.0,25.0,0.8101979970380502,1.0,3.0,8.0,96.0,7.0,1.0,1280.0,800.0,2.0,0.0,1
56.0,1.0,2.0,0.0,2.0,3.0,0.0,14.0,5.0,0.35714285714285715,3.5178241003167585,0.0,0.0,10.0,37.0,0.0,1.0,0.0,1.0,1.0,0.0,0.0,1.0,280.0,1.0,1.0,5.0,0.0,0.0,0.0,1.0,2.0,1.0,1.0,1.0,1.0,38.0,0.8016351666795751,7.0,2.0,5.0,9.0,8.0,1.0,1280.0,800.0,3.0,0.0,1
65.0,1.0,0.0,0.0,1.0,1.0,0.0,13.0,0.0,0.0,3.4091368413509437,1.0,0.0,42.0,5.0,0.0,1.0,0.0,1.0,1.0,0.0,0.0,1.0,186.0,1.0,1.0,11.0,1.0,1.0,1.0,0.0,0.0,1.0,0.0,0.0,1.0,6.0,0.6563125865525675,2.0,3.0,11.0,56.0,10.0,1.0,1280.0,800.0,5.0,0.0,1
39.0,1.0,2.0,0.0,2.0,3.0,1.0,12.0,0.0,0.0,3.4416282214690095,0.0,1.0,59.0,8.0,0.0,1.0,0.0,1.0,1.0,0.0,0.0,1.0,85.0,2.0,0.0,1.0,1.0,1.0,0.0,0.0,3.0,2.0,1.0,0.0,1.0,24.0,0.9238567444086188,5.0,4.0,1.0,73.0,1.0,0.0,1280.0,800.0,3.0,0.0,1
57.0,1.0,0.0,0.0,2.0,1.0,0.0,17.0,8.0,0.47058823529411764,2.96540204183245,0.0,0.0,5.0,7.0,0.0,1.0,0.0,1.0,1.0,0.0,0.0,1.0,119.0,2.0,0.0,9.0,1.0,1.0,0.0,0.0,1.0,4.0,1.0,1.0,1.0,25.0,0.9217821027389854,7.0,2.0,9.0,89.0,9.0,1.0,1280.0,800.0,10.0,0.0,1
89.0,1.0,0.0,0.0,2.0,1.0,0.0,13.0,0.0,0.0,3.3936971182331455,1.0,0.0,14.0,16.0,0.0,1.0,0.0,1.0,1.0,0.0,0.0,1.0,181.0,1.0,0.0,4.0,0.0,1.0,0.0,0.0,0.0,3.0,0.0,0.0,1.0,18.0,0.9826373263516381,7.0,1.0,4.0,27.0,5.0,1.0,1280.0,800.0,4.0,0.0,1
83.0,1.0,1.0,0.0,2.0,2.0,0.0,19.0,6.0,0.5788960669898711,4.138281783479483,0.0,2.0,33.0,30.0,0.0,1.0,0.0,1.0,0.0,0.0,0.0,0.0,157.0,1.0,1.0,2.0,0.0,0.0,0.0,0.0,3.0,3.0,1.0,0.0,0.0,39.0,0.7074029433776023,1.0,4.0,2.0,108.0,14.0,1.0,1280.0,800.0,8.0,0.0,1
38.0,1.0,2.0,0.0,1.0,3.0,1.0,14.0,5.0,0.35714285714285715,3.4398126459920264,0.0,3.0,33.0,8.0,0.0,1.0,0.0,1.0,1.0,0.0,0.0,1.0,285.0,1.0,0.0,11.0,1.0,1.0,0.0,0.0,6.0,2.0,0.0,1.0,1.0,9.0,0.7813359957789356,4.0,3.0,11.0,4.0,8.0,1.0,1280.0,800.0,2.0,0.0,1
64.0,1.0,0.0,1.0,0.0,1.0,0.0,15.0,3.0,0.7566130018234523,2.6603676845012654,0.0,1.0,56.0,27.0,0.0,0.0,0.0,0.0,1.0,0.0,0.0,1.0,50.0,1.0,0.0,8.0,0.0,1.0,1.0,1.0,4.0,2.0,0.0,1.0,1.0,7.0,0.8112177455413219,2.0,2.0,8.0,5.0,9.0,1.0,1280.0,800.0,14.0,0.0,1
37.0,0.0,1.0,0.0,3.0,2.0,1.0,16.0,2.0,0.125,3.1772612270475538,0.0,1.0,11.0,30.0,0.0,1.0,0.0,1.0,0.0,0.0,0.0,0.0,84.0,1.0,0.0,6.0,1.0,1.0,1.0,2.0,1.0,5.0,1.0,0.0,1.0,14.0,0.2270800673639622,5.0,5.0,6.0,105.0,3.0,1.0,1280.0,800.0,1.0,0.0,1
46.0,1.0,2.0,0.0,3.0,3.0,1.0,12.0,0.0,0.0,3.6236756253942604,0.0,0.0,38.0,10.0,0.0,1.0,0.0,1.0,1.0,0.0,0.0,1.0,286.0,1.0,0.0,2.0,1.0,1.0,0.0,0.0,3.0,1.0,1.0,1.0,1.0,37.0,0.9739994097874967,7.0,1.0,2.0,4.0,4.0,1.0,1280.0,800.0,7.0,0.0,1
50.0,0.0,1.0,0.0,2.0,2.0,1.0,13.0,2.0,0.15384615384615385,3.071559629857898,0.0,2.0,15.0,39.0,0.0,1.0,0.0,1.0,0.0,0.0,0.0,0.0,179.0,2.0,1.0,5.0,1.0,0.0,2.0,1.0,3.0,3.0,1.0,1.0,1.0,38.0,0.11475206940961519,4.0,2.0,5.0,51.0,13.0,1.0,1280.0,800.0,14.0,0.0,1
88.0,0.0,1.0,0.0,2.0,2.0,0.0,15.0,0.0,0.0,3.4376193442629592,1.0,1.0,58.0,21.0,0.0,1.0,0.0,1.0,0.0,0.0,0.0,0.0,106.0,1.0,1.0,6.0,0.0,0.0,0.0,0.0,0.0,2.0,0.0,0.0,0.0,32.0,0.1879370311710088,4.0,5.0,6.0,113.0,6.0,1.0,1280.0,800.0,6.0,0.0,1
43.0,1.0,0.0,1.0,0.0,1.0,0.0,15.0,3.0,0.6636141183948192,2.9512634021948445,0.0,0.0,22.0,5.0,0.0,0.0,0.0,0.0,1.0,0.0,0.0,1.0,296.0,1.0,0.0,7.0,1.0,1.0,0.0,0.0,0.0,3.0,1.0,0.0,1.0,23.0,0.9781983177656974,3.0,4.0,7.0,36.0,13.0,1.0,1280.0,800.0,11.0,0.0,1
59.0,1.0,0.0,0.0,1.0,1.0,0.0,21.0,0.0,0.0,3.5436856222404556,1.0,0.0,18.0,23.0,0.0,1.0,0.0,1.0,1.0,0.0,0.0,1.0,40.0,1.0,0.0,5.0,1.0,1.0,0.0,0.0,1.0,1.0,0.0,0.0,1.0,8.0,0.8754716210178703,3.0,1.0,5.0,63.0,1.0,1.0,1280.0,800.0,1.0,0.0,1
50.0,0.0,1.0,0.0,1.0,2.0,0.0,20.0,0.0,0.0,3.897542272842303,1.0,0.0,55.0,12.0,0.0,1.0,0.0,1.0,0.0,0.0,0.0,0.0,294.0,1.0,1.0,7.0,1.0,0.0,0.0,0.0,0.0,2.0,0.0,0.0,1.0,36.0,0.19116007594304793,2.0,5.0,7.0,39.0,8.0,1.0,1280.0,800.0,8.0,0.0,1
45.0,1.0,2.0,0.0,2.0,3.0,0.0,24.0,2.0,0.08333333333333333,3.325648094055625,0.0,0.0,33.0,31.0,0.0,0.0,0.0,0.0,0.0,0.0,1.0,0.0,85.0,1.0,0.0,7.0,0.0,0.0,0.0,0.0,13.0,1.0,0.0,1.0,0.0,27.0,0.8033820656458714,6.0,3.0,7.0,60.0,5.0,1.0,1280.0,800.0,13.0,1.0,1
54.0,1.0,1.0,0.0,4.0,2.0,0.0,10.0,2.0,0.2,3.74585513172081,0.0,0.0,24.0,9.0,0.0,1.0,0.0,1.0,1.0,0.0,0.0,1.0,333.0,1.0,0.0,7.0,0.0,0.0,0.0,0.0,7.0,3.0,0.0,0.0,0.0,29.0,0.7833675945916844,1.0,3.0,7.0,22.0,12.0,1.0,1280.0,800.0,0.0,0.0,1
75.0,1.0,2.0,0.0,4.0,3.0,1.0,13.0,5.0,0.38461538461538464,3.5293412352875153,0.0,1.0,56.0,30.0,0.0,1.0,0.0,1.0,1.0,0.0,0.0,1.0,269.0,1.0,0.0,5.0,1.0,0.0,0.0,0.0,13.0,1.0,1.0,0.0,1.0,36.0,0.7872631774095202,6.0,2.0,5.0,40.0,6.0,1.0,1280.0,800.0,10.0,1.0,1
65.0,1.0,0.0,0.0,2.0,1.0,1.0,11.0,5.0,0.45454545454545453,3.678505918861254,0.0,0.0,5.0,35.0,0.0,1.0,0.0,1.0,1.0,0.0,0.0,1.0,257.0,1.0,0.0,2.0,1.0,1.0,0.0,0.0,7.0,2.0,0.0,0.0,1.0,32.0,0.7984275276507808,6.0,1.0,2.0,82.0,9.0,1.0,1280.0,800.0,13.0,0.0,1
84.0,1.0,1.0,0.0,4.0,2.0,1.0,25.0,5.0,0.2,3.2240650938866033,0.0,1.0,57.0,37.0,0.0,1.0,0.0,1.0,1.0,0.0,0.0,1.0,295.0,2.0,0.0,9.0,0.0,0.0,0.0,0.0,2.0,1.0,1.0,1.0,0.0,31.0,0.9038818481115773,4.0,1.0,9.0,114.0,3.0,1.0,1280.0,800.0,7.0,0.0,1
83.0,0.0,1.0,0.0,1.0,2.0,0.0,25.0,10.0,0.4,2.939767066551296,0.0,0.0,47.0,3.0,0.0,1.0,0.0,1.0,0.0,0.0,0.0,0.0,296.0,1.0,0.0,9.0,1.0,1.0,0.0,1.0,2.0,2.0,0.0,1.0,1.0,17.0,0.016930315413420882,5.0,5.0,9.0,69.0,0.0,1.0,1280.0,800.0,6.0,0.0,1
86.0,1.0,0.0,1.0,0.0,1.0,0.0,15.0,3.0,0.7179648479226761,2.9548598795551637,0.0,0.0,57.0,21.0,0.0,0.0,0.0,0.0,1.0,0.0,0.0,1.0,31.0,1.0,0.0,6.0,0.0,0.0,0.0,1.0,2.0,2.0,1.0,1.0,1.0,5.0,0.7791947025460272,2.0,3.0,6.0,87.0,14.0,1.0,1280.0,800.0,0.0,0.0,1
65.0,1.0,0.0,1.0,0.0,1.0,0.0,15.0,3.0,0.7637165813476069,2.5951555833076076,0.0,2.0,33.0,26.0,0.0,1.0,0.0,1.0,1.0,0.0,0.0,1.0,261.0,1.0,1.0,1.0,0.0,1.0,1.0,1.0,2.0,2.0,0.0,1.0,1.0,19.0,0.8294664470402691,6.0,4.0,1.0,89.0,7.0,1.0,1280.0,800.0,9.0,0.0,1
41.0,1.0,2.0,0.0,2.0,3.0,0.0,13.0,8.0,0.6153846153846154,2.926282303493066,0.0,3.0,14.0,6.0,1.0,1.0,0.0,1.0,1.0,0.0,0.0,1.0,85.0,1.0,0.0,2.0,1.0,1.0,0.0,0.0,3.0,3.0,1.0,0.0,1.0,36.0,0.7166977172486012,2.0,2.0,2.0,43.0,2.0,1.0,1280.0,800.0,12.0,0.0,1
66.0,0.0,0.0,0.0,2.0,1.0,0.0,14.0,0.0,0.0,3.286953352839845,1.0,1.0,17.0,5.0,0.0,1.0,0.0,1.0,0.0,0.0,0.0,0.0,227.0,2.0,0.0,8.0,1.0,1.0,0.0,0.0,1.0,2.0,0.0,0.0,1.0,26.0,0.2638075172883079,7.0,3.0,8.0,30.0,13.0,1.0,1280.0,800.0,8.0,0.0,1
58.0,1.0,2.0,0.0,2.0,3.0,0.0,25.0,2.0,0.08,3.7687014043703346,0.0,0.0,32.0,21.0,0.0,1.0,0.0,1.0,1.0,0.0,0.0,1.0,176.0,1.0,1.0,6.0,0.0,0.0,0.0,0.0,8.0,2.0,0.0,1.0,0.0,12.0,0.8614263587586288,3.0,1.0,6.0,87.0,0.0,1.0,1280.0,800.0,6.0,0.0,1
63.0,0.0,0.0,0.0,2.0,1.0,0.0,18.0,0.0,0.0,3.3177118240175245,1.0,0.0,31.0,21.0,1.0,1.0,0.0,1.0,0.0,0.0,0.0,0.0,158.0,2.0,0.0,11.0,1.0,0.0,0.0,0.0,0.0,1.0,0.0,0.0,1.0,9.0,0.05276751112838688,7.0,2.0,11.0,6.0,8.0,1.0,1280.0,800.0,13.0,0.0,1
56.0,1.0,2.0,0.0,2.0,3.0,0.0,24.0,12.0,0.5,3.26015258380643,0.0,0.0,41.0,44.0,0.0,1.0,0.0,1.0,1.0,0.0,0.0,1.0,177.0,1.0,1.0,4.0,1.0,1.0,0.0,0.0,0.0,1.0,1.0,1.0,1.0,23.0,0.9168348507430681,1.0,3.0,4.0,46.0,10.0,1.0,1280.0,800.0,7.0,1.0,1
79.0,0.0,0.0,0.0,3.0,1.0,1.0,19.0,0.0,0.0,3.06799057800328,0.0,0.0,37.0,28.0,0.0,0.0,0.0,0.0,0.0,0.0,0.0,0.0,67.0,2.0,0.0,8.0,1.0,1.0,1.0,0.0,7.0,1.0,1.0,0.0,1.0,12.0,0.251542741169926,6.0,2.0,8.0,8.0,12.0,1.0,1280.0,800.0,11.0,0.0,1
70.0,1.0,2.0,0.0,4.0,3.0,1.0,21.0,8.0,0.38095238095238093,3.4456344404509984,0.0,0.0,48.0,18.0,1.0,1.0,0.0,1.0,1.0,0.0,0.0,1.0,83.0,1.0,1.0,7.0,1.0,1.0,0.0,1.0,2.0,2.0,0.0,0.0,1.0,41.0,0.8552241059734359,5.0,2.0,7.0,87.0,11.0,1.0,1280.0,800.0,12.0,1.0,1
72.0,1.0,2.0,0.0,2.0,3.0,1.0,18.0,0.0,0.0,3.564869441075858,0.0,0.0,16.0,29.0,0.0,1.0,0.0,1.0,0.0,0.0,0.0,0.0,345.0,1.0,0.0,7.0,0.0,1.0,0.0,0.0,3.0,3.0,0.0,0.0,1.0,18.0,0.9616351586710096,7.0,5.0,7.0,102.0,4.0,1.0,1280.0,800.0,12.0,0.0,1
90.0,1.0,3.0,0.0,3.0,4.0,0.0,23.0,8.0,0.34782608695652173,2.9641613144784786,0.0,2.0,43.0,3.0,0.0,1.0,0.0,1.0,1.0,0.0,0.0,1.0,292.0,1.0,0.0,3.0,1.0,1.0,1.0,0.0,8.0,2.0,0.0,0.0,1.0,10.0,0.9962173806781174,6.0,2.0,3.0,77.0,9.0,1.0,1280.0,800.0,4.0,0.0,1
36.0,1.0,1.0,0.0,1.0,2.0,1.0,23.0,5.0,0.21739130434782608,3.016349435329507,0.0,1.0,53.0,27.0,0.0,0.0,0.0,0.0,0.0,1.0,1.0,0.0,289.0,1.0,0.0,8.0,0.0,1.0,0.0,1.0,3.0,3.0,0.0,0.0,1.0,32.0,0.9692080511759613,2.0,3.0,8.0,90.0,7.0,1.0,1280.0,800.0,5.0,1.0,1
50.0,0.0,1.0,0.0,2.0,2.0,1.0,25.0,6.0,0.598952954707785,3.5918843916311998,0.0,3.0,52.0,31.0,0.0,1.0,0.0,1.0,0.0,0.0,0.0,0.0,282.0,1.0,6.0,8.0,1.0,1.0,0.0,0.0,0.0,1.0,0.0,0.0,1.0,9.0,0.14855687475685192,4.0,3.0,8.0,5.0,12.0,1.0,1280.0,800.0,8.0,0.0,1
77.0,0.0,2.0,0.0,3.0,3.0,1.0,13.0,5.0,0.38461538461538464,3.22828696466146,0.0,0.0,27.0,17.0,0.0,0.0,0.0,0.0,0.0,0.0,0.0,0.0,108.0,1.0,0.0,7.0,1.0,1.0,0.0,1.0,1.0,2.0,0.0,0.0,1.0,43.0,0.2002925793270486,7.0,4.0,7.0,22.0,5.0,1.0,1280.0,800.0,6.0,0.0,1
71.0,1.0,2.0,0.0,2.0,3.0,1.0,21.0,2.0,0.09523809523809523,2.8242213573666874,0.0,2.0,43.0,33.0,0.0,0.0,0.0,0.0,1.0,0.0,0.0,1.0,291.0,1.0,0.0,11.0,1.0,0.0,0.0,0.0,1.0,3.0,0.0,0.0,1.0,23.0,0.7028106066845748,5.0,2.0,11.0,53.0,7.0,1.0,1280.0,800.0,4.0,0.0,1
57.0,1.0,0.0,1.0,0.0,1.0,0.0,15.0,3.0,0.6902483308233458,3.080789431509704,0.0,1.0,8.0,10.0,0.0,1.0,0.0,1.0,1.0,0.0,0.0,1.0,194.0,2.0,6.0,2.0,1.0,0.0,0.0,0.0,1.0,1.0,1.0,0.0,1.0,15.0,0.7169360548100725,5.0,4.0,2.0,82.0,13.0,1.0,1280.0,800.0,11.0,0.0,1
41.0,1.0,3.0,0.0,4.0,4.0,1.0,20.0,2.0,0.1,3.7572160330077846,0.0,0.0,46.0,34.0,1.0,1.0,0.0,1.0,1.0,0.0,0.0,1.0,188.0,1.0,0.0,4.0,0.0,0.0,2.0,1.0,4.0,3.0,1.0,0.0,1.0,42.0,0.8809524888264242,1.0,4.0,4.0,52.0,3.0,1.0,1280.0,800.0,14.0,0.0,1
69.0,1.0,1.0,0.0,3.0,2.0,0.0,13.0,0.0,0.0,2.893152580516969,0.0,0.0,45.0,6.0,0.0,1.0,0.0,1.0,1.0,0.0,0.0,1.0,163.0,1.0,0.0,5.0,1.0,1.0,0.0,0.0,1.0,3.0,0.0,0.0,1.0,14.0,0.6889977925018204,7.0,3.0,5.0,50.0,11.0,1.0,1280.0,800.0,1.0,0.0,1
73.0,1.0,0.0,0.0,1.0,1.0,0.0,13.0,0.0,0.0,3.618670436162002,1.0,0.0,59.0,7.0,0.0,1.0,0.0,1.0,0.0,0.0,0.0,0.0,248.0,1.0,6.0,8.0,0.0,0.0,0.0,0.0,0.0,2.0,0.0,1.0,0.0,12.0,0.8652651302795438,3.0,1.0,8.0,12.0,6.0,1.0,1280.0,800.0,7.0,0.0,1
63.0,1.0,0.0,0.0,2.0,1.0,0.0,20.0,0.0,0.0,3.5733733562295837,1.0,0.0,36.0,32.0,1.0,1.0,0.0,1.0,0.0,0.0,1.0,0.0,303.0,1.0,1.0,3.0,1.0,1.0,0.0,0.0,3.0,1.0,1.0,0.0,1.0,43.0,0.9943847726339844,3.0,2.0,3.0,34.0,14.0,1.0,1280.0,800.0,12.0,0.0,1
52.0,1.0,3.0,0.0,4.0,4.0,1.0,12.0,5.0,0.4166666666666667,3.628637601020561,0.0,2.0,40.0,38.0,0.0,0.0,0.0,0.0,1.0,0.0,0.0,1.0,248.0,1.0,0.0,2.0,1.0,0.0,0.0,0.0,3.0,2.0,1.0,1.0,1.0,41.0,0.8165463172135057,6.0,2.0,2.0,37.0,8.0,1.0,1280.0,800.0,1.0,1.0,1
82.0,0.0,1.0,0.0,1.0,2.0,0.0,13.0,0.0,0.0,3.6551113443218286,0.0,2.0,20.0,11.0,0.0,1.0,0.0,1.0,0.0,0.0,0.0,0.0,162.0,1.0,0.0,9.0,1.0,0.0,2.0,1.0,2.0,2.0,1.0,0.0,1.0,36.0,0.14542785058336422,1.0,2.0,9.0,110.0,6.0,1.0,1280.0,800.0,3.0,0.0,1
84.0,1.0,1.0,0.0,3.0,2.0,1.0,18.0,2.0,0.1111111111111111,3.6645841161940713,0.0,0.0,14.0,39.0,0.0,1.0,0.0,1.0,1.0,0.0,0.0,1.0,270.0,1.0,6.0,10.0,0.0,1.0,1.0,0.0,6.0,3.0,0.0,0.0,1.0,30.0,0.9127109163132671,7.0,4.0,10.0,19.0,1.0,1.0,1280.0,800.0,7.0,0.0,1
89.0,1.0,2.0,0.0,0.0,3.0,0.0,27.0,12.0,0.4444444444444444,2.9992975903427683,0.0,0.0,43.0,23.0,1.0,1.0,0.0,1.0,0.0,1.0,0.0,0.0,244.0,1.0,6.0,5.0,1.0,1.0,0.0,0.0,3.0,4.0,0.0,0.0,1.0,43.0,0.7219529058122948,2.0,4.0,5.0,4.0,7.0,1.0,1280.0,800.0,5.0,0.0,1
48.0,1.0,2.0,0.0,3.0,3.0,0.0,23.0,0.0,0.0,3.607705211437017,0.0,0.0,10.0,20.0,1.0,1.0,0.0,1.0,1.0,0.0,0.0,1.0,297.0,1.0,0.0,9.0,1.0,0.0,2.0,1.0,3.0,5.0,1.0,1.0,1.0,24.0,0.8905720531091923,7.0,3.0,9.0,103.0,0.0,1.0,1280.0,800.0,0.0,1.0,1
42.0,1.0,1.0,0.0,3.0,2.0,1.0,29.0,6.0,0.7048017642297585,3.714421356421047,0.0,0.0,37.0,41.0,0.0,1.0,0.0,1.0,1.0,0.0,0.0,1.0,158.0,1.0,0.0,11.0,1.0,0.0,0.0,0.0,0.0,2.0,1.0,0.0,1.0,25.0,0.6392139211453813,1.0,4.0,11.0,52.0,14.0,1.0,1280.0,800.0,12.0,0.0,1
70.0,1.0,0.0,0.0,3.0,1.0,0.0,18.0,5.0,0.2777777777777778,3.316164877733433,0.0,1.0,31.0,40.0,0.0,1.0,0.0,1.0,1.0,0.0,0.0,1.0,144.0,1.0,1.0,1.0,1.0,0.0,1.0,2.0,0.0,4.0,1.0,1.0,1.0,21.0,0.7988910751019778,5.0,1.0,1.0,32.0,7.0,1.0,1280.0,800.0,11.0,0.0,1
73.0,1.0,2.0,0.0,3.0,3.0,0.0,15.0,5.0,0.3333333333333333,3.64937165744859,0.0,2.0,24.0,37.0,0.0,1.0,0.0,1.0,1.0,0.0,0.0,1.0,31.0,1.0,1.0,5.0,0.0,0.0,2.0,1.0,4.0,5.0,0.0,1.0,1.0,10.0,0.98011021954638,5.0,5.0,5.0,21.0,14.0,1.0,1280.0,800.0,11.0,1.0,1
94.0,0.0,1.0,0.0,2.0,2.0,1.0,10.0,0.0,0.0,3.2207852773159247,0.0,0.0,30.0,29.0,0.0,1.0,0.0,1.0,0.0,0.0,0.0,0.0,270.0,1.0,0.0,7.0,0.0,1.0,0.0,1.0,2.0,1.0,1.0,1.0,1.0,18.0,0.24160069734252634,6.0,2.0,7.0,11.0,10.0,1.0,1280.0,800.0,8.0,0.0,1
45.0,1.0,2.0,0.0,1.0,3.0,0.0,21.0,10.0,0.47619047619047616,3.4937681224943917,0.0,1.0,47.0,17.0,0.0,1.0,0.0,1.0,1.0,0.0,0.0,1.0,71.0,1.0,1.0,8.0,1.0,1.0,0.0,0.0,4.0,1.0,0.0,0.0,1.0,24.0,0.8321188666806382,7.0,3.0,8.0,105.0,8.0,1.0,1280.0,800.0,3.0,0.0,1
79.0,0.0,0.0,0.0,4.0,1.0,1.0,21.0,0.0,0.0,3.893549737101769,0.0,2.0,12.0,0.0,0.0,1.0,0.0,1.0,0.0,0.0,0.0,0.0,192.0,2.0,6.0,2.0,0.0,0.0,0.0,0.0,4.0,1.0,1.0,1.0,0.0,41.0,0.21876194502440824,7.0,4.0,2.0,12.0,9.0,1.0,1280.0,800.0,7.0,0.0,1
38.0,1.0,2.0,0.0,1.0,3.0,0.0,17.0,10.0,0.4216644418063267,3.603796667872607,0.0,0.0,34.0,6.0,0.0,0.0,0.0,0.0,1.0,0.0,0.0,1.0,82.0,1.0,0.0,8.0,0.0,1.0,0.0,0.0,4.0,3.0,0.0,1.0,1.0,16.0,0.9527197389822937,4.0,5.0,8.0,70.0,5.0,1.0,1280.0,800.0,11.0,1.0,1
39.0,1.0,0.0,1.0,0.0,1.0,0.0,15.0,3.0,0.605558945766456,2.7836591590931397,0.0,0.0,41.0,37.0,0.0,1.0,0.0,1.0,1.0,0.0,0.0,1.0,51.0,1.0,0.0,5.0,1.0,0.0,0.0,0.0,1.0,3.0,0.0,0.0,1.0,31.0,0.6206333975319819,1.0,5.0,5.0,92.0,5.0,1.0,1280.0,800.0,0.0,0.0,1
36.0,0.0,1.0,0.0,0.0,2.0,0.0,12.0,10.0,0.8333333333333334,3.6886063244017726,0.0,0.0,30.0,20.0,0.0,1.0,0.0,1.0,0.0,0.0,0.0,0.0,42.0,1.0,6.0,3.0,1.0,1.0,0.0,0.0,0.0,4.0,0.0,0.0,1.0,13.0,0.29905693472194556,1.0,4.0,3.0,38.0,2.0,0.0,1280.0,800.0,7.0,0.0,1
76.0,1.0,0.0,0.0,4.0,1.0,1.0,25.0,8.0,0.32,3.868025257269216,0.0,0.0,12.0,37.0,0.0,0.0,0.0,0.0,0.0,0.0,1.0,0.0,297.0,1.0,1.0,9.0,1.0,0.0,0.0,0.0,4.0,1.0,0.0,0.0,1.0,18.0,0.9882877198176148,7.0,2.0,9.0,73.0,0.0,1.0,1280.0,800.0,11.0,0.0,1
58.0,0.0,1.0,0.0,2.0,2.0,0.0,15.0,0.0,0.0,3.3669821076219915,1.0,0.0,25.0,31.0,1.0,1.0,0.0,1.0,0.0,0.0,0.0,0.0,282.0,2.0,6.0,11.0,0.0,0.0,0.0,1.0,3.0,3.0,0.0,1.0,1.0,39.0,0.017078493241554138,3.0,5.0,11.0,10.0,3.0,1.0,1280.0,800.0,4.0,1.0,1
71.0,0.0,2.0,0.0,3.0,3.0,0.0,17.0,2.0,0.11764705882352941,3.2091775273831034,0.0,1.0,33.0,6.0,0.0,0.0,0.0,0.0,0.0,0.0,0.0,0.0,32.0,1.0,0.0,11.0,1.0,1.0,0.0,0.0,1.0,2.0,0.0,1.0,1.0,28.0,0.12765925062447606,7.0,4.0,11.0,110.0,0.0,1.0,1280.0,800.0,7.0,0.0,1
38.0,1.0,1.0,0.0,2.0,2.0,0.0,19.0,0.0,0.0,3.1895391398467408,0.0,0.0,29.0,1.0,0.0,1.0,0.0,1.0,1.0,0.0,0.0,1.0,16.0,1.0,1.0,5.0,1.0,1.0,0.0,0.0,1.0,3.0,1.0,1.0,1.0,32.0,0.941052635911769,2.0,1.0,5.0,58.0,11.0,1.0,1280.0,800.0,7.0,0.0,1
94.0,1.0,2.0,0.0,1.0,3.0,0.0,17.0,8.0,0.47058823529411764,2.974457618135433,0.0,0.0,39.0,19.0,0.0,1.0,0.0,1.0,1.0,0.0,0.0,1.0,208.0,1.0,0.0,3.0,1.0,1.0,0.0,0.0,1.0,2.0,0.0,0.0,1.0,16.0,0.7370217130170756,7.0,2.0,3.0,6.0,1.0,1.0,1280.0,800.0,10.0,0.0,1
81.0,1.0,2.0,0.0,2.0,3.0,1.0,19.0,12.0,0.631578947368421,3.0598863921166215,0.0,2.0,32.0,13.0,0.0,1.0,0.0,1.0,0.0,1.0,1.0,0.0,45.0,1.0,6.0,3.0,1.0,1.0,0.0,0.0,2.0,3.0,0.0,0.0,1.0,14.0,0.7126860936952697,5.0,1.0,3.0,35.0,14.0,1.0,1280.0,800.0,2.0,0.0,1
77.0,1.0,1.0,0.0,3.0,2.0,1.0,17.0,0.0,0.0,3.672783670076929,0.0,0.0,5.0,38.0,0.0,1.0,0.0,1.0,1.0,0.0,0.0,1.0,248.0,1.0,1.0,1.0,1.0,1.0,0.0,0.0,1.0,1.0,1.0,0.0,1.0,37.0,0.8829918324252919,2.0,3.0,1.0,14.0,1.0,1.0,1280.0,800.0,5.0,0.0,1
35.0,1.0,1.0,0.0,4.0,2.0,0.0,16.0,5.0,0.3125,3.0643818523758144,0.0,0.0,59.0,31.0,0.0,0.0,0.0,0.0,1.0,0.0,0.0,1.0,94.0,2.0,0.0,3.0,0.0,1.0,0.0,0.0,11.0,1.0,0.0,0.0,1.0,10.0,0.6731330368185183,7.0,1.0,3.0,31.0,8.0,1.0,1280.0,800.0,10.0,0.0,1
49.0,1.0,2.0,0.0,3.0,3.0,1.0,29.0,9.0,0.4096598623954285,3.22489409818483,0.0,0.0,48.0,2.0,0.0,1.0,0.0,1.0,1.0,0.0,0.0,1.0,264.0,1.0,0.0,5.0,0.0,0.0,0.0,0.0,1.0,1.0,0.0,0.0,0.0,26.0,0.7720435141100669,3.0,1.0,5.0,2.0,4.0,1.0,1280.0,800.0,7.0,0.0,1
80.0,0.0,2.0,0.0,2.0,3.0,1.0,21.0,0.0,0.0,2.9283429014403963,0.0,0.0,32.0,25.0,0.0,1.0,0.0,1.0,0.0,0.0,0.0,0.0,313.0,1.0,1.0,10.0,1.0,0.0,0.0,0.0,12.0,2.0,1.0,0.0,1.0,6.0,0.09204145214785615,5.0,5.0,10.0,63.0,9.0,1.0,1280.0,800.0,11.0,0.0,1
47.0,0.0,3.0,0.0,0.0,4.0,0.0,25.0,0.0,0.0,3.168327952006403,0.0,0.0,24.0,8.0,1.0,1.0,0.0,1.0,0.0,0.0,0.0,0.0,159.0,1.0,1.0,9.0,1.0,1.0,0.0,0.0,4.0,4.0,0.0,0.0,1.0,41.0,0.1897834317004874,7.0,3.0,9.0,36.0,5.0,1.0,1280.0,800.0,14.0,0.0,1
62.0,1.0,1.0,0.0,2.0,2.0,1.0,18.0,2.0,0.1111111111111111,3.250892391049515,0.0,2.0,15.0,2.0,0.0,1.0,0.0,1.0,1.0,0.0,0.0,1.0,264.0,1.0,0.0,2.0,1.0,0.0,0.0,0.0,4.0,1.0,0.0,1.0,1.0,38.0,0.7754118113988941,7.0,1.0,2.0,67.0,14.0,1.0,1280.0,800.0,5.0,1.0,1
66.0,1.0,2.0,0.0,1.0,3.0,1.0,16.0,2.0,0.125,3.6628150502671577,0.0,3.0,10.0,12.0,1.0,0.0,0.0,0.0,1.0,0.0,0.0,1.0,48.0,1.0,1.0,8.0,1.0,1.0,0.0,0.0,1.0,3.0,1.0,1.0,1.0,14.0,0.7590007843217749,5.0,3.0,8.0,42.0,11.0,1.0,1280.0,800.0,7.0,0.0,1
75.0,1.0,0.0,0.0,1.0,1.0,1.0,14.0,11.0,0.6994962874916852,3.9541203437343087,0.0,2.0,33.0,38.0,0.0,1.0,0.0,1.0,1.0,0.0,0.0,1.0,283.0,1.0,0.0,8.0,1.0,1.0,0.0,0.0,1.0,1.0,0.0,0.0,1.0,31.0,0.7955524981058634,1.0,4.0,8.0,48.0,3.0,1.0,1280.0,800.0,8.0,0.0,1
49.0,1.0,0.0,0.0,2.0,1.0,0.0,21.0,8.0,0.38095238095238093,2.914086388709014,0.0,2.0,29.0,23.0,0.0,1.0,0.0,1.0,0.0,0.0,1.0,0.0,102.0,1.0,6.0,4.0,1.0,1.0,0.0,0.0,10.0,2.0,0.0,1.0,1.0,41.0,0.7231401812870476,5.0,5.0,4.0,12.0,8.0,1.0,1280.0,800.0,14.0,0.0,1
46.0,1.0,1.0,0.0,4.0,2.0,1.0,23.0,2.0,0.08695652173913043,3.142942654824913,0.0,0.0,17.0,26.0,0.0,1.0,0.0,1.0,1.0,0.0,0.0,1.0,276.0,1.0,0.0,1.0,1.0,1.0,0.0,0.0,4.0,4.0,0.0,1.0,1.0,29.0,0.7723842209831896,1.0,5.0,1.0,42.0,10.0,1.0,1280.0,800.0,5.0,0.0,1
56.0,1.0,0.0,0.0,1.0,1.0,0.0,18.0,0.0,0.0,3.681933227410301,1.0,2.0,24.0,7.0,0.0,1.0,0.0,1.0,1.0,0.0,0.0,1.0,85.0,1.0,0.0,2.0,0.0,0.0,0.0,0.0,1.0,1.0,0.0,0.0,0.0,32.0,0.8408580329824961,6.0,4.0,2.0,57.0,5.0,1.0,1280.0,800.0,9.0,0.0,1
35.0,1.0,0.0,0.0,1.0,1.0,0.0,20.0,0.0,0.0,3.669488923329688,1.0,1.0,34.0,38.0,0.0,1.0,0.0,1.0,1.0,0.0,0.0,1.0,187.0,1.0,0.0,10.0,1.0,1.0,0.0,0.0,0.0,1.0,1.0,1.0,1.0,43.0,0.985831067185616,7.0,1.0,10.0,98.0,4.0,1.0,1280.0,800.0,0.0,1.0,1
83.0,1.0,1.0,0.0,1.0,2.0,0.0,26.0,13.0,0.3915757017541346,3.942791986493404,0.0,0.0,35.0,33.0,0.0,1.0,0.0,1.0,1.0,0.0,0.0,1.0,253.0,1.0,0.0,11.0,0.0,1.0,0.0,1.0,0.0,3.0,1.0,1.0,1.0,28.0,0.6451949478214645,6.0,2.0,11.0,104.0,10.0,1.0,1280.0,800.0,5.0,1.0,1
58.0,1.0,1.0,0.0,3.0,2.0,1.0,14.0,2.0,0.14285714285714285,3.271705505359455,0.0,0.0,45.0,9.0,0.0,0.0,0.0,0.0,1.0,0.0,0.0,1.0,309.0,1.0,1.0,1.0,0.0,1.0,0.0,1.0,0.0,1.0,0.0,0.0,1.0,6.0,0.6785330341221465,6.0,3.0,1.0,1.0,7.0,1.0,1280.0,800.0,11.0,0.0,1
61.0,1.0,2.0,0.0,1.0,3.0,1.0,24.0,0.0,0.0,3.338558175615737,0.0,2.0,37.0,25.0,0.0,1.0,0.0,1.0,1.0,0.0,0.0,1.0,261.0,1.0,1.0,2.0,1.0,0.0,0.0,0.0,0.0,4.0,0.0,0.0,1.0,31.0,0.8013860746700175,7.0,5.0,2.0,87.0,6.0,1.0,1280.0,800.0,8.0,0.0,1
57.0,1.0,0.0,0.0,3.0,1.0,0.0,14.0,9.0,0.42935000119262845,3.42630140184595,0.0,0.0,26.0,23.0,0.0,0.0,0.0,0.0,1.0,0.0,0.0,1.0,309.0,1.0,0.0,3.0,0.0,0.0,0.0,0.0,4.0,3.0,1.0,1.0,0.0,30.0,0.9750432732076701,5.0,3.0,3.0,19.0,10.0,1.0,1280.0,800.0,1.0,0.0,1
40.0,0.0,0.0,0.0,3.0,1.0,1.0,10.0,2.0,0.2,3.318514565911361,0.0,0.0,59.0,42.0,0.0,1.0,0.0,1.0,0.0,0.0,0.0,0.0,335.0,1.0,0.0,5.0,1.0,1.0,1.0,0.0,1.0,3.0,1.0,1.0,1.0,37.0,0.1338996804676271,1.0,3.0,5.0,42.0,11.0,1.0,1280.0,800.0,10.0,0.0,1
47.0,1.0,2.0,0.0,3.0,3.0,0.0,12.0,0.0,0.0,3.377162592074869,0.0,0.0,55.0,11.0,1.0,1.0,0.0,1.0,1.0,0.0,0.0,1.0,242.0,1.0,6.0,10.0,1.0,0.0,0.0,0.0,12.0,3.0,0.0,0.0,1.0,21.0,0.96461137019763,7.0,5.0,10.0,40.0,0.0,1.0,1280.0,800.0,3.0,0.0,1
84.0,1.0,0.0,1.0,0.0,1.0,0.0,15.0,3.0,0.7822446024187352,2.7543907935623686,0.0,0.0,19.0,7.0,0.0,0.0,0.0,0.0,0.0,0.0,1.0,0.0,262.0,1.0,6.0,10.0,0.0,0.0,0.0,0.0,0.0,3.0,1.0,0.0,0.0,37.0,0.8457425855233649,2.0,1.0,10.0,52.0,0.0,1.0,1280.0,800.0,9.0,0.0,1
37.0,1.0,1.0,0.0,4.0,2.0,0.0,22.0,5.0,0.22727272727272727,2.9330572724362933,0.0,0.0,35.0,42.0,0.0,1.0,0.0,1.0,1.0,0.0,0.0,1.0,186.0,1.0,0.0,5.0,0.0,1.0,1.0,2.0,3.0,3.0,0.0,0.0,1.0,24.0,0.7185825152730658,6.0,4.0,5.0,93.0,11.0,1.0,1280.0,800.0,9.0,0.0,1
94.0,1.0,2.0,0.0,2.0,3.0,1.0,11.0,2.0,0.18181818181818182,3.1379303140082255,0.0,1.0,12.0,43.0,1.0,1.0,0.0,1.0,1.0,0.0,0.0,1.0,275.0,1.0,0.0,8.0,0.0,0.0,1.0,0.0,1.0,3.0,0.0,1.0,1.0,44.0,0.9338164502351454,1.0,2.0,8.0,19.0,11.0,1.0,1280.0,800.0,14.0,0.0,1
64.0,1.0,2.0,0.0,2.0,3.0,0.0,26.0,8.0,0.3076923076923077,3.703598551140809,0.0,0.0,42.0,13.0,0.0,1.0,0.0,1.0,1.0,0.0,0.0,1.0,330.0,1.0,0.0,6.0,1.0,1.0,0.0,0.0,1.0,1.0,1.0,0.0,1.0,26.0,0.8567482399474473,2.0,1.0,6.0,99.0,7.0,1.0,1280.0,800.0,14.0,0.0,1
41.0,1.0,0.0,1.0,0.0,1.0,0.0,15.0,3.0,0.7646624062193373,2.5510300704546314,0.0,0.0,46.0,28.0,0.0,0.0,0.0,0.0,1.0,0.0,0.0,1.0,245.0,2.0,0.0,9.0,1.0,0.0,0.0,0.0,1.0,1.0,1.0,0.0,1.0,19.0,0.9208207445312373,3.0,1.0,9.0,6.0,10.0,1.0,1280.0,800.0,2.0,0.0,1
86.0,1.0,0.0,1.0,0.0,1.0,0.0,15.0,3.0,0.7926866806891051,2.8561004256010967,0.0,1.0,55.0,40.0,0.0,0.0,0.0,0.0,1.0,0.0,0.0,1.0,78.0,1.0,0.0,3.0,0.0,0.0,0.0,0.0,3.0,3.0,1.0,0.0,0.0,37.0,0.9499710500720835,5.0,4.0,3.0,70.0,10.0,1.0,1280.0,800.0,14.0,0.0,1
89.0,1.0,1.0,0.0,2.0,2.0,0.0,21.0,0.0,0.0,3.602289198838153,1.0,2.0,39.0,43.0,0.0,1.0,0.0,1.0,0.0,0.0,0.0,0.0,173.0,2.0,0.0,10.0,1.0,1.0,0.0,0.0,3.0,1.0,1.0,1.0,1.0,37.0,0.7217058176980214,7.0,3.0,10.0,38.0,3.0,1.0,1280.0,800.0,10.0,0.0,1
35.0,1.0,1.0,0.0,1.0,2.0,0.0,20.0,0.0,0.0,3.6854199802425742,1.0,2.0,45.0,24.0,0.0,1.0,0.0,1.0,1.0,0.0,0.0,1.0,189.0,2.0,0.0,8.0,1.0,0.0,0.0,1.0,3.0,3.0,1.0,0.0,1.0,37.0,0.6444919246149541,1.0,5.0,8.0,58.0,12.0,1.0,1280.0,800.0,4.0,0.0,1
87.0,1.0,1.0,0.0,3.0,2.0,1.0,15.0,2.0,0.13333333333333333,3.2840646144318315,0.0,0.0,51.0,38.0,0.0,0.0,0.0,0.0,1.0,0.0,0.0,1.0,50.0,1.0,0.0,2.0,1.0,0.0,0.0,0.0,7.0,2.0,0.0,0.0,1.0,27.0,0.6544303171931867,1.0,4.0,2.0,73.0,8.0,1.0,1280.0,800.0,0.0,1.0,1
80.0,1.0,1.0,0.0,4.0,2.0,1.0,20.0,0.0,0.0,3.73573176771174,0.0,0.0,5.0,22.0,0.0,1.0,0.0,1.0,1.0,0.0,0.0,1.0,23.0,1.0,1.0,11.0,1.0,1.0,0.0,0.0,4.0,2.0,1.0,0.0,1.0,18.0,0.728490669507615,7.0,3.0,11.0,68.0,14.0,1.0,1280.0,800.0,14.0,0.0,1
54.0,0.0,2.0,0.0,4.0,3.0,1.0,13.0,8.0,0.6153846153846154,2.8308309615714546,0.0,0.0,10.0,13.0,0.0,0.0,0.0,0.0,0.0,0.0,0.0,0.0,65.0,2.0,6.0,5.0,0.0,0.0,2.0,1.0,3.0,3.0,0.0,1.0,1.0,26.0,0.23617123195900025,7.0,3.0,5.0,91.0,8.0,1.0,1280.0,800.0,13.0,0.0,1
83.0,0.0,2.0,0.0,2.0,3.0,0.0,24.0,5.0,0.20833333333333334,3.712290028033833,0.0,1.0,40.0,35.0,0.0,1.0,0.0,1.0,0.0,0.0,0.0,0.0,154.0,1.0,0.0,8.0,1.0,1.0,0.0,0.0,1.0,2.0,1.0,0.0,1.0,41.0,0.28637826775530734,4.0,4.0,8.0,104.0,6.0,1.0,1280.0,800.0,9.0,0.0,1
46.0,1.0,1.0,0.0,3.0,2.0,1.0,10.0,0.0,0.0,3.1328566740890085,0.0,0.0,21.0,15.0,0.0,0.0,0.0,0.0,1.0,0.0,0.0,1.0,219.0,1.0,0.0,5.0,1.0,1.0,0.0,0.0,11.0,1.0,0.0,1.0,1.0,36.0,0.9380140110693279,2.0,3.0,5.0,14.0,8.0,1.0,1280.0,800.0,7.0,1.0,1
87.0,1.0,0.0,0.0,3.0,1.0,0.0,26.0,13.0,0.6992167870356011,3.5317550847792267,0.0,2.0,32.0,5.0,0.0,0.0,0.0,0.0,1.0,0.0,0.0,1.0,211.0,1.0,1.0,2.0,1.0,0.0,1.0,0.0,4.0,1.0,0.0,0.0,1.0,16.0,0.7889831840311714,6.0,1.0,2.0,24.0,14.0,1.0,1280.0,800.0,10.0,1.0,1
89.0,1.0,1.0,0.0,2.0,2.0,1.0,10.0,8.0,0.8,3.2473057161656778,0.0,0.0,31.0,41.0,0.0,1.0,0.0,1.0,1.0,0.0,0.0,1.0,130.0,1.0,1.0,2.0,0.0,1.0,0.0,0.0,3.0,2.0,1.0,1.0,1.0,44.0,0.8775246837096042,7.0,4.0,2.0,73.0,3.0,0.0,1280.0,800.0,2.0,0.0,1
83.0,1.0,1.0,0.0,2.0,2.0,1.0,21.0,0.0,0.0,3.4384033495640045,0.0,0.0,49.0,43.0,0.0,0.0,0.0,0.0,0.0,0.0,1.0,0.0,120.0,1.0,1.0,3.0,1.0,1.0,1.0,0.0,4.0,4.0,0.0,1.0,1.0,40.0,0.9812983772969804,1.0,3.0,3.0,4.0,2.0,1.0,1280.0,800.0,11.0,0.0,1
47.0,1.0,0.0,1.0,0.0,1.0,0.0,15.0,3.0,0.7471293056814479,2.5230730146708087,0.0,0.0,15.0,4.0,0.0,0.0,0.0,0.0,1.0,0.0,0.0,1.0,32.0,1.0,6.0,1.0,0.0,1.0,0.0,0.0,3.0,1.0,0.0,1.0,1.0,15.0,0.9433199965708863,2.0,4.0,1.0,96.0,9.0,1.0,1280.0,800.0,6.0,1.0,1
68.0,1.0,2.0,0.0,1.0,3.0,0.0,22.0,0.0,0.0,3.449531527813746,0.0,2.0,32.0,26.0,0.0,1.0,0.0,1.0,1.0,0.0,0.0,1.0,244.0,1.0,0.0,2.0,1.0,1.0,0.0,1.0,0.0,2.0,0.0,1.0,1.0,32.0,0.6718438825020709,7.0,3.0,2.0,3.0,2.0,1.0,1280.0,800.0,5.0,1.0,1
70.0,1.0,0.0,0.0,2.0,1.0,1.0,10.0,5.0,0.5,3.044055630306432,0.0,0.0,6.0,38.0,0.0,1.0,0.0,1.0,1.0,0.0,0.0,1.0,185.0,1.0,6.0,3.0,1.0,1.0,0.0,0.0,0.0,1.0,0.0,0.0,1.0,7.0,0.8034620908377739,5.0,4.0,3.0,50.0,13.0,1.0,1280.0,800.0,2.0,0.0,1
93.0,1.0,0.0,1.0,0.0,1.0,0.0,15.0,3.0,0.7297315849845252,2.5250256453646998,0.0,2.0,18.0,12.0,0.0,1.0,0.0,1.0,1.0,0.0,0.0,1.0,339.0,1.0,0.0,1.0,1.0,1.0,1.0,0.0,0.0,2.0,0.0,0.0,1.0,27.0,0.8270080964800196,2.0,1.0,1.0,21.0,12.0,1.0,1280.0,800.0,5.0,0.0,1
49.0,0.0,1.0,0.0,2.0,2.0,0.0,17.0,0.0,0.0,3.5323252327495642,1.0,3.0,7.0,41.0,0.0,1.0,0.0,1.0,0.0,0.0,0.0,0.0,109.0,1.0,0.0,2.0,1.0,0.0,0.0,1.0,4.0,1.0,1.0,0.0,1.0,41.0,0.23342856467916198,6.0,1.0,2.0,30.0,8.0,1.0,1280.0,800.0,5.0,0.0,1
46.0,1.0,3.0,0.0,3.0,4.0,1.0,10.0,2.0,0.2,3.060800851467885,0.0,0.0,44.0,36.0,0.0,1.0,0.0,1.0,1.0,0.0,0.0,1.0,240.0,1.0,0.0,1.0,0.0,1.0,0.0,0.0,7.0,2.0,0.0,0.0,1.0,19.0,0.8866965734903214,1.0,3.0,1.0,30.0,3.0,1.0,1280.0,800.0,13.0,0.0,1
54.0,1.0,2.0,0.0,4.0,3.0,1.0,13.0,2.0,0.15384615384615385,3.169767141985892,0.0,3.0,20.0,28.0,0.0,1.0,0.0,1.0,1.0,0.0,0.0,1.0,92.0,1.0,0.0,11.0,0.0,0.0,0.0,0.0,0.0,2.0,0.0,1.0,0.0,18.0,0.8294074271931082,7.0,5.0,11.0,25.0,12.0,1.0,1280.0,800.0,0.0,0.0,1
79.0,1.0,2.0,0.0,1.0,3.0,0.0,10.0,2.0,0.2,2.8316371433825047,0.0,1.0,57.0,11.0,0.0,1.0,0.0,1.0,1.0,0.0,0.0,1.0,247.0,1.0,0.0,7.0,1.0,1.0,1.0,2.0,1.0,5.0,0.0,1.0,1.0,20.0,0.8650710206250248,4.0,2.0,7.0,80.0,8.0,1.0,1280.0,800.0,5.0,0.0,1
42.0,1.0,3.0,0.0,3.0,4.0,1.0,13.0,2.0,0.15384615384615385,3.033412078963858,0.0,0.0,15.0,2.0,0.0,1.0,0.0,1.0,1.0,0.0,0.0,1.0,226.0,1.0,1.0,10.0,0.0,0.0,0.0,1.0,2.0,1.0,1.0,1.0,1.0,30.0,0.6158483913635179,1.0,4.0,10.0,63.0,5.0,1.0,1280.0,800.0,13.0,0.0,1
53.0,0.0,2.0,0.0,4.0,3.0,0.0,14.0,0.0,0.0,3.8287851424601094,0.0,1.0,58.0,38.0,0.0,1.0,0.0,1.0,0.0,0.0,0.0,0.0,109.0,2.0,0.0,10.0,1.0,1.0,0.0,1.0,2.0,2.0,0.0,1.0,1.0,11.0,0.030729176345823315,5.0,4.0,10.0,4.0,14.0,1.0,1280.0,800.0,12.0,0.0,1
72.0,1.0,0.0,0.0,4.0,1.0,1.0,20.0,5.0,0.25,3.7739031117801343,0.0,0.0,20.0,0.0,0.0,1.0,0.0,1.0,1.0,0.0,0.0,1.0,92.0,1.0,0.0,4.0,1.0,1.0,1.0,0.0,2.0,4.0,1.0,1.0,1.0,6.0,0.688251238755289,4.0,2.0,4.0,112.0,10.0,1.0,1280.0,800.0,3.0,0.0,1
65.0,0.0,0.0,0.0,1.0,1.0,0.0,14.0,0.0,0.0,3.3188381851113924,1.0,1.0,11.0,30.0,0.0,1.0,0.0,1.0,0.0,0.0,0.0,0.0,251.0,2.0,1.0,11.0,1.0,1.0,0.0,0.0,2.0,1.0,1.0,0.0,1.0,34.0,0.29516016490522495,3.0,3.0,11.0,52.0,4.0,1.0,1280.0,800.0,6.0,0.0,1
85.0,0.0,1.0,0.0,1.0,2.0,1.0,24.0,2.0,0.08333333333333333,3.2044598144684464,0.0,0.0,21.0,18.0,0.0,0.0,0.0,0.0,0.0,0.0,0.0,0.0,15.0,1.0,0.0,6.0,1.0,1.0,0.0,0.0,1.0,4.0,1.0,1.0,1.0,18.0,0.2494982037026264,1.0,4.0,6.0,45.0,8.0,1.0,1280.0,800.0,1.0,0.0,1
83.0,1.0,0.0,0.0,2.0,1.0,1.0,19.0,5.0,0.2631578947368421,2.9614836889436793,0.0,0.0,12.0,24.0,0.0,1.0,0.0,1.0,0.0,1.0,1.0,0.0,277.0,1.0,0.0,3.0,1.0,0.0,1.0,0.0,14.0,1.0,0.0,0.0,1.0,34.0,0.643272277191057,5.0,1.0,3.0,36.0,7.0,1.0,1280.0,800.0,4.0,0.0,1
73.0,1.0,1.0,0.0,2.0,2.0,0.0,20.0,0.0,0.0,3.5847636264436673,1.0,0.0,29.0,9.0,0.0,1.0,0.0,1.0,0.0,0.0,0.0,0.0,124.0,1.0,1.0,4.0,1.0,0.0,1.0,0.0,3.0,2.0,0.0,0.0,1.0,8.0,0.9439131689490592,2.0,5.0,4.0,55.0,2.0,1.0,1280.0,800.0,9.0,0.0,1
54.0,1.0,1.0,0.0,3.0,2.0,0.0,23.0,10.0,0.48718370429687535,3.723490837096382,0.0,0.0,48.0,35.0,0.0,0.0,0.0,0.0,1.0,0.0,0.0,1.0,235.0,1.0,0.0,7.0,0.0,0.0,0.0,0.0,2.0,1.0,0.0,0.0,0.0,34.0,0.6102510927258251,2.0,3.0,7.0,111.0,10.0,1.0,1280.0,800.0,11.0,0.0,1
54.0,1.0,2.0,0.0,2.0,3.0,1.0,22.0,5.0,0.22727272727272727,3.201526984661708,0.0,2.0,44.0,30.0,0.0,0.0,0.0,0.0,1.0,0.0,0.0,1.0,159.0,1.0,1.0,10.0,1.0,0.0,0.0,1.0,2.0,3.0,1.0,1.0,1.0,36.0,0.8310043054819454,2.0,2.0,10.0,62.0,7.0,1.0,1280.0,800.0,3.0,0.0,1
50.0,1.0,0.0,1.0,0.0,1.0,0.0,15.0,3.0,0.7196968954201799,2.6631513206352433,0.0,0.0,29.0,23.0,0.0,0.0,0.0,0.0,1.0,0.0,0.0,1.0,80.0,1.0,0.0,10.0,1.0,1.0,0.0,0.0,0.0,1.0,1.0,1.0,1.0,32.0,0.909939963439029,4.0,3.0,10.0,90.0,1.0,1.0,1280.0,800.0,14.0,0.0,1
75.0,1.0,1.0,0.0,3.0,2.0,1.0,15.0,2.0,0.13333333333333333,3.6668432937545616,0.0,1.0,30.0,24.0,0.0,0.0,0.0,0.0,0.0,1.0,1.0,0.0,258.0,1.0,0.0,2.0,1.0,1.0,0.0,0.0,1.0,1.0,1.0,0.0,1.0,26.0,0.7295979009052405,3.0,4.0,2.0,74.0,2.0,1.0,1280.0,800.0,9.0,0.0,1
43.0,1.0,3.0,0.0,1.0,4.0,1.0,22.0,8.0,0.36363636363636365,3.197343844665408,0.0,0.0,18.0,39.0,0.0,1.0,0.0,1.0,1.0,0.0,0.0,1.0,167.0,1.0,0.0,6.0,0.0,0.0,1.0,0.0,9.0,1.0,0.0,0.0,1.0,20.0,0.8748571717536775,7.0,2.0,6.0,44.0,12.0,1.0,1280.0,800.0,4.0,0.0,1
83.0,0.0,1.0,0.0,0.0,2.0,0.0,15.0,8.0,0.5333333333333333,3.6751043662349283,0.0,2.0,59.0,43.0,0.0,1.0,0.0,1.0,0.0,0.0,0.0,0.0,72.0,1.0,1.0,1.0,1.0,1.0,0.0,0.0,2.0,1.0,0.0,0.0,1.0,29.0,0.18778697238202838,6.0,4.0,1.0,38.0,5.0,1.0,1280.0,800.0,10.0,1.0,1
73.0,1.0,3.0,0.0,4.0,4.0,0.0,11.0,2.0,0.18181818181818182,3.4801343138562055,0.0,0.0,40.0,44.0,0.0,1.0,0.0,1.0,0.0,0.0,0.0,0.0,60.0,1.0,0.0,6.0,1.0,1.0,0.0,0.0,3.0,1.0,1.0,0.0,1.0,43.0,0.6281714782616599,4.0,4.0,6.0,92.0,2.0,1.0,1280.0,800.0,11.0,1.0,1
69.0,1.0,2.0,0.0,2.0,3.0,0.0,22.0,0.0,0.0,3.4300122210806734,0.0,3.0,24.0,14.0,0.0,1.0,0.0,1.0,1.0,0.0,0.0,1.0,311.0,1.0,1.0,6.0,0.0,1.0,0.0,0.0,1.0,2.0,1.0,1.0,1.0,12.0,0.9679877409454687,5.0,4.0,6.0,114.0,11.0,1.0,1280.0,800.0,0.0,1.0,1
51.0,1.0,2.0,0.0,1.0,3.0,0.0,25.0,10.0,0.4,2.9950380049514234,0.0,0.0,51.0,36.0,0.0,1.0,0.0,1.0,1.0,0.0,0.0,1.0,41.0,1.0,0.0,6.0,1.0,1.0,1.0,0.0,4.0,3.0,1.0,0.0,1.0,27.0,0.85024150944697,6.0,2.0,6.0,97.0,6.0,1.0,1280.0,800.0,0.0,1.0,1
55.0,1.0,2.0,0.0,2.0,3.0,0.0,16.0,7.0,0.5012488178239856,3.903478854298143,0.0,1.0,23.0,14.0,0.0,1.0,0.0,1.0,0.0,0.0,1.0,0.0,102.0,2.0,0.0,10.0,1.0,1.0,0.0,0.0,1.0,1.0,1.0,0.0,1.0,35.0,0.6023274391907275,4.0,4.0,10.0,117.0,13.0,1.0,1280.0,800.0,10.0,0.0,1
48.0,1.0,0.0,0.0,2.0,1.0,0.0,17.0,0.0,0.0,3.1771266675245267,1.0,0.0,37.0,17.0,0.0,1.0,0.0,1.0,1.0,0.0,0.0,1.0,194.0,1.0,0.0,9.0,0.0,1.0,0.0,0.0,4.0,1.0,0.0,0.0,1.0,8.0,0.7925508190204626,6.0,5.0,9.0,118.0,6.0,1.0,1280.0,800.0,12.0,0.0,1
45.0,1.0,0.0,0.0,2.0,1.0,1.0,22.0,2.0,0.09090909090909091,3.055246948022695,0.0,0.0,26.0,16.0,0.0,0.0,0.0,0.0,1.0,0.0,0.0,1.0,335.0,2.0,1.0,1.0,1.0,1.0,0.0,0.0,4.0,3.0,0.0,1.0,1.0,35.0,0.6276077643573822,4.0,4.0,1.0,76.0,1.0,1.0,1280.0,800.0,2.0,0.0,1
38.0,1.0,0.0,0.0,2.0,1.0,0.0,17.0,0.0,0.0,3.5629178398627244,1.0,1.0,59.0,36.0,0.0,1.0,0.0,1.0,1.0,0.0,0.0,1.0,269.0,2.0,0.0,7.0,1.0,0.0,0.0,0.0,3.0,3.0,0.0,0.0,1.0,13.0,0.7344689118166764,6.0,5.0,7.0,23.0,3.0,1.0,1280.0,800.0,2.0,0.0,1
56.0,1.0,0.0,1.0,0.0,1.0,0.0,15.0,3.0,0.6431639345020113,3.0869661942762736,0.0,0.0,29.0,7.0,0.0,0.0,0.0,0.0,1.0,0.0,0.0,1.0,257.0,1.0,6.0,11.0,1.0,0.0,0.0,0.0,3.0,1.0,0.0,0.0,1.0,31.0,0.9607313108117908,1.0,5.0,11.0,20.0,13.0,1.0,1280.0,800.0,0.0,0.0,1
40.0,1.0,3.0,0.0,2.0,4.0,1.0,24.0,0.0,0.0,3.5571001494422334,0.0,0.0,38.0,20.0,0.0,1.0,0.0,1.0,1.0,0.0,0.0,1.0,275.0,1.0,0.0,1.0,1.0,1.0,0.0,1.0,4.0,2.0,1.0,1.0,1.0,23.0,0.6825237765493094,1.0,1.0,1.0,80.0,0.0,1.0,1280.0,800.0,4.0,0.0,1
73.0,1.0,2.0,0.0,3.0,3.0,0.0,21.0,2.0,0.09523809523809523,3.3412756240253176,0.0,0.0,8.0,1.0,0.0,0.0,0.0,0.0,1.0,0.0,0.0,1.0,141.0,1.0,0.0,4.0,1.0,0.0,0.0,1.0,3.0,3.0,1.0,0.0,1.0,16.0,0.6199803424579288,6.0,5.0,4.0,32.0,12.0,1.0,1280.0,800.0,2.0,0.0,1
70.0,1.0,1.0,0.0,4.0,2.0,0.0,18.0,0.0,0.0,3.0614119530577035,0.0,0.0,39.0,21.0,0.0,1.0,0.0,1.0,1.0,0.0,0.0,1.0,152.0,1.0,0.0,9.0,1.0,0.0,0.0,1.0,1.0,1.0,1.0,1.0,1.0,18.0,0.7695677921741761,2.0,2.0,9.0,3.0,0.0,1.0,1280.0,800.0,7.0,0.0,1
77.0,1.0,1.0,0.0,2.0,2.0,1.0,19.0,2.0,0.10526315789473684,2.869018205415088,0.0,0.0,32.0,31.0,0.0,0.0,0.0,0.0,1.0,0.0,0.0,1.0,219.0,1.0,6.0,2.0,1.0,1.0,1.0,0.0,3.0,2.0,1.0,1.0,1.0,29.0,0.6744719354909736,1.0,2.0,2.0,78.0,7.0,1.0,1280.0,800.0,0.0,0.0,1
47.0,0.0,2.0,0.0,2.0,3.0,1.0,22.0,8.0,0.36363636363636365,3.755361202005866,0.0,2.0,16.0,41.0,0.0,1.0,0.0,1.0,0.0,0.0,0.0,0.0,211.0,1.0,1.0,4.0,0.0,1.0,0.0,0.0,4.0,2.0,1.0,1.0,1.0,36.0,0.07133308292993044,4.0,5.0,4.0,107.0,14.0,1.0,1280.0,800.0,6.0,0.0,1
73.0,1.0,0.0,0.0,1.0,1.0,0.0,14.0,0.0,0.0,3.664827492463809,1.0,3.0,49.0,17.0,0.0,1.0,0.0,1.0,1.0,0.0,0.0,1.0,43.0,1.0,0.0,5.0,0.0,1.0,0.0,0.0,4.0,3.0,1.0,0.0,1.0,42.0,0.9242949806675311,2.0,4.0,5.0,98.0,10.0,1.0,1280.0,800.0,3.0,1.0,1
82.0,1.0,1.0,0.0,1.0,2.0,1.0,25.0,5.0,0.2,3.222958570855755,0.0,0.0,7.0,43.0,1.0,1.0,0.0,1.0,1.0,0.0,0.0,1.0,154.0,1.0,1.0,4.0,1.0,1.0,0.0,0.0,4.0,2.0,1.0,0.0,1.0,18.0,0.7202162830222801,2.0,4.0,4.0,64.0,3.0,1.0,1280.0,800.0,12.0,0.0,1
86.0,0.0,1.0,0.0,2.0,2.0,1.0,17.0,10.0,0.5882352941176471,3.078695305484968,0.0,1.0,55.0,34.0,0.0,1.0,0.0,1.0,0.0,0.0,0.0,0.0,134.0,1.0,0.0,9.0,1.0,1.0,0.0,0.0,3.0,2.0,1.0,0.0,1.0,32.0,0.007415210882795242,6.0,5.0,9.0,51.0,10.0,1.0,1280.0,800.0,2.0,0.0,1
76.0,1.0,2.0,0.0,3.0,3.0,0.0,12.0,2.0,0.16666666666666666,3.305543577604464,0.0,0.0,44.0,32.0,0.0,1.0,0.0,1.0,1.0,0.0,0.0,1.0,19.0,1.0,1.0,10.0,1.0,1.0,2.0,1.0,1.0,5.0,0.0,0.0,1.0,32.0,0.6716229843969918,2.0,3.0,10.0,93.0,12.0,1.0,1280.0,800.0,12.0,0.0,1
77.0,1.0,2.0,0.0,2.0,3.0,0.0,25.0,8.0,0.3688750482355367,3.6123985441386903,0.0,1.0,37.0,14.0,0.0,1.0,0.0,1.0,1.0,0.0,0.0,1.0,308.0,2.0,0.0,10.0,1.0,0.0,0.0,0.0,4.0,2.0,0.0,0.0,1.0,37.0,0.6311651607787122,5.0,3.0,10.0,57.0,10.0,1.0,1280.0,800.0,10.0,0.0,1
38.0,1.0,1.0,0.0,1.0,2.0,1.0,21.0,5.0,0.23809523809523808,3.190954862296582,0.0,0.0,51.0,15.0,0.0,0.0,0.0,0.0,1.0,0.0,0.0,1.0,304.0,1.0,0.0,6.0,0.0,0.0,1.0,0.0,3.0,3.0,1.0,1.0,1.0,31.0,0.7019750978732234,6.0,5.0,6.0,1.0,9.0,1.0,1280.0,800.0,4.0,0.0,1
53.0,1.0,0.0,1.0,0.0,1.0,0.0,15.0,3.0,0.6036556674292907,2.8780459935445593,0.0,0.0,14.0,39.0,0.0,0.0,0.0,0.0,1.0,0.0,0.0,1.0,72.0,1.0,0.0,1.0,0.0,1.0,1.0,0.0,2.0,2.0,1.0,0.0,1.0,11.0,0.7063765708663502,3.0,4.0,1.0,82.0,14.0,1.0,1280.0,800.0,11.0,1.0,1
65.0,0.0,0.0,0.0,1.0,1.0,0.0,24.0,5.0,0.20833333333333334,3.4858461732205557,0.0,1.0,52.0,34.0,0.0,1.0,0.0,1.0,0.0,0.0,0.0,0.0,72.0,1.0,0.0,5.0,0.0,0.0,0.0,0.0,12.0,2.0,0.0,1.0,0.0,37.0,0.1733889784873442,6.0,1.0,5.0,15.0,2.0,0.0,1280.0,800.0,7.0,0.0,1
54.0,0.0,1.0,0.0,4.0,2.0,0.0,12.0,0.0,0.0,3.691515711235514,0.0,1.0,10.0,9.0,0.0,1.0,0.0,1.0,0.0,0.0,0.0,0.0,56.0,1.0,6.0,4.0,1.0,1.0,0.0,0.0,3.0,2.0,1.0,0.0,1.0,7.0,0.22524920049936897,7.0,3.0,4.0,102.0,4.0,1.0,1280.0,800.0,6.0,0.0,1
75.0,1.0,0.0,0.0,3.0,1.0,0.0,11.0,5.0,0.45454545454545453,3.093528320030212,0.0,1.0,16.0,16.0,0.0,1.0,0.0,1.0,1.0,0.0,0.0,1.0,265.0,2.0,1.0,5.0,0.0,0.0,0.0,0.0,2.0,1.0,1.0,1.0,0.0,39.0,0.627460452035109,5.0,1.0,5.0,94.0,12.0,1.0,1280.0,800.0,9.0,0.0,1
38.0,1.0,2.0,0.0,3.0,3.0,1.0,19.0,12.0,0.581993768742179,3.9767690710823884,0.0,0.0,19.0,43.0,0.0,1.0,0.0,1.0,1.0,0.0,0.0,1.0,158.0,1.0,0.0,9.0,1.0,0.0,0.0,1.0,1.0,2.0,1.0,1.0,1.0,26.0,0.973960090584921,3.0,2.0,9.0,113.0,3.0,1.0,1280.0,800.0,13.0,0.0,1
61.0,1.0,1.0,0.0,2.0,2.0,1.0,12.0,0.0,0.0,3.165535574545185,0.0,0.0,34.0,17.0,0.0,0.0,0.0,0.0,0.0,0.0,0.0,0.0,341.0,1.0,0.0,9.0,0.0,1.0,1.0,1.0,4.0,2.0,0.0,0.0,1.0,27.0,0.6526293041453709,5.0,2.0,9.0,101.0,13.0,1.0,1280.0,800.0,14.0,0.0,1
94.0,0.0,0.0,0.0,1.0,1.0,1.0,11.0,2.0,0.18181818181818182,3.3948187553978957,0.0,2.0,50.0,9.0,0.0,1.0,0.0,1.0,0.0,0.0,0.0,0.0,241.0,1.0,0.0,7.0,0.0,1.0,0.0,0.0,1.0,1.0,1.0,1.0,1.0,40.0,0.24240342451767044,1.0,3.0,7.0,111.0,4.0,1.0,1280.0,800.0,3.0,0.0,1
47.0,1.0,2.0,0.0,3.0,3.0,1.0,16.0,8.0,0.5,2.8638956590791187,0.0,0.0,58.0,32.0,0.0,0.0,0.0,0.0,1.0,0.0,0.0,1.0,172.0,1.0,6.0,7.0,1.0,0.0,0.0,0.0,4.0,3.0,0.0,0.0,1.0,36.0,0.8295109880861999,2.0,5.0,7.0,45.0,3.0,1.0,1280.0,800.0,5.0,0.0,1
68.0,1.0,2.0,0.0,2.0,3.0,1.0,16.0,5.0,0.3125,3.0510299683818207,0.0,3.0,52.0,31.0,0.0,1.0,0.0,1.0,1.0,0.0,0.0,1.0,332.0,1.0,1.0,5.0,0.0,1.0,1.0,0.0,4.0,3.0,1.0,0.0,1.0,32.0,0.7437588329149226,1.0,2.0,5.0,115.0,10.0,1.0,1280.0,800.0,2.0,0.0,1
51.0,1.0,0.0,1.0,0.0,1.0,0.0,15.0,3.0,0.664013046750595,2.931417388522193,0.0,3.0,30.0,23.0,1.0,0.0,0.0,0.0,1.0,0.0,0.0,1.0,288.0,1.0,0.0,4.0,1.0,1.0,0.0,1.0,0.0,2.0,0.0,0.0,1.0,42.0,0.6635172035230478,5.0,3.0,4.0,82.0,7.0,1.0,1280.0,800.0,14.0,1.0,1
36.0,0.0,0.0,0.0,3.0,1.0,0.0,16.0,0.0,0.0,3.574967252851992,0.0,0.0,22.0,17.0,0.0,1.0,0.0,1.0,0.0,0.0,0.0,0.0,265.0,1.0,1.0,4.0,1.0,1.0,0.0,0.0,0.0,1.0,0.0,1.0,1.0,25.0,0.08015349191114997,2.0,3.0,4.0,22.0,2.0,1.0,1280.0,800.0,11.0,0.0,1
87.0,1.0,1.0,0.0,4.0,2.0,1.0,20.0,0.0,0.0,3.43832340174374,0.0,0.0,7.0,7.0,0.0,0.0,0.0,0.0,0.0,1.0,1.0,0.0,48.0,1.0,0.0,1.0,0.0,0.0,1.0,2.0,4.0,2.0,0.0,1.0,1.0,7.0,0.7153331621884187,2.0,4.0,1.0,112.0,12.0,1.0,1280.0,800.0,7.0,1.0,1
37.0,0.0,2.0,0.0,1.0,3.0,1.0,10.0,0.0,0.0,3.883435523753683,0.0,0.0,33.0,3.0,0.0,0.0,0.0,0.0,0.0,0.0,0.0,0.0,179.0,1.0,0.0,5.0,1.0,0.0,0.0,0.0,0.0,1.0,0.0,1.0,1.0,12.0,0.15989736782421152,7.0,5.0,5.0,14.0,14.0,1.0,1280.0,800.0,11.0,0.0,1
46.0,1.0,0.0,0.0,2.0,1.0,0.0,15.0,0.0,0.0,3.6325431686845997,1.0,0.0,52.0,32.0,0.0,1.0,0.0,1.0,1.0,0.0,0.0,1.0,116.0,1.0,1.0,6.0,0.0,0.0,0.0,0.0,1.0,1.0,0.0,1.0,0.0,10.0,0.7384497893938992,5.0,1.0,6.0,21.0,13.0,1.0,1280.0,800.0,12.0,0.0,1
51.0,1.0,0.0,0.0,3.0,1.0,0.0,23.0,0.0,0.0,3.7690421736703366,0.0,1.0,33.0,33.0,0.0,0.0,0.0,0.0,1.0,0.0,0.0,1.0,90.0,1.0,1.0,4.0,1.0,1.0,1.0,0.0,3.0,2.0,0.0,0.0,1.0,19.0,0.9638922327082572,5.0,1.0,4.0,3.0,7.0,1.0,1280.0,800.0,6.0,0.0,1
57.0,1.0,0.0,0.0,3.0,1.0,1.0,24.0,2.0,0.08333333333333333,2.8158099772701655,0.0,0.0,52.0,13.0,0.0,1.0,0.0,1.0,1.0,0.0,0.0,1.0,196.0,2.0,0.0,6.0,0.0,0.0,1.0,0.0,0.0,1.0,1.0,1.0,1.0,29.0,0.8978134601488956,5.0,5.0,6.0,89.0,3.0,1.0,1280.0,800.0,9.0,0.0,1
55.0,1.0,2.0,0.0,2.0,3.0,1.0,16.0,8.0,0.5,3.10089542727474,0.0,2.0,17.0,6.0,0.0,1.0,0.0,1.0,1.0,0.0,0.0,1.0,338.0,2.0,0.0,8.0,1.0,1.0,1.0,0.0,3.0,3.0,0.0,0.0,1.0,10.0,0.753245215215652,5.0,2.0,8.0,54.0,2.0,1.0,1280.0,800.0,11.0,0.0,1
36.0,1.0,1.0,0.0,3.0,2.0,1.0,21.0,0.0,0.0,3.587783778572433,0.0,2.0,32.0,20.0,0.0,1.0,0.0,1.0,1.0,0.0,0.0,1.0,36.0,1.0,1.0,8.0,1.0,1.0,0.0,1.0,0.0,3.0,1.0,0.0,1.0,41.0,0.6497370389572947,2.0,3.0,8.0,87.0,7.0,0.0,1280.0,800.0,5.0,0.0,1
81.0,1.0,2.0,0.0,2.0,3.0,1.0,17.0,8.0,0.47058823529411764,3.824146904222301,0.0,0.0,54.0,26.0,0.0,1.0,0.0,1.0,1.0,0.0,0.0,1.0,63.0,1.0,0.0,2.0,1.0,1.0,0.0,0.0,2.0,4.0,0.0,0.0,1.0,15.0,0.9633451695733983,2.0,5.0,2.0,89.0,1.0,1.0,1280.0,800.0,8.0,0.0,1
80.0,1.0,2.0,0.0,1.0,3.0,0.0,15.0,8.0,0.5333333333333333,3.0963759072485186,0.0,0.0,46.0,21.0,0.0,1.0,0.0,1.0,1.0,0.0,0.0,1.0,45.0,1.0,1.0,9.0,1.0,1.0,0.0,1.0,4.0,1.0,0.0,0.0,1.0,37.0,0.8966269432827685,5.0,3.0,9.0,73.0,2.0,1.0,1280.0,800.0,12.0,0.0,1
71.0,1.0,2.0,0.0,2.0,3.0,0.0,23.0,0.0,0.0,3.3118463913408753,0.0,2.0,42.0,16.0,0.0,1.0,0.0,1.0,1.0,0.0,0.0,1.0,271.0,1.0,1.0,11.0,1.0,1.0,0.0,0.0,3.0,1.0,0.0,0.0,1.0,42.0,0.9122336507759269,7.0,1.0,11.0,9.0,5.0,1.0,1280.0,800.0,8.0,0.0,1
69.0,1.0,1.0,0.0,1.0,2.0,0.0,20.0,5.0,0.25,3.151574427383027,0.0,2.0,26.0,26.0,0.0,1.0,0.0,1.0,1.0,0.0,0.0,1.0,76.0,1.0,0.0,6.0,1.0,1.0,0.0,0.0,14.0,3.0,1.0,0.0,1.0,17.0,0.9545845631681894,5.0,3.0,6.0,114.0,7.0,1.0,1280.0,800.0,10.0,0.0,1
38.0,1.0,0.0,0.0,1.0,1.0,0.0,13.0,0.0,0.0,3.0743162231205226,0.0,0.0,46.0,30.0,1.0,1.0,0.0,1.0,1.0,0.0,0.0,1.0,196.0,1.0,0.0,9.0,0.0,1.0,0.0,0.0,8.0,3.0,0.0,0.0,1.0,22.0,0.7157905635945292,4.0,1.0,9.0,22.0,5.0,1.0,1280.0,800.0,10.0,0.0,1
91.0,1.0,3.0,0.0,2.0,4.0,1.0,20.0,5.0,0.25,3.112745633412157,0.0,0.0,44.0,30.0,0.0,0.0,0.0,0.0,1.0,0.0,0.0,1.0,228.0,1.0,6.0,2.0,1.0,0.0,1.0,0.0,1.0,2.0,1.0,0.0,1.0,42.0,0.8443255721314658,1.0,4.0,2.0,88.0,5.0,1.0,1280.0,800.0,10.0,1.0,1
70.0,1.0,0.0,0.0,2.0,1.0,0.0,16.0,2.0,0.125,3.198788371751441,0.0,1.0,56.0,0.0,0.0,1.0,0.0,1.0,1.0,0.0,0.0,1.0,291.0,1.0,0.0,1.0,0.0,0.0,0.0,0.0,12.0,2.0,0.0,0.0,0.0,23.0,0.8848809488206113,3.0,1.0,1.0,76.0,9.0,1.0,1280.0,800.0,8.0,0.0,1
85.0,1.0,1.0,0.0,2.0,2.0,1.0,23.0,10.0,0.43478260869565216,3.1749236627726645,0.0,1.0,11.0,11.0,0.0,1.0,0.0,1.0,1.0,0.0,0.0,1.0,320.0,2.0,0.0,2.0,1.0,1.0,0.0,0.0,4.0,4.0,0.0,1.0,1.0,6.0,0.716074385151558,3.0,2.0,2.0,101.0,4.0,0.0,1280.0,800.0,2.0,0.0,1
70.0,1.0,1.0,0.0,4.0,2.0,0.0,17.0,2.0,0.11764705882352941,2.853394071218947,0.0,0.0,8.0,32.0,0.0,0.0,0.0,0.0,1.0,0.0,0.0,1.0,160.0,1.0,0.0,7.0,1.0,1.0,1.0,0.0,3.0,2.0,0.0,0.0,1.0,30.0,0.7636619527649088,1.0,1.0,7.0,34.0,5.0,1.0,1280.0,800.0,13.0,0.0,1
87.0,0.0,0.0,1.0,0.0,1.0,0.0,15.0,3.0,0.6194150452212575,2.6080253685087627,0.0,0.0,55.0,33.0,1.0,1.0,0.0,1.0,0.0,0.0,0.0,0.0,81.0,1.0,0.0,5.0,0.0,1.0,0.0,0.0,0.0,3.0,0.0,1.0,1.0,22.0,0.18985769016661055,3.0,5.0,5.0,97.0,5.0,1.0,1280.0,800.0,0.0,0.0,1
38.0,1.0,1.0,0.0,3.0,2.0,0.0,18.0,8.0,0.4444444444444444,3.208873273680232,0.0,0.0,48.0,19.0,1.0,1.0,0.0,1.0,1.0,0.0,0.0,1.0,300.0,1.0,0.0,3.0,1.0,1.0,1.0,0.0,6.0,2.0,0.0,1.0,1.0,20.0,0.9898245913613171,3.0,4.0,3.0,105.0,9.0,1.0,1280.0,800.0,5.0,0.0,1
87.0,0.0,0.0,0.0,4.0,1.0,0.0,12.0,0.0,0.0,3.3845256712583107,0.0,0.0,50.0,31.0,0.0,0.0,0.0,0.0,0.0,0.0,0.0,0.0,339.0,1.0,0.0,1.0,1.0,0.0,0.0,1.0,3.0,3.0,1.0,1.0,1.0,39.0,0.18099740661050936,6.0,2.0,1.0,48.0,5.0,1.0,1280.0,800.0,8.0,0.0,1
45.0,1.0,0.0,1.0,0.0,1.0,0.0,15.0,3.0,0.7384913924789797,2.62415727747202,0.0,0.0,10.0,20.0,0.0,1.0,0.0,1.0,1.0,0.0,0.0,1.0,216.0,1.0,1.0,10.0,0.0,0.0,0.0,0.0,0.0,3.0,0.0,0.0,0.0,39.0,0.8028173762042004,2.0,1.0,10.0,82.0,11.0,1.0,1280.0,800.0,12.0,0.0,1
84.0,1.0,3.0,0.0,1.0,4.0,1.0,16.0,5.0,0.3125,3.647220707542492,0.0,0.0,53.0,41.0,0.0,0.0,0.0,0.0,1.0,0.0,0.0,1.0,215.0,1.0,0.0,3.0,1.0,1.0,0.0,0.0,2.0,1.0,1.0,1.0,1.0,12.0,0.7404651416218804,3.0,3.0,3.0,7.0,1.0,1.0,1280.0,800.0,2.0,0.0,1
75.0,0.0,2.0,0.0,2.0,3.0,1.0,13.0,5.0,0.38461538461538464,3.771681904769449,0.0,0.0,18.0,25.0,0.0,1.0,0.0,1.0,0.0,0.0,0.0,0.0,196.0,2.0,0.0,6.0,1.0,1.0,0.0,0.0,4.0,2.0,0.0,1.0,1.0,32.0,0.009400730133336187,4.0,1.0,6.0,76.0,8.0,1.0,1280.0,800.0,1.0,0.0,1
76.0,0.0,1.0,0.0,2.0,2.0,0.0,18.0,10.0,0.5555555555555556,2.917067919287532,0.0,0.0,10.0,14.0,0.0,1.0,0.0,1.0,0.0,0.0,0.0,0.0,330.0,1.0,1.0,9.0,1.0,1.0,1.0,1.0,0.0,1.0,0.0,1.0,1.0,24.0,0.2082429142876401,3.0,2.0,9.0,66.0,3.0,1.0,1280.0,800.0,3.0,0.0,1
50.0,1.0,0.0,1.0,0.0,1.0,0.0,15.0,3.0,0.6843063776904413,2.7056289682776664,0.0,0.0,46.0,13.0,0.0,0.0,0.0,0.0,1.0,0.0,0.0,1.0,188.0,1.0,0.0,6.0,1.0,1.0,1.0,0.0,4.0,1.0,0.0,0.0,1.0,35.0,0.6896047278976402,6.0,5.0,6.0,109.0,5.0,1.0,1280.0,800.0,2.0,0.0,1
62.0,1.0,0.0,1.0,0.0,1.0,0.0,15.0,3.0,0.6925398341235919,2.8651442347026435,0.0,0.0,6.0,15.0,0.0,0.0,0.0,0.0,1.0,0.0,0.0,1.0,107.0,1.0,0.0,3.0,1.0,0.0,0.0,0.0,0.0,1.0,0.0,1.0,1.0,15.0,0.7289039338805776,5.0,5.0,3.0,26.0,12.0,1.0,1280.0,800.0,11.0,0.0,1
53.0,1.0,0.0,1.0,0.0,1.0,0.0,15.0,3.0,0.7725148683157046,3.013762091302059,0.0,2.0,49.0,43.0,0.0,0.0,0.0,0.0,1.0,0.0,0.0,1.0,96.0,1.0,0.0,1.0,1.0,0.0,0.0,0.0,3.0,2.0,0.0,1.0,1.0,27.0,0.8314188932744205,2.0,1.0,1.0,9.0,1.0,1.0,1280.0,800.0,10.0,0.0,1
80.0,1.0,1.0,0.0,1.0,2.0,1.0,18.0,0.0,0.0,3.3843840255691577,0.0,0.0,6.0,39.0,0.0,1.0,0.0,1.0,1.0,0.0,0.0,1.0,102.0,1.0,1.0,1.0,1.0,1.0,0.0,0.0,1.0,2.0,1.0,1.0,1.0,13.0,0.8433119083613584,2.0,1.0,1.0,48.0,8.0,1.0,1280.0,800.0,11.0,0.0,1
72.0,1.0,1.0,0.0,2.0,2.0,1.0,16.0,5.0,0.3125,3.2893015427598207,0.0,0.0,29.0,22.0,0.0,0.0,0.0,0.0,1.0,0.0,0.0,1.0,263.0,1.0,0.0,3.0,0.0,0.0,0.0,0.0,12.0,3.0,1.0,0.0,0.0,32.0,0.8665259997761885,6.0,2.0,3.0,37.0,14.0,1.0,1280.0,800.0,1.0,0.0,1
66.0,0.0,2.0,0.0,0.0,3.0,0.0,12.0,10.0,0.8333333333333334,3.3132046165857947,0.0,0.0,56.0,32.0,0.0,1.0,0.0,1.0,0.0,0.0,0.0,0.0,43.0,1.0,6.0,9.0,1.0,0.0,0.0,0.0,2.0,3.0,0.0,1.0,1.0,36.0,0.006691247916029408,3.0,1.0,9.0,97.0,1.0,1.0,1280.0,800.0,13.0,0.0,1
64.0,0.0,0.0,1.0,0.0,1.0,0.0,15.0,3.0,0.735195716307693,2.902961855105629,0.0,2.0,37.0,44.0,0.0,1.0,0.0,1.0,0.0,0.0,0.0,0.0,19.0,2.0,0.0,8.0,0.0,1.0,0.0,1.0,0.0,1.0,0.0,0.0,1.0,28.0,0.06069157423659379,5.0,4.0,8.0,33.0,2.0,1.0,1280.0,800.0,10.0,0.0,1
44.0,1.0,1.0,0.0,2.0,2.0,1.0,17.0,7.0,0.5886854226375573,4.112831143747521,0.0,0.0,14.0,44.0,0.0,1.0,0.0,1.0,1.0,0.0,0.0,1.0,332.0,1.0,1.0,1.0,1.0,0.0,0.0,0.0,0.0,2.0,1.0,0.0,1.0,13.0,0.8629675830898944,5.0,3.0,1.0,32.0,5.0,1.0,1280.0,800.0,7.0,0.0,1
56.0,1.0,1.0,0.0,1.0,2.0,0.0,18.0,8.0,0.4444444444444444,3.457683602106046,0.0,2.0,57.0,18.0,0.0,1.0,0.0,1.0,1.0,0.0,0.0,1.0,200.0,1.0,1.0,9.0,0.0,1.0,0.0,0.0,8.0,2.0,0.0,0.0,1.0,38.0,0.7424751425184077,7.0,5.0,9.0,29.0,5.0,1.0,1280.0,800.0,13.0,0.0,1
65.0,1.0,0.0,1.0,0.0,1.0,0.0,15.0,3.0,0.780679753670406,2.5280536488331165,0.0,0.0,57.0,22.0,0.0,1.0,0.0,1.0,1.0,0.0,0.0,1.0,89.0,1.0,1.0,4.0,0.0,0.0,0.0,1.0,3.0,2.0,0.0,0.0,1.0,24.0,0.964054780853861,5.0,2.0,4.0,7.0,6.0,1.0,1280.0,800.0,14.0,0.0,1
94.0,1.0,0.0,1.0,0.0,1.0,0.0,15.0,3.0,0.6204855460963385,2.918682860346295,0.0,0.0,37.0,21.0,0.0,0.0,0.0,0.0,1.0,0.0,0.0,1.0,165.0,1.0,0.0,7.0,1.0,1.0,1.0,0.0,2.0,1.0,0.0,1.0,1.0,12.0,0.6104149953251536,7.0,1.0,7.0,103.0,14.0,1.0,1280.0,800.0,8.0,0.0,1
65.0,1.0,2.0,0.0,1.0,3.0,0.0,19.0,6.0,0.3750341627101768,4.141982018826035,0.0,0.0,11.0,22.0,0.0,0.0,0.0,0.0,1.0,0.0,0.0,1.0,165.0,1.0,1.0,11.0,0.0,0.0,1.0,0.0,4.0,1.0,1.0,1.0,1.0,27.0,0.8713271606257424,2.0,2.0,11.0,114.0,0.0,1.0,1280.0,800.0,14.0,0.0,1
75.0,1.0,2.0,0.0,2.0,3.0,1.0,13.0,2.0,0.15384615384615385,3.561276347090268,0.0,0.0,26.0,43.0,1.0,1.0,0.0,1.0,1.0,0.0,0.0,1.0,16.0,1.0,6.0,6.0,0.0,0.0,2.0,1.0,4.0,3.0,0.0,0.0,1.0,28.0,0.757228689768772,4.0,2.0,6.0,71.0,14.0,1.0,1280.0,800.0,14.0,0.0,1
35.0,1.0,1.0,0.0,4.0,2.0,1.0,14.0,0.0,0.0,3.5437268584716906,0.0,2.0,54.0,14.0,0.0,0.0,0.0,0.0,1.0,0.0,0.0,1.0,322.0,1.0,1.0,10.0,1.0,1.0,0.0,0.0,4.0,2.0,1.0,1.0,1.0,7.0,0.8505496060142026,6.0,3.0,10.0,32.0,4.0,1.0,1280.0,800.0,13.0,1.0,1
92.0,0.0,1.0,0.0,1.0,2.0,0.0,21.0,0.0,0.0,3.3359398207559705,1.0,1.0,38.0,17.0,0.0,1.0,0.0,1.0,0.0,0.0,0.0,0.0,318.0,2.0,0.0,4.0,1.0,0.0,0.0,0.0,4.0,3.0,0.0,0.0,1.0,36.0,0.028888528169717598,1.0,1.0,4.0,14.0,9.0,1.0,1280.0,800.0,9.0,0.0,1
83.0,1.0,2.0,0.0,1.0,3.0,0.0,13.0,8.0,0.6153846153846154,3.8330515798519627,0.0,1.0,20.0,34.0,0.0,1.0,0.0,1.0,1.0,0.0,0.0,1.0,81.0,1.0,1.0,3.0,1.0,1.0,0.0,0.0,4.0,4.0,0.0,0.0,1.0,28.0,0.6522852573987105,2.0,5.0,3.0,94.0,2.0,1.0,1280.0,800.0,0.0,0.0,1
68.0,1.0,3.0,0.0,1.0,4.0,0.0,18.0,0.0,0.0,3.234838375587795,0.0,0.0,44.0,33.0,0.0,1.0,0.0,1.0,1.0,0.0,0.0,1.0,335.0,1.0,1.0,9.0,1.0,1.0,0.0,0.0,3.0,1.0,1.0,1.0,1.0,10.0,0.8909349670506077,1.0,4.0,9.0,97.0,13.0,1.0,1280.0,800.0,11.0,0.0,1
43.0,1.0,0.0,1.0,0.0,1.0,0.0,15.0,3.0,0.6635552618889247,2.944122409746762,0.0,0.0,47.0,39.0,0.0,0.0,0.0,0.0,1.0,0.0,0.0,1.0,281.0,2.0,0.0,8.0,0.0,1.0,0.0,0.0,1.0,2.0,0.0,0.0,1.0,33.0,0.8135750157664158,5.0,4.0,8.0,33.0,3.0,1.0,1280.0,800.0,11.0,0.0,1
54.0,1.0,2.0,0.0,1.0,3.0,1.0,12.0,0.0,0.0,3.440869774989187,0.0,0.0,51.0,26.0,0.0,1.0,0.0,1.0,1.0,0.0,0.0,1.0,63.0,1.0,0.0,6.0,1.0,1.0,1.0,0.0,0.0,2.0,0.0,1.0,1.0,10.0,0.6542974662458867,7.0,2.0,6.0,20.0,11.0,1.0,1280.0,800.0,9.0,0.0,1
57.0,0.0,1.0,0.0,2.0,2.0,1.0,18.0,2.0,0.1111111111111111,3.5753101137061014,0.0,0.0,55.0,17.0,0.0,1.0,0.0,1.0,0.0,0.0,0.0,0.0,262.0,1.0,0.0,11.0,0.0,0.0,0.0,0.0,12.0,3.0,0.0,0.0,0.0,33.0,0.2618998137337209,4.0,4.0,11.0,48.0,1.0,1.0,1280.0,800.0,3.0,0.0,1
85.0,1.0,0.0,0.0,4.0,1.0,1.0,11.0,5.0,0.45454545454545453,3.3930069187179037,0.0,0.0,35.0,33.0,0.0,0.0,0.0,0.0,1.0,0.0,0.0,1.0,145.0,1.0,1.0,4.0,1.0,1.0,0.0,0.0,1.0,2.0,1.0,1.0,1.0,20.0,0.9597941276351623,1.0,3.0,4.0,24.0,8.0,1.0,1280.0,800.0,0.0,0.0,1
75.0,1.0,1.0,0.0,0.0,2.0,1.0,13.0,0.0,0.0,3.02972829491624,0.0,0.0,40.0,17.0,0.0,1.0,0.0,1.0,1.0,0.0,0.0,1.0,295.0,1.0,1.0,7.0,1.0,0.0,0.0,0.0,0.0,3.0,0.0,0.0,1.0,21.0,0.8022073138715239,7.0,2.0,7.0,85.0,9.0,1.0,1280.0,800.0,7.0,0.0,1
51.0,0.0,3.0,0.0,1.0,4.0,0.0,21.0,5.0,0.23809523809523808,2.9348290271122006,0.0,0.0,11.0,18.0,0.0,1.0,0.0,1.0,0.0,0.0,0.0,0.0,285.0,1.0,0.0,1.0,1.0,1.0,0.0,0.0,1.0,1.0,0.0,1.0,1.0,12.0,0.01505456869045253,3.0,1.0,1.0,14.0,1.0,1.0,1280.0,800.0,11.0,1.0,1
84.0,0.0,0.0,0.0,1.0,1.0,0.0,14.0,0.0,0.0,3.368436664671253,1.0,0.0,30.0,18.0,0.0,1.0,0.0,1.0,0.0,0.0,0.0,0.0,36.0,1.0,0.0,11.0,0.0,1.0,0.0,0.0,0.0,1.0,0.0,1.0,1.0,22.0,0.253529509174253,2.0,3.0,11.0,32.0,4.0,1.0,1280.0,800.0,11.0,0.0,1
57.0,0.0,1.0,0.0,2.0,2.0,0.0,12.0,2.0,0.16666666666666666,3.578291156681798,0.0,0.0,33.0,8.0,0.0,1.0,0.0,1.0,0.0,0.0,0.0,0.0,206.0,2.0,0.0,2.0,1.0,1.0,0.0,0.0,1.0,2.0,1.0,0.0,1.0,26.0,0.27902889628166233,4.0,5.0,2.0,78.0,13.0,1.0,1280.0,800.0,13.0,0.0,1
73.0,0.0,1.0,0.0,2.0,2.0,0.0,19.0,0.0,0.0,3.6877336062559447,1.0,0.0,56.0,31.0,0.0,1.0,0.0,1.0,0.0,0.0,0.0,0.0,61.0,1.0,0.0,10.0,1.0,0.0,0.0,0.0,3.0,1.0,0.0,1.0,1.0,30.0,0.23646945172363193,6.0,5.0,10.0,32.0,7.0,1.0,1280.0,800.0,5.0,0.0,1
65.0,1.0,1.0,0.0,1.0,2.0,1.0,16.0,0.0,0.0,3.2192827862997953,0.0,2.0,11.0,39.0,0.0,0.0,0.0,0.0,1.0,0.0,0.0,1.0,336.0,1.0,0.0,6.0,0.0,1.0,1.0,1.0,2.0,3.0,0.0,0.0,1.0,9.0,0.7881417263641936,6.0,3.0,6.0,47.0,4.0,1.0,1280.0,800.0,3.0,0.0,1
38.0,1.0,1.0,0.0,4.0,2.0,1.0,18.0,8.0,0.4444444444444444,3.440986232314689,0.0,1.0,16.0,26.0,1.0,1.0,0.0,1.0,1.0,0.0,0.0,1.0,112.0,1.0,0.0,1.0,0.0,1.0,0.0,0.0,9.0,2.0,1.0,0.0,1.0,20.0,0.8406029291073761,4.0,2.0,1.0,76.0,9.0,1.0,1280.0,800.0,4.0,1.0,1
48.0,1.0,2.0,0.0,2.0,3.0,0.0,22.0,2.0,0.09090909090909091,3.629356898204442,0.0,2.0,23.0,10.0,1.0,0.0,0.0,0.0,1.0,0.0,0.0,1.0,311.0,1.0,1.0,7.0,1.0,1.0,0.0,0.0,6.0,2.0,0.0,0.0,1.0,13.0,0.9826116266097926,2.0,3.0,7.0,55.0,7.0,1.0,1280.0,800.0,3.0,0.0,1
86.0,1.0,1.0,0.0,4.0,2.0,0.0,19.0,8.0,0.42105263157894735,3.3640099375177246,0.0,1.0,5.0,27.0,1.0,1.0,0.0,1.0,1.0,0.0,0.0,1.0,56.0,1.0,1.0,11.0,1.0,1.0,1.0,0.0,4.0,2.0,0.0,1.0,1.0,21.0,0.8078321949824064,7.0,4.0,11.0,63.0,12.0,1.0,1280.0,800.0,10.0,0.0,1
42.0,0.0,0.0,0.0,4.0,1.0,0.0,16.0,0.0,0.0,3.3356185424659204,0.0,1.0,47.0,38.0,1.0,1.0,0.0,1.0,0.0,0.0,0.0,0.0,322.0,1.0,0.0,1.0,1.0,1.0,0.0,0.0,2.0,2.0,0.0,0.0,1.0,10.0,0.1666735585547505,3.0,5.0,1.0,55.0,7.0,1.0,1280.0,800.0,1.0,0.0,1
50.0,1.0,1.0,0.0,4.0,2.0,0.0,11.0,0.0,0.0,3.6074972789812723,0.0,1.0,19.0,44.0,0.0,1.0,0.0,1.0,1.0,0.0,0.0,1.0,41.0,1.0,1.0,10.0,0.0,1.0,2.0,2.0,4.0,4.0,1.0,1.0,1.0,37.0,0.8440582761911523,4.0,3.0,10.0,5.0,7.0,1.0,1280.0,800.0,13.0,0.0,1
64.0,1.0,2.0,0.0,1.0,3.0,1.0,21.0,12.0,0.5714285714285714,3.6581503790346748,0.0,1.0,25.0,4.0,0.0,1.0,0.0,1.0,1.0,0.0,0.0,1.0,231.0,1.0,0.0,5.0,1.0,1.0,1.0,1.0,0.0,3.0,1.0,0.0,1.0,41.0,0.6370542343176123,5.0,3.0,5.0,108.0,0.0,1.0,1280.0,800.0,13.0,0.0,1
74.0,1.0,0.0,0.0,1.0,1.0,0.0,13.0,0.0,0.0,3.1423144851588907,1.0,0.0,23.0,40.0,0.0,1.0,0.0,1.0,1.0,0.0,0.0,1.0,111.0,1.0,6.0,6.0,1.0,0.0,0.0,0.0,3.0,2.0,0.0,0.0,1.0,6.0,0.6392713868424268,6.0,1.0,6.0,19.0,5.0,1.0,1280.0,800.0,10.0,0.0,1
72.0,0.0,0.0,1.0,0.0,1.0,0.0,15.0,3.0,0.6319283794039618,2.612855193590234,0.0,0.0,5.0,17.0,0.0,1.0,0.0,1.0,0.0,0.0,0.0,0.0,221.0,1.0,1.0,10.0,1.0,1.0,0.0,1.0,0.0,1.0,0.0,1.0,1.0,42.0,0.11607750441435889,5.0,1.0,10.0,95.0,0.0,1.0,1280.0,800.0,13.0,0.0,1
65.0,1.0,2.0,0.0,1.0,3.0,0.0,16.0,0.0,0.0,3.281236471149226,0.0,2.0,14.0,36.0,1.0,1.0,0.0,1.0,1.0,0.0,0.0,1.0,47.0,1.0,0.0,7.0,1.0,1.0,0.0,0.0,3.0,1.0,0.0,1.0,1.0,39.0,0.661778193422167,4.0,3.0,7.0,114.0,8.0,1.0,1280.0,800.0,4.0,0.0,1
64.0,1.0,1.0,0.0,4.0,2.0,1.0,19.0,5.0,0.2631578947368421,3.8368245356929442,0.0,0.0,48.0,9.0,0.0,1.0,0.0,1.0,1.0,0.0,0.0,1.0,53.0,1.0,0.0,4.0,1.0,1.0,0.0,0.0,3.0,3.0,1.0,1.0,1.0,13.0,0.7608502553149272,7.0,3.0,4.0,34.0,4.0,1.0,1280.0,800.0,13.0,0.0,1
35.0,1.0,1.0,0.0,4.0,2.0,1.0,25.0,0.0,0.0,3.590114697810911,0.0,0.0,49.0,11.0,0.0,1.0,0.0,1.0,1.0,0.0,0.0,1.0,129.0,1.0,0.0,1.0,0.0,0.0,1.0,1.0,2.0,5.0,1.0,1.0,1.0,33.0,0.9279643485496806,5.0,4.0,1.0,96.0,9.0,1.0,1280.0,800.0,11.0,0.0,1
58.0,1.0,0.0,0.0,3.0,1.0,1.0,25.0,2.0,0.08,3.7038359749601435,0.0,0.0,42.0,11.0,0.0,1.0,0.0,1.0,1.0,0.0,0.0,1.0,291.0,1.0,0.0,8.0,0.0,0.0,0.0,0.0,4.0,2.0,1.0,1.0,0.0,41.0,0.6115059899648114,7.0,5.0,8.0,16.0,8.0,1.0,1280.0,800.0,14.0,0.0,1
50.0,1.0,0.0,0.0,2.0,1.0,0.0,14.0,0.0,0.0,3.0201525630861394,0.0,2.0,46.0,41.0,1.0,0.0,0.0,0.0,1.0,0.0,0.0,1.0,71.0,1.0,1.0,10.0,0.0,1.0,0.0,0.0,13.0,1.0,0.0,0.0,1.0,37.0,0.7836229524064713,7.0,3.0,10.0,101.0,3.0,1.0,1280.0,800.0,3.0,1.0,1
43.0,0.0,2.0,0.0,3.0,3.0,1.0,14.0,2.0,0.14285714285714285,2.9715263166530086,0.0,1.0,49.0,30.0,0.0,0.0,0.0,0.0,0.0,0.0,0.0,0.0,306.0,1.0,0.0,8.0,0.0,0.0,1.0,1.0,1.0,2.0,0.0,0.0,1.0,8.0,0.06739179025790006,1.0,2.0,8.0,33.0,12.0,1.0,1280.0,800.0,5.0,0.0,1
63.0,1.0,1.0,0.0,1.0,2.0,0.0,20.0,2.0,0.1,3.5520811030649595,0.0,1.0,17.0,36.0,1.0,1.0,0.0,1.0,1.0,0.0,0.0,1.0,96.0,1.0,0.0,5.0,1.0,1.0,0.0,0.0,10.0,2.0,0.0,0.0,1.0,30.0,0.6180695960360616,1.0,5.0,5.0,28.0,14.0,1.0,1280.0,800.0,7.0,0.0,1
37.0,0.0,1.0,0.0,3.0,2.0,1.0,12.0,0.0,0.0,2.811982299029344,0.0,0.0,47.0,12.0,0.0,0.0,0.0,0.0,0.0,0.0,0.0,0.0,138.0,1.0,0.0,11.0,0.0,1.0,2.0,1.0,3.0,3.0,0.0,0.0,1.0,19.0,0.22510389517694562,7.0,2.0,11.0,27.0,13.0,1.0,1280.0,800.0,7.0,0.0,1
79.0,1.0,2.0,0.0,3.0,3.0,1.0,17.0,5.0,0.29411764705882354,3.369003359889329,0.0,0.0,34.0,5.0,0.0,1.0,0.0,1.0,1.0,0.0,0.0,1.0,84.0,1.0,1.0,5.0,1.0,0.0,2.0,2.0,1.0,3.0,0.0,0.0,1.0,39.0,0.7724784277082586,1.0,1.0,5.0,38.0,7.0,1.0,1280.0,800.0,9.0,0.0,1
37.0,1.0,2.0,0.0,2.0,3.0,1.0,17.0,2.0,0.11764705882352941,3.8669763686669256,0.0,1.0,50.0,17.0,0.0,0.0,0.0,0.0,1.0,0.0,0.0,1.0,71.0,1.0,0.0,7.0,1.0,1.0,0.0,0.0,1.0,4.0,1.0,1.0,1.0,34.0,0.654285058067201,5.0,4.0,7.0,99.0,2.0,1.0,1280.0,800.0,4.0,0.0,1
93.0,1.0,2.0,0.0,3.0,3.0,1.0,14.0,9.0,0.5440182242149472,3.4474243126694804,0.0,0.0,42.0,17.0,0.0,0.0,0.0,0.0,1.0,0.0,0.0,1.0,56.0,1.0,1.0,5.0,0.0,0.0,0.0,0.0,1.0,1.0,0.0,0.0,0.0,30.0,0.9647892539236835,7.0,5.0,5.0,19.0,4.0,1.0,1280.0,800.0,6.0,0.0,1
37.0,1.0,2.0,0.0,2.0,3.0,0.0,12.0,5.0,0.4166666666666667,3.287464681443407,0.0,2.0,37.0,20.0,1.0,1.0,0.0,1.0,1.0,0.0,0.0,1.0,32.0,1.0,1.0,7.0,1.0,0.0,1.0,1.0,11.0,3.0,0.0,0.0,1.0,34.0,0.9461203078132076,3.0,1.0,7.0,54.0,12.0,1.0,1280.0,800.0,13.0,0.0,1
74.0,1.0,0.0,0.0,4.0,1.0,0.0,17.0,2.0,0.11764705882352941,2.8016289810195194,0.0,1.0,8.0,4.0,0.0,1.0,0.0,1.0,1.0,0.0,0.0,1.0,285.0,1.0,0.0,11.0,1.0,1.0,0.0,0.0,9.0,1.0,1.0,0.0,1.0,38.0,0.7673973247145373,5.0,3.0,11.0,9.0,13.0,1.0,1280.0,800.0,4.0,0.0,1
79.0,1.0,2.0,0.0,1.0,3.0,0.0,20.0,8.0,0.4,3.1972628534565284,0.0,0.0,44.0,12.0,0.0,1.0,0.0,1.0,0.0,1.0,1.0,0.0,324.0,1.0,1.0,1.0,0.0,1.0,1.0,0.0,7.0,2.0,1.0,1.0,1.0,16.0,0.8293901130532512,2.0,3.0,1.0,82.0,7.0,1.0,1280.0,800.0,10.0,0.0,1
44.0,1.0,1.0,0.0,3.0,2.0,0.0,16.0,2.0,0.125,3.462466671019655,0.0,0.0,59.0,6.0,0.0,1.0,0.0,1.0,0.0,1.0,0.0,0.0,81.0,1.0,0.0,7.0,0.0,0.0,1.0,2.0,3.0,3.0,1.0,0.0,1.0,25.0,0.6268281902727609,2.0,2.0,7.0,40.0,14.0,1.0,1280.0,800.0,5.0,0.0,1
53.0,1.0,3.0,0.0,2.0,4.0,1.0,15.0,2.0,0.13333333333333333,3.299125639063409,0.0,0.0,23.0,19.0,0.0,1.0,0.0,1.0,1.0,0.0,0.0,1.0,261.0,1.0,1.0,6.0,1.0,0.0,0.0,0.0,4.0,1.0,0.0,1.0,1.0,9.0,0.6430538380995926,1.0,5.0,6.0,5.0,2.0,1.0,1280.0,800.0,12.0,1.0,1
89.0,1.0,2.0,0.0,2.0,3.0,1.0,17.0,5.0,0.29411764705882354,3.0351828926936677,0.0,2.0,49.0,1.0,0.0,1.0,0.0,1.0,1.0,0.0,0.0,1.0,166.0,1.0,0.0,7.0,0.0,1.0,1.0,1.0,0.0,3.0,0.0,0.0,1.0,34.0,0.8021597374370705,4.0,2.0,7.0,10.0,4.0,1.0,1280.0,800.0,2.0,0.0,1
90.0,1.0,0.0,1.0,0.0,1.0,0.0,15.0,3.0,0.7053047763334672,2.5424983060839548,0.0,1.0,48.0,37.0,0.0,1.0,0.0,1.0,1.0,0.0,0.0,1.0,329.0,1.0,0.0,4.0,0.0,1.0,0.0,0.0,1.0,2.0,1.0,0.0,1.0,26.0,0.7085689673258312,6.0,2.0,4.0,96.0,14.0,1.0,1280.0,800.0,7.0,0.0,1
44.0,1.0,0.0,0.0,3.0,1.0,0.0,13.0,8.0,0.6153846153846154,2.8088657486253434,0.0,0.0,10.0,11.0,0.0,1.0,0.0,1.0,1.0,0.0,0.0,1.0,118.0,1.0,0.0,11.0,1.0,0.0,0.0,0.0,0.0,3.0,0.0,1.0,1.0,16.0,0.9573517462699158,3.0,3.0,11.0,61.0,2.0,1.0,1280.0,800.0,7.0,0.0,1
53.0,1.0,1.0,0.0,3.0,2.0,0.0,13.0,8.0,0.6153846153846154,2.9024057274671713,0.0,0.0,13.0,4.0,0.0,0.0,0.0,0.0,0.0,0.0,0.0,0.0,218.0,1.0,0.0,8.0,0.0,0.0,0.0,0.0,11.0,1.0,0.0,0.0,0.0,27.0,0.6403913904881163,5.0,2.0,8.0,70.0,13.0,1.0,1280.0,800.0,10.0,0.0,1
71.0,1.0,2.0,0.0,4.0,3.0,0.0,14.0,2.0,0.14285714285714285,3.6453387708854224,0.0,0.0,24.0,44.0,0.0,0.0,0.0,0.0,1.0,0.0,0.0,1.0,74.0,1.0,1.0,11.0,1.0,1.0,0.0,0.0,1.0,4.0,0.0,0.0,1.0,13.0,0.9824918312982588,7.0,3.0,11.0,42.0,9.0,1.0,1280.0,800.0,5.0,0.0,1
53.0,1.0,1.0,0.0,2.0,2.0,1.0,11.0,5.0,0.45454545454545453,3.6712779269947915,0.0,2.0,20.0,41.0,0.0,1.0,0.0,1.0,1.0,0.0,0.0,1.0,44.0,1.0,0.0,3.0,1.0,1.0,0.0,0.0,4.0,2.0,1.0,0.0,1.0,14.0,0.7101778596974897,4.0,2.0,3.0,114.0,8.0,1.0,1280.0,800.0,9.0,0.0,1
61.0,0.0,1.0,0.0,0.0,2.0,0.0,25.0,10.0,0.4,3.569673920481996,0.0,0.0,34.0,42.0,0.0,1.0,0.0,1.0,0.0,0.0,0.0,0.0,330.0,1.0,0.0,1.0,1.0,1.0,0.0,0.0,4.0,3.0,0.0,1.0,1.0,31.0,0.20161173882188024,3.0,3.0,1.0,70.0,4.0,1.0,1280.0,800.0,1.0,0.0,1
44.0,1.0,1.0,0.0,1.0,2.0,0.0,13.0,8.0,0.6153846153846154,3.3567444095275762,0.0,2.0,58.0,4.0,1.0,1.0,0.0,1.0,1.0,0.0,0.0,1.0,103.0,1.0,1.0,10.0,0.0,1.0,1.0,1.0,3.0,4.0,0.0,1.0,1.0,19.0,0.940137128215448,4.0,2.0,10.0,63.0,2.0,1.0,1280.0,800.0,11.0,1.0,1
94.0,1.0,1.0,0.0,2.0,2.0,0.0,21.0,0.0,0.0,3.5887479530364508,1.0,1.0,23.0,27.0,0.0,1.0,0.0,1.0,1.0,0.0,0.0,1.0,161.0,1.0,0.0,8.0,1.0,1.0,0.0,0.0,1.0,3.0,0.0,1.0,1.0,38.0,0.6289117458562109,6.0,5.0,8.0,74.0,3.0,1.0,1280.0,800.0,8.0,0.0,1
93.0,0.0,1.0,0.0,2.0,2.0,1.0,17.0,9.0,0.6253335707497059,3.5777656927391686,0.0,0.0,39.0,16.0,0.0,1.0,0.0,1.0,0.0,0.0,0.0,0.0,55.0,1.0,0.0,3.0,1.0,1.0,0.0,0.0,1.0,1.0,0.0,1.0,1.0,25.0,0.21396845269488768,2.0,5.0,3.0,51.0,2.0,1.0,1280.0,800.0,6.0,0.0,1
72.0,1.0,0.0,1.0,0.0,1.0,0.0,15.0,3.0,0.7891097893785325,2.884590444020746,0.0,1.0,48.0,8.0,0.0,0.0,0.0,0.0,1.0,0.0,0.0,1.0,69.0,1.0,1.0,3.0,0.0,1.0,0.0,0.0,0.0,2.0,1.0,0.0,1.0,26.0,0.600665348588255,6.0,1.0,3.0,72.0,9.0,1.0,1280.0,800.0,3.0,0.0,1
81.0,1.0,3.0,0.0,2.0,4.0,1.0,24.0,0.0,0.0,2.8840304878930465,0.0,1.0,10.0,22.0,1.0,1.0,0.0,1.0,1.0,0.0,0.0,1.0,141.0,1.0,1.0,11.0,1.0,1.0,1.0,1.0,3.0,3.0,0.0,1.0,1.0,30.0,0.9672109291640365,1.0,2.0,11.0,80.0,1.0,1.0,1280.0,800.0,13.0,1.0,1
92.0,1.0,3.0,0.0,0.0,4.0,1.0,12.0,10.0,0.8333333333333334,2.9992965478349887,0.0,0.0,26.0,9.0,0.0,1.0,0.0,1.0,1.0,0.0,0.0,1.0,328.0,2.0,6.0,7.0,1.0,1.0,0.0,1.0,0.0,1.0,1.0,0.0,1.0,10.0,0.9136662868592262,6.0,1.0,7.0,64.0,14.0,1.0,1280.0,800.0,14.0,0.0,1
48.0,1.0,2.0,0.0,4.0,3.0,0.0,23.0,0.0,0.0,3.5695548556412464,0.0,0.0,32.0,26.0,0.0,1.0,0.0,1.0,0.0,0.0,0.0,0.0,117.0,1.0,1.0,5.0,0.0,1.0,1.0,1.0,3.0,2.0,0.0,0.0,1.0,21.0,0.6222000352832077,1.0,3.0,5.0,93.0,12.0,1.0,1280.0,800.0,10.0,0.0,1
76.0,1.0,0.0,1.0,0.0,1.0,0.0,15.0,3.0,0.6271493440348096,2.504511393879025,0.0,0.0,24.0,10.0,0.0,1.0,0.0,1.0,0.0,1.0,1.0,0.0,298.0,2.0,0.0,7.0,1.0,0.0,0.0,0.0,2.0,3.0,1.0,0.0,1.0,19.0,0.9283422239717887,6.0,2.0,7.0,55.0,10.0,1.0,1280.0,800.0,8.0,0.0,1
90.0,0.0,1.0,0.0,1.0,2.0,0.0,13.0,2.0,0.15384615384615385,3.5351998122860095,0.0,0.0,41.0,13.0,0.0,1.0,0.0,1.0,0.0,0.0,0.0,0.0,188.0,1.0,1.0,9.0,0.0,1.0,0.0,0.0,15.0,1.0,1.0,0.0,1.0,27.0,0.04980089567934887,4.0,3.0,9.0,34.0,14.0,1.0,1280.0,800.0,6.0,0.0,1
44.0,1.0,0.0,0.0,4.0,1.0,0.0,13.0,0.0,0.0,3.529961743774513,0.0,0.0,5.0,28.0,1.0,1.0,0.0,1.0,1.0,0.0,0.0,1.0,349.0,1.0,0.0,4.0,1.0,0.0,0.0,0.0,4.0,1.0,1.0,1.0,1.0,16.0,0.6772829842733777,2.0,2.0,4.0,49.0,2.0,1.0,1280.0,800.0,13.0,0.0,1
54.0,1.0,0.0,0.0,2.0,1.0,0.0,16.0,8.0,0.5,3.5658069578867067,0.0,0.0,37.0,42.0,0.0,1.0,0.0,1.0,0.0,1.0,1.0,0.0,100.0,1.0,0.0,7.0,0.0,1.0,0.0,0.0,12.0,1.0,0.0,1.0,1.0,42.0,0.9334659748053967,7.0,4.0,7.0,80.0,10.0,1.0,1280.0,800.0,0.0,0.0,1
69.0,1.0,0.0,0.0,1.0,1.0,0.0,15.0,0.0,0.0,3.355535877378894,1.0,1.0,10.0,31.0,0.0,1.0,0.0,1.0,1.0,0.0,0.0,1.0,70.0,1.0,0.0,11.0,0.0,0.0,0.0,1.0,4.0,2.0,0.0,1.0,1.0,5.0,0.6721560817574959,2.0,3.0,11.0,65.0,10.0,1.0,1280.0,800.0,2.0,0.0,1
59.0,0.0,1.0,0.0,3.0,2.0,0.0,22.0,7.0,0.6196752836345271,3.792659014484622,0.0,0.0,36.0,1.0,1.0,1.0,0.0,1.0,0.0,0.0,0.0,0.0,147.0,1.0,0.0,1.0,0.0,0.0,0.0,0.0,2.0,1.0,0.0,1.0,0.0,21.0,0.19798568778127304,6.0,1.0,1.0,107.0,7.0,1.0,1280.0,800.0,0.0,0.0,1
58.0,1.0,0.0,0.0,2.0,1.0,0.0,14.0,0.0,0.0,3.5988768292946327,1.0,2.0,41.0,20.0,0.0,1.0,0.0,1.0,1.0,0.0,0.0,1.0,137.0,1.0,0.0,3.0,1.0,1.0,0.0,0.0,1.0,2.0,0.0,1.0,1.0,27.0,0.6758196072599711,6.0,3.0,3.0,28.0,11.0,1.0,1280.0,800.0,9.0,0.0,1
75.0,0.0,0.0,1.0,0.0,1.0,0.0,15.0,3.0,0.675495169197889,3.021594110489891,0.0,0.0,11.0,10.0,0.0,1.0,0.0,1.0,0.0,0.0,0.0,0.0,85.0,1.0,0.0,5.0,0.0,0.0,0.0,0.0,4.0,3.0,1.0,0.0,0.0,35.0,0.2719860999392656,2.0,3.0,5.0,18.0,7.0,1.0,1280.0,800.0,5.0,0.0,1
41.0,1.0,1.0,0.0,1.0,2.0,0.0,22.0,0.0,0.0,3.389184265485116,0.0,0.0,24.0,29.0,0.0,1.0,0.0,1.0,1.0,0.0,0.0,1.0,35.0,1.0,6.0,6.0,1.0,1.0,0.0,1.0,13.0,3.0,0.0,1.0,1.0,37.0,0.7811493498189522,7.0,2.0,6.0,9.0,7.0,1.0,1280.0,800.0,13.0,1.0,1
87.0,1.0,1.0,0.0,4.0,2.0,0.0,14.0,2.0,0.14285714285714285,3.0583347417028572,0.0,0.0,48.0,0.0,0.0,0.0,0.0,0.0,1.0,0.0,0.0,1.0,296.0,1.0,0.0,9.0,0.0,0.0,1.0,1.0,0.0,2.0,1.0,0.0,1.0,24.0,0.6310704808848392,5.0,5.0,9.0,107.0,14.0,1.0,1280.0,800.0,3.0,0.0,1
72.0,1.0,3.0,0.0,4.0,4.0,0.0,24.0,0.0,0.0,3.2274740146715972,0.0,0.0,15.0,34.0,0.0,0.0,0.0,0.0,1.0,0.0,0.0,1.0,294.0,1.0,1.0,4.0,1.0,0.0,1.0,2.0,3.0,5.0,1.0,1.0,1.0,11.0,0.7863401336740813,5.0,2.0,4.0,45.0,13.0,1.0,1280.0,800.0,2.0,0.0,1
47.0,1.0,1.0,0.0,2.0,2.0,1.0,10.0,0.0,0.0,3.020734021501973,0.0,2.0,51.0,15.0,0.0,1.0,0.0,1.0,1.0,0.0,0.0,1.0,213.0,1.0,1.0,10.0,1.0,1.0,0.0,0.0,3.0,1.0,0.0,0.0,1.0,24.0,0.8688681772603926,1.0,3.0,10.0,49.0,14.0,1.0,1280.0,800.0,3.0,0.0,1
65.0,1.0,2.0,0.0,4.0,3.0,0.0,24.0,2.0,0.08333333333333333,3.6421701531797988,0.0,0.0,48.0,14.0,1.0,0.0,0.0,0.0,0.0,0.0,0.0,0.0,349.0,1.0,0.0,3.0,1.0,1.0,0.0,0.0,3.0,2.0,0.0,0.0,1.0,18.0,0.8532698706496759,1.0,3.0,3.0,27.0,8.0,1.0,1280.0,800.0,3.0,0.0,1
89.0,1.0,1.0,0.0,2.0,2.0,0.0,21.0,12.0,0.5714285714285714,3.5994648700943253,0.0,0.0,44.0,26.0,0.0,1.0,0.0,1.0,1.0,0.0,0.0,1.0,111.0,1.0,0.0,3.0,1.0,1.0,0.0,0.0,0.0,3.0,0.0,1.0,1.0,33.0,0.7085689459783757,5.0,1.0,3.0,12.0,10.0,1.0,1280.0,800.0,14.0,0.0,1
44.0,1.0,1.0,0.0,4.0,2.0,0.0,13.0,5.0,0.38461538461538464,3.7802101244806234,0.0,0.0,27.0,14.0,0.0,1.0,0.0,1.0,0.0,0.0,1.0,0.0,109.0,1.0,0.0,2.0,0.0,1.0,0.0,0.0,4.0,1.0,1.0,1.0,1.0,9.0,0.629566331681246,6.0,1.0,2.0,97.0,3.0,1.0,1280.0,800.0,13.0,0.0,1
52.0,1.0,3.0,0.0,1.0,4.0,0.0,17.0,5.0,0.29411764705882354,3.3389974618342197,0.0,0.0,42.0,21.0,0.0,1.0,0.0,1.0,1.0,0.0,0.0,1.0,275.0,1.0,0.0,10.0,1.0,1.0,0.0,0.0,1.0,3.0,1.0,0.0,1.0,9.0,0.6185839845701142,3.0,2.0,10.0,5.0,0.0,1.0,1280.0,800.0,6.0,0.0,1
90.0,1.0,1.0,0.0,3.0,2.0,0.0,11.0,5.0,0.45454545454545453,2.9495173064060305,0.0,0.0,50.0,35.0,0.0,1.0,0.0,1.0,1.0,0.0,0.0,1.0,173.0,1.0,0.0,5.0,1.0,1.0,0.0,0.0,0.0,4.0,1.0,1.0,1.0,28.0,0.6442838713914588,5.0,3.0,5.0,104.0,0.0,1.0,1280.0,800.0,0.0,0.0,1
49.0,1.0,2.0,0.0,2.0,3.0,1.0,19.0,0.0,0.0,3.599202585838346,0.0,0.0,35.0,17.0,0.0,1.0,0.0,1.0,1.0,0.0,0.0,1.0,302.0,1.0,0.0,2.0,1.0,1.0,0.0,0.0,1.0,3.0,0.0,0.0,1.0,23.0,0.852736500098791,4.0,5.0,2.0,27.0,14.0,1.0,1280.0,800.0,14.0,0.0,1
73.0,1.0,0.0,0.0,1.0,1.0,1.0,17.0,0.0,0.0,3.507885429495536,0.0,2.0,6.0,26.0,0.0,0.0,0.0,0.0,1.0,0.0,0.0,1.0,227.0,1.0,0.0,8.0,1.0,1.0,0.0,0.0,2.0,2.0,0.0,0.0,1.0,10.0,0.6400114578436417,5.0,5.0,8.0,74.0,13.0,1.0,1280.0,800.0,3.0,0.0,1
78.0,1.0,3.0,0.0,0.0,4.0,1.0,16.0,0.0,0.0,3.4677807819496587,0.0,0.0,25.0,11.0,0.0,1.0,0.0,1.0,1.0,0.0,0.0,1.0,113.0,2.0,6.0,10.0,1.0,1.0,0.0,0.0,2.0,2.0,0.0,0.0,1.0,39.0,0.9148016845774465,4.0,4.0,10.0,106.0,12.0,1.0,1280.0,800.0,5.0,0.0,1
74.0,0.0,1.0,0.0,4.0,2.0,1.0,12.0,2.0,0.16666666666666666,3.334336134192519,0.0,0.0,57.0,37.0,1.0,0.0,0.0,0.0,0.0,0.0,0.0,0.0,174.0,1.0,0.0,9.0,1.0,1.0,0.0,0.0,3.0,3.0,0.0,1.0,1.0,36.0,0.15816263245734621,4.0,4.0,9.0,89.0,11.0,1.0,1280.0,800.0,10.0,0.0,1
87.0,1.0,0.0,0.0,4.0,1.0,0.0,13.0,5.0,0.38461538461538464,3.1079573693189575,0.0,2.0,37.0,38.0,0.0,1.0,0.0,1.0,1.0,0.0,0.0,1.0,202.0,1.0,0.0,7.0,1.0,1.0,0.0,0.0,2.0,3.0,1.0,1.0,1.0,19.0,0.604789990314559,1.0,3.0,7.0,59.0,14.0,1.0,1280.0,800.0,7.0,0.0,1
84.0,1.0,1.0,0.0,4.0,2.0,0.0,12.0,2.0,0.16666666666666666,3.8791512725567525,0.0,0.0,15.0,25.0,0.0,1.0,0.0,1.0,1.0,0.0,0.0,1.0,310.0,1.0,1.0,9.0,1.0,1.0,0.0,1.0,4.0,2.0,0.0,0.0,1.0,30.0,0.9111628718536683,1.0,1.0,9.0,100.0,13.0,1.0,1280.0,800.0,5.0,0.0,1
36.0,1.0,1.0,0.0,1.0,2.0,0.0,23.0,2.0,0.08695652173913043,3.6867406606213997,0.0,0.0,18.0,18.0,0.0,1.0,0.0,1.0,1.0,0.0,0.0,1.0,218.0,1.0,0.0,5.0,0.0,1.0,0.0,0.0,10.0,1.0,0.0,0.0,1.0,31.0,0.6383536582430772,7.0,2.0,5.0,79.0,10.0,1.0,1280.0,800.0,12.0,0.0,1
64.0,1.0,2.0,0.0,2.0,3.0,0.0,22.0,2.0,0.09090909090909091,3.483386607598344,0.0,1.0,27.0,14.0,1.0,0.0,0.0,0.0,1.0,0.0,0.0,1.0,317.0,1.0,1.0,10.0,0.0,0.0,1.0,0.0,3.0,3.0,1.0,1.0,1.0,16.0,0.755770059297111,6.0,3.0,10.0,72.0,8.0,1.0,1280.0,800.0,14.0,0.0,1
43.0,1.0,0.0,1.0,0.0,1.0,0.0,15.0,3.0,0.6887882338562653,2.810314811230199,0.0,0.0,18.0,4.0,0.0,1.0,0.0,1.0,1.0,0.0,0.0,1.0,106.0,1.0,0.0,11.0,1.0,1.0,1.0,1.0,0.0,2.0,1.0,0.0,1.0,15.0,0.7243659586647715,3.0,2.0,11.0,88.0,14.0,1.0,1280.0,800.0,4.0,0.0,1
85.0,1.0,2.0,0.0,2.0,3.0,0.0,20.0,8.0,0.4,3.6234409055723065,0.0,0.0,54.0,23.0,0.0,1.0,0.0,1.0,1.0,0.0,0.0,1.0,336.0,1.0,1.0,11.0,1.0,0.0,1.0,0.0,1.0,3.0,1.0,1.0,1.0,28.0,0.9135303423970953,7.0,3.0,11.0,116.0,4.0,1.0,1280.0,800.0,1.0,0.0,1
44.0,1.0,2.0,0.0,2.0,3.0,1.0,14.0,2.0,0.14285714285714285,3.5572242101261295,0.0,0.0,13.0,4.0,0.0,0.0,0.0,0.0,1.0,0.0,0.0,1.0,87.0,1.0,6.0,8.0,0.0,0.0,0.0,0.0,2.0,1.0,1.0,1.0,0.0,10.0,0.9989112533664647,2.0,1.0,8.0,119.0,3.0,1.0,1280.0,800.0,11.0,0.0,1
76.0,1.0,1.0,0.0,4.0,2.0,0.0,21.0,2.0,0.09523809523809523,3.8068842367189824,0.0,0.0,56.0,19.0,0.0,1.0,0.0,1.0,1.0,0.0,0.0,1.0,184.0,1.0,0.0,10.0,1.0,0.0,0.0,0.0,1.0,3.0,1.0,1.0,1.0,19.0,0.9611841819012362,1.0,3.0,10.0,84.0,13.0,1.0,1280.0,800.0,3.0,1.0,1
51.0,0.0,1.0,0.0,1.0,2.0,0.0,20.0,0.0,0.0,3.743548055682024,1.0,0.0,55.0,12.0,0.0,1.0,0.0,1.0,0.0,0.0,0.0,0.0,254.0,1.0,0.0,1.0,0.0,1.0,0.0,0.0,0.0,2.0,0.0,0.0,1.0,19.0,0.26354854526271504,7.0,3.0,1.0,92.0,5.0,1.0,1280.0,800.0,4.0,0.0,1
93.0,1.0,2.0,0.0,2.0,3.0,0.0,25.0,10.0,0.4,3.2112215286205585,0.0,0.0,55.0,15.0,0.0,1.0,0.0,1.0,1.0,0.0,0.0,1.0,303.0,1.0,0.0,3.0,1.0,0.0,0.0,0.0,2.0,4.0,1.0,0.0,1.0,36.0,0.6062780494061641,3.0,4.0,3.0,64.0,5.0,1.0,1280.0,800.0,7.0,0.0,1
40.0,0.0,2.0,0.0,4.0,3.0,1.0,18.0,5.0,0.2777777777777778,2.8589104613966865,0.0,0.0,41.0,35.0,0.0,1.0,0.0,1.0,0.0,0.0,0.0,0.0,189.0,1.0,0.0,4.0,1.0,1.0,0.0,0.0,0.0,4.0,1.0,0.0,1.0,23.0,0.21786937454754912,6.0,3.0,4.0,30.0,1.0,0.0,1280.0,800.0,6.0,0.0,1
91.0,1.0,1.0,0.0,3.0,2.0,1.0,19.0,0.0,0.0,3.8893278729646683,0.0,0.0,46.0,19.0,1.0,1.0,0.0,1.0,1.0,0.0,0.0,1.0,42.0,1.0,0.0,9.0,1.0,1.0,0.0,0.0,2.0,2.0,0.0,0.0,1.0,6.0,0.9993695941881539,5.0,2.0,9.0,65.0,10.0,1.0,1280.0,800.0,7.0,0.0,1
75.0,1.0,2.0,0.0,3.0,3.0,1.0,18.0,8.0,0.4444444444444444,3.15584261575633,0.0,0.0,33.0,20.0,0.0,1.0,0.0,1.0,1.0,0.0,0.0,1.0,245.0,1.0,0.0,7.0,0.0,1.0,0.0,0.0,3.0,3.0,0.0,1.0,1.0,41.0,0.9271505604850343,1.0,2.0,7.0,19.0,12.0,1.0,1280.0,800.0,12.0,0.0,1
89.0,1.0,1.0,0.0,3.0,2.0,1.0,24.0,2.0,0.08333333333333333,3.006414571121641,0.0,1.0,25.0,2.0,0.0,1.0,0.0,1.0,1.0,0.0,0.0,1.0,335.0,2.0,1.0,8.0,1.0,1.0,1.0,0.0,2.0,2.0,0.0,1.0,1.0,43.0,0.7449669562691835,1.0,4.0,8.0,69.0,10.0,1.0,1280.0,800.0,4.0,0.0,1
64.0,1.0,3.0,0.0,1.0,4.0,1.0,19.0,8.0,0.42105263157894735,3.162774964886972,0.0,0.0,15.0,38.0,0.0,1.0,0.0,1.0,1.0,0.0,0.0,1.0,138.0,1.0,0.0,11.0,1.0,1.0,0.0,1.0,3.0,2.0,0.0,1.0,1.0,35.0,0.789853887806907,5.0,4.0,11.0,20.0,3.0,1.0,1280.0,800.0,6.0,0.0,1
67.0,1.0,1.0,0.0,4.0,2.0,0.0,19.0,5.0,0.2631578947368421,3.290123336931225,0.0,1.0,52.0,0.0,0.0,1.0,0.0,1.0,1.0,0.0,0.0,1.0,322.0,1.0,0.0,3.0,1.0,1.0,0.0,0.0,0.0,1.0,0.0,0.0,1.0,44.0,0.6846419256298654,3.0,2.0,3.0,79.0,0.0,1.0,1280.0,800.0,1.0,0.0,1
83.0,0.0,2.0,0.0,3.0,3.0,0.0,22.0,0.0,0.0,2.944985003173816,0.0,1.0,23.0,6.0,0.0,1.0,0.0,1.0,0.0,0.0,0.0,0.0,182.0,1.0,0.0,5.0,1.0,1.0,0.0,1.0,3.0,1.0,0.0,1.0,1.0,37.0,0.22136941941108396,5.0,3.0,5.0,94.0,13.0,1.0,1280.0,800.0,6.0,0.0,1
56.0,1.0,0.0,0.0,1.0,1.0,1.0,24.0,14.0,0.736596903566278,3.4068418685362842,0.0,1.0,30.0,13.0,0.0,0.0,0.0,0.0,1.0,0.0,0.0,1.0,88.0,2.0,1.0,9.0,0.0,0.0,0.0,1.0,1.0,1.0,0.0,0.0,1.0,33.0,0.7538939063427957,3.0,2.0,9.0,54.0,12.0,1.0,1280.0,800.0,14.0,0.0,1
73.0,1.0,1.0,0.0,3.0,2.0,1.0,16.0,2.0,0.125,3.659494280286233,0.0,1.0,56.0,26.0,1.0,1.0,0.0,1.0,1.0,0.0,0.0,1.0,220.0,2.0,6.0,4.0,1.0,1.0,0.0,1.0,2.0,4.0,1.0,0.0,1.0,17.0,0.6218346844183583,2.0,4.0,4.0,34.0,6.0,1.0,1280.0,800.0,0.0,0.0,1
46.0,1.0,1.0,0.0,1.0,2.0,0.0,13.0,0.0,0.0,3.33780397837027,1.0,1.0,26.0,37.0,1.0,1.0,0.0,1.0,0.0,0.0,0.0,0.0,18.0,1.0,0.0,5.0,0.0,1.0,0.0,0.0,1.0,1.0,0.0,1.0,1.0,29.0,0.6518163082976878,5.0,4.0,5.0,59.0,11.0,1.0,1280.0,800.0,8.0,1.0,1
83.0,1.0,1.0,0.0,2.0,2.0,1.0,20.0,8.0,0.4,3.526046822954613,0.0,0.0,45.0,0.0,0.0,1.0,0.0,1.0,1.0,0.0,0.0,1.0,217.0,1.0,0.0,3.0,1.0,1.0,0.0,0.0,1.0,2.0,1.0,0.0,1.0,43.0,0.9220004144795888,7.0,4.0,3.0,63.0,6.0,1.0,1280.0,800.0,10.0,0.0,1
48.0,1.0,2.0,0.0,4.0,3.0,0.0,20.0,0.0,0.0,3.456592764916901,0.0,0.0,43.0,3.0,0.0,0.0,0.0,0.0,1.0,0.0,0.0,1.0,151.0,1.0,0.0,6.0,1.0,1.0,1.0,0.0,3.0,2.0,1.0,1.0,1.0,28.0,0.6063969230213173,1.0,5.0,6.0,95.0,9.0,0.0,1280.0,800.0,3.0,0.0,1
92.0,1.0,1.0,0.0,4.0,2.0,1.0,21.0,0.0,0.0,2.992191774126048,0.0,2.0,15.0,8.0,0.0,1.0,0.0,1.0,1.0,0.0,0.0,1.0,346.0,1.0,0.0,10.0,0.0,1.0,0.0,0.0,14.0,1.0,1.0,0.0,1.0,21.0,0.7225019256906476,2.0,5.0,10.0,58.0,0.0,1.0,1280.0,800.0,11.0,0.0,1
58.0,1.0,2.0,0.0,0.0,3.0,1.0,21.0,8.0,0.38095238095238093,3.3694200147520386,0.0,0.0,47.0,3.0,0.0,1.0,0.0,1.0,0.0,0.0,1.0,0.0,59.0,1.0,1.0,3.0,1.0,1.0,0.0,0.0,1.0,2.0,0.0,1.0,1.0,12.0,0.8357693226882499,1.0,4.0,3.0,53.0,7.0,1.0,1280.0,800.0,10.0,1.0,1
80.0,1.0,0.0,1.0,0.0,1.0,0.0,15.0,3.0,0.7605465423385662,2.635128081393728,0.0,1.0,59.0,8.0,0.0,0.0,0.0,0.0,1.0,0.0,0.0,1.0,53.0,1.0,0.0,2.0,0.0,0.0,0.0,0.0,2.0,3.0,0.0,0.0,0.0,31.0,0.6070756876893679,7.0,1.0,2.0,61.0,3.0,1.0,1280.0,800.0,13.0,0.0,1
70.0,1.0,2.0,0.0,2.0,3.0,1.0,28.0,6.0,0.6316099083086266,3.4635112876060807,0.0,0.0,35.0,41.0,0.0,1.0,0.0,1.0,1.0,0.0,0.0,1.0,131.0,1.0,1.0,7.0,1.0,0.0,0.0,0.0,3.0,3.0,0.0,1.0,1.0,20.0,0.9861185073415475,6.0,2.0,7.0,33.0,11.0,1.0,1280.0,800.0,14.0,0.0,1
43.0,0.0,0.0,0.0,2.0,1.0,0.0,21.0,0.0,0.0,3.2959912582110653,1.0,1.0,59.0,29.0,1.0,1.0,0.0,1.0,0.0,0.0,0.0,0.0,83.0,1.0,6.0,2.0,0.0,0.0,0.0,0.0,3.0,1.0,1.0,1.0,0.0,13.0,0.27130987286193825,7.0,1.0,2.0,86.0,10.0,1.0,1280.0,800.0,14.0,1.0,1
38.0,1.0,1.0,0.0,3.0,2.0,1.0,13.0,2.0,0.15384615384615385,3.5076790256595443,0.0,0.0,39.0,2.0,0.0,1.0,0.0,1.0,1.0,0.0,0.0,1.0,200.0,1.0,1.0,7.0,1.0,1.0,0.0,0.0,2.0,1.0,0.0,0.0,1.0,14.0,0.748040881737091,1.0,4.0,7.0,26.0,9.0,1.0,1280.0,800.0,9.0,0.0,1
81.0,0.0,1.0,0.0,4.0,2.0,0.0,15.0,2.0,0.13333333333333333,3.1761095747851678,0.0,0.0,50.0,2.0,0.0,1.0,0.0,1.0,0.0,0.0,0.0,0.0,197.0,1.0,0.0,8.0,0.0,0.0,2.0,2.0,2.0,4.0,0.0,1.0,1.0,24.0,0.2501159828715991,3.0,3.0,8.0,63.0,5.0,1.0,1280.0,800.0,11.0,0.0,1
71.0,1.0,3.0,0.0,0.0,4.0,1.0,27.0,0.0,0.0,3.15590047129312,0.0,2.0,17.0,6.0,0.0,1.0,0.0,1.0,1.0,0.0,0.0,1.0,230.0,1.0,1.0,10.0,1.0,1.0,0.0,1.0,2.0,3.0,0.0,0.0,1.0,21.0,0.9405935688527902,6.0,4.0,10.0,88.0,3.0,1.0,1280.0,800.0,10.0,1.0,1
66.0,1.0,1.0,0.0,3.0,2.0,1.0,13.0,2.0,0.15384615384615385,3.0343399501913977,0.0,1.0,32.0,2.0,0.0,1.0,0.0,1.0,1.0,0.0,0.0,1.0,340.0,1.0,0.0,11.0,1.0,1.0,0.0,0.0,1.0,3.0,1.0,0.0,1.0,40.0,0.8351804224816759,7.0,4.0,11.0,6.0,8.0,1.0,1280.0,800.0,1.0,0.0,1
61.0,0.0,1.0,0.0,2.0,2.0,0.0,24.0,8.0,0.3333333333333333,3.645580096234677,0.0,0.0,44.0,28.0,0.0,1.0,0.0,1.0,0.0,0.0,0.0,0.0,86.0,1.0,0.0,10.0,1.0,1.0,0.0,0.0,4.0,1.0,1.0,0.0,1.0,17.0,0.11931611353460453,6.0,2.0,10.0,79.0,13.0,1.0,1280.0,800.0,4.0,0.0,1
90.0,1.0,0.0,0.0,4.0,1.0,0.0,11.0,2.0,0.18181818181818182,3.612437642695944,0.0,0.0,46.0,10.0,1.0,1.0,0.0,1.0,1.0,0.0,0.0,1.0,294.0,1.0,1.0,7.0,1.0,1.0,0.0,0.0,4.0,1.0,1.0,1.0,1.0,16.0,0.6192765970980639,2.0,1.0,7.0,27.0,13.0,1.0,1280.0,800.0,4.0,0.0,1
48.0,1.0,0.0,0.0,1.0,1.0,0.0,15.0,0.0,0.0,3.1073880887186442,1.0,0.0,35.0,27.0,0.0,1.0,0.0,1.0,0.0,0.0,0.0,0.0,122.0,1.0,1.0,2.0,0.0,1.0,1.0,0.0,3.0,3.0,0.0,0.0,1.0,14.0,0.8901235549584263,6.0,2.0,2.0,68.0,4.0,1.0,1280.0,800.0,10.0,0.0,1
58.0,1.0,1.0,0.0,4.0,2.0,0.0,13.0,5.0,0.38461538461538464,3.3571919352020556,0.0,1.0,10.0,21.0,0.0,1.0,0.0,1.0,1.0,0.0,0.0,1.0,306.0,1.0,0.0,3.0,1.0,1.0,1.0,1.0,4.0,3.0,0.0,1.0,1.0,28.0,0.9192445623622761,1.0,4.0,3.0,20.0,8.0,1.0,1280.0,800.0,14.0,0.0,1
36.0,0.0,3.0,0.0,2.0,4.0,1.0,14.0,8.0,0.5714285714285714,3.6476349711720135,0.0,1.0,48.0,30.0,1.0,1.0,0.0,1.0,0.0,0.0,0.0,0.0,310.0,1.0,0.0,7.0,1.0,1.0,0.0,0.0,0.0,3.0,0.0,1.0,1.0,27.0,0.012777263335363786,6.0,2.0,7.0,109.0,0.0,1.0,1280.0,800.0,9.0,0.0,1
44.0,0.0,2.0,0.0,2.0,3.0,1.0,16.0,6.0,0.6892249562857428,3.4723472559608064,0.0,1.0,6.0,32.0,0.0,1.0,0.0,1.0,0.0,0.0,0.0,0.0,61.0,1.0,0.0,8.0,0.0,1.0,0.0,0.0,1.0,3.0,1.0,0.0,1.0,5.0,0.22027141663381597,6.0,5.0,8.0,11.0,8.0,1.0,1280.0,800.0,4.0,0.0,1
90.0,0.0,2.0,0.0,4.0,3.0,0.0,15.0,0.0,0.0,3.413232581478849,0.0,0.0,20.0,10.0,0.0,1.0,0.0,1.0,0.0,0.0,0.0,0.0,306.0,1.0,0.0,11.0,1.0,1.0,0.0,0.0,4.0,3.0,0.0,0.0,1.0,41.0,0.004270108914894599,1.0,1.0,11.0,17.0,2.0,1.0,1280.0,800.0,14.0,1.0,1
52.0,0.0,2.0,0.0,2.0,3.0,0.0,10.0,2.0,0.2,3.0448023160493505,0.0,1.0,32.0,19.0,0.0,0.0,0.0,0.0,0.0,0.0,0.0,0.0,86.0,1.0,0.0,1.0,1.0,1.0,0.0,0.0,2.0,3.0,0.0,1.0,1.0,14.0,0.09170077715188214,1.0,3.0,1.0,93.0,11.0,1.0,1280.0,800.0,6.0,0.0,1
66.0,1.0,0.0,0.0,3.0,1.0,0.0,22.0,8.0,0.36363636363636365,2.9753791826944833,0.0,0.0,41.0,19.0,0.0,1.0,0.0,1.0,1.0,0.0,0.0,1.0,36.0,1.0,0.0,10.0,1.0,1.0,1.0,0.0,4.0,1.0,0.0,1.0,1.0,6.0,0.8505567418964017,6.0,3.0,10.0,28.0,11.0,1.0,1280.0,800.0,0.0,0.0,1
38.0,0.0,3.0,0.0,3.0,4.0,1.0,22.0,5.0,0.22727272727272727,3.5421533100141875,0.0,1.0,26.0,5.0,0.0,0.0,0.0,0.0,0.0,0.0,0.0,0.0,144.0,1.0,0.0,2.0,0.0,1.0,0.0,0.0,3.0,3.0,1.0,1.0,1.0,22.0,0.010737463201142005,3.0,4.0,2.0,5.0,10.0,1.0,1280.0,800.0,1.0,0.0,1
38.0,1.0,1.0,0.0,2.0,2.0,1.0,18.0,10.0,0.5555555555555556,3.772322858375695,0.0,0.0,43.0,25.0,0.0,1.0,0.0,1.0,1.0,0.0,0.0,1.0,156.0,1.0,0.0,10.0,1.0,1.0,1.0,1.0,3.0,2.0,1.0,0.0,1.0,6.0,0.9736176260895102,5.0,1.0,10.0,95.0,7.0,1.0,1280.0,800.0,10.0,0.0,1
86.0,1.0,2.0,0.0,2.0,3.0,1.0,24.0,8.0,0.3333333333333333,3.4267656299603786,0.0,1.0,59.0,9.0,0.0,1.0,0.0,1.0,1.0,0.0,0.0,1.0,116.0,2.0,0.0,7.0,1.0,1.0,0.0,1.0,2.0,3.0,0.0,0.0,1.0,18.0,0.9946615076252896,6.0,3.0,7.0,95.0,11.0,1.0,1280.0,800.0,9.0,1.0,1
79.0,1.0,1.0,0.0,3.0,2.0,1.0,15.0,5.0,0.3333333333333333,3.2605836128314714,0.0,0.0,24.0,10.0,0.0,1.0,0.0,1.0,0.0,0.0,1.0,0.0,146.0,1.0,1.0,5.0,1.0,1.0,0.0,0.0,0.0,1.0,0.0,0.0,1.0,9.0,0.8476148584685396,2.0,2.0,5.0,102.0,5.0,1.0,1280.0,800.0,7.0,0.0,1
78.0,1.0,2.0,0.0,1.0,3.0,1.0,20.0,5.0,0.25,3.899913923981268,0.0,2.0,19.0,41.0,0.0,1.0,0.0,1.0,1.0,0.0,0.0,1.0,79.0,2.0,0.0,10.0,0.0,1.0,2.0,1.0,0.0,2.0,0.0,0.0,1.0,6.0,0.9705996970686901,5.0,1.0,10.0,43.0,3.0,1.0,1280.0,800.0,4.0,0.0,1
52.0,1.0,1.0,0.0,1.0,2.0,1.0,10.0,0.0,0.0,3.8803185436617396,0.0,0.0,19.0,28.0,0.0,1.0,0.0,1.0,1.0,0.0,0.0,1.0,166.0,1.0,0.0,8.0,0.0,0.0,1.0,2.0,0.0,4.0,1.0,0.0,1.0,21.0,0.7650617599806943,1.0,3.0,8.0,42.0,0.0,1.0,1280.0,800.0,5.0,0.0,1
39.0,1.0,1.0,0.0,0.0,2.0,1.0,24.0,12.0,0.5,3.2266739309681327,0.0,1.0,54.0,38.0,0.0,1.0,0.0,1.0,1.0,0.0,0.0,1.0,301.0,1.0,1.0,7.0,1.0,1.0,0.0,0.0,1.0,3.0,0.0,0.0,1.0,35.0,0.6676575096421276,2.0,3.0,7.0,104.0,9.0,1.0,1280.0,800.0,5.0,0.0,1
94.0,1.0,0.0,0.0,1.0,1.0,0.0,13.0,0.0,0.0,3.687915138911765,1.0,0.0,25.0,9.0,0.0,1.0,0.0,1.0,1.0,0.0,0.0,1.0,93.0,1.0,0.0,11.0,1.0,0.0,0.0,0.0,4.0,2.0,1.0,0.0,1.0,35.0,0.9299623494804928,2.0,2.0,11.0,116.0,5.0,1.0,1280.0,800.0,11.0,0.0,1
56.0,1.0,2.0,0.0,3.0,3.0,1.0,20.0,8.0,0.5474041161252918,3.5192412488947333,0.0,0.0,35.0,29.0,0.0,1.0,0.0,1.0,1.0,0.0,0.0,1.0,222.0,1.0,1.0,6.0,1.0,1.0,0.0,1.0,3.0,3.0,0.0,0.0,1.0,19.0,0.8140006686990737,5.0,1.0,6.0,21.0,6.0,1.0,1280.0,800.0,7.0,1.0,1
45.0,0.0,0.0,0.0,2.0,1.0,0.0,21.0,0.0,0.0,3.7871345814818915,1.0,2.0,58.0,37.0,0.0,1.0,0.0,1.0,0.0,0.0,0.0,0.0,289.0,1.0,0.0,10.0,1.0,1.0,0.0,0.0,3.0,2.0,1.0,0.0,1.0,5.0,0.11520079682797567,4.0,3.0,10.0,57.0,5.0,0.0,1280.0,800.0,1.0,0.0,1
56.0,1.0,2.0,0.0,3.0,3.0,1.0,19.0,0.0,0.0,3.2470749147875484,0.0,1.0,48.0,23.0,0.0,0.0,0.0,0.0,1.0,0.0,0.0,1.0,339.0,1.0,0.0,1.0,0.0,1.0,1.0,0.0,10.0,3.0,0.0,1.0,1.0,9.0,0.6665790979918867,7.0,4.0,1.0,86.0,10.0,1.0,1280.0,800.0,10.0,0.0,1
62.0,0.0,0.0,1.0,0.0,1.0,0.0,15.0,3.0,0.7191142621240955,2.6119214008264366,0.0,1.0,18.0,40.0,0.0,1.0,0.0,1.0,0.0,0.0,0.0,0.0,68.0,1.0,1.0,5.0,1.0,0.0,0.0,1.0,0.0,3.0,1.0,0.0,1.0,40.0,0.2639918975459172,4.0,2.0,5.0,68.0,6.0,1.0,1280.0,800.0,5.0,0.0,1
58.0,1.0,1.0,0.0,1.0,2.0,0.0,19.0,0.0,0.0,3.83527924208853,0.0,0.0,28.0,35.0,0.0,0.0,0.0,0.0,1.0,0.0,0.0,1.0,107.0,1.0,0.0,2.0,1.0,1.0,0.0,0.0,4.0,4.0,1.0,1.0,1.0,6.0,0.9536526243176198,5.0,2.0,2.0,78.0,3.0,1.0,1280.0,800.0,12.0,1.0,1
40.0,0.0,1.0,0.0,2.0,2.0,0.0,13.0,0.0,0.0,3.718344745073867,0.0,1.0,57.0,21.0,0.0,1.0,0.0,1.0,0.0,0.0,0.0,0.0,325.0,1.0,1.0,11.0,0.0,1.0,1.0,1.0,3.0,5.0,0.0,0.0,1.0,17.0,0.03489064258322495,5.0,3.0,11.0,24.0,14.0,1.0,1280.0,800.0,11.0,1.0,1
68.0,0.0,2.0,0.0,2.0,3.0,0.0,24.0,0.0,0.0,3.4674874776197964,0.0,1.0,54.0,20.0,0.0,1.0,0.0,1.0,0.0,0.0,0.0,0.0,144.0,1.0,1.0,1.0,1.0,1.0,0.0,0.0,3.0,4.0,0.0,0.0,1.0,24.0,0.13755253214033938,4.0,4.0,1.0,114.0,13.0,1.0,1280.0,800.0,6.0,0.0,1
60.0,1.0,2.0,0.0,1.0,3.0,1.0,20.0,6.0,0.6930197559816833,3.85208404836131,0.0,1.0,41.0,14.0,0.0,0.0,0.0,0.0,1.0,0.0,0.0,1.0,37.0,1.0,0.0,2.0,0.0,0.0,0.0,0.0,3.0,2.0,0.0,1.0,0.0,7.0,0.9111280624585256,6.0,4.0,2.0,93.0,7.0,1.0,1280.0,800.0,1.0,0.0,1
58.0,0.0,0.0,1.0,0.0,1.0,0.0,15.0,3.0,0.766792120633667,3.0416595703798976,0.0,1.0,26.0,34.0,0.0,0.0,0.0,0.0,0.0,0.0,0.0,0.0,117.0,1.0,0.0,7.0,0.0,1.0,1.0,0.0,3.0,2.0,1.0,0.0,1.0,22.0,0.0021485140628074717,4.0,3.0,7.0,111.0,10.0,1.0,1280.0,800.0,12.0,0.0,1
51.0,1.0,1.0,0.0,1.0,2.0,0.0,12.0,0.0,0.0,3.539600048882181,1.0,0.0,6.0,27.0,0.0,1.0,0.0,1.0,1.0,0.0,0.0,1.0,107.0,1.0,0.0,4.0,1.0,1.0,0.0,0.0,0.0,3.0,0.0,0.0,1.0,33.0,0.885108921753502,6.0,1.0,4.0,61.0,3.0,1.0,1280.0,800.0,8.0,0.0,1
88.0,1.0,1.0,0.0,2.0,2.0,1.0,14.0,5.0,0.35714285714285715,3.4631129294693306,0.0,1.0,55.0,33.0,0.0,1.0,0.0,1.0,1.0,0.0,0.0,1.0,127.0,1.0,1.0,10.0,1.0,1.0,0.0,0.0,4.0,1.0,1.0,0.0,1.0,24.0,0.7383388472792756,7.0,1.0,10.0,81.0,5.0,1.0,1280.0,800.0,0.0,1.0,1
68.0,1.0,0.0,1.0,0.0,1.0,0.0,15.0,3.0,0.6400133406659767,2.625634322523009,0.0,1.0,52.0,22.0,0.0,1.0,0.0,1.0,1.0,0.0,0.0,1.0,240.0,1.0,0.0,8.0,1.0,1.0,0.0,0.0,0.0,1.0,0.0,1.0,1.0,40.0,0.7866554621901733,6.0,4.0,8.0,57.0,14.0,1.0,1280.0,800.0,1.0,0.0,1
90.0,1.0,3.0,0.0,4.0,4.0,1.0,15.0,5.0,0.3333333333333333,3.6604589166387185,0.0,0.0,43.0,13.0,0.0,0.0,0.0,0.0,0.0,0.0,1.0,0.0,194.0,1.0,6.0,9.0,1.0,0.0,0.0,0.0,2.0,2.0,0.0,1.0,1.0,20.0,0.9061440482716683,4.0,4.0,9.0,108.0,1.0,0.0,1280.0,800.0,0.0,1.0,1
77.0,1.0,1.0,0.0,1.0,2.0,0.0,25.0,0.0,0.0,3.432961856178125,0.0,0.0,6.0,36.0,0.0,1.0,0.0,1.0,0.0,1.0,1.0,0.0,139.0,1.0,0.0,5.0,1.0,1.0,1.0,0.0,1.0,4.0,0.0,1.0,1.0,31.0,0.7151026901178366,6.0,3.0,5.0,57.0,2.0,1.0,1280.0,800.0,12.0,0.0,1
47.0,1.0,3.0,0.0,1.0,4.0,1.0,20.0,5.0,0.25,3.3952853745573552,0.0,0.0,55.0,0.0,0.0,1.0,0.0,1.0,1.0,0.0,0.0,1.0,322.0,1.0,0.0,9.0,1.0,1.0,0.0,0.0,3.0,1.0,0.0,1.0,1.0,11.0,0.7327856541874039,1.0,2.0,9.0,45.0,9.0,1.0,1280.0,800.0,4.0,0.0,1
46.0,1.0,1.0,0.0,1.0,2.0,0.0,19.0,8.0,0.42105263157894735,3.4812317251610776,0.0,0.0,51.0,10.0,0.0,0.0,0.0,0.0,1.0,0.0,0.0,1.0,289.0,2.0,1.0,7.0,1.0,1.0,0.0,0.0,0.0,1.0,0.0,0.0,1.0,12.0,0.882417941863463,6.0,5.0,7.0,57.0,6.0,1.0,1280.0,800.0,4.0,1.0,1
41.0,1.0,1.0,0.0,2.0,2.0,0.0,13.0,5.0,0.38461538461538464,3.683644108881149,0.0,0.0,7.0,3.0,0.0,1.0,0.0,1.0,1.0,0.0,0.0,1.0,114.0,1.0,0.0,9.0,1.0,1.0,1.0,1.0,3.0,2.0,1.0,0.0,1.0,5.0,0.7558546781427362,2.0,1.0,9.0,102.0,9.0,1.0,1280.0,800.0,0.0,0.0,1
74.0,1.0,2.0,0.0,2.0,3.0,1.0,14.0,0.0,0.0,3.194505337758835,0.0,0.0,47.0,24.0,0.0,1.0,0.0,1.0,1.0,0.0,0.0,1.0,111.0,1.0,0.0,8.0,1.0,1.0,0.0,1.0,0.0,1.0,0.0,1.0,1.0,26.0,0.9890938702606527,1.0,4.0,8.0,92.0,6.0,1.0,1280.0,800.0,7.0,1.0,1
59.0,1.0,1.0,0.0,4.0,2.0,1.0,13.0,2.0,0.15384615384615385,3.510929654444216,0.0,1.0,55.0,26.0,1.0,0.0,0.0,0.0,0.0,1.0,1.0,0.0,140.0,1.0,1.0,4.0,1.0,1.0,0.0,0.0,1.0,1.0,1.0,1.0,1.0,25.0,0.8574966693507609,5.0,2.0,4.0,108.0,3.0,1.0,1280.0,800.0,2.0,0.0,1
86.0,1.0,1.0,0.0,1.0,2.0,0.0,16.0,5.0,0.3125,3.088534861374234,0.0,0.0,41.0,20.0,0.0,1.0,0.0,1.0,1.0,0.0,0.0,1.0,39.0,1.0,6.0,4.0,0.0,0.0,0.0,1.0,1.0,2.0,1.0,1.0,1.0,18.0,0.7261028730948234,3.0,1.0,4.0,80.0,0.0,1.0,1280.0,800.0,5.0,0.0,1
85.0,1.0,0.0,0.0,2.0,1.0,0.0,17.0,8.0,0.47058823529411764,3.836186855882531,0.0,1.0,56.0,43.0,0.0,1.0,0.0,1.0,1.0,0.0,0.0,1.0,345.0,1.0,1.0,6.0,1.0,1.0,0.0,0.0,2.0,3.0,1.0,1.0,1.0,37.0,0.7407439854106571,6.0,3.0,6.0,93.0,1.0,1.0,1280.0,800.0,7.0,0.0,1
93.0,1.0,2.0,0.0,2.0,3.0,0.0,24.0,10.0,0.4166666666666667,3.781526586202649,0.0,2.0,56.0,41.0,0.0,1.0,0.0,1.0,0.0,0.0,0.0,0.0,151.0,1.0,1.0,6.0,1.0,1.0,0.0,0.0,3.0,2.0,1.0,1.0,1.0,9.0,0.8902535857439978,5.0,5.0,6.0,54.0,4.0,1.0,1280.0,800.0,2.0,0.0,1
74.0,1.0,0.0,1.0,0.0,1.0,0.0,15.0,3.0,0.7858720396735882,2.6866824835895207,0.0,0.0,58.0,43.0,0.0,1.0,0.0,1.0,1.0,0.0,0.0,1.0,306.0,1.0,0.0,1.0,1.0,1.0,0.0,0.0,1.0,1.0,1.0,1.0,1.0,38.0,0.7271205615125234,2.0,1.0,1.0,85.0,13.0,1.0,1280.0,800.0,9.0,0.0,1
45.0,0.0,0.0,1.0,0.0,1.0,0.0,15.0,3.0,0.7669371677020795,3.02925098111323,0.0,1.0,16.0,20.0,0.0,0.0,0.0,0.0,0.0,0.0,0.0,0.0,115.0,1.0,0.0,10.0,1.0,1.0,0.0,0.0,1.0,1.0,0.0,1.0,1.0,7.0,0.22899147484628754,3.0,3.0,10.0,7.0,0.0,1.0,1280.0,800.0,6.0,0.0,1
83.0,1.0,1.0,0.0,3.0,2.0,1.0,25.0,2.0,0.08,3.435691806480599,0.0,1.0,10.0,1.0,0.0,1.0,0.0,1.0,1.0,0.0,0.0,1.0,210.0,1.0,0.0,8.0,0.0,0.0,0.0,1.0,6.0,3.0,1.0,0.0,1.0,43.0,0.733282865941925,6.0,5.0,8.0,41.0,7.0,1.0,1280.0,800.0,9.0,0.0,1
65.0,1.0,1.0,0.0,1.0,2.0,0.0,22.0,8.0,0.36363636363636365,3.730336667308813,0.0,0.0,42.0,41.0,0.0,0.0,0.0,0.0,1.0,0.0,0.0,1.0,73.0,2.0,0.0,7.0,1.0,1.0,1.0,0.0,3.0,4.0,1.0,0.0,1.0,43.0,0.6857467767885317,6.0,5.0,7.0,90.0,1.0,1.0,1280.0,800.0,11.0,0.0,1
47.0,1.0,2.0,0.0,2.0,3.0,0.0,21.0,2.0,0.09523809523809523,3.5156689965572463,0.0,0.0,34.0,2.0,0.0,1.0,0.0,1.0,0.0,0.0,0.0,0.0,138.0,1.0,0.0,6.0,0.0,1.0,0.0,0.0,3.0,1.0,0.0,0.0,1.0,37.0,0.9167270946365172,4.0,4.0,6.0,114.0,1.0,1.0,1280.0,800.0,14.0,0.0,1
36.0,0.0,1.0,0.0,1.0,2.0,0.0,10.0,5.0,0.5,3.1008340848173437,0.0,2.0,39.0,21.0,1.0,1.0,0.0,1.0,0.0,0.0,0.0,0.0,17.0,1.0,1.0,8.0,0.0,1.0,0.0,0.0,0.0,3.0,1.0,1.0,1.0,30.0,0.15274676581402982,2.0,4.0,8.0,20.0,10.0,1.0,1280.0,800.0,4.0,0.0,1
57.0,1.0,2.0,0.0,3.0,3.0,1.0,21.0,0.0,0.0,2.9477798793885155,0.0,2.0,58.0,32.0,0.0,0.0,0.0,0.0,1.0,0.0,0.0,1.0,136.0,2.0,1.0,8.0,1.0,1.0,0.0,1.0,0.0,4.0,1.0,1.0,1.0,41.0,0.6125958771554677,5.0,4.0,8.0,79.0,0.0,1.0,1280.0,800.0,3.0,0.0,1
87.0,1.0,0.0,0.0,3.0,1.0,1.0,16.0,2.0,0.125,3.1695608824011945,0.0,1.0,5.0,17.0,0.0,1.0,0.0,1.0,1.0,0.0,0.0,1.0,192.0,1.0,0.0,5.0,1.0,1.0,0.0,0.0,0.0,3.0,1.0,1.0,1.0,16.0,0.8529332112145518,4.0,1.0,5.0,36.0,11.0,1.0,1280.0,800.0,3.0,0.0,1
72.0,1.0,1.0,0.0,1.0,2.0,0.0,20.0,0.0,0.0,3.5714521936678514,1.0,0.0,25.0,24.0,0.0,1.0,0.0,1.0,1.0,0.0,0.0,1.0,90.0,2.0,1.0,9.0,0.0,1.0,0.0,0.0,1.0,3.0,0.0,0.0,1.0,23.0,0.6365740606359737,2.0,2.0,9.0,13.0,8.0,1.0,1280.0,800.0,4.0,0.0,1
53.0,1.0,0.0,0.0,4.0,1.0,1.0,10.0,2.0,0.2,3.222765398738815,0.0,0.0,18.0,0.0,0.0,1.0,0.0,1.0,1.0,0.0,0.0,1.0,112.0,1.0,0.0,2.0,1.0,0.0,0.0,0.0,1.0,3.0,1.0,1.0,1.0,24.0,0.8753483033450946,5.0,5.0,2.0,63.0,6.0,1.0,1280.0,800.0,6.0,0.0,1
35.0,1.0,0.0,1.0,0.0,1.0,0.0,15.0,3.0,0.7086479603428952,2.88751450220315,0.0,0.0,42.0,27.0,0.0,1.0,0.0,1.0,0.0,1.0,1.0,0.0,71.0,1.0,0.0,9.0,0.0,0.0,0.0,0.0,0.0,3.0,1.0,1.0,0.0,17.0,0.6669269756082055,5.0,1.0,9.0,113.0,5.0,1.0,1280.0,800.0,1.0,1.0,1
66.0,1.0,0.0,0.0,1.0,1.0,0.0,15.0,0.0,0.0,3.743464847097387,1.0,0.0,58.0,5.0,0.0,1.0,0.0,1.0,1.0,0.0,0.0,1.0,108.0,1.0,0.0,8.0,0.0,0.0,0.0,0.0,1.0,2.0,1.0,1.0,0.0,44.0,0.6058912130301717,2.0,4.0,8.0,61.0,0.0,1.0,1280.0,800.0,8.0,0.0,1
85.0,1.0,0.0,1.0,0.0,1.0,0.0,15.0,3.0,0.7061661207211349,2.7847564300507477,0.0,0.0,56.0,21.0,0.0,0.0,0.0,0.0,1.0,0.0,0.0,1.0,245.0,1.0,0.0,5.0,1.0,0.0,0.0,0.0,0.0,1.0,0.0,0.0,1.0,29.0,0.6155699061390376,1.0,5.0,5.0,15.0,11.0,1.0,1280.0,800.0,6.0,0.0,1
69.0,1.0,1.0,0.0,2.0,2.0,0.0,22.0,2.0,0.09090909090909091,3.810848761403382,0.0,0.0,37.0,38.0,1.0,1.0,0.0,1.0,1.0,0.0,0.0,1.0,100.0,1.0,1.0,3.0,1.0,0.0,0.0,0.0,1.0,2.0,0.0,0.0,1.0,21.0,0.8396554055587377,2.0,3.0,3.0,91.0,0.0,1.0,1280.0,800.0,2.0,0.0,1
92.0,1.0,0.0,0.0,2.0,1.0,0.0,18.0,0.0,0.0,3.693000503912243,1.0,0.0,27.0,29.0,0.0,1.0,0.0,1.0,1.0,0.0,0.0,1.0,191.0,1.0,1.0,8.0,1.0,1.0,0.0,0.0,1.0,1.0,0.0,0.0,1.0,7.0,0.9496621883507845,6.0,2.0,8.0,113.0,1.0,1.0,1280.0,800.0,3.0,0.0,1
61.0,0.0,0.0,1.0,0.0,1.0,0.0,15.0,3.0,0.7924494540202168,2.742142775361529,0.0,0.0,9.0,1.0,0.0,1.0,0.0,1.0,0.0,0.0,0.0,0.0,268.0,1.0,1.0,9.0,1.0,1.0,0.0,0.0,0.0,2.0,0.0,1.0,1.0,6.0,0.09196341085904904,5.0,5.0,9.0,112.0,5.0,1.0,1280.0,800.0,4.0,0.0,1
35.0,0.0,1.0,0.0,4.0,2.0,1.0,13.0,5.0,0.38461538461538464,3.8079780076807066,0.0,1.0,20.0,15.0,0.0,1.0,0.0,1.0,0.0,0.0,0.0,0.0,293.0,1.0,0.0,5.0,1.0,1.0,0.0,0.0,13.0,3.0,0.0,1.0,1.0,20.0,0.18258986737381017,4.0,3.0,5.0,4.0,8.0,0.0,1280.0,800.0,5.0,0.0,1
50.0,1.0,2.0,0.0,1.0,3.0,1.0,11.0,2.0,0.18181818181818182,3.250095479963347,0.0,0.0,46.0,1.0,0.0,0.0,0.0,0.0,1.0,0.0,0.0,1.0,140.0,1.0,6.0,7.0,0.0,0.0,2.0,2.0,1.0,4.0,0.0,0.0,1.0,42.0,0.6513177126103279,1.0,1.0,7.0,90.0,1.0,1.0,1280.0,800.0,11.0,0.0,1
44.0,1.0,2.0,0.0,3.0,3.0,1.0,22.0,0.0,0.0,3.111752549113146,0.0,0.0,16.0,28.0,0.0,1.0,0.0,1.0,1.0,0.0,0.0,1.0,326.0,1.0,1.0,4.0,0.0,0.0,2.0,1.0,3.0,2.0,1.0,1.0,1.0,19.0,0.994780554396526,1.0,1.0,4.0,5.0,1.0,1.0,1280.0,800.0,5.0,0.0,1
71.0,1.0,2.0,0.0,4.0,3.0,1.0,10.0,8.0,0.8,3.231103135904871,0.0,0.0,23.0,37.0,0.0,1.0,0.0,1.0,1.0,0.0,0.0,1.0,301.0,1.0,0.0,2.0,1.0,0.0,0.0,0.0,13.0,3.0,0.0,0.0,1.0,40.0,0.7063817170413167,6.0,1.0,2.0,92.0,8.0,1.0,1280.0,800.0,5.0,0.0,1
75.0,0.0,1.0,0.0,1.0,2.0,1.0,18.0,2.0,0.1111111111111111,2.966456449067895,0.0,1.0,55.0,7.0,1.0,1.0,0.0,1.0,0.0,0.0,0.0,0.0,258.0,1.0,1.0,6.0,1.0,1.0,0.0,0.0,12.0,1.0,0.0,0.0,1.0,6.0,0.22300273624695993,7.0,3.0,6.0,33.0,3.0,1.0,1280.0,800.0,5.0,0.0,1
48.0,1.0,1.0,0.0,2.0,2.0,0.0,11.0,5.0,0.45454545454545453,3.8379646007532466,0.0,0.0,16.0,14.0,0.0,0.0,0.0,0.0,1.0,0.0,0.0,1.0,132.0,1.0,6.0,5.0,1.0,1.0,0.0,1.0,4.0,1.0,1.0,0.0,1.0,33.0,0.8668224104729989,6.0,5.0,5.0,6.0,12.0,1.0,1280.0,800.0,11.0,0.0,1
51.0,0.0,2.0,0.0,1.0,3.0,0.0,10.0,2.0,0.2,3.5935231214059304,0.0,0.0,36.0,10.0,0.0,0.0,0.0,0.0,0.0,0.0,0.0,0.0,20.0,1.0,6.0,2.0,1.0,1.0,0.0,1.0,1.0,4.0,0.0,0.0,1.0,10.0,0.21230908023459533,1.0,1.0,2.0,116.0,9.0,1.0,1280.0,800.0,9.0,0.0,1
70.0,1.0,2.0,0.0,4.0,3.0,1.0,22.0,0.0,0.0,3.6208017417177647,0.0,1.0,38.0,28.0,0.0,0.0,0.0,0.0,1.0,0.0,0.0,1.0,62.0,1.0,0.0,3.0,1.0,1.0,0.0,0.0,4.0,2.0,1.0,0.0,1.0,35.0,0.9109292307860254,1.0,4.0,3.0,34.0,4.0,0.0,1280.0,800.0,13.0,0.0,1
44.0,1.0,1.0,0.0,3.0,2.0,1.0,26.0,13.0,0.5726007334872824,4.006621738227981,0.0,0.0,6.0,32.0,0.0,1.0,0.0,1.0,1.0,0.0,0.0,1.0,133.0,1.0,1.0,3.0,0.0,0.0,0.0,0.0,3.0,3.0,0.0,0.0,0.0,34.0,0.9485175800163235,4.0,2.0,3.0,112.0,0.0,1.0,1280.0,800.0,12.0,0.0,1
51.0,1.0,1.0,0.0,1.0,2.0,0.0,11.0,0.0,0.0,3.1433236287108923,0.0,2.0,50.0,38.0,0.0,1.0,0.0,1.0,1.0,0.0,0.0,1.0,226.0,1.0,0.0,5.0,1.0,1.0,1.0,1.0,4.0,3.0,1.0,1.0,1.0,25.0,0.8590818378062909,7.0,1.0,5.0,97.0,11.0,0.0,1280.0,800.0,6.0,0.0,1
45.0,1.0,1.0,0.0,4.0,2.0,1.0,20.0,0.0,0.0,3.058251999458159,0.0,1.0,53.0,5.0,0.0,1.0,0.0,1.0,1.0,0.0,0.0,1.0,171.0,1.0,1.0,7.0,0.0,0.0,0.0,0.0,4.0,3.0,1.0,1.0,0.0,5.0,0.7400845685158125,5.0,5.0,7.0,55.0,14.0,1.0,1280.0,800.0,7.0,0.0,1
41.0,1.0,3.0,0.0,4.0,4.0,0.0,23.0,2.0,0.08695652173913043,2.8950104847580485,0.0,0.0,30.0,44.0,0.0,1.0,0.0,1.0,0.0,0.0,0.0,0.0,237.0,1.0,0.0,11.0,1.0,1.0,0.0,0.0,3.0,3.0,0.0,1.0,1.0,9.0,0.8618979948771373,1.0,1.0,11.0,47.0,9.0,1.0,1280.0,800.0,9.0,0.0,1
83.0,1.0,1.0,0.0,1.0,2.0,1.0,12.0,8.0,0.6666666666666666,3.6960622714041613,0.0,2.0,45.0,34.0,0.0,1.0,0.0,1.0,1.0,0.0,0.0,1.0,321.0,1.0,1.0,5.0,1.0,1.0,2.0,1.0,0.0,3.0,1.0,0.0,1.0,26.0,0.7957263126927441,5.0,3.0,5.0,49.0,12.0,1.0,1280.0,800.0,13.0,0.0,1
93.0,1.0,1.0,0.0,2.0,2.0,1.0,13.0,5.0,0.38461538461538464,2.8302403147700756,0.0,2.0,5.0,38.0,0.0,0.0,0.0,0.0,1.0,0.0,0.0,1.0,128.0,1.0,0.0,2.0,1.0,1.0,0.0,1.0,3.0,2.0,1.0,0.0,1.0,23.0,0.8158246620676891,1.0,2.0,2.0,27.0,7.0,1.0,1280.0,800.0,1.0,0.0,1
88.0,1.0,0.0,1.0,0.0,1.0,0.0,15.0,3.0,0.7238644584343161,2.7240716860429792,0.0,0.0,56.0,20.0,0.0,0.0,0.0,0.0,0.0,0.0,0.0,0.0,53.0,1.0,0.0,7.0,1.0,0.0,0.0,0.0,3.0,2.0,0.0,1.0,1.0,23.0,0.6533225237534913,4.0,3.0,7.0,35.0,14.0,1.0,1280.0,800.0,2.0,0.0,1
48.0,0.0,2.0,0.0,1.0,3.0,0.0,18.0,12.0,0.6666666666666666,3.0175788672452915,0.0,1.0,47.0,28.0,0.0,1.0,0.0,1.0,0.0,0.0,0.0,0.0,334.0,1.0,1.0,8.0,1.0,1.0,0.0,0.0,0.0,3.0,0.0,0.0,1.0,28.0,0.08390309166431115,3.0,5.0,8.0,84.0,7.0,1.0,1280.0,800.0,14.0,0.0,1
64.0,1.0,2.0,0.0,2.0,3.0,0.0,24.0,2.0,0.08333333333333333,3.482811536359438,0.0,0.0,37.0,32.0,0.0,0.0,0.0,0.0,1.0,0.0,0.0,1.0,150.0,1.0,6.0,3.0,1.0,1.0,0.0,0.0,1.0,4.0,0.0,0.0,1.0,24.0,0.9669504178291762,7.0,2.0,3.0,69.0,9.0,1.0,1280.0,800.0,2.0,1.0,1
75.0,0.0,1.0,0.0,4.0,2.0,1.0,23.0,8.0,0.34782608695652173,2.8065295246923467,0.0,0.0,11.0,8.0,0.0,1.0,0.0,1.0,0.0,0.0,0.0,0.0,239.0,1.0,0.0,7.0,0.0,1.0,0.0,0.0,2.0,1.0,1.0,1.0,1.0,41.0,0.025650190450901455,4.0,5.0,7.0,40.0,8.0,1.0,1280.0,800.0,2.0,0.0,1
53.0,0.0,2.0,0.0,1.0,3.0,0.0,13.0,8.0,0.6153846153846154,3.7804649741478955,0.0,1.0,11.0,18.0,1.0,0.0,0.0,0.0,0.0,0.0,0.0,0.0,320.0,2.0,6.0,7.0,1.0,1.0,0.0,0.0,3.0,2.0,0.0,0.0,1.0,23.0,0.2462104107423176,4.0,1.0,7.0,53.0,1.0,1.0,1280.0,800.0,4.0,1.0,1
65.0,1.0,1.0,0.0,2.0,2.0,0.0,25.0,5.0,0.2,2.8189488166165364,0.0,0.0,51.0,22.0,0.0,1.0,0.0,1.0,1.0,0.0,0.0,1.0,222.0,1.0,0.0,5.0,0.0,0.0,1.0,2.0,4.0,5.0,0.0,0.0,1.0,28.0,0.8653582638260628,7.0,2.0,5.0,10.0,3.0,1.0,1280.0,800.0,10.0,0.0,1
66.0,0.0,0.0,1.0,0.0,1.0,0.0,15.0,3.0,0.7593783820053855,2.6493918866895227,0.0,2.0,15.0,27.0,0.0,1.0,0.0,1.0,0.0,0.0,0.0,0.0,106.0,1.0,0.0,5.0,1.0,1.0,1.0,0.0,2.0,3.0,0.0,0.0,1.0,24.0,0.008493681559755384,3.0,4.0,5.0,43.0,0.0,1.0,1280.0,800.0,1.0,0.0,1
88.0,1.0,3.0,0.0,2.0,4.0,0.0,16.0,8.0,0.5,3.702736214071422,0.0,0.0,17.0,6.0,0.0,1.0,0.0,1.0,0.0,0.0,1.0,0.0,316.0,1.0,0.0,6.0,1.0,1.0,0.0,1.0,4.0,2.0,1.0,0.0,1.0,39.0,0.6329804182017925,4.0,3.0,6.0,110.0,3.0,1.0,1280.0,800.0,8.0,0.0,1
68.0,1.0,1.0,0.0,4.0,2.0,0.0,10.0,0.0,0.0,2.8521676146641304,0.0,0.0,28.0,20.0,0.0,0.0,0.0,0.0,0.0,0.0,1.0,0.0,123.0,1.0,0.0,6.0,1.0,1.0,1.0,0.0,4.0,4.0,0.0,1.0,1.0,14.0,0.7677224539485906,1.0,2.0,6.0,73.0,2.0,1.0,1280.0,800.0,0.0,0.0,1
86.0,1.0,0.0,1.0,0.0,1.0,0.0,15.0,3.0,0.7459035821977911,2.98091299411497,0.0,0.0,31.0,35.0,0.0,1.0,0.0,1.0,0.0,0.0,0.0,0.0,64.0,2.0,0.0,5.0,1.0,1.0,0.0,0.0,4.0,2.0,0.0,1.0,1.0,42.0,0.6834447761907264,6.0,3.0,5.0,114.0,5.0,1.0,1280.0,800.0,3.0,0.0,1
64.0,1.0,1.0,0.0,3.0,2.0,0.0,24.0,2.0,0.08333333333333333,3.8029926452552454,0.0,0.0,52.0,25.0,0.0,1.0,0.0,1.0,1.0,0.0,0.0,1.0,63.0,1.0,0.0,7.0,1.0,1.0,0.0,0.0,3.0,1.0,1.0,0.0,1.0,43.0,0.9214395374664085,4.0,5.0,7.0,107.0,14.0,1.0,1280.0,800.0,8.0,1.0,1
90.0,1.0,1.0,0.0,2.0,2.0,0.0,21.0,9.0,0.4191466824244004,3.2933132264249103,0.0,2.0,39.0,37.0,0.0,1.0,0.0,1.0,1.0,0.0,0.0,1.0,70.0,1.0,0.0,2.0,1.0,0.0,1.0,0.0,2.0,3.0,0.0,0.0,1.0,27.0,0.6019107198072338,1.0,1.0,2.0,29.0,10.0,1.0,1280.0,800.0,9.0,0.0,1
94.0,1.0,3.0,0.0,4.0,4.0,0.0,25.0,8.0,0.32,3.5190658601598823,0.0,0.0,22.0,33.0,1.0,0.0,0.0,0.0,1.0,0.0,0.0,1.0,21.0,1.0,0.0,3.0,1.0,1.0,0.0,0.0,9.0,2.0,0.0,1.0,1.0,11.0,0.9925613844633592,1.0,5.0,3.0,49.0,5.0,1.0,1280.0,800.0,8.0,0.0,1
41.0,1.0,3.0,0.0,2.0,4.0,0.0,16.0,8.0,0.5,3.0707042744476483,0.0,0.0,22.0,22.0,0.0,0.0,0.0,0.0,0.0,1.0,1.0,0.0,32.0,1.0,6.0,11.0,1.0,1.0,0.0,0.0,1.0,3.0,1.0,0.0,1.0,5.0,0.8694657621375055,5.0,5.0,11.0,34.0,6.0,1.0,1280.0,800.0,0.0,0.0,1
48.0,1.0,1.0,0.0,3.0,2.0,1.0,21.0,5.0,0.23809523809523808,3.8044621149201583,0.0,1.0,19.0,29.0,0.0,0.0,0.0,0.0,1.0,0.0,0.0,1.0,90.0,1.0,0.0,11.0,1.0,1.0,1.0,1.0,4.0,5.0,1.0,1.0,1.0,20.0,0.8838613419263828,1.0,3.0,11.0,76.0,8.0,1.0,1280.0,800.0,6.0,0.0,1
69.0,1.0,1.0,0.0,2.0,2.0,0.0,16.0,13.0,0.742338815304929,3.6925456718606506,0.0,2.0,12.0,37.0,0.0,0.0,0.0,0.0,0.0,0.0,1.0,0.0,133.0,1.0,6.0,6.0,1.0,1.0,0.0,0.0,3.0,1.0,0.0,0.0,1.0,6.0,0.8276322066507649,2.0,4.0,6.0,18.0,9.0,1.0,1280.0,800.0,9.0,0.0,1
53.0,1.0,1.0,0.0,1.0,2.0,1.0,13.0,2.0,0.15384615384615385,3.710057799859934,0.0,0.0,15.0,21.0,0.0,1.0,0.0,1.0,1.0,0.0,0.0,1.0,124.0,2.0,0.0,8.0,0.0,1.0,1.0,2.0,2.0,2.0,0.0,1.0,1.0,39.0,0.6469075687151934,1.0,3.0,8.0,104.0,9.0,1.0,1280.0,800.0,12.0,1.0,1
89.0,1.0,3.0,0.0,4.0,4.0,0.0,10.0,0.0,0.0,3.2214530358466438,0.0,1.0,15.0,39.0,0.0,1.0,0.0,1.0,1.0,0.0,0.0,1.0,245.0,1.0,6.0,8.0,0.0,0.0,0.0,0.0,12.0,2.0,1.0,1.0,0.0,26.0,0.9063121971000391,1.0,2.0,8.0,106.0,9.0,1.0,1280.0,800.0,0.0,0.0,1
73.0,0.0,1.0,0.0,2.0,2.0,0.0,23.0,2.0,0.08695652173913043,3.085693573075363,0.0,1.0,44.0,0.0,0.0,0.0,0.0,0.0,0.0,0.0,0.0,0.0,116.0,1.0,0.0,3.0,0.0,1.0,1.0,0.0,0.0,1.0,1.0,1.0,1.0,36.0,0.009967886987951967,5.0,1.0,3.0,71.0,11.0,1.0,1280.0,800.0,6.0,1.0,1
71.0,1.0,0.0,0.0,3.0,1.0,0.0,19.0,0.0,0.0,3.393217852834468,0.0,0.0,40.0,5.0,0.0,1.0,0.0,1.0,1.0,0.0,0.0,1.0,230.0,2.0,0.0,5.0,1.0,1.0,0.0,0.0,3.0,2.0,0.0,1.0,1.0,11.0,0.7062127092385523,3.0,4.0,5.0,113.0,0.0,1.0,1280.0,800.0,3.0,0.0,1
52.0,0.0,1.0,0.0,2.0,2.0,1.0,12.0,2.0,0.16666666666666666,3.0438771084622944,0.0,1.0,14.0,43.0,0.0,0.0,0.0,0.0,0.0,0.0,0.0,0.0,248.0,1.0,1.0,2.0,1.0,0.0,2.0,1.0,1.0,2.0,1.0,0.0,1.0,6.0,0.10224517491738477,2.0,1.0,2.0,26.0,11.0,1.0,1280.0,800.0,1.0,0.0,1
46.0,1.0,2.0,0.0,1.0,3.0,0.0,16.0,2.0,0.125,3.8400363960138257,0.0,0.0,23.0,28.0,0.0,0.0,0.0,0.0,1.0,0.0,0.0,1.0,172.0,2.0,1.0,3.0,1.0,1.0,0.0,0.0,3.0,3.0,1.0,0.0,1.0,13.0,0.7672962607007107,5.0,5.0,3.0,93.0,13.0,1.0,1280.0,800.0,9.0,0.0,1
50.0,1.0,0.0,0.0,3.0,1.0,1.0,10.0,5.0,0.5,3.893394405727155,0.0,1.0,52.0,15.0,0.0,0.0,0.0,0.0,1.0,0.0,0.0,1.0,178.0,1.0,1.0,2.0,0.0,0.0,0.0,0.0,1.0,3.0,1.0,1.0,0.0,19.0,0.7827850107918553,6.0,3.0,2.0,88.0,4.0,1.0,1280.0,800.0,4.0,0.0,1
91.0,1.0,1.0,0.0,2.0,2.0,0.0,22.0,10.0,0.4450169897017662,3.7030981816372983,0.0,1.0,12.0,24.0,0.0,1.0,0.0,1.0,0.0,1.0,0.0,0.0,256.0,1.0,0.0,11.0,0.0,0.0,0.0,0.0,0.0,2.0,0.0,0.0,0.0,14.0,0.9389323723974896,6.0,2.0,11.0,108.0,1.0,0.0,1280.0,800.0,11.0,0.0,1
62.0,1.0,3.0,0.0,1.0,4.0,0.0,14.0,5.0,0.35714285714285715,3.114967569257309,0.0,1.0,16.0,21.0,0.0,1.0,0.0,1.0,0.0,1.0,1.0,0.0,291.0,1.0,0.0,2.0,1.0,1.0,0.0,1.0,3.0,4.0,0.0,0.0,1.0,32.0,0.7225869276522114,7.0,5.0,2.0,11.0,8.0,1.0,1280.0,800.0,10.0,0.0,1
60.0,1.0,2.0,0.0,2.0,3.0,1.0,19.0,2.0,0.10526315789473684,2.8917131906716764,0.0,0.0,26.0,28.0,0.0,1.0,0.0,1.0,1.0,0.0,0.0,1.0,332.0,2.0,0.0,5.0,0.0,1.0,0.0,0.0,1.0,3.0,1.0,1.0,1.0,16.0,0.6009013248145529,5.0,2.0,5.0,69.0,6.0,1.0,1280.0,800.0,6.0,0.0,1
40.0,1.0,2.0,0.0,1.0,3.0,1.0,18.0,0.0,0.0,2.862183111514914,0.0,0.0,43.0,28.0,0.0,1.0,0.0,1.0,1.0,0.0,0.0,1.0,244.0,1.0,6.0,11.0,1.0,1.0,0.0,0.0,2.0,3.0,0.0,0.0,1.0,15.0,0.9583027544351489,1.0,2.0,11.0,82.0,13.0,1.0,1280.0,800.0,1.0,0.0,1
59.0,1.0,0.0,0.0,1.0,1.0,1.0,12.0,0.0,0.0,2.84202440645997,0.0,2.0,29.0,37.0,1.0,1.0,0.0,1.0,1.0,0.0,0.0,1.0,44.0,1.0,1.0,2.0,0.0,0.0,0.0,0.0,1.0,2.0,1.0,1.0,0.0,37.0,0.9778385399053557,4.0,4.0,2.0,68.0,6.0,1.0,1280.0,800.0,5.0,0.0,1
94.0,1.0,1.0,0.0,1.0,2.0,1.0,17.0,8.0,0.47058823529411764,3.4213903130166616,0.0,0.0,41.0,17.0,0.0,0.0,0.0,0.0,1.0,0.0,0.0,1.0,238.0,1.0,0.0,10.0,0.0,1.0,0.0,1.0,4.0,3.0,1.0,1.0,1.0,40.0,0.773471214223801,5.0,4.0,10.0,75.0,4.0,1.0,1280.0,800.0,2.0,0.0,1
46.0,1.0,0.0,1.0,0.0,1.0,0.0,15.0,3.0,0.7027312800439519,2.9917449280534365,0.0,0.0,40.0,26.0,0.0,1.0,0.0,1.0,1.0,0.0,0.0,1.0,297.0,1.0,0.0,5.0,0.0,1.0,0.0,0.0,1.0,2.0,0.0,1.0,1.0,5.0,0.6932029399862697,3.0,3.0,5.0,70.0,13.0,1.0,1280.0,800.0,1.0,0.0,1
47.0,1.0,0.0,0.0,4.0,1.0,1.0,10.0,8.0,0.8,3.8458455220500585,0.0,0.0,14.0,25.0,1.0,1.0,0.0,1.0,1.0,0.0,0.0,1.0,255.0,1.0,0.0,2.0,0.0,1.0,1.0,0.0,0.0,1.0,1.0,1.0,1.0,24.0,0.7837472304430922,5.0,5.0,2.0,18.0,13.0,1.0,1280.0,800.0,4.0,0.0,1
86.0,1.0,3.0,0.0,2.0,4.0,0.0,14.0,8.0,0.5714285714285714,3.117302406092281,0.0,3.0,15.0,15.0,0.0,1.0,0.0,1.0,0.0,0.0,1.0,0.0,48.0,1.0,0.0,5.0,1.0,1.0,0.0,0.0,1.0,4.0,0.0,1.0,1.0,14.0,0.869426793128043,2.0,1.0,5.0,87.0,5.0,1.0,1280.0,800.0,12.0,0.0,1
86.0,1.0,3.0,0.0,2.0,4.0,0.0,21.0,0.0,0.0,3.3348649175937366,0.0,1.0,40.0,6.0,0.0,1.0,0.0,1.0,1.0,0.0,0.0,1.0,28.0,1.0,6.0,5.0,1.0,0.0,0.0,0.0,4.0,3.0,1.0,0.0,1.0,7.0,0.8496475506040806,5.0,3.0,5.0,97.0,6.0,1.0,1280.0,800.0,5.0,0.0,1
73.0,1.0,0.0,0.0,1.0,1.0,0.0,18.0,0.0,0.0,3.3092251679801774,1.0,0.0,45.0,26.0,0.0,1.0,0.0,1.0,1.0,0.0,0.0,1.0,180.0,1.0,1.0,8.0,1.0,0.0,0.0,0.0,1.0,3.0,0.0,0.0,1.0,19.0,0.6664219339696676,4.0,5.0,8.0,8.0,11.0,1.0,1280.0,800.0,0.0,0.0,1
55.0,1.0,1.0,0.0,1.0,2.0,0.0,15.0,0.0,0.0,3.5739946336802286,1.0,1.0,57.0,30.0,0.0,1.0,0.0,1.0,1.0,0.0,0.0,1.0,217.0,1.0,6.0,8.0,1.0,0.0,0.0,0.0,0.0,3.0,1.0,0.0,1.0,43.0,0.8662697248738583,3.0,1.0,8.0,77.0,11.0,1.0,1280.0,800.0,4.0,1.0,1
75.0,0.0,1.0,0.0,1.0,2.0,0.0,15.0,8.0,0.5333333333333333,3.1888056040489223,0.0,0.0,52.0,35.0,0.0,1.0,0.0,1.0,0.0,0.0,0.0,0.0,324.0,1.0,1.0,10.0,0.0,0.0,0.0,0.0,15.0,1.0,0.0,0.0,0.0,38.0,0.13686145720470627,1.0,4.0,10.0,75.0,3.0,1.0,1280.0,800.0,0.0,0.0,1
56.0,1.0,0.0,0.0,2.0,1.0,1.0,15.0,0.0,0.0,3.5534167996594714,0.0,0.0,23.0,1.0,0.0,1.0,0.0,1.0,1.0,0.0,0.0,1.0,321.0,2.0,1.0,7.0,1.0,1.0,0.0,0.0,3.0,4.0,0.0,0.0,1.0,9.0,0.725472691428179,4.0,2.0,7.0,25.0,13.0,1.0,1280.0,800.0,10.0,0.0,1
80.0,1.0,0.0,1.0,0.0,1.0,0.0,15.0,3.0,0.6440554787717315,2.5146901362203673,0.0,1.0,15.0,21.0,0.0,0.0,0.0,0.0,1.0,0.0,0.0,1.0,45.0,2.0,1.0,8.0,1.0,0.0,1.0,0.0,3.0,1.0,1.0,1.0,1.0,36.0,0.8922892971456664,1.0,5.0,8.0,14.0,11.0,1.0,1280.0,800.0,9.0,0.0,1
87.0,1.0,0.0,1.0,0.0,1.0,0.0,15.0,3.0,0.7505441499909453,2.8584165562057655,0.0,3.0,45.0,17.0,0.0,0.0,0.0,0.0,1.0,0.0,0.0,1.0,333.0,1.0,0.0,7.0,0.0,1.0,0.0,0.0,4.0,2.0,0.0,1.0,1.0,32.0,0.9110183366918799,4.0,4.0,7.0,54.0,13.0,1.0,1280.0,800.0,8.0,0.0,1
48.0,1.0,3.0,0.0,3.0,4.0,0.0,12.0,2.0,0.16666666666666666,3.3332169519868247,0.0,1.0,46.0,22.0,0.0,0.0,0.0,0.0,0.0,1.0,1.0,0.0,174.0,1.0,0.0,8.0,1.0,1.0,0.0,0.0,4.0,1.0,0.0,1.0,1.0,25.0,0.6028813294979968,1.0,1.0,8.0,119.0,10.0,1.0,1280.0,800.0,1.0,0.0,1
41.0,1.0,1.0,0.0,1.0,2.0,0.0,14.0,0.0,0.0,3.4560542716172136,1.0,0.0,38.0,20.0,0.0,1.0,0.0,1.0,1.0,0.0,0.0,1.0,228.0,1.0,0.0,3.0,1.0,0.0,1.0,0.0,0.0,3.0,0.0,0.0,1.0,22.0,0.767950085033029,4.0,4.0,3.0,69.0,13.0,1.0,1280.0,800.0,6.0,0.0,1
93.0,0.0,1.0,0.0,3.0,2.0,0.0,18.0,2.0,0.1111111111111111,3.1959398605107223,0.0,1.0,28.0,15.0,0.0,1.0,0.0,1.0,0.0,0.0,0.0,0.0,28.0,1.0,0.0,4.0,1.0,1.0,0.0,1.0,0.0,2.0,1.0,1.0,1.0,39.0,0.11069712528548713,1.0,5.0,4.0,15.0,6.0,0.0,1280.0,800.0,14.0,0.0,1
39.0,1.0,0.0,0.0,3.0,1.0,0.0,20.0,9.0,0.5632271945928399,3.7428197373949788,0.0,1.0,50.0,35.0,0.0,0.0,0.0,0.0,0.0,1.0,0.0,0.0,112.0,2.0,1.0,10.0,1.0,1.0,0.0,0.0,0.0,1.0,1.0,1.0,1.0,27.0,0.8041520069798502,3.0,4.0,10.0,57.0,3.0,1.0,1280.0,800.0,6.0,1.0,1
71.0,1.0,0.0,0.0,3.0,1.0,0.0,10.0,8.0,0.8,3.468342117526239,0.0,2.0,53.0,37.0,0.0,1.0,0.0,1.0,0.0,0.0,1.0,0.0,81.0,1.0,0.0,2.0,1.0,1.0,1.0,2.0,1.0,2.0,0.0,1.0,1.0,43.0,0.7205447198084636,4.0,2.0,2.0,72.0,4.0,1.0,1280.0,800.0,3.0,0.0,1
35.0,0.0,3.0,0.0,1.0,4.0,1.0,20.0,0.0,0.0,2.9446388379860093,0.0,0.0,58.0,9.0,0.0,1.0,0.0,1.0,0.0,0.0,0.0,0.0,318.0,1.0,0.0,7.0,0.0,1.0,2.0,2.0,0.0,4.0,0.0,1.0,1.0,6.0,0.25581946012944023,3.0,4.0,7.0,68.0,5.0,1.0,1280.0,800.0,4.0,0.0,1
37.0,0.0,3.0,0.0,2.0,4.0,0.0,26.0,10.0,0.38461538461538464,2.966975760096372,0.0,0.0,13.0,21.0,1.0,1.0,0.0,1.0,0.0,0.0,0.0,0.0,153.0,1.0,0.0,8.0,1.0,1.0,0.0,0.0,4.0,3.0,1.0,0.0,1.0,26.0,0.04224704392102667,1.0,4.0,8.0,102.0,6.0,1.0,1280.0,800.0,6.0,0.0,1
84.0,1.0,3.0,0.0,4.0,4.0,0.0,14.0,5.0,0.35714285714285715,2.811229936115968,0.0,0.0,48.0,37.0,0.0,0.0,0.0,0.0,1.0,0.0,0.0,1.0,198.0,1.0,0.0,10.0,1.0,1.0,0.0,1.0,4.0,4.0,0.0,1.0,1.0,31.0,0.7922336208325211,3.0,2.0,10.0,100.0,13.0,1.0,1280.0,800.0,4.0,0.0,1
91.0,1.0,1.0,0.0,4.0,2.0,1.0,13.0,8.0,0.6153846153846154,3.357834995172486,0.0,0.0,30.0,27.0,0.0,0.0,0.0,0.0,1.0,0.0,0.0,1.0,118.0,1.0,1.0,5.0,1.0,1.0,1.0,1.0,4.0,3.0,0.0,1.0,1.0,20.0,0.6582103829515589,7.0,2.0,5.0,59.0,10.0,1.0,1280.0,800.0,11.0,0.0,1
70.0,1.0,2.0,0.0,2.0,3.0,0.0,13.0,5.0,0.38461538461538464,3.4372870431937406,0.0,1.0,13.0,8.0,0.0,1.0,0.0,1.0,0.0,0.0,0.0,0.0,154.0,1.0,0.0,6.0,1.0,1.0,0.0,0.0,0.0,2.0,1.0,0.0,1.0,36.0,0.9380438183984243,4.0,3.0,6.0,22.0,1.0,1.0,1280.0,800.0,13.0,0.0,1
69.0,1.0,1.0,0.0,1.0,2.0,0.0,21.0,8.0,0.38095238095238093,3.3235432765854265,0.0,0.0,47.0,19.0,0.0,1.0,0.0,1.0,1.0,0.0,0.0,1.0,200.0,1.0,0.0,4.0,1.0,1.0,0.0,1.0,1.0,2.0,0.0,0.0,1.0,38.0,0.7722466163053896,5.0,4.0,4.0,31.0,1.0,1.0,1280.0,800.0,0.0,0.0,1
70.0,1.0,3.0,0.0,1.0,4.0,0.0,23.0,5.0,0.21739130434782608,3.321371113742377,0.0,0.0,27.0,21.0,0.0,1.0,0.0,1.0,1.0,0.0,0.0,1.0,131.0,1.0,1.0,8.0,1.0,1.0,0.0,0.0,4.0,4.0,1.0,0.0,1.0,17.0,0.6626093507437437,5.0,3.0,8.0,35.0,2.0,1.0,1280.0,800.0,6.0,1.0,1
84.0,0.0,3.0,0.0,1.0,4.0,1.0,11.0,2.0,0.18181818181818182,3.2839636944357466,0.0,0.0,50.0,40.0,0.0,1.0,0.0,1.0,0.0,0.0,0.0,0.0,234.0,1.0,1.0,5.0,1.0,1.0,1.0,0.0,3.0,3.0,0.0,0.0,1.0,38.0,0.13857606499473593,7.0,2.0,5.0,43.0,0.0,1.0,1280.0,800.0,11.0,0.0,1
79.0,0.0,2.0,0.0,2.0,3.0,0.0,10.0,0.0,0.0,3.752909701104163,0.0,0.0,28.0,38.0,0.0,0.0,0.0,0.0,0.0,0.0,0.0,0.0,241.0,2.0,1.0,1.0,1.0,1.0,1.0,1.0,1.0,4.0,0.0,0.0,1.0,27.0,0.10983367733580748,3.0,2.0,1.0,111.0,2.0,1.0,1280.0,800.0,11.0,0.0,1
66.0,1.0,0.0,0.0,2.0,1.0,0.0,10.0,5.0,0.5,3.293032610208069,0.0,0.0,40.0,38.0,0.0,1.0,0.0,1.0,1.0,0.0,0.0,1.0,220.0,1.0,6.0,8.0,1.0,1.0,0.0,0.0,2.0,3.0,1.0,0.0,1.0,33.0,0.7091752010947566,3.0,5.0,8.0,62.0,3.0,1.0,1280.0,800.0,13.0,0.0,1
71.0,1.0,1.0,0.0,3.0,2.0,1.0,18.0,5.0,0.2777777777777778,3.869288121469638,0.0,1.0,29.0,28.0,0.0,0.0,0.0,0.0,1.0,0.0,0.0,1.0,68.0,1.0,0.0,11.0,1.0,1.0,0.0,0.0,3.0,2.0,1.0,1.0,1.0,7.0,0.9594495939911041,5.0,2.0,11.0,60.0,8.0,1.0,1280.0,800.0,1.0,0.0,1
69.0,1.0,1.0,0.0,4.0,2.0,0.0,18.0,2.0,0.1111111111111111,3.421902926240544,0.0,0.0,34.0,42.0,0.0,1.0,0.0,1.0,1.0,0.0,0.0,1.0,325.0,1.0,6.0,6.0,1.0,1.0,1.0,0.0,2.0,2.0,1.0,0.0,1.0,17.0,0.6438791749259429,5.0,3.0,6.0,104.0,3.0,1.0,1280.0,800.0,12.0,0.0,1
65.0,1.0,3.0,0.0,1.0,4.0,0.0,23.0,5.0,0.21739130434782608,2.8063732400351906,0.0,1.0,47.0,43.0,1.0,0.0,0.0,0.0,1.0,0.0,0.0,1.0,147.0,1.0,0.0,7.0,1.0,1.0,0.0,0.0,1.0,1.0,1.0,1.0,1.0,14.0,0.7539181497799609,3.0,5.0,7.0,14.0,4.0,1.0,1280.0,800.0,0.0,0.0,1
89.0,0.0,1.0,0.0,3.0,2.0,0.0,24.0,8.0,0.3333333333333333,3.3366990120245457,0.0,0.0,58.0,44.0,0.0,0.0,0.0,0.0,0.0,0.0,0.0,0.0,286.0,1.0,0.0,1.0,1.0,1.0,0.0,0.0,4.0,1.0,0.0,0.0,1.0,13.0,0.26411634991290794,4.0,1.0,1.0,63.0,12.0,1.0,1280.0,800.0,3.0,0.0,1
89.0,0.0,3.0,0.0,1.0,4.0,1.0,21.0,5.0,0.23809523809523808,3.5609447464738286,0.0,1.0,43.0,35.0,1.0,1.0,0.0,1.0,0.0,0.0,0.0,0.0,193.0,1.0,0.0,3.0,1.0,0.0,0.0,0.0,0.0,1.0,0.0,0.0,1.0,26.0,0.15393518634974873,1.0,1.0,3.0,50.0,6.0,1.0,1280.0,800.0,4.0,0.0,1
61.0,0.0,1.0,0.0,4.0,2.0,0.0,15.0,2.0,0.13333333333333333,3.8447396366604973,0.0,0.0,12.0,18.0,0.0,0.0,0.0,0.0,0.0,0.0,0.0,0.0,246.0,1.0,0.0,8.0,1.0,1.0,1.0,1.0,2.0,1.0,0.0,0.0,1.0,41.0,0.0059673363697964055,4.0,4.0,8.0,35.0,4.0,1.0,1280.0,800.0,10.0,0.0,1
74.0,0.0,2.0,0.0,0.0,3.0,0.0,18.0,12.0,0.6666666666666666,3.3261064085730956,0.0,0.0,24.0,42.0,0.0,1.0,0.0,1.0,0.0,0.0,0.0,0.0,110.0,1.0,0.0,10.0,1.0,1.0,0.0,1.0,4.0,2.0,1.0,1.0,1.0,18.0,0.0487437877815569,2.0,5.0,10.0,19.0,8.0,1.0,1280.0,800.0,3.0,0.0,1
73.0,0.0,0.0,0.0,3.0,1.0,1.0,14.0,0.0,0.0,3.140411695964825,0.0,3.0,16.0,37.0,0.0,1.0,0.0,1.0,0.0,0.0,0.0,0.0,70.0,1.0,0.0,8.0,1.0,1.0,0.0,0.0,3.0,2.0,0.0,0.0,1.0,10.0,0.14354005704956252,7.0,4.0,8.0,98.0,2.0,1.0,1280.0,800.0,13.0,0.0,1
77.0,0.0,2.0,0.0,3.0,3.0,0.0,20.0,2.0,0.1,2.9873626773646125,0.0,0.0,43.0,30.0,0.0,0.0,0.0,0.0,0.0,0.0,0.0,0.0,126.0,1.0,1.0,11.0,1.0,1.0,0.0,0.0,0.0,1.0,0.0,1.0,1.0,17.0,0.25334961531032524,1.0,2.0,11.0,23.0,2.0,1.0,1280.0,800.0,2.0,0.0,1
70.0,1.0,2.0,0.0,2.0,3.0,0.0,24.0,5.0,0.20833333333333334,3.053275069534144,0.0,0.0,29.0,18.0,0.0,0.0,0.0,0.0,1.0,0.0,0.0,1.0,326.0,1.0,1.0,8.0,1.0,0.0,0.0,0.0,12.0,3.0,0.0,1.0,1.0,19.0,0.9831998103711251,7.0,2.0,8.0,97.0,14.0,1.0,1280.0,800.0,12.0,0.0,1
59.0,1.0,1.0,0.0,1.0,2.0,0.0,18.0,0.0,0.0,3.27415850769592,1.0,2.0,49.0,21.0,0.0,1.0,0.0,1.0,1.0,0.0,0.0,1.0,99.0,1.0,0.0,1.0,0.0,0.0,0.0,0.0,3.0,3.0,0.0,0.0,0.0,15.0,0.836070077366441,1.0,1.0,1.0,27.0,12.0,1.0,1280.0,800.0,9.0,0.0,1
47.0,1.0,0.0,0.0,2.0,1.0,0.0,18.0,5.0,0.2777777777777778,3.7532706417577715,0.0,2.0,14.0,42.0,0.0,0.0,0.0,0.0,1.0,0.0,0.0,1.0,173.0,1.0,0.0,6.0,1.0,1.0,0.0,0.0,3.0,1.0,0.0,0.0,1.0,32.0,0.7579923377119259,2.0,1.0,6.0,67.0,14.0,1.0,1280.0,800.0,3.0,0.0,1
76.0,1.0,1.0,0.0,2.0,2.0,1.0,14.0,0.0,0.0,3.3851496512945602,0.0,2.0,49.0,4.0,1.0,1.0,0.0,1.0,1.0,0.0,0.0,1.0,256.0,1.0,0.0,1.0,1.0,1.0,1.0,0.0,1.0,3.0,0.0,1.0,1.0,14.0,0.8366876808852224,4.0,3.0,1.0,44.0,6.0,1.0,1280.0,800.0,8.0,0.0,1
80.0,1.0,0.0,1.0,0.0,1.0,0.0,15.0,3.0,0.79089431078098,2.512971824056559,0.0,0.0,19.0,28.0,1.0,1.0,0.0,1.0,0.0,0.0,0.0,0.0,76.0,1.0,0.0,11.0,1.0,1.0,1.0,0.0,4.0,2.0,0.0,1.0,1.0,17.0,0.9382872637158555,2.0,4.0,11.0,22.0,1.0,1.0,1280.0,800.0,6.0,0.0,1
92.0,1.0,1.0,0.0,3.0,2.0,1.0,19.0,10.0,0.6550075916607768,3.859351782623082,0.0,0.0,41.0,20.0,0.0,0.0,0.0,0.0,1.0,0.0,0.0,1.0,131.0,1.0,1.0,10.0,0.0,1.0,0.0,0.0,3.0,2.0,1.0,0.0,1.0,42.0,0.7281622388712511,7.0,4.0,10.0,18.0,3.0,1.0,1280.0,800.0,2.0,0.0,1
56.0,0.0,1.0,0.0,1.0,2.0,0.0,21.0,0.0,0.0,3.6166343480458556,0.0,0.0,44.0,23.0,0.0,0.0,0.0,0.0,0.0,0.0,0.0,0.0,282.0,1.0,0.0,8.0,1.0,1.0,0.0,0.0,1.0,2.0,1.0,1.0,1.0,29.0,0.2763737802588867,6.0,3.0,8.0,95.0,3.0,1.0,1280.0,800.0,5.0,1.0,1
69.0,0.0,2.0,0.0,3.0,3.0,0.0,16.0,0.0,0.0,3.743667651330119,0.0,1.0,32.0,41.0,0.0,1.0,0.0,1.0,0.0,0.0,0.0,0.0,65.0,1.0,0.0,10.0,1.0,1.0,1.0,0.0,4.0,4.0,1.0,1.0,1.0,6.0,0.0004261847118605999,7.0,3.0,10.0,45.0,9.0,1.0,1280.0,800.0,3.0,0.0,1
36.0,1.0,0.0,1.0,0.0,1.0,0.0,15.0,3.0,0.6106057819318806,2.718788167835889,0.0,0.0,54.0,35.0,0.0,1.0,0.0,1.0,1.0,0.0,0.0,1.0,191.0,1.0,0.0,6.0,0.0,0.0,0.0,1.0,1.0,1.0,1.0,1.0,1.0,41.0,0.752748415032254,3.0,4.0,6.0,16.0,6.0,1.0,1280.0,800.0,3.0,0.0,1
82.0,1.0,2.0,0.0,1.0,3.0,1.0,22.0,0.0,0.0,3.126314189104218,0.0,1.0,6.0,9.0,0.0,1.0,0.0,1.0,1.0,0.0,0.0,1.0,202.0,1.0,0.0,11.0,1.0,0.0,0.0,0.0,1.0,3.0,0.0,0.0,1.0,33.0,0.9216587474347192,1.0,2.0,11.0,73.0,4.0,1.0,1280.0,800.0,1.0,0.0,1
39.0,1.0,3.0,0.0,2.0,4.0,0.0,27.0,0.0,0.0,3.1245439167474656,0.0,2.0,31.0,26.0,1.0,1.0,0.0,1.0,1.0,0.0,0.0,1.0,230.0,1.0,1.0,1.0,1.0,1.0,0.0,0.0,0.0,4.0,1.0,0.0,1.0,12.0,0.8074087095663918,7.0,2.0,1.0,55.0,8.0,1.0,1280.0,800.0,7.0,0.0,1
63.0,1.0,2.0,0.0,2.0,3.0,1.0,11.0,0.0,0.0,3.31725603930255,0.0,0.0,30.0,9.0,0.0,1.0,0.0,1.0,1.0,0.0,0.0,1.0,338.0,1.0,0.0,1.0,1.0,1.0,0.0,0.0,6.0,3.0,1.0,1.0,1.0,21.0,0.9645855030873516,5.0,2.0,1.0,53.0,14.0,1.0,1280.0,800.0,12.0,0.0,1
56.0,1.0,1.0,0.0,1.0,2.0,0.0,21.0,8.0,0.38095238095238093,3.1984473414885572,0.0,0.0,55.0,39.0,0.0,0.0,0.0,0.0,1.0,0.0,0.0,1.0,78.0,1.0,1.0,6.0,1.0,1.0,0.0,0.0,3.0,2.0,0.0,0.0,1.0,26.0,0.8044265237393664,4.0,3.0,6.0,3.0,2.0,1.0,1280.0,800.0,0.0,1.0,1
63.0,0.0,1.0,0.0,3.0,2.0,1.0,10.0,0.0,0.0,3.6546510349823653,0.0,0.0,40.0,2.0,1.0,1.0,0.0,1.0,0.0,0.0,0.0,0.0,151.0,1.0,6.0,11.0,1.0,0.0,0.0,0.0,2.0,1.0,1.0,1.0,1.0,31.0,0.12062249698542163,7.0,3.0,11.0,99.0,14.0,1.0,1280.0,800.0,0.0,0.0,1
62.0,0.0,1.0,0.0,4.0,2.0,1.0,16.0,2.0,0.125,3.796323787955498,0.0,0.0,50.0,5.0,0.0,1.0,0.0,1.0,0.0,0.0,0.0,0.0,218.0,1.0,0.0,5.0,0.0,0.0,0.0,0.0,11.0,3.0,0.0,1.0,0.0,44.0,0.13586850198187883,1.0,4.0,5.0,61.0,11.0,1.0,1280.0,800.0,14.0,0.0,1
92.0,1.0,2.0,0.0,2.0,3.0,1.0,26.0,11.0,0.6234221254663179,4.194926167279805,0.0,2.0,27.0,14.0,1.0,1.0,0.0,1.0,1.0,0.0,0.0,1.0,63.0,1.0,1.0,11.0,1.0,1.0,0.0,0.0,1.0,3.0,1.0,1.0,1.0,28.0,0.6753327770166254,4.0,5.0,11.0,22.0,4.0,1.0,1280.0,800.0,11.0,0.0,1
93.0,1.0,2.0,0.0,2.0,3.0,1.0,20.0,5.0,0.25,3.4088209452097917,0.0,1.0,6.0,0.0,1.0,0.0,0.0,0.0,1.0,0.0,0.0,1.0,17.0,1.0,0.0,4.0,1.0,0.0,0.0,0.0,0.0,4.0,0.0,0.0,1.0,11.0,0.6092378922222675,7.0,1.0,4.0,106.0,6.0,1.0,1280.0,800.0,11.0,1.0,1
75.0,1.0,1.0,0.0,2.0,2.0,0.0,19.0,9.0,0.35826182160002534,3.626489639217326,0.0,0.0,43.0,2.0,0.0,1.0,0.0,1.0,1.0,0.0,0.0,1.0,329.0,1.0,0.0,4.0,0.0,1.0,1.0,0.0,2.0,1.0,0.0,1.0,1.0,29.0,0.7308341959706686,3.0,1.0,4.0,21.0,9.0,1.0,1280.0,800.0,12.0,0.0,1
82.0,0.0,1.0,0.0,2.0,2.0,1.0,11.0,5.0,0.45454545454545453,2.8194155861601984,0.0,0.0,50.0,42.0,0.0,1.0,0.0,1.0,0.0,0.0,0.0,0.0,39.0,1.0,0.0,1.0,1.0,1.0,0.0,0.0,2.0,1.0,1.0,0.0,1.0,35.0,0.2577868478435062,3.0,1.0,1.0,4.0,7.0,1.0,1280.0,800.0,4.0,0.0,1
58.0,0.0,1.0,0.0,3.0,2.0,1.0,12.0,2.0,0.16666666666666666,3.6712254635685464,0.0,0.0,53.0,11.0,0.0,0.0,0.0,0.0,0.0,0.0,0.0,0.0,50.0,1.0,0.0,1.0,1.0,1.0,1.0,0.0,4.0,3.0,0.0,0.0,1.0,20.0,0.20626610825738173,7.0,5.0,1.0,116.0,3.0,1.0,1280.0,800.0,10.0,0.0,1
73.0,0.0,0.0,0.0,3.0,1.0,1.0,14.0,8.0,0.5714285714285714,3.228167912706418,0.0,1.0,15.0,0.0,0.0,0.0,0.0,0.0,0.0,0.0,0.0,0.0,224.0,2.0,0.0,1.0,1.0,1.0,1.0,1.0,1.0,1.0,1.0,1.0,1.0,34.0,0.07613536731285324,3.0,3.0,1.0,78.0,3.0,1.0,1280.0,800.0,9.0,0.0,1
62.0,1.0,0.0,0.0,2.0,1.0,0.0,18.0,8.0,0.4444444444444444,3.6267317664886005,0.0,0.0,32.0,30.0,0.0,1.0,0.0,1.0,1.0,0.0,0.0,1.0,333.0,2.0,0.0,11.0,1.0,0.0,2.0,1.0,1.0,2.0,1.0,1.0,1.0,9.0,0.6378766726191355,1.0,2.0,11.0,35.0,2.0,1.0,1280.0,800.0,5.0,1.0,1
62.0,1.0,0.0,0.0,1.0,1.0,0.0,18.0,0.0,0.0,3.3540758125447097,1.0,2.0,33.0,43.0,0.0,1.0,0.0,1.0,1.0,0.0,0.0,1.0,50.0,1.0,1.0,10.0,0.0,1.0,0.0,1.0,1.0,2.0,0.0,0.0,1.0,19.0,0.6887731798380557,1.0,4.0,10.0,33.0,0.0,1.0,1280.0,800.0,1.0,0.0,1
49.0,1.0,1.0,0.0,1.0,2.0,1.0,16.0,8.0,0.5,2.991158894369153,0.0,1.0,51.0,39.0,0.0,1.0,0.0,1.0,0.0,1.0,1.0,0.0,45.0,1.0,1.0,9.0,1.0,0.0,0.0,0.0,3.0,4.0,0.0,1.0,1.0,18.0,0.9156592710436869,2.0,3.0,9.0,89.0,2.0,1.0,1280.0,800.0,10.0,0.0,1
92.0,1.0,2.0,0.0,1.0,3.0,0.0,22.0,2.0,0.09090909090909091,3.7823623939179556,0.0,0.0,11.0,33.0,0.0,0.0,0.0,0.0,0.0,0.0,1.0,0.0,256.0,2.0,0.0,1.0,1.0,0.0,2.0,1.0,3.0,3.0,0.0,1.0,1.0,40.0,0.7931782116028855,5.0,5.0,1.0,19.0,11.0,1.0,1280.0,800.0,12.0,0.0,1
51.0,1.0,0.0,0.0,1.0,1.0,0.0,16.0,0.0,0.0,3.2276398448625745,1.0,0.0,43.0,0.0,0.0,1.0,0.0,1.0,1.0,0.0,0.0,1.0,19.0,1.0,1.0,5.0,0.0,1.0,0.0,0.0,2.0,1.0,1.0,1.0,1.0,26.0,0.8761522335147212,2.0,3.0,5.0,38.0,4.0,1.0,1280.0,800.0,8.0,0.0,1
42.0,1.0,2.0,0.0,0.0,3.0,1.0,27.0,12.0,0.4444444444444444,3.13366640138595,0.0,0.0,43.0,37.0,0.0,1.0,0.0,1.0,1.0,0.0,0.0,1.0,277.0,1.0,0.0,8.0,1.0,1.0,0.0,0.0,3.0,4.0,1.0,1.0,1.0,38.0,0.6895745300495506,2.0,1.0,8.0,3.0,3.0,1.0,1280.0,800.0,10.0,0.0,1
81.0,0.0,3.0,0.0,0.0,4.0,0.0,23.0,5.0,0.21739130434782608,3.7303197853370973,0.0,0.0,20.0,40.0,0.0,1.0,0.0,1.0,0.0,0.0,0.0,0.0,15.0,1.0,1.0,9.0,1.0,1.0,0.0,0.0,1.0,1.0,0.0,1.0,1.0,25.0,0.12056811181904611,4.0,3.0,9.0,19.0,11.0,0.0,1280.0,800.0,6.0,0.0,1
89.0,1.0,0.0,0.0,1.0,1.0,1.0,23.0,14.0,0.35362230190021265,3.397005795606362,0.0,0.0,10.0,41.0,0.0,0.0,0.0,0.0,0.0,0.0,0.0,0.0,315.0,1.0,0.0,7.0,1.0,0.0,0.0,1.0,1.0,3.0,0.0,1.0,1.0,16.0,0.8544346810591488,2.0,4.0,7.0,79.0,0.0,1.0,1280.0,800.0,9.0,0.0,1
71.0,1.0,0.0,0.0,3.0,1.0,0.0,22.0,8.0,0.36363636363636365,3.1227624877627855,0.0,2.0,48.0,1.0,0.0,1.0,0.0,1.0,1.0,0.0,0.0,1.0,173.0,1.0,1.0,5.0,1.0,1.0,0.0,0.0,0.0,3.0,1.0,1.0,1.0,21.0,0.8632683396746659,5.0,5.0,5.0,98.0,9.0,1.0,1280.0,800.0,3.0,0.0,1
39.0,1.0,2.0,0.0,4.0,3.0,0.0,10.0,5.0,0.5,3.2701765529517592,0.0,0.0,16.0,28.0,0.0,0.0,0.0,0.0,1.0,0.0,0.0,1.0,323.0,1.0,1.0,3.0,1.0,1.0,0.0,0.0,0.0,3.0,0.0,0.0,1.0,29.0,0.7674902411980291,4.0,2.0,3.0,86.0,13.0,1.0,1280.0,800.0,6.0,1.0,1
47.0,1.0,1.0,0.0,4.0,2.0,1.0,21.0,8.0,0.38095238095238093,3.3599051478245454,0.0,1.0,17.0,7.0,1.0,1.0,0.0,1.0,0.0,0.0,1.0,0.0,288.0,1.0,1.0,11.0,1.0,1.0,1.0,0.0,3.0,1.0,1.0,1.0,1.0,41.0,0.624954511858285,5.0,2.0,11.0,106.0,3.0,1.0,1280.0,800.0,7.0,0.0,1
64.0,1.0,0.0,1.0,0.0,1.0,0.0,15.0,3.0,0.7877938843793013,3.054388345770392,0.0,0.0,30.0,40.0,0.0,1.0,0.0,1.0,1.0,0.0,0.0,1.0,287.0,1.0,0.0,6.0,0.0,1.0,0.0,0.0,2.0,1.0,0.0,0.0,1.0,5.0,0.8605635807340347,4.0,4.0,6.0,12.0,12.0,1.0,1280.0,800.0,13.0,0.0,1
64.0,1.0,0.0,0.0,3.0,1.0,0.0,10.0,2.0,0.2,3.8705541268529817,0.0,0.0,21.0,9.0,0.0,1.0,0.0,1.0,1.0,0.0,0.0,1.0,121.0,1.0,0.0,1.0,1.0,1.0,0.0,1.0,2.0,2.0,0.0,0.0,1.0,14.0,0.7466422945920724,1.0,4.0,1.0,83.0,5.0,1.0,1280.0,800.0,8.0,0.0,1
44.0,1.0,0.0,0.0,1.0,1.0,0.0,20.0,0.0,0.0,3.389860611030407,1.0,1.0,26.0,31.0,0.0,1.0,0.0,1.0,0.0,0.0,1.0,0.0,130.0,1.0,0.0,2.0,0.0,1.0,0.0,1.0,1.0,3.0,0.0,1.0,1.0,44.0,0.8825204093260594,4.0,4.0,2.0,37.0,12.0,1.0,1280.0,800.0,0.0,0.0,1
78.0,1.0,3.0,0.0,4.0,4.0,1.0,25.0,5.0,0.2,3.380854357837726,0.0,0.0,26.0,40.0,0.0,1.0,0.0,1.0,1.0,0.0,0.0,1.0,228.0,1.0,1.0,7.0,1.0,1.0,0.0,0.0,2.0,3.0,1.0,0.0,1.0,22.0,0.7441596857681021,1.0,4.0,7.0,22.0,9.0,1.0,1280.0,800.0,7.0,0.0,1
61.0,0.0,2.0,0.0,2.0,3.0,1.0,20.0,2.0,0.1,3.764512920515261,0.0,0.0,18.0,16.0,0.0,1.0,0.0,1.0,0.0,0.0,0.0,0.0,219.0,2.0,0.0,10.0,1.0,1.0,1.0,1.0,3.0,4.0,1.0,0.0,1.0,21.0,0.2570368087583365,2.0,2.0,10.0,80.0,9.0,1.0,1280.0,800.0,0.0,0.0,1
89.0,1.0,2.0,0.0,2.0,3.0,1.0,22.0,10.0,0.45454545454545453,3.693184244390986,0.0,3.0,24.0,3.0,0.0,1.0,0.0,1.0,1.0,0.0,0.0,1.0,287.0,1.0,1.0,2.0,1.0,1.0,0.0,0.0,0.0,4.0,0.0,0.0,1.0,32.0,0.9480087676881607,5.0,5.0,2.0,96.0,8.0,1.0,1280.0,800.0,3.0,0.0,1
41.0,1.0,2.0,0.0,4.0,3.0,1.0,22.0,0.0,0.0,2.847624589480437,0.0,0.0,25.0,2.0,0.0,1.0,0.0,1.0,0.0,0.0,0.0,0.0,253.0,1.0,6.0,5.0,1.0,1.0,1.0,0.0,3.0,2.0,1.0,1.0,1.0,40.0,0.8425948001637946,6.0,3.0,5.0,100.0,0.0,1.0,1280.0,800.0,14.0,1.0,1
56.0,0.0,0.0,1.0,0.0,1.0,0.0,15.0,3.0,0.7146320431103101,2.9015014998403315,0.0,2.0,46.0,11.0,0.0,1.0,0.0,1.0,0.0,0.0,0.0,0.0,110.0,1.0,1.0,5.0,1.0,1.0,0.0,0.0,1.0,2.0,0.0,0.0,1.0,38.0,0.19263797955585404,7.0,4.0,5.0,46.0,10.0,1.0,1280.0,800.0,13.0,1.0,1
93.0,0.0,1.0,0.0,1.0,2.0,1.0,11.0,0.0,0.0,2.8713309938924163,0.0,2.0,7.0,13.0,0.0,0.0,0.0,0.0,0.0,0.0,0.0,0.0,119.0,1.0,0.0,1.0,0.0,0.0,1.0,1.0,4.0,3.0,0.0,0.0,1.0,9.0,0.09510772718892536,3.0,2.0,1.0,119.0,7.0,1.0,1280.0,800.0,2.0,0.0,1
56.0,1.0,2.0,0.0,3.0,3.0,0.0,25.0,0.0,0.0,3.619099145751453,0.0,2.0,47.0,41.0,0.0,0.0,0.0,0.0,0.0,1.0,0.0,0.0,181.0,1.0,0.0,6.0,1.0,0.0,0.0,1.0,1.0,3.0,1.0,1.0,1.0,31.0,0.8559379377903009,2.0,5.0,6.0,81.0,8.0,1.0,1280.0,800.0,2.0,0.0,1
44.0,1.0,2.0,0.0,4.0,3.0,0.0,16.0,2.0,0.125,3.744426227437834,0.0,0.0,40.0,14.0,0.0,1.0,0.0,1.0,1.0,0.0,0.0,1.0,108.0,1.0,0.0,7.0,0.0,1.0,0.0,0.0,8.0,1.0,1.0,1.0,1.0,32.0,0.6627685770920454,3.0,4.0,7.0,67.0,6.0,1.0,1280.0,800.0,14.0,0.0,1
82.0,1.0,2.0,0.0,3.0,3.0,1.0,11.0,2.0,0.18181818181818182,3.336271702851715,0.0,0.0,11.0,36.0,0.0,1.0,0.0,1.0,1.0,0.0,0.0,1.0,244.0,1.0,0.0,8.0,0.0,1.0,0.0,0.0,1.0,2.0,0.0,0.0,1.0,20.0,0.6022333035753215,4.0,5.0,8.0,54.0,13.0,1.0,1280.0,800.0,1.0,0.0,1
52.0,1.0,1.0,0.0,2.0,2.0,1.0,23.0,9.0,0.6748310868894078,3.4144753744757708,0.0,0.0,8.0,11.0,0.0,1.0,0.0,1.0,1.0,0.0,0.0,1.0,234.0,2.0,1.0,10.0,1.0,0.0,0.0,0.0,0.0,1.0,0.0,1.0,1.0,36.0,0.83983167286912,7.0,1.0,10.0,14.0,3.0,1.0,1280.0,800.0,9.0,0.0,1
66.0,1.0,1.0,0.0,2.0,2.0,1.0,15.0,2.0,0.13333333333333333,3.1645515323870628,0.0,1.0,33.0,33.0,0.0,0.0,0.0,0.0,1.0,0.0,0.0,1.0,268.0,2.0,1.0,7.0,0.0,0.0,2.0,1.0,3.0,5.0,0.0,0.0,1.0,5.0,0.6047841939109103,7.0,4.0,7.0,47.0,9.0,1.0,1280.0,800.0,10.0,0.0,1
37.0,1.0,2.0,0.0,1.0,3.0,1.0,12.0,0.0,0.0,2.8330494724260804,0.0,2.0,57.0,41.0,0.0,1.0,0.0,1.0,0.0,0.0,1.0,0.0,192.0,1.0,1.0,6.0,1.0,1.0,0.0,0.0,4.0,4.0,1.0,0.0,1.0,13.0,0.971917570959271,3.0,3.0,6.0,49.0,12.0,1.0,1280.0,800.0,10.0,0.0,1
93.0,0.0,1.0,0.0,2.0,2.0,0.0,19.0,0.0,0.0,3.4975506573870767,0.0,0.0,20.0,23.0,0.0,1.0,0.0,1.0,0.0,0.0,0.0,0.0,260.0,1.0,0.0,4.0,1.0,1.0,0.0,0.0,1.0,2.0,1.0,1.0,1.0,30.0,0.08951215701103718,2.0,1.0,4.0,101.0,2.0,1.0,1280.0,800.0,5.0,1.0,1
84.0,1.0,1.0,0.0,2.0,2.0,0.0,23.0,5.0,0.21739130434782608,2.9603666288679915,0.0,0.0,8.0,14.0,0.0,1.0,0.0,1.0,1.0,0.0,0.0,1.0,89.0,1.0,0.0,10.0,1.0,1.0,0.0,0.0,1.0,4.0,1.0,1.0,1.0,44.0,0.9898388928844069,3.0,5.0,10.0,107.0,14.0,1.0,1280.0,800.0,6.0,0.0,1
41.0,0.0,2.0,0.0,3.0,3.0,1.0,18.0,2.0,0.1111111111111111,3.7767773615281053,0.0,1.0,11.0,30.0,0.0,1.0,0.0,1.0,0.0,0.0,0.0,0.0,59.0,1.0,0.0,6.0,0.0,1.0,1.0,1.0,4.0,3.0,1.0,1.0,1.0,11.0,0.24891127739278274,4.0,2.0,6.0,27.0,6.0,1.0,1280.0,800.0,3.0,0.0,1
68.0,0.0,1.0,0.0,1.0,2.0,0.0,12.0,0.0,0.0,3.2606966910334267,0.0,2.0,27.0,32.0,0.0,1.0,0.0,1.0,0.0,0.0,0.0,0.0,142.0,1.0,0.0,2.0,1.0,1.0,0.0,0.0,3.0,4.0,1.0,1.0,1.0,15.0,0.27978643915716295,1.0,5.0,2.0,109.0,3.0,1.0,1280.0,800.0,6.0,0.0,1
37.0,1.0,2.0,0.0,2.0,3.0,1.0,24.0,5.0,0.20833333333333334,3.165179808172226,0.0,3.0,52.0,25.0,1.0,0.0,0.0,0.0,1.0,0.0,0.0,1.0,138.0,2.0,0.0,5.0,1.0,1.0,0.0,0.0,2.0,1.0,1.0,0.0,1.0,17.0,0.6940569798383828,5.0,2.0,5.0,111.0,1.0,1.0,1280.0,800.0,12.0,0.0,1
72.0,1.0,1.0,0.0,2.0,2.0,0.0,19.0,0.0,0.0,3.8090938306320954,0.0,2.0,40.0,25.0,0.0,1.0,0.0,1.0,1.0,0.0,0.0,1.0,72.0,1.0,0.0,11.0,1.0,1.0,0.0,0.0,0.0,1.0,1.0,1.0,1.0,32.0,0.6199310400033723,3.0,5.0,11.0,89.0,6.0,1.0,1280.0,800.0,12.0,0.0,1
88.0,1.0,2.0,0.0,0.0,3.0,1.0,20.0,8.0,0.4,3.799176204644734,0.0,0.0,49.0,32.0,0.0,1.0,0.0,1.0,1.0,0.0,0.0,1.0,201.0,1.0,1.0,3.0,1.0,1.0,0.0,0.0,4.0,2.0,1.0,0.0,1.0,26.0,0.7516832281620356,3.0,2.0,3.0,109.0,11.0,1.0,1280.0,800.0,14.0,1.0,1
49.0,1.0,1.0,0.0,2.0,2.0,0.0,14.0,8.0,0.5714285714285714,3.168032009393079,0.0,2.0,54.0,8.0,0.0,1.0,0.0,1.0,0.0,0.0,0.0,0.0,129.0,2.0,1.0,4.0,1.0,1.0,1.0,1.0,2.0,1.0,0.0,1.0,1.0,44.0,0.7266888167086991,1.0,4.0,4.0,17.0,13.0,1.0,1280.0,800.0,12.0,0.0,1
64.0,1.0,1.0,0.0,3.0,2.0,0.0,23.0,0.0,0.0,3.2393454353047924,0.0,1.0,33.0,43.0,0.0,1.0,0.0,1.0,1.0,0.0,0.0,1.0,188.0,1.0,1.0,3.0,0.0,0.0,0.0,0.0,0.0,2.0,0.0,0.0,0.0,32.0,0.9739322767693317,5.0,1.0,3.0,71.0,12.0,1.0,1280.0,800.0,7.0,0.0,1
72.0,0.0,0.0,0.0,1.0,1.0,0.0,20.0,2.0,0.1,3.39981275712646,0.0,1.0,38.0,5.0,0.0,1.0,0.0,1.0,0.0,0.0,0.0,0.0,336.0,1.0,1.0,1.0,1.0,1.0,1.0,1.0,3.0,2.0,0.0,1.0,1.0,22.0,0.054075101563228464,1.0,3.0,1.0,43.0,7.0,1.0,1280.0,800.0,10.0,1.0,1
80.0,1.0,1.0,0.0,3.0,2.0,1.0,10.0,5.0,0.5,3.7719456817439294,0.0,0.0,23.0,11.0,0.0,0.0,0.0,0.0,1.0,0.0,0.0,1.0,190.0,1.0,0.0,7.0,1.0,1.0,0.0,0.0,1.0,2.0,0.0,1.0,1.0,28.0,0.9555280185436673,5.0,4.0,7.0,5.0,12.0,1.0,1280.0,800.0,5.0,1.0,1
63.0,1.0,1.0,0.0,3.0,2.0,0.0,19.0,8.0,0.42105263157894735,3.0819343133832193,0.0,2.0,15.0,41.0,0.0,0.0,0.0,0.0,0.0,1.0,0.0,0.0,217.0,1.0,1.0,5.0,0.0,1.0,0.0,0.0,2.0,3.0,1.0,1.0,1.0,7.0,0.9174150255821004,5.0,3.0,5.0,35.0,13.0,1.0,1280.0,800.0,1.0,1.0,1
37.0,1.0,2.0,0.0,2.0,3.0,0.0,20.0,0.0,0.0,3.2602085008325155,0.0,1.0,13.0,6.0,0.0,1.0,0.0,1.0,1.0,0.0,0.0,1.0,38.0,1.0,1.0,9.0,0.0,1.0,0.0,0.0,1.0,2.0,1.0,0.0,1.0,43.0,0.9862695857536977,2.0,5.0,9.0,81.0,9.0,1.0,1280.0,800.0,6.0,1.0,1
53.0,1.0,2.0,0.0,4.0,3.0,0.0,16.0,5.0,0.3125,3.6536747530322335,0.0,2.0,44.0,24.0,0.0,1.0,0.0,1.0,1.0,0.0,0.0,1.0,267.0,2.0,0.0,8.0,1.0,1.0,0.0,0.0,2.0,3.0,1.0,1.0,1.0,19.0,0.701929799901094,6.0,4.0,8.0,51.0,7.0,1.0,1280.0,800.0,3.0,0.0,1
69.0,1.0,0.0,1.0,0.0,1.0,0.0,15.0,3.0,0.6250859426516837,2.9352120436224833,0.0,0.0,35.0,3.0,0.0,0.0,0.0,0.0,1.0,0.0,0.0,1.0,192.0,1.0,0.0,3.0,1.0,1.0,0.0,0.0,1.0,1.0,0.0,1.0,1.0,19.0,0.8188547565836853,5.0,2.0,3.0,5.0,14.0,1.0,1280.0,800.0,13.0,0.0,1
43.0,1.0,3.0,0.0,3.0,4.0,0.0,13.0,5.0,0.38461538461538464,3.477523567959471,0.0,0.0,59.0,20.0,0.0,1.0,0.0,1.0,1.0,0.0,0.0,1.0,142.0,2.0,0.0,6.0,1.0,1.0,0.0,0.0,1.0,4.0,0.0,0.0,1.0,5.0,0.9119409964656449,7.0,1.0,6.0,29.0,6.0,1.0,1280.0,800.0,7.0,0.0,1
78.0,1.0,1.0,0.0,3.0,2.0,1.0,21.0,0.0,0.0,2.8748290743127844,0.0,0.0,32.0,14.0,0.0,1.0,0.0,1.0,0.0,0.0,1.0,0.0,85.0,1.0,6.0,1.0,1.0,1.0,0.0,0.0,1.0,3.0,0.0,0.0,1.0,13.0,0.8957371167436893,4.0,4.0,1.0,49.0,7.0,1.0,1280.0,800.0,14.0,0.0,1
70.0,0.0,0.0,1.0,0.0,1.0,0.0,15.0,3.0,0.6210968281577351,2.5886200319929147,0.0,2.0,24.0,12.0,1.0,0.0,0.0,0.0,0.0,0.0,0.0,0.0,183.0,1.0,1.0,9.0,0.0,1.0,1.0,0.0,3.0,2.0,1.0,0.0,1.0,16.0,0.2821428157094226,4.0,2.0,9.0,4.0,6.0,1.0,1280.0,800.0,0.0,0.0,1
43.0,1.0,2.0,0.0,3.0,3.0,1.0,17.0,0.0,0.0,3.5556876339096304,0.0,1.0,51.0,35.0,0.0,1.0,0.0,1.0,0.0,0.0,1.0,0.0,77.0,2.0,6.0,5.0,1.0,1.0,0.0,0.0,4.0,1.0,0.0,1.0,1.0,6.0,0.6069034595761329,6.0,2.0,5.0,66.0,4.0,1.0,1280.0,800.0,8.0,0.0,1
91.0,1.0,1.0,0.0,1.0,2.0,1.0,17.0,2.0,0.11764705882352941,2.9890872416112697,0.0,2.0,28.0,29.0,0.0,1.0,0.0,1.0,1.0,0.0,0.0,1.0,38.0,2.0,1.0,11.0,0.0,1.0,0.0,1.0,3.0,1.0,1.0,1.0,1.0,16.0,0.6725934246321532,6.0,1.0,11.0,68.0,1.0,1.0,1280.0,800.0,7.0,1.0,1
58.0,1.0,0.0,1.0,0.0,1.0,0.0,15.0,3.0,0.6478330536029187,2.5171461252862453,0.0,0.0,17.0,17.0,0.0,0.0,0.0,0.0,1.0,0.0,0.0,1.0,121.0,1.0,0.0,6.0,1.0,0.0,0.0,0.0,1.0,2.0,0.0,0.0,1.0,39.0,0.7241120202210463,3.0,3.0,6.0,46.0,5.0,1.0,1280.0,800.0,6.0,1.0,1
89.0,1.0,0.0,1.0,0.0,1.0,0.0,15.0,3.0,0.7160455796142251,2.80573447163593,0.0,1.0,41.0,29.0,0.0,1.0,0.0,1.0,1.0,0.0,0.0,1.0,74.0,1.0,1.0,6.0,1.0,1.0,1.0,0.0,3.0,2.0,1.0,0.0,1.0,23.0,0.8162828491727963,1.0,4.0,6.0,90.0,8.0,1.0,1280.0,800.0,7.0,0.0,1
67.0,1.0,3.0,0.0,0.0,4.0,0.0,17.0,0.0,0.0,3.5707282700365086,0.0,0.0,37.0,40.0,1.0,1.0,0.0,1.0,1.0,0.0,0.0,1.0,158.0,1.0,0.0,4.0,1.0,1.0,0.0,0.0,4.0,4.0,0.0,0.0,1.0,29.0,0.9077179754767709,5.0,2.0,4.0,94.0,5.0,1.0,1280.0,800.0,1.0,0.0,1
77.0,1.0,1.0,0.0,4.0,2.0,0.0,20.0,0.0,0.0,3.277498643250531,0.0,0.0,59.0,7.0,0.0,0.0,0.0,0.0,0.0,1.0,0.0,0.0,325.0,1.0,1.0,4.0,1.0,1.0,0.0,0.0,3.0,2.0,1.0,1.0,1.0,32.0,0.6337856355770579,3.0,5.0,4.0,50.0,0.0,1.0,1280.0,800.0,14.0,0.0,1
70.0,1.0,1.0,0.0,4.0,2.0,1.0,13.0,0.0,0.0,2.812968358863131,0.0,0.0,55.0,6.0,0.0,1.0,0.0,1.0,1.0,0.0,0.0,1.0,81.0,1.0,1.0,10.0,0.0,0.0,1.0,0.0,0.0,1.0,1.0,1.0,1.0,6.0,0.9152559601561089,6.0,2.0,10.0,20.0,9.0,1.0,1280.0,800.0,13.0,0.0,1
81.0,1.0,0.0,1.0,0.0,1.0,0.0,15.0,3.0,0.700539316780566,3.049315884841738,0.0,0.0,41.0,36.0,0.0,0.0,0.0,0.0,1.0,0.0,0.0,1.0,344.0,2.0,0.0,7.0,1.0,1.0,0.0,0.0,0.0,3.0,0.0,0.0,1.0,26.0,0.916250720870383,6.0,2.0,7.0,119.0,11.0,1.0,1280.0,800.0,5.0,0.0,1
35.0,1.0,2.0,0.0,1.0,3.0,1.0,16.0,5.0,0.3125,2.9765290306038197,0.0,3.0,45.0,19.0,0.0,0.0,0.0,0.0,1.0,0.0,0.0,1.0,214.0,1.0,0.0,6.0,1.0,1.0,0.0,0.0,0.0,1.0,1.0,0.0,1.0,32.0,0.8069364136479185,6.0,4.0,6.0,102.0,4.0,1.0,1280.0,800.0,3.0,0.0,1
72.0,1.0,0.0,0.0,2.0,1.0,0.0,15.0,2.0,0.13333333333333333,2.8164344060649125,0.0,0.0,42.0,21.0,0.0,1.0,0.0,1.0,1.0,0.0,0.0,1.0,274.0,1.0,0.0,5.0,0.0,0.0,0.0,0.0,12.0,3.0,1.0,0.0,0.0,28.0,0.7469725102902112,3.0,2.0,5.0,28.0,3.0,1.0,1280.0,800.0,0.0,0.0,1
82.0,1.0,1.0,0.0,4.0,2.0,0.0,24.0,5.0,0.20833333333333334,3.116682479358148,0.0,1.0,32.0,23.0,0.0,1.0,0.0,1.0,1.0,0.0,0.0,1.0,53.0,1.0,0.0,10.0,0.0,0.0,1.0,1.0,3.0,2.0,1.0,0.0,1.0,12.0,0.7949051909991479,5.0,4.0,10.0,51.0,10.0,1.0,1280.0,800.0,0.0,0.0,1
60.0,1.0,0.0,1.0,0.0,1.0,0.0,15.0,3.0,0.6401382263094216,2.7820106932938757,0.0,0.0,58.0,37.0,0.0,1.0,0.0,1.0,1.0,0.0,0.0,1.0,183.0,1.0,1.0,5.0,1.0,1.0,0.0,0.0,4.0,2.0,1.0,0.0,1.0,29.0,0.6492437809312173,1.0,1.0,5.0,42.0,1.0,1.0,1280.0,800.0,11.0,0.0,1
67.0,1.0,2.0,0.0,2.0,3.0,0.0,15.0,5.0,0.3333333333333333,3.621739931714192,0.0,0.0,9.0,3.0,0.0,1.0,0.0,1.0,0.0,1.0,0.0,0.0,118.0,1.0,1.0,11.0,0.0,1.0,1.0,0.0,3.0,2.0,1.0,1.0,1.0,28.0,0.9350817536322614,5.0,4.0,11.0,92.0,10.0,1.0,1280.0,800.0,11.0,1.0,1
49.0,1.0,1.0,0.0,1.0,2.0,0.0,13.0,0.0,0.0,3.2062344382675483,0.0,1.0,41.0,38.0,0.0,0.0,0.0,0.0,1.0,0.0,0.0,1.0,171.0,1.0,1.0,4.0,1.0,1.0,0.0,0.0,1.0,2.0,1.0,1.0,1.0,18.0,0.9095725039018373,3.0,3.0,4.0,115.0,1.0,1.0,1280.0,800.0,2.0,0.0,1
51.0,1.0,0.0,0.0,4.0,1.0,1.0,24.0,0.0,0.0,3.140975103869893,0.0,0.0,55.0,1.0,1.0,1.0,0.0,1.0,1.0,0.0,0.0,1.0,133.0,2.0,0.0,8.0,1.0,0.0,0.0,1.0,1.0,3.0,1.0,1.0,1.0,11.0,0.7350937628578431,5.0,3.0,8.0,85.0,3.0,1.0,1280.0,800.0,3.0,0.0,1
92.0,0.0,1.0,0.0,2.0,2.0,0.0,11.0,2.0,0.18181818181818182,3.592259347567584,0.0,0.0,29.0,22.0,0.0,0.0,0.0,0.0,0.0,0.0,0.0,0.0,202.0,1.0,1.0,5.0,0.0,1.0,1.0,1.0,2.0,3.0,0.0,0.0,1.0,38.0,0.09015135318042257,7.0,3.0,5.0,48.0,6.0,1.0,1280.0,800.0,2.0,0.0,1
44.0,1.0,1.0,0.0,1.0,2.0,0.0,12.0,5.0,0.4166666666666667,2.9766398895072075,0.0,1.0,59.0,38.0,0.0,0.0,0.0,0.0,1.0,0.0,0.0,1.0,288.0,2.0,1.0,1.0,1.0,1.0,2.0,1.0,1.0,4.0,0.0,0.0,1.0,44.0,0.938762705235063,7.0,2.0,1.0,83.0,10.0,1.0,1280.0,800.0,7.0,0.0,1
58.0,1.0,3.0,0.0,4.0,4.0,0.0,22.0,5.0,0.22727272727272727,3.4086500272628912,0.0,1.0,10.0,28.0,0.0,1.0,0.0,1.0,1.0,0.0,0.0,1.0,80.0,1.0,0.0,9.0,1.0,1.0,0.0,0.0,4.0,3.0,1.0,1.0,1.0,40.0,0.6090236875334821,4.0,2.0,9.0,111.0,12.0,1.0,1280.0,800.0,6.0,0.0,1
79.0,0.0,0.0,0.0,1.0,1.0,0.0,13.0,0.0,0.0,3.8896236339394545,1.0,1.0,10.0,22.0,0.0,1.0,0.0,1.0,0.0,0.0,0.0,0.0,102.0,1.0,0.0,4.0,1.0,1.0,0.0,0.0,0.0,2.0,1.0,0.0,1.0,11.0,0.24521004528517115,1.0,1.0,4.0,61.0,0.0,1.0,1280.0,800.0,10.0,0.0,1
75.0,1.0,1.0,0.0,1.0,2.0,0.0,15.0,0.0,0.0,3.359287731313263,1.0,0.0,22.0,24.0,0.0,1.0,0.0,1.0,1.0,0.0,0.0,1.0,184.0,1.0,0.0,2.0,1.0,0.0,0.0,0.0,2.0,2.0,0.0,0.0,1.0,28.0,0.8790338094532236,2.0,1.0,2.0,96.0,14.0,1.0,1280.0,800.0,1.0,0.0,1
61.0,0.0,0.0,0.0,1.0,1.0,0.0,17.0,0.0,0.0,3.3734760588019834,1.0,0.0,34.0,20.0,0.0,1.0,0.0,1.0,0.0,0.0,0.0,0.0,103.0,1.0,0.0,4.0,1.0,1.0,1.0,0.0,0.0,3.0,1.0,1.0,1.0,19.0,0.28595553882155905,1.0,2.0,4.0,70.0,7.0,1.0,1280.0,800.0,4.0,0.0,1
53.0,0.0,3.0,0.0,3.0,4.0,1.0,19.0,8.0,0.42105263157894735,3.2525273259449183,0.0,1.0,23.0,40.0,0.0,0.0,0.0,0.0,0.0,0.0,0.0,0.0,55.0,1.0,1.0,3.0,0.0,0.0,0.0,0.0,15.0,1.0,1.0,0.0,0.0,6.0,0.03224463382696369,3.0,4.0,3.0,15.0,8.0,1.0,1280.0,800.0,6.0,0.0,1
92.0,0.0,1.0,0.0,1.0,2.0,1.0,16.0,10.0,0.5328438775784108,3.8625611495327092,0.0,3.0,44.0,44.0,0.0,0.0,0.0,0.0,0.0,0.0,0.0,0.0,178.0,1.0,0.0,9.0,1.0,0.0,0.0,0.0,3.0,2.0,0.0,1.0,1.0,13.0,0.1630092981055396,4.0,1.0,9.0,26.0,2.0,1.0,1280.0,800.0,7.0,0.0,1
73.0,1.0,1.0,0.0,1.0,2.0,0.0,21.0,12.0,0.48180163139044296,4.198364568556542,0.0,0.0,13.0,6.0,0.0,0.0,0.0,0.0,1.0,0.0,0.0,1.0,63.0,1.0,0.0,10.0,0.0,0.0,0.0,0.0,4.0,3.0,1.0,0.0,0.0,38.0,0.6491571129170345,5.0,3.0,10.0,25.0,1.0,1.0,1280.0,800.0,1.0,0.0,1
58.0,1.0,0.0,0.0,1.0,1.0,0.0,17.0,0.0,0.0,3.622971194161323,1.0,0.0,21.0,40.0,0.0,1.0,0.0,1.0,1.0,0.0,0.0,1.0,69.0,1.0,1.0,8.0,1.0,1.0,0.0,0.0,0.0,3.0,1.0,0.0,1.0,5.0,0.9921165643553969,4.0,3.0,8.0,54.0,5.0,1.0,1280.0,800.0,14.0,0.0,1
87.0,1.0,2.0,0.0,3.0,3.0,0.0,20.0,0.0,0.0,3.208119206997828,0.0,0.0,33.0,27.0,0.0,0.0,0.0,0.0,1.0,0.0,0.0,1.0,221.0,1.0,6.0,1.0,0.0,0.0,0.0,0.0,13.0,2.0,0.0,0.0,0.0,9.0,0.7635155306109667,1.0,5.0,1.0,103.0,9.0,0.0,1280.0,800.0,12.0,0.0,1
60.0,1.0,0.0,0.0,4.0,1.0,1.0,15.0,5.0,0.3333333333333333,2.8908815663863328,0.0,2.0,51.0,41.0,0.0,1.0,0.0,1.0,1.0,0.0,0.0,1.0,159.0,1.0,0.0,7.0,1.0,1.0,0.0,0.0,10.0,2.0,1.0,1.0,1.0,19.0,0.9313089472680469,3.0,4.0,7.0,67.0,13.0,0.0,1280.0,800.0,14.0,1.0,1
91.0,1.0,1.0,0.0,1.0,2.0,1.0,19.0,8.0,0.42105263157894735,3.0515149071130536,0.0,1.0,17.0,42.0,0.0,1.0,0.0,1.0,1.0,0.0,0.0,1.0,214.0,1.0,0.0,1.0,1.0,1.0,0.0,0.0,4.0,1.0,1.0,0.0,1.0,17.0,0.7571875509659914,1.0,5.0,1.0,66.0,2.0,1.0,1280.0,800.0,9.0,1.0,1
66.0,1.0,1.0,0.0,1.0,2.0,0.0,21.0,2.0,0.09523809523809523,3.8883444407671504,0.0,2.0,46.0,39.0,0.0,1.0,0.0,1.0,0.0,0.0,0.0,0.0,102.0,1.0,1.0,6.0,1.0,0.0,2.0,2.0,0.0,5.0,0.0,1.0,1.0,10.0,0.7731277639558221,5.0,2.0,6.0,53.0,13.0,1.0,1280.0,800.0,12.0,0.0,1
35.0,1.0,0.0,1.0,0.0,1.0,0.0,15.0,3.0,0.7077394830678746,2.514021236086347,0.0,3.0,27.0,41.0,0.0,0.0,0.0,0.0,1.0,0.0,0.0,1.0,87.0,2.0,1.0,7.0,1.0,1.0,0.0,0.0,0.0,3.0,0.0,0.0,1.0,17.0,0.7863846261821386,2.0,1.0,7.0,90.0,14.0,1.0,1280.0,800.0,14.0,0.0,1
65.0,1.0,1.0,0.0,2.0,2.0,1.0,26.0,10.0,0.38461538461538464,3.503592938344547,0.0,0.0,37.0,40.0,0.0,1.0,0.0,1.0,1.0,0.0,0.0,1.0,101.0,1.0,1.0,11.0,1.0,1.0,1.0,0.0,0.0,1.0,1.0,0.0,1.0,44.0,0.6906975846484777,7.0,1.0,11.0,42.0,10.0,1.0,1280.0,800.0,10.0,1.0,1
35.0,1.0,3.0,0.0,3.0,4.0,0.0,21.0,8.0,0.38095238095238093,3.4520698207511886,0.0,3.0,38.0,20.0,1.0,0.0,0.0,0.0,1.0,0.0,0.0,1.0,38.0,1.0,0.0,6.0,1.0,1.0,1.0,0.0,3.0,1.0,1.0,0.0,1.0,19.0,0.8815804113757367,7.0,5.0,6.0,42.0,4.0,1.0,1280.0,800.0,9.0,1.0,1
57.0,1.0,0.0,1.0,0.0,1.0,0.0,15.0,3.0,0.6415044198422707,2.817973767194919,0.0,0.0,49.0,11.0,0.0,0.0,0.0,0.0,1.0,0.0,0.0,1.0,51.0,2.0,1.0,7.0,1.0,1.0,1.0,0.0,2.0,2.0,0.0,0.0,1.0,9.0,0.8145755865208019,6.0,3.0,7.0,68.0,11.0,1.0,1280.0,800.0,11.0,0.0,1
44.0,0.0,2.0,0.0,3.0,3.0,1.0,20.0,0.0,0.0,3.126846774545503,0.0,1.0,22.0,31.0,1.0,1.0,0.0,1.0,0.0,0.0,0.0,0.0,339.0,1.0,6.0,6.0,1.0,0.0,1.0,0.0,3.0,3.0,0.0,0.0,1.0,10.0,0.09698974431039112,3.0,1.0,6.0,15.0,11.0,1.0,1280.0,800.0,8.0,0.0,1
90.0,1.0,1.0,0.0,1.0,2.0,1.0,15.0,0.0,0.0,3.0210116041866595,0.0,1.0,57.0,2.0,0.0,0.0,0.0,0.0,1.0,0.0,0.0,1.0,89.0,1.0,6.0,7.0,1.0,1.0,0.0,0.0,1.0,1.0,0.0,1.0,1.0,36.0,0.7247113009706224,5.0,4.0,7.0,49.0,2.0,1.0,1280.0,800.0,5.0,0.0,1
74.0,0.0,1.0,0.0,3.0,2.0,0.0,19.0,5.0,0.2631578947368421,3.2466509303039084,0.0,0.0,24.0,32.0,0.0,1.0,0.0,1.0,0.0,0.0,0.0,0.0,159.0,1.0,0.0,9.0,1.0,0.0,1.0,1.0,4.0,2.0,0.0,0.0,1.0,38.0,0.05080140846324057,6.0,5.0,9.0,63.0,4.0,1.0,1280.0,800.0,3.0,0.0,1
59.0,1.0,0.0,1.0,0.0,1.0,0.0,15.0,3.0,0.6262533147764523,2.5912721592713672,0.0,0.0,52.0,18.0,0.0,1.0,0.0,1.0,1.0,0.0,0.0,1.0,178.0,1.0,0.0,9.0,0.0,1.0,0.0,0.0,4.0,2.0,0.0,0.0,1.0,19.0,0.9235829659655851,7.0,2.0,9.0,37.0,6.0,1.0,1280.0,800.0,6.0,1.0,1
82.0,1.0,1.0,0.0,3.0,2.0,1.0,11.0,8.0,0.7272727272727273,3.4781719380619105,0.0,2.0,58.0,15.0,0.0,1.0,0.0,1.0,1.0,0.0,0.0,1.0,16.0,2.0,0.0,9.0,0.0,0.0,1.0,2.0,1.0,5.0,1.0,0.0,1.0,42.0,0.614228687402162,3.0,1.0,9.0,113.0,6.0,1.0,1280.0,800.0,3.0,0.0,1
80.0,1.0,0.0,0.0,3.0,1.0,1.0,18.0,0.0,0.0,3.4023853370577104,0.0,1.0,24.0,31.0,0.0,1.0,0.0,1.0,1.0,0.0,0.0,1.0,318.0,1.0,6.0,7.0,1.0,1.0,0.0,0.0,3.0,4.0,0.0,1.0,1.0,21.0,0.9692808440203451,1.0,5.0,7.0,88.0,1.0,1.0,1280.0,800.0,11.0,0.0,1
67.0,0.0,0.0,0.0,1.0,1.0,0.0,19.0,0.0,0.0,3.7431332958392742,1.0,0.0,6.0,44.0,0.0,1.0,0.0,1.0,0.0,0.0,0.0,0.0,282.0,1.0,0.0,4.0,0.0,1.0,0.0,0.0,1.0,2.0,1.0,0.0,1.0,5.0,0.27320383820692806,3.0,2.0,4.0,106.0,9.0,1.0,1280.0,800.0,9.0,1.0,1
52.0,1.0,0.0,0.0,1.0,1.0,0.0,20.0,0.0,0.0,3.7852990904842696,1.0,2.0,51.0,44.0,0.0,1.0,0.0,1.0,1.0,0.0,0.0,1.0,325.0,1.0,0.0,3.0,0.0,0.0,1.0,1.0,0.0,1.0,0.0,0.0,1.0,8.0,0.8647462034829101,6.0,1.0,3.0,26.0,9.0,1.0,1280.0,800.0,4.0,0.0,1
64.0,1.0,2.0,0.0,3.0,3.0,0.0,16.0,8.0,0.5,3.7551798075209235,0.0,0.0,25.0,22.0,0.0,0.0,0.0,0.0,1.0,0.0,0.0,1.0,332.0,2.0,0.0,10.0,0.0,1.0,2.0,2.0,0.0,2.0,1.0,1.0,1.0,17.0,0.7956490329096648,7.0,2.0,10.0,17.0,7.0,1.0,1280.0,800.0,13.0,0.0,1
35.0,1.0,1.0,0.0,1.0,2.0,0.0,18.0,0.0,0.0,3.2275215467841116,1.0,3.0,5.0,27.0,0.0,1.0,0.0,1.0,1.0,0.0,0.0,1.0,235.0,1.0,0.0,11.0,1.0,0.0,1.0,0.0,4.0,2.0,1.0,0.0,1.0,8.0,0.7211157787612537,4.0,2.0,11.0,8.0,4.0,1.0,1280.0,800.0,1.0,0.0,1
54.0,1.0,1.0,0.0,1.0,2.0,0.0,22.0,0.0,0.0,3.763687957511289,0.0,0.0,57.0,14.0,0.0,1.0,0.0,1.0,0.0,1.0,1.0,0.0,235.0,1.0,0.0,7.0,1.0,1.0,0.0,0.0,1.0,2.0,1.0,1.0,1.0,41.0,0.8004372136518936,5.0,4.0,7.0,12.0,10.0,1.0,1280.0,800.0,2.0,0.0,1
94.0,1.0,1.0,0.0,2.0,2.0,1.0,19.0,8.0,0.42105263157894735,3.055599486013215,0.0,1.0,55.0,25.0,1.0,1.0,0.0,1.0,1.0,0.0,0.0,1.0,280.0,1.0,1.0,11.0,1.0,1.0,0.0,1.0,1.0,3.0,1.0,0.0,1.0,28.0,0.7034797039927997,1.0,1.0,11.0,46.0,14.0,1.0,1280.0,800.0,13.0,0.0,1
88.0,0.0,1.0,0.0,4.0,2.0,1.0,11.0,2.0,0.18181818181818182,3.245452075748861,0.0,1.0,45.0,21.0,0.0,1.0,0.0,1.0,0.0,0.0,0.0,0.0,197.0,2.0,0.0,10.0,0.0,1.0,0.0,1.0,4.0,3.0,1.0,1.0,1.0,41.0,0.048223876257230215,6.0,2.0,10.0,4.0,6.0,1.0,1280.0,800.0,0.0,0.0,1
72.0,1.0,0.0,0.0,3.0,1.0,1.0,12.0,2.0,0.16666666666666666,3.531278608624987,0.0,1.0,49.0,30.0,0.0,1.0,0.0,1.0,1.0,0.0,0.0,1.0,148.0,1.0,1.0,6.0,1.0,1.0,1.0,1.0,1.0,2.0,0.0,0.0,1.0,40.0,0.9447669003627691,2.0,4.0,6.0,13.0,1.0,1.0,1280.0,800.0,9.0,0.0,1
71.0,1.0,3.0,0.0,0.0,4.0,1.0,22.0,8.0,0.36363636363636365,3.2042929649114402,0.0,0.0,8.0,6.0,0.0,1.0,0.0,1.0,0.0,0.0,1.0,0.0,313.0,1.0,0.0,11.0,1.0,1.0,0.0,0.0,4.0,3.0,1.0,1.0,1.0,16.0,0.652921939798064,5.0,1.0,11.0,52.0,14.0,0.0,1280.0,800.0,11.0,0.0,1
68.0,0.0,1.0,0.0,1.0,2.0,0.0,23.0,8.0,0.34782608695652173,3.0489151978482023,0.0,2.0,44.0,37.0,0.0,0.0,0.0,0.0,0.0,0.0,0.0,0.0,120.0,1.0,1.0,7.0,0.0,1.0,0.0,0.0,3.0,2.0,1.0,1.0,1.0,38.0,0.170853677044834,1.0,2.0,7.0,40.0,8.0,1.0,1280.0,800.0,2.0,0.0,1
90.0,1.0,1.0,0.0,4.0,2.0,1.0,14.0,5.0,0.35714285714285715,3.8223233828271055,0.0,0.0,25.0,9.0,0.0,1.0,0.0,1.0,1.0,0.0,0.0,1.0,81.0,1.0,1.0,7.0,0.0,0.0,1.0,2.0,1.0,3.0,0.0,0.0,1.0,20.0,0.6998802393972052,1.0,5.0,7.0,61.0,11.0,1.0,1280.0,800.0,11.0,0.0,1
90.0,1.0,1.0,0.0,4.0,2.0,0.0,19.0,0.0,0.0,2.9740949990070313,0.0,0.0,16.0,16.0,0.0,1.0,0.0,1.0,0.0,0.0,0.0,0.0,108.0,1.0,0.0,1.0,1.0,1.0,0.0,0.0,14.0,3.0,1.0,1.0,1.0,26.0,0.8746163157960887,3.0,2.0,1.0,29.0,0.0,1.0,1280.0,800.0,4.0,0.0,1
68.0,1.0,1.0,0.0,1.0,2.0,0.0,21.0,5.0,0.23809523809523808,3.242425139302001,0.0,0.0,32.0,23.0,0.0,1.0,0.0,1.0,1.0,0.0,0.0,1.0,234.0,1.0,0.0,9.0,0.0,0.0,1.0,0.0,4.0,3.0,0.0,0.0,1.0,39.0,0.8333764267148713,5.0,1.0,9.0,2.0,6.0,1.0,1280.0,800.0,8.0,0.0,1
70.0,1.0,2.0,0.0,4.0,3.0,1.0,24.0,0.0,0.0,3.853121869906327,0.0,1.0,21.0,0.0,0.0,0.0,0.0,0.0,1.0,0.0,0.0,1.0,39.0,1.0,1.0,6.0,1.0,1.0,0.0,0.0,10.0,1.0,1.0,0.0,1.0,24.0,0.6276181708029308,1.0,2.0,6.0,106.0,8.0,1.0,1280.0,800.0,11.0,0.0,1
85.0,1.0,0.0,0.0,4.0,1.0,1.0,24.0,8.0,0.3333333333333333,3.139195896206158,0.0,0.0,40.0,17.0,1.0,1.0,0.0,1.0,1.0,0.0,0.0,1.0,340.0,1.0,0.0,7.0,1.0,1.0,0.0,0.0,3.0,1.0,1.0,0.0,1.0,10.0,0.9706634572217154,3.0,2.0,7.0,58.0,0.0,1.0,1280.0,800.0,4.0,0.0,1
73.0,0.0,2.0,0.0,4.0,3.0,0.0,24.0,2.0,0.08333333333333333,3.0730303416819895,0.0,1.0,11.0,29.0,0.0,0.0,0.0,0.0,0.0,0.0,0.0,0.0,178.0,1.0,0.0,7.0,0.0,1.0,1.0,1.0,0.0,3.0,1.0,1.0,1.0,34.0,0.25933956732124885,6.0,4.0,7.0,94.0,12.0,1.0,1280.0,800.0,1.0,0.0,1
82.0,1.0,3.0,0.0,1.0,4.0,0.0,17.0,0.0,0.0,3.013510462270155,0.0,0.0,11.0,13.0,0.0,1.0,0.0,1.0,1.0,0.0,0.0,1.0,136.0,1.0,0.0,9.0,1.0,1.0,0.0,0.0,3.0,2.0,0.0,0.0,1.0,18.0,0.7443063910796841,2.0,1.0,9.0,8.0,8.0,1.0,1280.0,800.0,11.0,1.0,1
85.0,0.0,1.0,0.0,4.0,2.0,1.0,10.0,8.0,0.8,3.859114884167896,0.0,1.0,15.0,0.0,0.0,1.0,0.0,1.0,0.0,0.0,0.0,0.0,222.0,1.0,0.0,4.0,0.0,1.0,2.0,1.0,2.0,4.0,0.0,0.0,1.0,23.0,0.17350470389460537,1.0,4.0,4.0,71.0,8.0,1.0,1280.0,800.0,0.0,0.0,1
66.0,1.0,1.0,0.0,4.0,2.0,0.0,25.0,5.0,0.2,3.6480452428408476,0.0,0.0,28.0,18.0,0.0,0.0,0.0,0.0,1.0,0.0,0.0,1.0,303.0,1.0,0.0,9.0,1.0,1.0,1.0,1.0,1.0,2.0,0.0,0.0,1.0,35.0,0.8488040823284065,4.0,3.0,9.0,58.0,12.0,1.0,1280.0,800.0,13.0,0.0,1
72.0,1.0,3.0,0.0,3.0,4.0,1.0,15.0,8.0,0.5333333333333333,3.898470985451092,0.0,0.0,58.0,17.0,1.0,1.0,0.0,1.0,1.0,0.0,0.0,1.0,302.0,1.0,0.0,2.0,1.0,1.0,0.0,0.0,14.0,2.0,0.0,1.0,1.0,14.0,0.7848328981264591,2.0,3.0,2.0,12.0,14.0,1.0,1280.0,800.0,6.0,1.0,1
67.0,1.0,1.0,0.0,2.0,2.0,0.0,24.0,0.0,0.0,3.362582467221533,0.0,0.0,39.0,43.0,0.0,1.0,0.0,1.0,1.0,0.0,0.0,1.0,183.0,2.0,1.0,9.0,0.0,1.0,2.0,1.0,1.0,5.0,1.0,0.0,1.0,28.0,0.8790739133954864,4.0,4.0,9.0,49.0,12.0,1.0,1280.0,800.0,10.0,0.0,1
57.0,1.0,3.0,0.0,4.0,4.0,0.0,17.0,8.0,0.47058823529411764,3.3123688223759853,0.0,0.0,50.0,37.0,0.0,1.0,0.0,1.0,1.0,0.0,0.0,1.0,281.0,2.0,0.0,6.0,0.0,1.0,0.0,0.0,2.0,2.0,1.0,1.0,1.0,31.0,0.7305148370276219,5.0,5.0,6.0,8.0,13.0,1.0,1280.0,800.0,4.0,0.0,1
43.0,0.0,0.0,0.0,2.0,1.0,1.0,20.0,5.0,0.25,3.8001004086583827,0.0,0.0,5.0,19.0,0.0,0.0,0.0,0.0,0.0,0.0,0.0,0.0,256.0,1.0,1.0,2.0,1.0,1.0,0.0,0.0,4.0,3.0,1.0,1.0,1.0,10.0,0.2743759768998687,3.0,4.0,2.0,117.0,3.0,1.0,1280.0,800.0,1.0,0.0,1
79.0,1.0,0.0,1.0,0.0,1.0,0.0,15.0,3.0,0.6616910615257626,3.0605046143951995,0.0,2.0,37.0,9.0,0.0,0.0,0.0,0.0,1.0,0.0,0.0,1.0,130.0,2.0,0.0,2.0,1.0,1.0,0.0,0.0,0.0,3.0,0.0,1.0,1.0,35.0,0.7446134950308362,6.0,3.0,2.0,64.0,8.0,1.0,1280.0,800.0,4.0,0.0,1
37.0,1.0,1.0,0.0,2.0,2.0,0.0,11.0,8.0,0.7272727272727273,3.275637453584075,0.0,0.0,9.0,3.0,0.0,1.0,0.0,1.0,1.0,0.0,0.0,1.0,317.0,1.0,0.0,8.0,1.0,0.0,1.0,1.0,4.0,3.0,1.0,1.0,1.0,17.0,0.6992718862612057,5.0,4.0,8.0,89.0,8.0,1.0,1280.0,800.0,7.0,0.0,1
73.0,0.0,2.0,0.0,1.0,3.0,1.0,26.0,14.0,0.6630254037806039,3.9236595149647817,0.0,1.0,30.0,15.0,0.0,0.0,0.0,0.0,0.0,0.0,0.0,0.0,190.0,1.0,1.0,5.0,1.0,1.0,0.0,0.0,1.0,2.0,1.0,0.0,1.0,42.0,0.21067933273940478,1.0,5.0,5.0,38.0,9.0,0.0,1280.0,800.0,0.0,0.0,1
78.0,0.0,3.0,0.0,2.0,4.0,1.0,23.0,0.0,0.0,3.737980335639386,0.0,1.0,40.0,12.0,0.0,1.0,0.0,1.0,0.0,0.0,0.0,0.0,187.0,2.0,1.0,3.0,1.0,1.0,0.0,0.0,2.0,1.0,0.0,1.0,1.0,11.0,0.01193423616872995,2.0,3.0,3.0,15.0,10.0,1.0,1280.0,800.0,0.0,0.0,1
48.0,1.0,0.0,0.0,3.0,1.0,0.0,14.0,5.0,0.35714285714285715,2.926951449354637,0.0,0.0,25.0,20.0,0.0,1.0,0.0,1.0,1.0,0.0,0.0,1.0,139.0,1.0,0.0,1.0,1.0,0.0,0.0,0.0,3.0,2.0,0.0,0.0,1.0,29.0,0.7091078295951974,2.0,1.0,1.0,119.0,1.0,1.0,1280.0,800.0,12.0,0.0,1
43.0,1.0,2.0,0.0,3.0,3.0,1.0,20.0,0.0,0.0,3.77975207096686,0.0,0.0,57.0,15.0,0.0,0.0,0.0,0.0,1.0,0.0,0.0,1.0,186.0,1.0,0.0,11.0,0.0,1.0,0.0,0.0,2.0,3.0,1.0,1.0,1.0,20.0,0.8219422771248376,2.0,1.0,11.0,44.0,8.0,1.0,1280.0,800.0,1.0,0.0,1
92.0,0.0,0.0,1.0,0.0,1.0,0.0,15.0,3.0,0.7146391004311394,2.8777365464774722,0.0,3.0,55.0,18.0,1.0,1.0,0.0,1.0,0.0,0.0,0.0,0.0,99.0,1.0,1.0,5.0,1.0,1.0,1.0,0.0,4.0,2.0,1.0,0.0,1.0,42.0,0.018740821716528355,4.0,3.0,5.0,20.0,14.0,1.0,1280.0,800.0,11.0,0.0,1
45.0,1.0,2.0,0.0,4.0,3.0,1.0,17.0,0.0,0.0,3.841677097323541,0.0,3.0,59.0,31.0,0.0,0.0,0.0,0.0,1.0,0.0,0.0,1.0,281.0,1.0,0.0,9.0,0.0,0.0,0.0,0.0,3.0,2.0,1.0,1.0,0.0,5.0,0.6044043693982122,3.0,3.0,9.0,40.0,0.0,1.0,1280.0,800.0,10.0,0.0,1
86.0,1.0,3.0,0.0,3.0,4.0,0.0,12.0,8.0,0.6666666666666666,3.661473982967842,0.0,0.0,19.0,32.0,0.0,0.0,0.0,0.0,1.0,0.0,0.0,1.0,251.0,1.0,0.0,11.0,0.0,1.0,0.0,0.0,2.0,2.0,0.0,0.0,1.0,20.0,0.9901400245841352,1.0,1.0,11.0,38.0,5.0,1.0,1280.0,800.0,9.0,0.0,1
92.0,1.0,3.0,0.0,4.0,4.0,1.0,10.0,0.0,0.0,3.460619881744079,0.0,0.0,23.0,42.0,0.0,1.0,0.0,1.0,1.0,0.0,0.0,1.0,248.0,1.0,6.0,1.0,1.0,1.0,2.0,1.0,4.0,5.0,1.0,0.0,1.0,18.0,0.6862444325705586,1.0,4.0,1.0,15.0,10.0,1.0,1280.0,800.0,11.0,0.0,1
75.0,0.0,0.0,0.0,1.0,1.0,0.0,15.0,0.0,0.0,3.238310924952229,1.0,3.0,28.0,41.0,0.0,1.0,0.0,1.0,0.0,0.0,0.0,0.0,290.0,2.0,0.0,7.0,0.0,1.0,0.0,1.0,1.0,1.0,1.0,0.0,1.0,40.0,0.03204309179750862,3.0,5.0,7.0,27.0,0.0,1.0,1280.0,800.0,13.0,0.0,1
83.0,0.0,0.0,0.0,2.0,1.0,0.0,12.0,2.0,0.16666666666666666,3.2148803776251462,0.0,0.0,29.0,33.0,0.0,0.0,0.0,0.0,0.0,0.0,0.0,0.0,247.0,1.0,0.0,8.0,1.0,1.0,0.0,0.0,2.0,1.0,0.0,1.0,1.0,25.0,0.09195044597424946,1.0,1.0,8.0,37.0,2.0,1.0,1280.0,800.0,4.0,0.0,1
39.0,1.0,3.0,0.0,2.0,4.0,0.0,25.0,0.0,0.0,3.3146493878733994,0.0,0.0,5.0,13.0,0.0,1.0,0.0,1.0,1.0,0.0,0.0,1.0,207.0,1.0,0.0,8.0,0.0,1.0,0.0,0.0,0.0,1.0,0.0,0.0,1.0,39.0,0.8463226189921046,1.0,2.0,8.0,34.0,13.0,1.0,1280.0,800.0,9.0,1.0,1
64.0,1.0,1.0,0.0,1.0,2.0,1.0,13.0,12.0,0.9230769230769231,3.0900658628337525,0.0,0.0,36.0,32.0,0.0,1.0,0.0,1.0,1.0,0.0,0.0,1.0,343.0,1.0,0.0,4.0,1.0,0.0,0.0,0.0,1.0,3.0,0.0,0.0,1.0,11.0,0.6863542830640187,3.0,5.0,4.0,101.0,9.0,1.0,1280.0,800.0,10.0,0.0,1
62.0,1.0,3.0,0.0,4.0,4.0,1.0,17.0,2.0,0.11764705882352941,3.5209356004591426,0.0,1.0,48.0,27.0,0.0,1.0,0.0,1.0,1.0,0.0,0.0,1.0,269.0,1.0,1.0,2.0,1.0,1.0,0.0,0.0,3.0,3.0,0.0,1.0,1.0,31.0,0.6137131249844331,1.0,1.0,2.0,81.0,7.0,1.0,1280.0,800.0,0.0,0.0,1
87.0,1.0,0.0,1.0,0.0,1.0,0.0,15.0,3.0,0.6649634780150415,3.069995494756425,0.0,1.0,36.0,19.0,0.0,0.0,0.0,0.0,0.0,0.0,1.0,0.0,47.0,2.0,1.0,2.0,1.0,0.0,0.0,0.0,0.0,2.0,1.0,0.0,1.0,26.0,0.6257100097638579,5.0,3.0,2.0,47.0,12.0,0.0,1280.0,800.0,1.0,0.0,1
89.0,0.0,1.0,0.0,2.0,2.0,1.0,23.0,8.0,0.34782608695652173,3.2389794663176366,0.0,1.0,54.0,35.0,1.0,1.0,0.0,1.0,0.0,0.0,0.0,0.0,288.0,1.0,6.0,2.0,0.0,0.0,0.0,0.0,13.0,3.0,1.0,1.0,0.0,35.0,0.01645241230699238,4.0,5.0,2.0,119.0,14.0,1.0,1280.0,800.0,0.0,1.0,1
51.0,1.0,2.0,0.0,4.0,3.0,1.0,19.0,8.0,0.42105263157894735,3.7732394144088635,0.0,1.0,16.0,15.0,0.0,1.0,0.0,1.0,0.0,0.0,1.0,0.0,345.0,1.0,0.0,2.0,1.0,1.0,0.0,0.0,4.0,2.0,1.0,1.0,1.0,42.0,0.8741324172068363,6.0,1.0,2.0,21.0,0.0,1.0,1280.0,800.0,12.0,1.0,1
51.0,1.0,0.0,0.0,2.0,1.0,1.0,22.0,5.0,0.22727272727272727,3.0688925217510326,0.0,0.0,36.0,17.0,0.0,0.0,0.0,0.0,1.0,0.0,0.0,1.0,262.0,1.0,0.0,4.0,1.0,1.0,0.0,0.0,2.0,1.0,1.0,0.0,1.0,8.0,0.9273823460197417,2.0,5.0,4.0,53.0,11.0,1.0,1280.0,800.0,10.0,0.0,1
60.0,1.0,1.0,0.0,4.0,2.0,1.0,13.0,0.0,0.0,3.26194922762767,0.0,0.0,21.0,42.0,0.0,1.0,0.0,1.0,0.0,1.0,0.0,0.0,44.0,1.0,0.0,8.0,0.0,0.0,0.0,0.0,9.0,1.0,0.0,0.0,0.0,29.0,0.7392516509511469,3.0,1.0,8.0,93.0,9.0,1.0,1280.0,800.0,7.0,0.0,1
48.0,1.0,1.0,0.0,1.0,2.0,0.0,24.0,7.0,0.677755383072013,3.3038401522786174,0.0,0.0,51.0,36.0,0.0,0.0,0.0,0.0,1.0,0.0,0.0,1.0,93.0,1.0,1.0,11.0,1.0,1.0,0.0,0.0,3.0,2.0,0.0,0.0,1.0,37.0,0.7661143355498689,2.0,4.0,11.0,59.0,8.0,1.0,1280.0,800.0,12.0,1.0,1
94.0,1.0,1.0,0.0,0.0,2.0,1.0,21.0,10.0,0.47619047619047616,3.435698180873318,0.0,2.0,25.0,13.0,0.0,1.0,0.0,1.0,1.0,0.0,0.0,1.0,68.0,1.0,0.0,6.0,1.0,1.0,0.0,0.0,4.0,1.0,0.0,0.0,1.0,15.0,0.950752895671661,7.0,3.0,6.0,18.0,4.0,1.0,1280.0,800.0,13.0,0.0,1
89.0,1.0,1.0,0.0,4.0,2.0,1.0,16.0,5.0,0.3125,3.4525560021336403,0.0,1.0,6.0,44.0,0.0,1.0,0.0,1.0,1.0,0.0,0.0,1.0,211.0,1.0,1.0,10.0,0.0,0.0,0.0,0.0,9.0,1.0,1.0,1.0,0.0,11.0,0.6671370174791957,6.0,1.0,10.0,88.0,13.0,0.0,1280.0,800.0,13.0,0.0,1
59.0,1.0,2.0,0.0,2.0,3.0,0.0,10.0,2.0,0.2,3.5598334076276785,0.0,1.0,21.0,41.0,1.0,0.0,0.0,0.0,0.0,0.0,0.0,0.0,125.0,1.0,0.0,6.0,1.0,0.0,0.0,0.0,10.0,2.0,0.0,0.0,1.0,23.0,0.8340497998789904,6.0,1.0,6.0,79.0,4.0,1.0,1280.0,800.0,3.0,1.0,1
74.0,0.0,2.0,0.0,1.0,3.0,0.0,18.0,8.0,0.4444444444444444,3.57783057122391,0.0,0.0,48.0,41.0,0.0,0.0,0.0,0.0,0.0,0.0,0.0,0.0,146.0,1.0,1.0,2.0,0.0,0.0,0.0,0.0,2.0,2.0,0.0,0.0,0.0,40.0,0.21805672790387756,1.0,2.0,2.0,14.0,13.0,1.0,1280.0,800.0,1.0,1.0,1
94.0,1.0,1.0,0.0,3.0,2.0,0.0,20.0,0.0,0.0,2.8465735694345704,0.0,1.0,27.0,13.0,0.0,0.0,0.0,0.0,1.0,0.0,0.0,1.0,290.0,1.0,0.0,9.0,1.0,0.0,1.0,2.0,0.0,5.0,0.0,1.0,1.0,32.0,0.6944184254603287,7.0,3.0,9.0,63.0,6.0,1.0,1280.0,800.0,9.0,0.0,1
74.0,1.0,2.0,0.0,2.0,3.0,1.0,12.0,8.0,0.6666666666666666,3.54162515431934,0.0,0.0,57.0,3.0,0.0,0.0,0.0,0.0,1.0,0.0,0.0,1.0,312.0,1.0,0.0,11.0,1.0,0.0,2.0,2.0,3.0,5.0,0.0,0.0,1.0,34.0,0.7835939106528663,7.0,4.0,11.0,87.0,6.0,1.0,1280.0,800.0,10.0,0.0,1
88.0,1.0,0.0,1.0,0.0,1.0,0.0,15.0,3.0,0.6199026837018304,2.5254783026093603,0.0,0.0,42.0,16.0,0.0,0.0,0.0,0.0,1.0,0.0,0.0,1.0,138.0,2.0,0.0,8.0,1.0,1.0,0.0,1.0,3.0,2.0,0.0,0.0,1.0,27.0,0.8768030060553322,2.0,4.0,8.0,90.0,14.0,1.0,1280.0,800.0,3.0,0.0,1
76.0,1.0,1.0,0.0,2.0,2.0,1.0,14.0,14.0,0.7338318767046152,3.2980291508341777,0.0,1.0,48.0,38.0,1.0,0.0,0.0,0.0,0.0,0.0,0.0,0.0,291.0,1.0,0.0,5.0,1.0,1.0,1.0,0.0,0.0,3.0,0.0,0.0,1.0,6.0,0.8233192238587774,7.0,2.0,5.0,9.0,12.0,1.0,1280.0,800.0,1.0,0.0,1
85.0,0.0,0.0,1.0,0.0,1.0,0.0,15.0,3.0,0.6412955647027343,2.66426873536662,0.0,0.0,26.0,24.0,0.0,0.0,0.0,0.0,0.0,0.0,0.0,0.0,78.0,1.0,1.0,8.0,1.0,1.0,0.0,0.0,3.0,2.0,0.0,1.0,1.0,5.0,0.23853466089971018,4.0,1.0,8.0,67.0,13.0,1.0,1280.0,800.0,12.0,0.0,1
63.0,1.0,0.0,0.0,2.0,1.0,0.0,19.0,0.0,0.0,3.3432774864314108,1.0,0.0,59.0,14.0,0.0,1.0,0.0,1.0,1.0,0.0,0.0,1.0,332.0,2.0,0.0,7.0,0.0,1.0,0.0,0.0,0.0,1.0,1.0,0.0,1.0,36.0,0.9830705655960617,7.0,3.0,7.0,28.0,0.0,1.0,1280.0,800.0,7.0,0.0,1
54.0,1.0,0.0,0.0,2.0,1.0,1.0,25.0,0.0,0.0,3.868159719104998,0.0,0.0,25.0,18.0,0.0,1.0,0.0,1.0,1.0,0.0,0.0,1.0,40.0,1.0,1.0,6.0,1.0,1.0,0.0,0.0,14.0,2.0,1.0,0.0,1.0,21.0,0.9200808298114288,5.0,3.0,6.0,97.0,12.0,1.0,1280.0,800.0,10.0,0.0,1
55.0,0.0,3.0,0.0,3.0,4.0,0.0,15.0,8.0,0.5333333333333333,3.392343838597501,0.0,0.0,15.0,5.0,0.0,1.0,0.0,1.0,0.0,0.0,0.0,0.0,59.0,1.0,6.0,1.0,0.0,1.0,1.0,2.0,0.0,3.0,0.0,0.0,1.0,25.0,0.21843210966088214,4.0,2.0,1.0,52.0,0.0,1.0,1280.0,800.0,3.0,1.0,1
92.0,1.0,0.0,1.0,0.0,1.0,0.0,15.0,3.0,0.6079959212921215,2.8984056661840096,0.0,1.0,35.0,37.0,0.0,0.0,0.0,0.0,1.0,0.0,0.0,1.0,58.0,1.0,1.0,7.0,1.0,0.0,0.0,0.0,2.0,2.0,1.0,0.0,1.0,22.0,0.6816223777791466,6.0,3.0,7.0,84.0,2.0,1.0,1280.0,800.0,12.0,0.0,1
86.0,1.0,1.0,0.0,4.0,2.0,0.0,25.0,0.0,0.0,3.735540029156588,0.0,0.0,13.0,39.0,0.0,0.0,0.0,0.0,1.0,0.0,0.0,1.0,300.0,1.0,1.0,8.0,1.0,1.0,1.0,0.0,1.0,1.0,1.0,1.0,1.0,26.0,0.9034985480882294,6.0,2.0,8.0,46.0,0.0,1.0,1280.0,800.0,10.0,0.0,1
61.0,1.0,1.0,0.0,4.0,2.0,1.0,11.0,8.0,0.7272727272727273,2.9340657807071033,0.0,0.0,11.0,7.0,0.0,1.0,0.0,1.0,1.0,0.0,0.0,1.0,191.0,1.0,0.0,1.0,1.0,1.0,0.0,0.0,3.0,2.0,1.0,0.0,1.0,24.0,0.9344545623673766,2.0,1.0,1.0,59.0,9.0,1.0,1280.0,800.0,8.0,0.0,1
93.0,1.0,0.0,0.0,1.0,1.0,1.0,24.0,5.0,0.20833333333333334,3.1747963257161853,0.0,0.0,26.0,14.0,0.0,1.0,0.0,1.0,1.0,0.0,0.0,1.0,205.0,1.0,1.0,7.0,1.0,0.0,0.0,0.0,2.0,1.0,1.0,1.0,1.0,9.0,0.8837887780874754,6.0,2.0,7.0,36.0,8.0,1.0,1280.0,800.0,6.0,0.0,1
80.0,1.0,1.0,0.0,3.0,2.0,1.0,13.0,0.0,0.0,3.1023311808622087,0.0,0.0,26.0,42.0,0.0,1.0,0.0,1.0,0.0,0.0,0.0,0.0,72.0,2.0,6.0,7.0,0.0,0.0,0.0,0.0,3.0,2.0,1.0,1.0,0.0,33.0,0.7317749656823479,3.0,3.0,7.0,110.0,11.0,1.0,1280.0,800.0,8.0,0.0,1
83.0,0.0,1.0,0.0,3.0,2.0,0.0,17.0,12.0,0.6638874653482859,3.616054516676774,0.0,0.0,46.0,25.0,0.0,0.0,0.0,0.0,0.0,0.0,0.0,0.0,267.0,1.0,0.0,9.0,1.0,1.0,0.0,0.0,3.0,1.0,1.0,0.0,1.0,32.0,0.03998859648462087,3.0,2.0,9.0,78.0,5.0,1.0,1280.0,800.0,0.0,0.0,1
90.0,1.0,0.0,1.0,0.0,1.0,0.0,15.0,3.0,0.7909032201594449,2.7963705338230347,0.0,0.0,47.0,4.0,0.0,0.0,0.0,0.0,1.0,0.0,0.0,1.0,254.0,1.0,0.0,4.0,1.0,0.0,1.0,0.0,2.0,3.0,0.0,0.0,1.0,11.0,0.6207386941910423,4.0,5.0,4.0,26.0,3.0,1.0,1280.0,800.0,12.0,0.0,1
83.0,1.0,0.0,0.0,2.0,1.0,0.0,20.0,0.0,0.0,3.894895286608553,1.0,0.0,41.0,27.0,0.0,1.0,0.0,1.0,1.0,0.0,0.0,1.0,274.0,2.0,0.0,5.0,1.0,0.0,0.0,0.0,1.0,3.0,0.0,0.0,1.0,35.0,0.9441606259023692,1.0,4.0,5.0,8.0,10.0,1.0,1280.0,800.0,11.0,1.0,1
82.0,1.0,1.0,0.0,2.0,2.0,1.0,17.0,5.0,0.29411764705882354,3.052759708898428,0.0,0.0,5.0,25.0,0.0,1.0,0.0,1.0,1.0,0.0,0.0,1.0,315.0,1.0,1.0,9.0,0.0,0.0,0.0,1.0,8.0,1.0,0.0,1.0,1.0,31.0,0.8490215181055405,6.0,1.0,9.0,45.0,8.0,1.0,1280.0,800.0,5.0,1.0,1
40.0,1.0,2.0,0.0,3.0,3.0,0.0,24.0,5.0,0.20833333333333334,3.714992720455661,0.0,0.0,9.0,36.0,1.0,1.0,0.0,1.0,1.0,0.0,0.0,1.0,177.0,1.0,0.0,10.0,1.0,1.0,0.0,0.0,0.0,3.0,0.0,0.0,1.0,43.0,0.989236949823245,2.0,3.0,10.0,52.0,0.0,1.0,1280.0,800.0,2.0,0.0,1
68.0,0.0,1.0,0.0,1.0,2.0,1.0,29.0,8.0,0.7265310203740684,3.7512252964576027,0.0,2.0,51.0,14.0,0.0,1.0,0.0,1.0,0.0,0.0,0.0,0.0,161.0,2.0,1.0,5.0,0.0,1.0,0.0,0.0,0.0,2.0,0.0,0.0,1.0,28.0,0.2961503389415961,6.0,1.0,5.0,99.0,9.0,1.0,1280.0,800.0,3.0,1.0,1
77.0,1.0,2.0,0.0,2.0,3.0,1.0,20.0,5.0,0.25,3.3761393458353375,0.0,1.0,27.0,23.0,0.0,1.0,0.0,1.0,1.0,0.0,0.0,1.0,101.0,1.0,1.0,9.0,1.0,1.0,0.0,0.0,4.0,1.0,0.0,1.0,1.0,44.0,0.9946989435799038,3.0,3.0,9.0,10.0,6.0,1.0,1280.0,800.0,7.0,1.0,1
36.0,1.0,0.0,1.0,0.0,1.0,0.0,15.0,3.0,0.6184235295950455,2.6291113559093,0.0,0.0,8.0,41.0,0.0,0.0,0.0,0.0,1.0,0.0,0.0,1.0,288.0,1.0,1.0,5.0,0.0,0.0,0.0,0.0,3.0,1.0,0.0,1.0,0.0,37.0,0.7123418297340705,4.0,1.0,5.0,65.0,3.0,1.0,1280.0,800.0,12.0,0.0,1
61.0,1.0,1.0,0.0,3.0,2.0,1.0,21.0,2.0,0.09523809523809523,3.084759647327574,0.0,0.0,21.0,5.0,0.0,1.0,0.0,1.0,1.0,0.0,0.0,1.0,100.0,1.0,0.0,10.0,0.0,1.0,0.0,0.0,7.0,2.0,0.0,0.0,1.0,39.0,0.9642405762452925,7.0,3.0,10.0,6.0,5.0,1.0,1280.0,800.0,4.0,0.0,1
92.0,1.0,2.0,0.0,4.0,3.0,1.0,22.0,0.0,0.0,3.125899788191854,0.0,0.0,52.0,26.0,0.0,1.0,0.0,1.0,1.0,0.0,0.0,1.0,208.0,1.0,1.0,1.0,0.0,1.0,1.0,1.0,2.0,5.0,0.0,0.0,1.0,35.0,0.7492592283251914,1.0,5.0,1.0,118.0,13.0,1.0,1280.0,800.0,5.0,0.0,1
57.0,1.0,1.0,0.0,3.0,2.0,1.0,12.0,2.0,0.16666666666666666,3.0430652142062797,0.0,1.0,44.0,2.0,0.0,1.0,0.0,1.0,1.0,0.0,0.0,1.0,161.0,1.0,6.0,4.0,1.0,1.0,0.0,0.0,7.0,3.0,0.0,1.0,1.0,44.0,0.8864764977587809,2.0,5.0,4.0,87.0,13.0,1.0,1280.0,800.0,5.0,0.0,1
55.0,1.0,0.0,0.0,4.0,1.0,0.0,21.0,0.0,0.0,3.6406354948169386,0.0,0.0,12.0,35.0,0.0,1.0,0.0,1.0,1.0,0.0,0.0,1.0,179.0,1.0,1.0,5.0,1.0,1.0,0.0,0.0,1.0,2.0,1.0,1.0,1.0,37.0,0.9401223409137034,6.0,4.0,5.0,20.0,10.0,1.0,1280.0,800.0,13.0,0.0,1
48.0,0.0,1.0,0.0,3.0,2.0,0.0,22.0,0.0,0.0,2.9345348682153465,0.0,0.0,33.0,9.0,0.0,0.0,0.0,0.0,0.0,0.0,0.0,0.0,126.0,1.0,1.0,1.0,1.0,0.0,0.0,0.0,2.0,2.0,1.0,1.0,1.0,17.0,0.1513695221863577,2.0,1.0,1.0,21.0,11.0,1.0,1280.0,800.0,13.0,1.0,1
68.0,1.0,1.0,0.0,1.0,2.0,0.0,13.0,5.0,0.38461538461538464,2.980082649417186,0.0,0.0,9.0,42.0,0.0,0.0,0.0,0.0,0.0,1.0,1.0,0.0,311.0,1.0,0.0,6.0,1.0,1.0,0.0,0.0,3.0,4.0,1.0,0.0,1.0,31.0,0.6710475175229818,5.0,5.0,6.0,75.0,8.0,1.0,1280.0,800.0,0.0,0.0,1
53.0,0.0,1.0,0.0,2.0,2.0,0.0,14.0,0.0,0.0,3.482289464685545,1.0,0.0,51.0,3.0,1.0,1.0,0.0,1.0,0.0,0.0,0.0,0.0,47.0,1.0,0.0,3.0,1.0,1.0,0.0,0.0,2.0,1.0,0.0,0.0,1.0,6.0,0.21789000403410982,3.0,5.0,3.0,75.0,3.0,1.0,1280.0,800.0,8.0,0.0,1
44.0,1.0,2.0,0.0,2.0,3.0,1.0,10.0,0.0,0.0,3.5510760561630006,0.0,0.0,27.0,41.0,0.0,1.0,0.0,1.0,1.0,0.0,0.0,1.0,156.0,2.0,0.0,11.0,1.0,0.0,0.0,0.0,9.0,3.0,0.0,0.0,1.0,28.0,0.7668060980574938,1.0,3.0,11.0,24.0,14.0,1.0,1280.0,800.0,8.0,0.0,1
67.0,1.0,0.0,0.0,4.0,1.0,0.0,15.0,2.0,0.13333333333333333,3.4891244077439665,0.0,0.0,37.0,17.0,0.0,1.0,0.0,1.0,1.0,0.0,0.0,1.0,108.0,1.0,0.0,9.0,1.0,0.0,0.0,0.0,15.0,1.0,0.0,0.0,1.0,30.0,0.7835319262215512,4.0,5.0,9.0,6.0,6.0,1.0,1280.0,800.0,5.0,0.0,1
51.0,0.0,0.0,1.0,0.0,1.0,0.0,15.0,3.0,0.771736783549239,3.0011911880104094,0.0,3.0,34.0,39.0,0.0,0.0,0.0,0.0,0.0,0.0,0.0,0.0,145.0,1.0,1.0,9.0,1.0,1.0,0.0,0.0,3.0,1.0,0.0,1.0,1.0,11.0,0.16189094320053868,1.0,1.0,9.0,108.0,13.0,0.0,1280.0,800.0,1.0,0.0,1
45.0,0.0,2.0,0.0,2.0,3.0,1.0,11.0,0.0,0.0,2.9970942637533105,0.0,0.0,22.0,34.0,0.0,1.0,0.0,1.0,0.0,0.0,0.0,0.0,206.0,1.0,6.0,8.0,1.0,0.0,1.0,1.0,2.0,5.0,0.0,1.0,1.0,15.0,0.12518847376212794,2.0,1.0,8.0,108.0,0.0,1.0,1280.0,800.0,9.0,0.0,1
66.0,1.0,3.0,0.0,0.0,4.0,0.0,23.0,5.0,0.21739130434782608,3.360331384122036,0.0,2.0,12.0,29.0,0.0,1.0,0.0,1.0,1.0,0.0,0.0,1.0,84.0,1.0,1.0,5.0,1.0,1.0,0.0,0.0,2.0,4.0,1.0,1.0,1.0,26.0,0.8564645228912123,1.0,4.0,5.0,95.0,2.0,1.0,1280.0,800.0,0.0,0.0,1
39.0,1.0,1.0,0.0,2.0,2.0,0.0,23.0,8.0,0.34782608695652173,3.0968228331467227,0.0,1.0,47.0,10.0,0.0,1.0,0.0,1.0,1.0,0.0,0.0,1.0,340.0,1.0,6.0,2.0,1.0,1.0,1.0,2.0,4.0,3.0,0.0,0.0,1.0,29.0,0.903807450375506,2.0,4.0,2.0,11.0,0.0,1.0,1280.0,800.0,5.0,0.0,1
60.0,1.0,3.0,0.0,4.0,4.0,0.0,12.0,5.0,0.4166666666666667,3.1097077285727326,0.0,2.0,42.0,44.0,0.0,1.0,0.0,1.0,1.0,0.0,0.0,1.0,257.0,1.0,0.0,8.0,1.0,0.0,0.0,1.0,11.0,2.0,1.0,1.0,1.0,39.0,0.7749191369329786,6.0,1.0,8.0,107.0,3.0,1.0,1280.0,800.0,8.0,0.0,1
65.0,1.0,2.0,0.0,3.0,3.0,0.0,14.0,5.0,0.35714285714285715,3.5227172963358333,0.0,0.0,8.0,15.0,0.0,1.0,0.0,1.0,1.0,0.0,0.0,1.0,294.0,1.0,1.0,8.0,0.0,0.0,0.0,0.0,15.0,3.0,0.0,1.0,0.0,10.0,0.8946540266252733,4.0,5.0,8.0,24.0,2.0,1.0,1280.0,800.0,6.0,0.0,1
75.0,1.0,2.0,0.0,4.0,3.0,0.0,22.0,5.0,0.22727272727272727,3.389084762865503,0.0,0.0,36.0,41.0,0.0,0.0,0.0,0.0,1.0,0.0,0.0,1.0,272.0,1.0,0.0,8.0,1.0,1.0,0.0,0.0,9.0,1.0,0.0,1.0,1.0,12.0,0.6540362741583953,2.0,5.0,8.0,65.0,14.0,1.0,1280.0,800.0,8.0,1.0,1
44.0,1.0,0.0,0.0,2.0,1.0,0.0,13.0,0.0,0.0,3.276244777215932,1.0,0.0,7.0,31.0,0.0,1.0,0.0,1.0,1.0,0.0,0.0,1.0,51.0,1.0,0.0,10.0,0.0,1.0,0.0,1.0,3.0,2.0,1.0,0.0,1.0,29.0,0.7588291353896924,5.0,3.0,10.0,106.0,13.0,1.0,1280.0,800.0,5.0,0.0,1
87.0,1.0,1.0,0.0,1.0,2.0,1.0,24.0,0.0,0.0,3.0831019042953187,0.0,2.0,10.0,6.0,0.0,0.0,0.0,0.0,1.0,0.0,0.0,1.0,333.0,2.0,0.0,3.0,1.0,0.0,0.0,1.0,2.0,2.0,0.0,0.0,1.0,19.0,0.6453309740102069,4.0,4.0,3.0,60.0,13.0,1.0,1280.0,800.0,13.0,1.0,1
41.0,1.0,1.0,0.0,2.0,2.0,0.0,21.0,0.0,0.0,3.4861713060488606,0.0,1.0,44.0,21.0,0.0,1.0,0.0,1.0,1.0,0.0,0.0,1.0,329.0,1.0,0.0,6.0,1.0,1.0,0.0,1.0,2.0,1.0,0.0,0.0,1.0,39.0,0.6180318519093237,5.0,2.0,6.0,1.0,0.0,1.0,1280.0,800.0,12.0,0.0,1
94.0,0.0,0.0,1.0,0.0,1.0,0.0,15.0,3.0,0.6349622806342278,2.609013089959257,0.0,1.0,7.0,6.0,0.0,0.0,0.0,0.0,0.0,0.0,0.0,0.0,97.0,1.0,0.0,8.0,0.0,1.0,0.0,1.0,3.0,3.0,0.0,1.0,1.0,31.0,0.11228441200313202,1.0,3.0,8.0,80.0,6.0,1.0,1280.0,800.0,7.0,1.0,1
82.0,1.0,0.0,0.0,1.0,1.0,1.0,19.0,2.0,0.10526315789473684,3.2582181455632844,0.0,2.0,8.0,7.0,0.0,1.0,0.0,1.0,0.0,1.0,0.0,0.0,227.0,1.0,0.0,9.0,1.0,0.0,0.0,0.0,11.0,1.0,0.0,0.0,1.0,24.0,0.6330289101065111,2.0,4.0,9.0,16.0,14.0,1.0,1280.0,800.0,8.0,0.0,1
64.0,1.0,0.0,1.0,0.0,1.0,0.0,15.0,3.0,0.755068504178883,2.759810388754366,0.0,0.0,36.0,13.0,0.0,0.0,0.0,0.0,1.0,0.0,0.0,1.0,135.0,1.0,1.0,11.0,1.0,0.0,0.0,0.0,2.0,2.0,1.0,0.0,1.0,7.0,0.7847715503037258,3.0,4.0,11.0,2.0,12.0,1.0,1280.0,800.0,9.0,0.0,1
77.0,1.0,2.0,0.0,3.0,3.0,1.0,25.0,0.0,0.0,3.138425594981289,0.0,1.0,48.0,12.0,1.0,1.0,0.0,1.0,1.0,0.0,0.0,1.0,266.0,1.0,0.0,10.0,0.0,1.0,2.0,1.0,3.0,5.0,0.0,0.0,1.0,12.0,0.9745722433789997,3.0,1.0,10.0,97.0,7.0,1.0,1280.0,800.0,6.0,1.0,1
63.0,1.0,0.0,0.0,1.0,1.0,0.0,20.0,0.0,0.0,3.1383407652949664,1.0,1.0,55.0,39.0,0.0,1.0,0.0,1.0,1.0,0.0,0.0,1.0,228.0,1.0,1.0,2.0,1.0,0.0,0.0,1.0,1.0,3.0,1.0,0.0,1.0,41.0,0.7305588030329456,6.0,3.0,2.0,65.0,5.0,1.0,1280.0,800.0,4.0,1.0,1
80.0,0.0,2.0,0.0,1.0,3.0,0.0,17.0,8.0,0.47058823529411764,3.5193587722980193,0.0,0.0,20.0,14.0,0.0,1.0,0.0,1.0,0.0,0.0,0.0,0.0,349.0,2.0,0.0,9.0,1.0,0.0,0.0,1.0,0.0,2.0,1.0,1.0,1.0,43.0,0.17289909445722237,4.0,2.0,9.0,77.0,9.0,1.0,1280.0,800.0,12.0,0.0,1
63.0,1.0,1.0,0.0,4.0,2.0,0.0,13.0,5.0,0.38461538461538464,3.288818133488526,0.0,0.0,56.0,7.0,1.0,1.0,0.0,1.0,1.0,0.0,0.0,1.0,29.0,1.0,1.0,9.0,1.0,0.0,1.0,0.0,4.0,3.0,1.0,1.0,1.0,24.0,0.7890431763876504,7.0,3.0,9.0,33.0,11.0,1.0,1280.0,800.0,9.0,0.0,1
56.0,0.0,1.0,0.0,2.0,2.0,0.0,21.0,0.0,0.0,3.4896849471565465,1.0,1.0,29.0,6.0,0.0,1.0,0.0,1.0,0.0,0.0,0.0,0.0,216.0,2.0,1.0,11.0,0.0,1.0,0.0,0.0,0.0,3.0,0.0,0.0,1.0,22.0,0.2910703557246394,7.0,4.0,11.0,53.0,8.0,1.0,1280.0,800.0,0.0,1.0,1
80.0,1.0,0.0,0.0,3.0,1.0,1.0,10.0,0.0,0.0,3.3392765745790762,0.0,1.0,39.0,8.0,1.0,0.0,0.0,0.0,1.0,0.0,0.0,1.0,237.0,1.0,1.0,1.0,1.0,1.0,0.0,1.0,4.0,2.0,0.0,0.0,1.0,29.0,0.7824304191195837,3.0,3.0,1.0,25.0,8.0,1.0,1280.0,800.0,4.0,0.0,1
38.0,1.0,2.0,0.0,4.0,3.0,1.0,19.0,8.0,0.42105263157894735,3.3206714299185602,0.0,0.0,12.0,6.0,0.0,1.0,0.0,1.0,1.0,0.0,0.0,1.0,292.0,1.0,0.0,9.0,1.0,1.0,2.0,1.0,3.0,3.0,1.0,0.0,1.0,42.0,0.6581135423816807,2.0,1.0,9.0,87.0,10.0,1.0,1280.0,800.0,8.0,0.0,1
51.0,1.0,0.0,0.0,1.0,1.0,0.0,21.0,0.0,0.0,3.349588181241954,1.0,0.0,19.0,17.0,1.0,1.0,0.0,1.0,1.0,0.0,0.0,1.0,260.0,2.0,0.0,10.0,1.0,1.0,0.0,0.0,0.0,2.0,1.0,1.0,1.0,23.0,0.8008576126953955,6.0,2.0,10.0,78.0,1.0,1.0,1280.0,800.0,11.0,0.0,1
81.0,0.0,1.0,0.0,0.0,2.0,1.0,21.0,8.0,0.38095238095238093,3.491672356674395,0.0,0.0,56.0,32.0,0.0,1.0,0.0,1.0,0.0,0.0,0.0,0.0,278.0,1.0,0.0,6.0,1.0,1.0,0.0,0.0,1.0,4.0,1.0,1.0,1.0,38.0,0.09928755764142917,2.0,4.0,6.0,20.0,9.0,1.0,1280.0,800.0,6.0,0.0,1
90.0,0.0,1.0,0.0,1.0,2.0,1.0,18.0,8.0,0.6502878336108682,3.4312094134077555,0.0,0.0,17.0,27.0,1.0,0.0,0.0,0.0,0.0,0.0,0.0,0.0,110.0,1.0,0.0,11.0,1.0,1.0,0.0,0.0,4.0,1.0,1.0,1.0,1.0,22.0,0.06158322942138672,7.0,1.0,11.0,98.0,5.0,0.0,1280.0,800.0,7.0,0.0,1
44.0,1.0,2.0,0.0,1.0,3.0,0.0,25.0,8.0,0.32,3.701783117294758,0.0,2.0,56.0,12.0,0.0,1.0,0.0,1.0,1.0,0.0,0.0,1.0,321.0,2.0,0.0,4.0,0.0,0.0,0.0,0.0,3.0,1.0,0.0,0.0,0.0,14.0,0.6610828305094015,3.0,4.0,4.0,105.0,5.0,0.0,1280.0,800.0,7.0,0.0,1
76.0,1.0,0.0,0.0,2.0,1.0,0.0,20.0,7.0,0.6995319029227433,3.5000204140062228,0.0,0.0,56.0,25.0,0.0,0.0,0.0,0.0,0.0,0.0,0.0,0.0,263.0,1.0,1.0,2.0,0.0,1.0,0.0,0.0,1.0,3.0,1.0,0.0,1.0,19.0,0.9565002731134417,2.0,5.0,2.0,38.0,5.0,1.0,1280.0,800.0,8.0,0.0,1
74.0,0.0,2.0,0.0,2.0,3.0,1.0,11.0,8.0,0.7272727272727273,2.9933488325347963,0.0,0.0,32.0,24.0,0.0,0.0,0.0,0.0,0.0,0.0,0.0,0.0,243.0,1.0,0.0,11.0,1.0,1.0,1.0,0.0,0.0,2.0,1.0,0.0,1.0,11.0,0.04512151286418039,1.0,5.0,11.0,8.0,5.0,1.0,1280.0,800.0,4.0,0.0,1
72.0,1.0,1.0,0.0,2.0,2.0,0.0,20.0,5.0,0.25,3.8237682679136036,0.0,1.0,10.0,36.0,0.0,1.0,0.0,1.0,0.0,0.0,0.0,0.0,252.0,1.0,6.0,9.0,0.0,0.0,0.0,0.0,3.0,1.0,0.0,0.0,0.0,7.0,0.6311825519548182,5.0,2.0,9.0,76.0,9.0,1.0,1280.0,800.0,12.0,0.0,1
84.0,1.0,1.0,0.0,4.0,2.0,1.0,22.0,0.0,0.0,3.0095524038710764,0.0,2.0,28.0,38.0,0.0,0.0,0.0,0.0,1.0,0.0,0.0,1.0,291.0,1.0,0.0,5.0,1.0,1.0,0.0,0.0,4.0,1.0,1.0,0.0,1.0,34.0,0.9808616139363661,7.0,3.0,5.0,116.0,11.0,1.0,1280.0,800.0,9.0,0.0,1
57.0,0.0,2.0,0.0,3.0,3.0,1.0,22.0,6.0,0.6367582016607587,3.9177795022799615,0.0,0.0,45.0,41.0,0.0,1.0,0.0,1.0,0.0,0.0,0.0,0.0,23.0,1.0,1.0,9.0,0.0,1.0,1.0,1.0,0.0,2.0,0.0,1.0,1.0,43.0,0.10414486630619116,6.0,2.0,9.0,45.0,1.0,1.0,1280.0,800.0,4.0,0.0,1
38.0,1.0,1.0,0.0,3.0,2.0,0.0,24.0,2.0,0.08333333333333333,3.8654786377639008,0.0,2.0,54.0,1.0,0.0,0.0,0.0,0.0,1.0,0.0,0.0,1.0,54.0,1.0,6.0,6.0,1.0,0.0,0.0,1.0,2.0,3.0,1.0,0.0,1.0,10.0,0.9812914093636214,4.0,3.0,6.0,15.0,3.0,1.0,1280.0,800.0,11.0,0.0,1
37.0,0.0,0.0,0.0,4.0,1.0,0.0,11.0,5.0,0.45454545454545453,3.6142294386644758,0.0,0.0,58.0,41.0,0.0,1.0,0.0,1.0,0.0,0.0,0.0,0.0,344.0,1.0,0.0,3.0,1.0,1.0,2.0,1.0,2.0,5.0,1.0,0.0,1.0,32.0,0.16053567113382664,3.0,4.0,3.0,3.0,3.0,1.0,1280.0,800.0,7.0,1.0,1
49.0,0.0,2.0,0.0,4.0,3.0,1.0,20.0,5.0,0.25,3.1894435763156874,0.0,0.0,51.0,36.0,0.0,1.0,0.0,1.0,0.0,0.0,0.0,0.0,95.0,1.0,0.0,4.0,1.0,1.0,0.0,0.0,0.0,3.0,1.0,1.0,1.0,22.0,0.2870174500849451,4.0,1.0,4.0,67.0,4.0,1.0,1280.0,800.0,10.0,0.0,1
61.0,1.0,0.0,1.0,0.0,1.0,0.0,15.0,3.0,0.7930072413525444,2.9190970521274453,0.0,0.0,41.0,3.0,0.0,0.0,0.0,0.0,1.0,0.0,0.0,1.0,104.0,2.0,0.0,9.0,1.0,1.0,0.0,0.0,2.0,2.0,0.0,0.0,1.0,27.0,0.7782190892373542,6.0,3.0,9.0,38.0,1.0,1.0,1280.0,800.0,14.0,0.0,1
66.0,1.0,1.0,0.0,1.0,2.0,0.0,15.0,12.0,0.8,3.6450971542290045,0.0,0.0,27.0,8.0,0.0,1.0,0.0,1.0,1.0,0.0,0.0,1.0,123.0,1.0,1.0,4.0,1.0,1.0,0.0,0.0,1.0,2.0,0.0,0.0,1.0,21.0,0.6634087512894278,5.0,1.0,4.0,46.0,7.0,1.0,1280.0,800.0,5.0,1.0,1
50.0,1.0,0.0,0.0,1.0,1.0,0.0,15.0,0.0,0.0,3.791687555976574,0.0,2.0,26.0,22.0,0.0,0.0,0.0,0.0,1.0,0.0,0.0,1.0,130.0,2.0,0.0,7.0,1.0,1.0,1.0,2.0,3.0,2.0,0.0,0.0,1.0,18.0,0.6842300633242332,1.0,2.0,7.0,70.0,14.0,1.0,1280.0,800.0,0.0,0.0,1
45.0,1.0,2.0,0.0,1.0,3.0,1.0,14.0,0.0,0.0,3.7828998228900086,0.0,2.0,11.0,40.0,0.0,1.0,0.0,1.0,1.0,0.0,0.0,1.0,83.0,1.0,0.0,6.0,1.0,0.0,0.0,0.0,4.0,2.0,0.0,0.0,1.0,33.0,0.7384740375745743,2.0,5.0,6.0,111.0,11.0,0.0,1280.0,800.0,11.0,1.0,1
63.0,1.0,0.0,0.0,2.0,1.0,1.0,14.0,8.0,0.5714285714285714,2.8924375840616228,0.0,0.0,20.0,23.0,0.0,1.0,0.0,1.0,1.0,0.0,0.0,1.0,83.0,1.0,0.0,8.0,0.0,0.0,0.0,0.0,3.0,1.0,1.0,1.0,0.0,17.0,0.8402704508272076,2.0,2.0,8.0,47.0,10.0,1.0,1280.0,800.0,3.0,0.0,1
40.0,1.0,2.0,0.0,3.0,3.0,0.0,21.0,0.0,0.0,2.8438207200690737,0.0,0.0,8.0,0.0,0.0,1.0,0.0,1.0,1.0,0.0,0.0,1.0,72.0,1.0,0.0,3.0,0.0,1.0,0.0,0.0,1.0,3.0,0.0,0.0,1.0,40.0,0.937411192672442,2.0,3.0,3.0,90.0,14.0,1.0,1280.0,800.0,12.0,1.0,1
73.0,1.0,3.0,0.0,3.0,4.0,1.0,18.0,5.0,0.2777777777777778,3.6957771450999513,0.0,0.0,53.0,14.0,0.0,0.0,0.0,0.0,1.0,0.0,0.0,1.0,180.0,1.0,1.0,7.0,0.0,1.0,0.0,0.0,3.0,3.0,1.0,1.0,1.0,17.0,0.6607748409733251,7.0,3.0,7.0,58.0,5.0,1.0,1280.0,800.0,2.0,0.0,1
39.0,1.0,0.0,0.0,1.0,1.0,0.0,15.0,6.0,0.6700587317920642,3.348690977336353,0.0,1.0,43.0,38.0,0.0,1.0,0.0,1.0,1.0,0.0,0.0,1.0,19.0,1.0,0.0,5.0,0.0,0.0,1.0,0.0,1.0,2.0,1.0,1.0,1.0,30.0,0.7466043129284705,5.0,4.0,5.0,61.0,7.0,1.0,1280.0,800.0,3.0,0.0,1
44.0,0.0,0.0,0.0,1.0,1.0,1.0,19.0,8.0,0.36196729993000065,3.711388471089001,0.0,0.0,34.0,38.0,0.0,0.0,0.0,0.0,0.0,0.0,0.0,0.0,167.0,1.0,0.0,3.0,1.0,1.0,1.0,0.0,3.0,2.0,1.0,1.0,1.0,42.0,0.07559424777976073,4.0,1.0,3.0,36.0,14.0,1.0,1280.0,800.0,9.0,0.0,1
38.0,1.0,2.0,0.0,3.0,3.0,1.0,25.0,0.0,0.0,2.881408399412604,0.0,0.0,19.0,44.0,0.0,1.0,0.0,1.0,1.0,0.0,0.0,1.0,170.0,1.0,0.0,5.0,1.0,0.0,0.0,1.0,2.0,2.0,1.0,1.0,1.0,30.0,0.7509170657986693,6.0,5.0,5.0,54.0,0.0,1.0,1280.0,800.0,5.0,0.0,1
94.0,1.0,0.0,1.0,0.0,1.0,0.0,15.0,3.0,0.6493183175059792,2.9827747381872607,0.0,2.0,13.0,19.0,0.0,1.0,0.0,1.0,1.0,0.0,0.0,1.0,252.0,1.0,0.0,11.0,1.0,0.0,1.0,0.0,0.0,1.0,0.0,1.0,1.0,14.0,0.86170178574229,2.0,1.0,11.0,95.0,10.0,1.0,1280.0,800.0,0.0,0.0,1
35.0,1.0,1.0,0.0,2.0,2.0,0.0,24.0,2.0,0.08333333333333333,3.4987165981445063,0.0,0.0,21.0,3.0,0.0,1.0,0.0,1.0,1.0,0.0,0.0,1.0,156.0,1.0,1.0,7.0,1.0,1.0,0.0,0.0,2.0,4.0,1.0,0.0,1.0,37.0,0.8399768079158705,7.0,4.0,7.0,84.0,7.0,1.0,1280.0,800.0,8.0,0.0,1
69.0,1.0,1.0,0.0,0.0,2.0,1.0,20.0,8.0,0.4,3.3231324852500266,0.0,0.0,44.0,2.0,0.0,1.0,0.0,1.0,1.0,0.0,0.0,1.0,263.0,1.0,0.0,11.0,1.0,1.0,0.0,0.0,3.0,3.0,0.0,0.0,1.0,18.0,0.6428959875187749,7.0,4.0,11.0,71.0,1.0,1.0,1280.0,800.0,2.0,0.0,1
52.0,0.0,2.0,0.0,1.0,3.0,0.0,26.0,10.0,0.38461538461538464,3.021542920527855,0.0,1.0,9.0,19.0,0.0,1.0,0.0,1.0,0.0,0.0,0.0,0.0,44.0,1.0,1.0,2.0,1.0,1.0,0.0,0.0,2.0,2.0,1.0,0.0,1.0,14.0,0.11487228221479612,2.0,4.0,2.0,38.0,2.0,1.0,1280.0,800.0,2.0,0.0,1
73.0,1.0,2.0,0.0,4.0,3.0,1.0,12.0,5.0,0.4166666666666667,3.403453626538393,0.0,0.0,22.0,42.0,0.0,1.0,0.0,1.0,1.0,0.0,0.0,1.0,151.0,1.0,1.0,4.0,1.0,1.0,0.0,1.0,2.0,1.0,1.0,0.0,1.0,42.0,0.787835044799719,1.0,1.0,4.0,20.0,11.0,1.0,1280.0,800.0,3.0,0.0,1
39.0,1.0,1.0,0.0,3.0,2.0,1.0,19.0,8.0,0.568377484048122,4.10721371780158,0.0,0.0,11.0,15.0,0.0,0.0,0.0,0.0,1.0,0.0,0.0,1.0,95.0,1.0,1.0,6.0,0.0,1.0,0.0,1.0,3.0,2.0,0.0,0.0,1.0,33.0,0.8368414227737231,3.0,5.0,6.0,47.0,8.0,1.0,1280.0,800.0,2.0,0.0,1
67.0,1.0,0.0,0.0,2.0,1.0,1.0,20.0,8.0,0.4,3.885605018884293,0.0,1.0,47.0,44.0,0.0,0.0,0.0,0.0,1.0,0.0,0.0,1.0,140.0,2.0,0.0,1.0,1.0,1.0,2.0,2.0,3.0,5.0,1.0,1.0,1.0,11.0,0.82122348914517,2.0,2.0,1.0,72.0,4.0,1.0,1280.0,800.0,6.0,0.0,1
68.0,1.0,0.0,0.0,1.0,1.0,0.0,26.0,6.0,0.4430985125050475,4.023387430558591,0.0,1.0,32.0,1.0,0.0,1.0,0.0,1.0,1.0,0.0,0.0,1.0,151.0,1.0,0.0,11.0,1.0,1.0,0.0,1.0,0.0,1.0,0.0,0.0,1.0,40.0,0.8823762644130941,1.0,3.0,11.0,7.0,2.0,1.0,1280.0,800.0,5.0,0.0,1
86.0,0.0,0.0,0.0,1.0,1.0,1.0,28.0,14.0,0.6092079890312181,3.3859159422319487,0.0,3.0,38.0,13.0,0.0,1.0,0.0,1.0,0.0,0.0,0.0,0.0,73.0,1.0,1.0,1.0,1.0,1.0,0.0,0.0,1.0,1.0,1.0,0.0,1.0,12.0,0.13137518277749574,4.0,4.0,1.0,93.0,14.0,1.0,1280.0,800.0,7.0,0.0,1
94.0,0.0,3.0,0.0,1.0,4.0,0.0,24.0,2.0,0.08333333333333333,3.2240876299556076,0.0,1.0,22.0,4.0,0.0,1.0,0.0,1.0,0.0,0.0,0.0,0.0,250.0,2.0,1.0,1.0,1.0,1.0,0.0,1.0,3.0,2.0,0.0,1.0,1.0,36.0,0.14865903192174804,5.0,3.0,1.0,59.0,10.0,1.0,1280.0,800.0,8.0,0.0,1
81.0,1.0,0.0,0.0,3.0,1.0,0.0,13.0,0.0,0.0,3.281577957865922,0.0,1.0,34.0,35.0,0.0,1.0,0.0,1.0,0.0,1.0,1.0,0.0,52.0,1.0,0.0,6.0,1.0,1.0,1.0,2.0,3.0,2.0,1.0,1.0,1.0,17.0,0.8370713499478895,3.0,1.0,6.0,46.0,4.0,1.0,1280.0,800.0,13.0,0.0,1
85.0,0.0,2.0,0.0,3.0,3.0,1.0,15.0,0.0,0.0,3.4907815071464205,0.0,0.0,58.0,32.0,0.0,1.0,0.0,1.0,0.0,0.0,0.0,0.0,44.0,1.0,0.0,11.0,1.0,1.0,0.0,0.0,2.0,4.0,0.0,0.0,1.0,20.0,0.2398566648563723,1.0,2.0,11.0,18.0,6.0,1.0,1280.0,800.0,8.0,0.0,1
86.0,1.0,1.0,0.0,1.0,2.0,1.0,19.0,2.0,0.10526315789473684,3.2272489346064566,0.0,0.0,36.0,41.0,0.0,1.0,0.0,1.0,1.0,0.0,0.0,1.0,222.0,1.0,1.0,10.0,0.0,1.0,0.0,0.0,0.0,1.0,1.0,1.0,1.0,36.0,0.8347472805458216,1.0,4.0,10.0,83.0,9.0,1.0,1280.0,800.0,2.0,0.0,1
51.0,1.0,1.0,0.0,4.0,2.0,1.0,23.0,2.0,0.08695652173913043,3.0582797399759145,0.0,0.0,53.0,8.0,0.0,0.0,0.0,0.0,1.0,0.0,0.0,1.0,222.0,1.0,1.0,11.0,1.0,0.0,1.0,0.0,3.0,2.0,0.0,0.0,1.0,32.0,0.9484259294696732,3.0,4.0,11.0,84.0,6.0,1.0,1280.0,800.0,0.0,0.0,1
89.0,0.0,0.0,0.0,1.0,1.0,1.0,12.0,2.0,0.16666666666666666,3.1843955730248235,0.0,1.0,21.0,13.0,0.0,0.0,0.0,0.0,0.0,0.0,0.0,0.0,341.0,1.0,0.0,2.0,0.0,1.0,0.0,0.0,2.0,1.0,1.0,0.0,1.0,32.0,0.2649004950904502,2.0,4.0,2.0,4.0,9.0,1.0,1280.0,800.0,3.0,0.0,1
38.0,1.0,1.0,0.0,1.0,2.0,1.0,22.0,8.0,0.36363636363636365,3.1340750299981748,0.0,0.0,37.0,28.0,0.0,1.0,0.0,1.0,1.0,0.0,0.0,1.0,39.0,1.0,1.0,1.0,1.0,0.0,1.0,2.0,2.0,5.0,0.0,0.0,1.0,26.0,0.6721766482917614,6.0,2.0,1.0,112.0,6.0,1.0,1280.0,800.0,2.0,0.0,1
92.0,1.0,3.0,0.0,2.0,4.0,1.0,14.0,0.0,0.0,3.33332210265133,0.0,0.0,22.0,12.0,0.0,1.0,0.0,1.0,1.0,0.0,0.0,1.0,206.0,1.0,0.0,5.0,1.0,1.0,0.0,0.0,2.0,4.0,0.0,0.0,1.0,34.0,0.7527736524694434,1.0,5.0,5.0,87.0,2.0,1.0,1280.0,800.0,9.0,0.0,1
81.0,1.0,0.0,0.0,1.0,1.0,0.0,21.0,0.0,0.0,3.3942080324179758,1.0,3.0,39.0,42.0,0.0,1.0,0.0,1.0,1.0,0.0,0.0,1.0,318.0,1.0,1.0,2.0,0.0,1.0,0.0,0.0,4.0,2.0,0.0,0.0,1.0,27.0,0.8099480515973064,1.0,1.0,2.0,77.0,6.0,1.0,1280.0,800.0,12.0,0.0,1
71.0,1.0,1.0,0.0,2.0,2.0,0.0,14.0,0.0,0.0,3.3210646098356804,1.0,1.0,25.0,42.0,0.0,1.0,0.0,1.0,1.0,0.0,0.0,1.0,35.0,1.0,1.0,11.0,1.0,0.0,0.0,0.0,2.0,1.0,0.0,1.0,1.0,22.0,0.6938107442930302,5.0,1.0,11.0,44.0,5.0,1.0,1280.0,800.0,14.0,0.0,1
50.0,1.0,0.0,1.0,0.0,1.0,0.0,15.0,3.0,0.6910228111430541,2.6787681358974402,0.0,2.0,19.0,5.0,0.0,1.0,0.0,1.0,1.0,0.0,0.0,1.0,30.0,1.0,0.0,6.0,0.0,0.0,0.0,0.0,1.0,1.0,1.0,1.0,0.0,21.0,0.8038415728390006,2.0,4.0,6.0,86.0,7.0,1.0,1280.0,800.0,0.0,1.0,1
52.0,1.0,1.0,0.0,1.0,2.0,1.0,23.0,8.0,0.34782608695652173,3.876427363684785,0.0,0.0,6.0,6.0,0.0,1.0,0.0,1.0,1.0,0.0,0.0,1.0,302.0,1.0,0.0,1.0,1.0,1.0,2.0,2.0,4.0,2.0,1.0,1.0,1.0,28.0,0.7812239966526202,4.0,5.0,1.0,108.0,14.0,1.0,1280.0,800.0,3.0,0.0,1
54.0,0.0,0.0,0.0,4.0,1.0,0.0,20.0,2.0,0.1,2.9808374279200787,0.0,0.0,41.0,20.0,0.0,1.0,0.0,1.0,0.0,0.0,0.0,0.0,192.0,1.0,6.0,4.0,1.0,0.0,0.0,0.0,9.0,2.0,0.0,1.0,1.0,11.0,0.13461609888366616,4.0,2.0,4.0,64.0,9.0,1.0,1280.0,800.0,11.0,0.0,1
61.0,1.0,0.0,0.0,1.0,1.0,0.0,21.0,0.0,0.0,3.1504041740854074,1.0,0.0,20.0,21.0,0.0,1.0,0.0,1.0,1.0,0.0,0.0,1.0,301.0,1.0,0.0,1.0,0.0,1.0,0.0,1.0,4.0,1.0,0.0,0.0,1.0,13.0,0.8916855712061522,4.0,3.0,1.0,17.0,3.0,1.0,1280.0,800.0,4.0,0.0,1
61.0,1.0,1.0,0.0,2.0,2.0,0.0,12.0,0.0,0.0,3.8485020695288075,1.0,0.0,34.0,14.0,0.0,1.0,0.0,1.0,1.0,0.0,0.0,1.0,265.0,1.0,1.0,6.0,1.0,1.0,0.0,0.0,4.0,3.0,0.0,0.0,1.0,13.0,0.7022008157258277,2.0,3.0,6.0,38.0,8.0,1.0,1280.0,800.0,3.0,0.0,1
74.0,1.0,1.0,0.0,2.0,2.0,1.0,27.0,14.0,0.4883302790452548,3.7562819646226213,0.0,0.0,22.0,7.0,0.0,0.0,0.0,0.0,1.0,0.0,0.0,1.0,203.0,1.0,1.0,11.0,0.0,1.0,1.0,0.0,1.0,1.0,0.0,0.0,1.0,32.0,0.933940851147423,7.0,2.0,11.0,105.0,13.0,0.0,1280.0,800.0,12.0,0.0,1
36.0,0.0,1.0,0.0,4.0,2.0,0.0,25.0,5.0,0.2,3.4849765993625845,0.0,1.0,22.0,25.0,0.0,1.0,0.0,1.0,0.0,0.0,0.0,0.0,231.0,1.0,1.0,11.0,1.0,0.0,0.0,0.0,4.0,2.0,0.0,1.0,1.0,42.0,0.1794967294913538,1.0,3.0,11.0,118.0,10.0,1.0,1280.0,800.0,13.0,0.0,1
52.0,1.0,0.0,0.0,1.0,1.0,1.0,20.0,8.0,0.4,3.6985612217236232,0.0,1.0,13.0,22.0,0.0,1.0,0.0,1.0,1.0,0.0,0.0,1.0,335.0,1.0,1.0,2.0,0.0,1.0,0.0,0.0,15.0,3.0,0.0,1.0,1.0,43.0,0.6959787308204843,7.0,5.0,2.0,47.0,0.0,1.0,1280.0,800.0,1.0,0.0,1
52.0,0.0,1.0,0.0,4.0,2.0,1.0,13.0,0.0,0.0,3.782790561883739,0.0,3.0,42.0,6.0,0.0,1.0,0.0,1.0,0.0,0.0,0.0,0.0,260.0,1.0,1.0,11.0,1.0,1.0,0.0,0.0,4.0,3.0,1.0,1.0,1.0,23.0,0.05780685565427317,2.0,4.0,11.0,89.0,4.0,1.0,1280.0,800.0,2.0,1.0,1
57.0,1.0,1.0,0.0,3.0,2.0,1.0,10.0,8.0,0.8,3.4354405194428788,0.0,3.0,56.0,9.0,0.0,0.0,0.0,0.0,1.0,0.0,0.0,1.0,75.0,2.0,0.0,5.0,1.0,1.0,0.0,0.0,1.0,2.0,1.0,1.0,1.0,5.0,0.9769617764425295,4.0,2.0,5.0,90.0,9.0,1.0,1280.0,800.0,0.0,1.0,1
59.0,0.0,2.0,0.0,2.0,3.0,1.0,17.0,2.0,0.11764705882352941,3.0373751223801446,0.0,0.0,40.0,27.0,0.0,1.0,0.0,1.0,0.0,0.0,0.0,0.0,180.0,1.0,0.0,5.0,1.0,1.0,1.0,2.0,0.0,2.0,0.0,0.0,1.0,39.0,0.12426095606568342,6.0,2.0,5.0,2.0,2.0,1.0,1280.0,800.0,2.0,0.0,1
85.0,1.0,2.0,0.0,3.0,3.0,1.0,21.0,0.0,0.0,3.8242654207304883,0.0,1.0,12.0,21.0,0.0,0.0,0.0,0.0,1.0,0.0,0.0,1.0,330.0,1.0,0.0,2.0,0.0,1.0,0.0,0.0,3.0,2.0,0.0,0.0,1.0,17.0,0.6354575942611536,6.0,1.0,2.0,7.0,12.0,1.0,1280.0,800.0,11.0,0.0,1
81.0,1.0,0.0,1.0,0.0,1.0,0.0,15.0,3.0,0.696946645439454,3.025265112361297,0.0,0.0,40.0,34.0,0.0,0.0,0.0,0.0,1.0,0.0,0.0,1.0,295.0,1.0,0.0,8.0,0.0,1.0,0.0,0.0,0.0,2.0,0.0,1.0,1.0,33.0,0.6977954181107717,3.0,4.0,8.0,72.0,14.0,1.0,1280.0,800.0,3.0,0.0,1
38.0,0.0,0.0,0.0,1.0,1.0,0.0,15.0,0.0,0.0,3.630190459638422,1.0,2.0,47.0,24.0,0.0,1.0,0.0,1.0,0.0,0.0,0.0,0.0,275.0,1.0,0.0,3.0,1.0,0.0,0.0,0.0,4.0,3.0,0.0,1.0,1.0,34.0,0.12867229304411035,1.0,1.0,3.0,45.0,7.0,1.0,1280.0,800.0,12.0,0.0,1
94.0,1.0,2.0,0.0,3.0,3.0,1.0,15.0,0.0,0.0,3.89627112333401,0.0,0.0,21.0,6.0,1.0,1.0,0.0,1.0,1.0,0.0,0.0,1.0,278.0,1.0,0.0,4.0,1.0,1.0,0.0,0.0,0.0,4.0,1.0,0.0,1.0,6.0,0.6345454642470318,3.0,5.0,4.0,6.0,14.0,1.0,1280.0,800.0,8.0,0.0,1
47.0,0.0,0.0,0.0,1.0,1.0,0.0,22.0,5.0,0.22727272727272727,2.888865644050036,0.0,0.0,38.0,15.0,0.0,1.0,0.0,1.0,0.0,0.0,0.0,0.0,298.0,1.0,0.0,7.0,1.0,1.0,0.0,0.0,4.0,1.0,1.0,1.0,1.0,27.0,0.01306352294491312,5.0,5.0,7.0,96.0,6.0,1.0,1280.0,800.0,6.0,0.0,1
72.0,1.0,3.0,0.0,4.0,4.0,0.0,16.0,8.0,0.5,3.3816290353587735,0.0,0.0,21.0,41.0,0.0,0.0,0.0,0.0,0.0,0.0,1.0,0.0,95.0,1.0,1.0,4.0,1.0,1.0,0.0,0.0,0.0,2.0,1.0,1.0,1.0,37.0,0.8676337787488994,2.0,3.0,4.0,38.0,0.0,1.0,1280.0,800.0,10.0,0.0,1
61.0,1.0,1.0,0.0,1.0,2.0,0.0,13.0,8.0,0.6153846153846154,3.3823496882889295,0.0,0.0,33.0,16.0,0.0,0.0,0.0,0.0,1.0,0.0,0.0,1.0,44.0,1.0,1.0,2.0,0.0,1.0,0.0,0.0,7.0,1.0,0.0,1.0,1.0,38.0,0.7953873027826046,3.0,5.0,2.0,42.0,0.0,1.0,1280.0,800.0,14.0,1.0,1
62.0,1.0,2.0,0.0,4.0,3.0,0.0,17.0,0.0,0.0,3.770434225787116,0.0,0.0,44.0,21.0,0.0,1.0,0.0,1.0,1.0,0.0,0.0,1.0,41.0,1.0,1.0,9.0,1.0,1.0,1.0,0.0,3.0,1.0,0.0,1.0,1.0,17.0,0.7744654240380906,2.0,1.0,9.0,95.0,3.0,1.0,1280.0,800.0,0.0,0.0,1
90.0,1.0,1.0,0.0,4.0,2.0,0.0,11.0,0.0,0.0,3.2481828898908383,0.0,0.0,28.0,7.0,0.0,0.0,0.0,0.0,1.0,0.0,0.0,1.0,282.0,2.0,0.0,2.0,0.0,1.0,0.0,1.0,9.0,3.0,0.0,1.0,1.0,21.0,0.6688300194015994,5.0,2.0,2.0,14.0,9.0,1.0,1280.0,800.0,7.0,0.0,1
76.0,1.0,3.0,0.0,1.0,4.0,1.0,24.0,2.0,0.08333333333333333,3.692654958478216,0.0,0.0,9.0,16.0,0.0,0.0,0.0,0.0,1.0,0.0,0.0,1.0,121.0,1.0,0.0,7.0,1.0,1.0,0.0,0.0,0.0,3.0,1.0,0.0,1.0,14.0,0.6048194832690845,2.0,3.0,7.0,89.0,10.0,1.0,1280.0,800.0,5.0,1.0,1
48.0,1.0,1.0,0.0,1.0,2.0,1.0,22.0,5.0,0.22727272727272727,2.9255437684561154,0.0,0.0,6.0,1.0,0.0,1.0,0.0,1.0,1.0,0.0,0.0,1.0,224.0,2.0,0.0,7.0,1.0,1.0,0.0,1.0,1.0,3.0,0.0,0.0,1.0,5.0,0.9278291840242294,3.0,2.0,7.0,10.0,7.0,1.0,1280.0,800.0,11.0,0.0,1
78.0,1.0,2.0,0.0,0.0,3.0,1.0,27.0,8.0,0.2962962962962963,3.6672358847272664,0.0,1.0,38.0,5.0,0.0,1.0,0.0,1.0,1.0,0.0,0.0,1.0,279.0,1.0,1.0,5.0,1.0,1.0,1.0,0.0,2.0,1.0,0.0,0.0,1.0,13.0,0.7844872908019048,4.0,3.0,5.0,40.0,13.0,1.0,1280.0,800.0,14.0,0.0,1
52.0,1.0,0.0,0.0,2.0,1.0,0.0,14.0,0.0,0.0,3.2905020709294126,1.0,1.0,12.0,7.0,0.0,1.0,0.0,1.0,0.0,0.0,1.0,0.0,246.0,1.0,0.0,9.0,0.0,1.0,0.0,0.0,3.0,1.0,0.0,0.0,1.0,41.0,0.9377088281241723,6.0,3.0,9.0,77.0,9.0,1.0,1280.0,800.0,9.0,1.0,1
47.0,1.0,1.0,0.0,4.0,2.0,0.0,15.0,8.0,0.5333333333333333,3.888255825559016,0.0,1.0,25.0,25.0,0.0,0.0,0.0,0.0,1.0,0.0,0.0,1.0,267.0,1.0,0.0,6.0,1.0,0.0,0.0,0.0,2.0,1.0,1.0,0.0,1.0,11.0,0.7186819080483657,4.0,1.0,6.0,114.0,13.0,1.0,1280.0,800.0,7.0,0.0,1
56.0,1.0,2.0,0.0,3.0,3.0,0.0,10.0,2.0,0.2,3.285937129796187,0.0,0.0,14.0,44.0,0.0,1.0,0.0,1.0,0.0,0.0,0.0,0.0,109.0,1.0,0.0,8.0,1.0,1.0,1.0,0.0,4.0,2.0,1.0,1.0,1.0,34.0,0.6695947344780949,1.0,5.0,8.0,89.0,9.0,1.0,1280.0,800.0,5.0,0.0,1
49.0,1.0,2.0,0.0,3.0,3.0,0.0,16.0,5.0,0.3125,3.029379702918825,0.0,2.0,16.0,14.0,0.0,1.0,0.0,1.0,1.0,0.0,0.0,1.0,90.0,2.0,0.0,9.0,0.0,1.0,1.0,0.0,4.0,1.0,1.0,1.0,1.0,5.0,0.9181379203515111,3.0,2.0,9.0,63.0,2.0,1.0,1280.0,800.0,7.0,0.0,1
77.0,1.0,2.0,0.0,2.0,3.0,0.0,19.0,9.0,0.6028977801289619,3.419756981511308,0.0,2.0,35.0,16.0,0.0,1.0,0.0,1.0,1.0,0.0,0.0,1.0,239.0,1.0,0.0,11.0,1.0,1.0,1.0,0.0,2.0,1.0,0.0,0.0,1.0,13.0,0.7230397303613582,2.0,1.0,11.0,11.0,5.0,1.0,1280.0,800.0,7.0,0.0,1
50.0,1.0,0.0,0.0,2.0,1.0,1.0,16.0,0.0,0.0,2.929488709103013,0.0,2.0,28.0,11.0,0.0,1.0,0.0,1.0,1.0,0.0,0.0,1.0,237.0,1.0,1.0,1.0,1.0,1.0,1.0,0.0,10.0,2.0,1.0,0.0,1.0,25.0,0.9940528159142716,1.0,4.0,1.0,2.0,3.0,1.0,1280.0,800.0,2.0,0.0,1
37.0,1.0,2.0,0.0,2.0,3.0,1.0,14.0,2.0,0.14285714285714285,3.444510254793878,0.0,0.0,33.0,40.0,0.0,0.0,0.0,0.0,1.0,0.0,0.0,1.0,178.0,1.0,0.0,8.0,1.0,1.0,0.0,0.0,4.0,2.0,0.0,0.0,1.0,37.0,0.6956315613355741,1.0,5.0,8.0,14.0,12.0,1.0,1280.0,800.0,13.0,0.0,1
61.0,1.0,2.0,0.0,1.0,3.0,1.0,18.0,5.0,0.2777777777777778,3.781314097339325,0.0,1.0,23.0,2.0,1.0,1.0,0.0,1.0,1.0,0.0,0.0,1.0,96.0,1.0,1.0,6.0,0.0,0.0,1.0,2.0,4.0,2.0,1.0,0.0,1.0,23.0,0.9066049593029377,6.0,4.0,6.0,27.0,12.0,1.0,1280.0,800.0,1.0,0.0,1
62.0,1.0,0.0,1.0,0.0,1.0,0.0,15.0,3.0,0.7409053884387617,2.8049560109714013,0.0,0.0,31.0,16.0,1.0,0.0,0.0,0.0,1.0,0.0,0.0,1.0,315.0,2.0,6.0,10.0,1.0,1.0,0.0,1.0,0.0,2.0,0.0,1.0,1.0,20.0,0.8819447652291899,6.0,1.0,10.0,29.0,7.0,1.0,1280.0,800.0,11.0,0.0,1
64.0,1.0,1.0,0.0,3.0,2.0,1.0,10.0,5.0,0.5,3.3269820452354364,0.0,0.0,44.0,12.0,0.0,1.0,0.0,1.0,1.0,0.0,0.0,1.0,39.0,1.0,0.0,3.0,1.0,0.0,1.0,0.0,2.0,1.0,0.0,0.0,1.0,26.0,0.8246945941677379,5.0,2.0,3.0,15.0,13.0,1.0,1280.0,800.0,12.0,1.0,1
77.0,1.0,0.0,1.0,0.0,1.0,0.0,15.0,3.0,0.6398275145919148,2.8118289110855916,0.0,2.0,23.0,11.0,1.0,0.0,0.0,0.0,1.0,0.0,0.0,1.0,300.0,1.0,0.0,11.0,1.0,0.0,0.0,0.0,2.0,3.0,0.0,0.0,1.0,38.0,0.8741835824074673,1.0,5.0,11.0,52.0,7.0,0.0,1280.0,800.0,10.0,0.0,1
81.0,1.0,0.0,0.0,2.0,1.0,0.0,19.0,2.0,0.10526315789473684,3.774486513247113,0.0,0.0,46.0,9.0,0.0,1.0,0.0,1.0,0.0,1.0,0.0,0.0,155.0,1.0,0.0,6.0,1.0,0.0,0.0,0.0,9.0,2.0,0.0,0.0,1.0,29.0,0.7273191315835835,6.0,4.0,6.0,14.0,5.0,1.0,1280.0,800.0,12.0,0.0,1
88.0,0.0,1.0,0.0,4.0,2.0,1.0,25.0,0.0,0.0,3.699954789051145,0.0,1.0,46.0,43.0,0.0,1.0,0.0,1.0,0.0,0.0,0.0,0.0,84.0,1.0,1.0,5.0,1.0,1.0,0.0,1.0,1.0,3.0,1.0,1.0,1.0,10.0,0.16446449742664296,5.0,5.0,5.0,114.0,13.0,1.0,1280.0,800.0,1.0,0.0,1
46.0,1.0,1.0,0.0,2.0,2.0,0.0,23.0,5.0,0.21739130434782608,3.3301261729885896,0.0,1.0,43.0,9.0,0.0,1.0,0.0,1.0,1.0,0.0,0.0,1.0,87.0,1.0,6.0,7.0,1.0,1.0,1.0,0.0,0.0,2.0,1.0,0.0,1.0,21.0,0.8563646135216937,2.0,2.0,7.0,95.0,13.0,1.0,1280.0,800.0,2.0,0.0,1
58.0,1.0,2.0,0.0,1.0,3.0,0.0,19.0,12.0,0.631578947368421,3.063423719762437,0.0,0.0,15.0,28.0,0.0,1.0,0.0,1.0,1.0,0.0,0.0,1.0,64.0,1.0,0.0,5.0,1.0,1.0,0.0,1.0,1.0,3.0,1.0,1.0,1.0,28.0,0.8517123198873606,3.0,3.0,5.0,13.0,6.0,0.0,1280.0,800.0,8.0,0.0,1
35.0,1.0,2.0,0.0,3.0,3.0,1.0,20.0,12.0,0.3943634674355855,3.8065578608967394,0.0,0.0,45.0,6.0,0.0,0.0,0.0,0.0,1.0,0.0,0.0,1.0,104.0,1.0,1.0,5.0,1.0,0.0,0.0,0.0,2.0,2.0,1.0,0.0,1.0,19.0,0.8295120578000763,4.0,1.0,5.0,64.0,7.0,1.0,1280.0,800.0,0.0,0.0,1
91.0,0.0,2.0,0.0,1.0,3.0,1.0,14.0,8.0,0.7037109824677714,3.950588329489184,0.0,0.0,49.0,15.0,0.0,1.0,0.0,1.0,0.0,0.0,0.0,0.0,237.0,1.0,1.0,8.0,1.0,1.0,0.0,0.0,4.0,2.0,0.0,0.0,1.0,40.0,0.023471765673687573,6.0,4.0,8.0,20.0,14.0,1.0,1280.0,800.0,3.0,0.0,1
72.0,1.0,3.0,0.0,0.0,4.0,0.0,15.0,10.0,0.6666666666666666,3.5506235755040167,0.0,0.0,17.0,5.0,0.0,1.0,0.0,1.0,1.0,0.0,0.0,1.0,264.0,1.0,6.0,11.0,1.0,1.0,0.0,0.0,2.0,4.0,1.0,0.0,1.0,16.0,0.7957753102291387,1.0,3.0,11.0,109.0,10.0,1.0,1280.0,800.0,12.0,0.0,1
81.0,1.0,0.0,1.0,0.0,1.0,0.0,15.0,3.0,0.6474991910395291,2.5201867046702766,0.0,0.0,15.0,44.0,0.0,0.0,0.0,0.0,1.0,0.0,0.0,1.0,304.0,1.0,0.0,11.0,0.0,0.0,0.0,0.0,0.0,2.0,0.0,0.0,0.0,22.0,0.8735253035646504,6.0,5.0,11.0,70.0,2.0,1.0,1280.0,800.0,7.0,0.0,1
87.0,1.0,2.0,0.0,1.0,3.0,1.0,15.0,10.0,0.37222763225494737,3.6144013308811105,0.0,0.0,15.0,16.0,0.0,0.0,0.0,0.0,1.0,0.0,0.0,1.0,44.0,1.0,0.0,7.0,1.0,1.0,0.0,0.0,0.0,2.0,0.0,1.0,1.0,11.0,0.9149354033399295,3.0,1.0,7.0,96.0,5.0,1.0,1280.0,800.0,0.0,0.0,1
77.0,1.0,2.0,0.0,2.0,3.0,0.0,19.0,14.0,0.5664749319163392,3.8790434775775333,0.0,0.0,32.0,27.0,0.0,1.0,0.0,1.0,1.0,0.0,0.0,1.0,300.0,1.0,1.0,1.0,1.0,1.0,1.0,0.0,1.0,2.0,0.0,1.0,1.0,26.0,0.8759425526721603,4.0,5.0,1.0,7.0,1.0,1.0,1280.0,800.0,3.0,0.0,1
62.0,0.0,1.0,0.0,1.0,2.0,1.0,20.0,2.0,0.1,3.676957063301943,0.0,0.0,23.0,20.0,1.0,1.0,0.0,1.0,0.0,0.0,0.0,0.0,150.0,1.0,1.0,4.0,0.0,0.0,0.0,0.0,2.0,3.0,1.0,0.0,0.0,40.0,0.29317328101397216,7.0,3.0,4.0,1.0,2.0,1.0,1280.0,800.0,4.0,0.0,1
45.0,1.0,0.0,0.0,2.0,1.0,1.0,28.0,10.0,0.36661765954610825,3.737018774001651,0.0,0.0,24.0,20.0,0.0,1.0,0.0,1.0,1.0,0.0,0.0,1.0,151.0,1.0,0.0,7.0,1.0,1.0,0.0,1.0,0.0,3.0,0.0,1.0,1.0,36.0,0.8832462648737729,5.0,5.0,7.0,109.0,9.0,1.0,1280.0,800.0,3.0,0.0,1
91.0,1.0,0.0,1.0,0.0,1.0,0.0,15.0,3.0,0.6016186461800239,2.976670103877211,0.0,1.0,12.0,26.0,0.0,1.0,0.0,1.0,1.0,0.0,0.0,1.0,237.0,1.0,1.0,6.0,0.0,1.0,0.0,0.0,0.0,2.0,1.0,0.0,1.0,6.0,0.9104153052957245,4.0,2.0,6.0,90.0,10.0,1.0,1280.0,800.0,0.0,0.0,1
94.0,0.0,3.0,0.0,3.0,4.0,1.0,18.0,2.0,0.1111111111111111,3.758338300822583,0.0,0.0,57.0,3.0,0.0,1.0,0.0,1.0,0.0,0.0,0.0,0.0,346.0,1.0,0.0,9.0,1.0,1.0,0.0,0.0,4.0,2.0,0.0,1.0,1.0,38.0,0.13399674937047723,3.0,3.0,9.0,69.0,4.0,1.0,1280.0,800.0,9.0,0.0,1
66.0,1.0,3.0,0.0,1.0,4.0,1.0,14.0,2.0,0.14285714285714285,2.8685252051229484,0.0,1.0,18.0,1.0,1.0,1.0,0.0,1.0,1.0,0.0,0.0,1.0,276.0,1.0,0.0,10.0,0.0,1.0,0.0,0.0,8.0,3.0,0.0,1.0,1.0,7.0,0.8054030457522847,2.0,3.0,10.0,4.0,9.0,1.0,1280.0,800.0,2.0,1.0,1
89.0,1.0,1.0,0.0,1.0,2.0,0.0,16.0,2.0,0.125,3.0343552921934513,0.0,2.0,13.0,7.0,0.0,1.0,0.0,1.0,1.0,0.0,0.0,1.0,52.0,1.0,1.0,9.0,1.0,1.0,0.0,0.0,1.0,3.0,0.0,1.0,1.0,42.0,0.7227874827520636,4.0,2.0,9.0,3.0,6.0,1.0,1280.0,800.0,11.0,0.0,1
72.0,1.0,1.0,0.0,4.0,2.0,1.0,23.0,8.0,0.34782608695652173,3.3099841390806297,0.0,0.0,54.0,24.0,0.0,0.0,0.0,0.0,1.0,0.0,0.0,1.0,148.0,2.0,0.0,2.0,1.0,1.0,0.0,0.0,1.0,3.0,0.0,0.0,1.0,12.0,0.9864995093802963,6.0,4.0,2.0,53.0,9.0,1.0,1280.0,800.0,6.0,1.0,1
50.0,0.0,1.0,0.0,1.0,2.0,0.0,13.0,0.0,0.0,3.7833777067432703,0.0,3.0,34.0,31.0,0.0,1.0,0.0,1.0,0.0,0.0,0.0,0.0,55.0,1.0,0.0,4.0,1.0,0.0,0.0,0.0,15.0,3.0,1.0,0.0,1.0,17.0,0.14632045146679193,2.0,1.0,4.0,55.0,8.0,1.0,1280.0,800.0,14.0,0.0,1
52.0,1.0,2.0,0.0,2.0,3.0,0.0,25.0,0.0,0.0,2.922832584182987,0.0,0.0,33.0,6.0,0.0,0.0,0.0,0.0,1.0,0.0,0.0,1.0,314.0,1.0,0.0,4.0,0.0,1.0,0.0,0.0,14.0,3.0,0.0,1.0,1.0,15.0,0.9435487054184268,1.0,5.0,4.0,44.0,9.0,1.0,1280.0,800.0,12.0,1.0,1
53.0,0.0,0.0,1.0,0.0,1.0,0.0,15.0,3.0,0.64115934961197,2.7293329078656603,0.0,0.0,28.0,16.0,1.0,1.0,0.0,1.0,0.0,0.0,0.0,0.0,45.0,1.0,0.0,6.0,1.0,1.0,0.0,0.0,0.0,3.0,0.0,1.0,1.0,25.0,0.01199126125729648,6.0,5.0,6.0,35.0,9.0,1.0,1280.0,800.0,11.0,0.0,1
66.0,0.0,1.0,0.0,2.0,2.0,0.0,20.0,0.0,0.0,2.8332866961643357,0.0,0.0,18.0,1.0,0.0,1.0,0.0,1.0,0.0,0.0,0.0,0.0,20.0,1.0,0.0,10.0,1.0,1.0,0.0,0.0,1.0,1.0,0.0,1.0,1.0,12.0,0.1553293183602863,4.0,3.0,10.0,115.0,6.0,1.0,1280.0,800.0,6.0,1.0,1
76.0,1.0,1.0,0.0,2.0,2.0,0.0,22.0,2.0,0.09090909090909091,3.0078753421357423,0.0,0.0,16.0,27.0,0.0,1.0,0.0,1.0,0.0,0.0,1.0,0.0,232.0,1.0,6.0,5.0,0.0,0.0,1.0,2.0,0.0,3.0,1.0,0.0,1.0,34.0,0.9658588296253672,7.0,3.0,5.0,13.0,9.0,1.0,1280.0,800.0,2.0,0.0,1
89.0,1.0,1.0,0.0,4.0,2.0,0.0,22.0,2.0,0.09090909090909091,3.8328641115473987,0.0,0.0,46.0,0.0,0.0,1.0,0.0,1.0,1.0,0.0,0.0,1.0,303.0,1.0,0.0,5.0,1.0,1.0,0.0,0.0,0.0,3.0,0.0,1.0,1.0,24.0,0.9039841756910639,2.0,2.0,5.0,30.0,3.0,1.0,1280.0,800.0,8.0,0.0,1
38.0,1.0,1.0,0.0,3.0,2.0,1.0,26.0,11.0,0.3643233752582563,3.7543776782398908,0.0,2.0,51.0,10.0,0.0,0.0,0.0,0.0,1.0,0.0,0.0,1.0,240.0,1.0,1.0,9.0,1.0,0.0,1.0,0.0,1.0,3.0,1.0,1.0,1.0,43.0,0.7001300176934928,3.0,1.0,9.0,95.0,14.0,0.0,1280.0,800.0,5.0,0.0,1
76.0,1.0,0.0,1.0,0.0,1.0,0.0,15.0,3.0,0.796439706465824,2.6962752062565802,0.0,1.0,25.0,37.0,0.0,0.0,0.0,0.0,1.0,0.0,0.0,1.0,171.0,1.0,1.0,4.0,1.0,1.0,0.0,1.0,1.0,3.0,1.0,0.0,1.0,11.0,0.9892733095312244,2.0,1.0,4.0,39.0,12.0,1.0,1280.0,800.0,6.0,0.0,1
88.0,1.0,1.0,0.0,2.0,2.0,0.0,24.0,2.0,0.08333333333333333,2.884808846946251,0.0,2.0,34.0,31.0,0.0,1.0,0.0,1.0,1.0,0.0,0.0,1.0,141.0,1.0,0.0,8.0,0.0,1.0,0.0,0.0,0.0,1.0,1.0,1.0,1.0,28.0,0.8982663148874978,5.0,1.0,8.0,49.0,10.0,1.0,1280.0,800.0,6.0,1.0,1
90.0,0.0,1.0,0.0,4.0,2.0,0.0,24.0,2.0,0.08333333333333333,3.2483585484762743,0.0,1.0,7.0,8.0,1.0,0.0,0.0,0.0,0.0,0.0,0.0,0.0,334.0,1.0,1.0,3.0,0.0,1.0,2.0,1.0,2.0,5.0,1.0,1.0,1.0,19.0,0.028921099075929678,5.0,3.0,3.0,59.0,4.0,1.0,1280.0,800.0,2.0,0.0,1
61.0,0.0,0.0,1.0,0.0,1.0,0.0,15.0,3.0,0.7047491648927898,3.07452355565673,0.0,0.0,47.0,42.0,0.0,1.0,0.0,1.0,0.0,0.0,0.0,0.0,84.0,1.0,0.0,6.0,0.0,1.0,0.0,0.0,3.0,2.0,0.0,1.0,1.0,32.0,0.06866421599801027,2.0,3.0,6.0,28.0,7.0,1.0,1280.0,800.0,12.0,0.0,1
52.0,1.0,3.0,0.0,2.0,4.0,0.0,12.0,8.0,0.6666666666666666,3.509648391217979,0.0,0.0,55.0,42.0,0.0,1.0,0.0,1.0,1.0,0.0,0.0,1.0,219.0,1.0,1.0,3.0,1.0,1.0,0.0,0.0,2.0,4.0,1.0,0.0,1.0,6.0,0.736478828970359,7.0,5.0,3.0,44.0,6.0,1.0,1280.0,800.0,13.0,0.0,1
89.0,1.0,0.0,0.0,3.0,1.0,0.0,24.0,5.0,0.20833333333333334,2.957110309671552,0.0,0.0,21.0,18.0,0.0,1.0,0.0,1.0,1.0,0.0,0.0,1.0,89.0,1.0,0.0,1.0,0.0,1.0,0.0,0.0,12.0,2.0,1.0,1.0,1.0,43.0,0.8315259377776674,2.0,1.0,1.0,30.0,3.0,1.0,1280.0,800.0,5.0,0.0,1
63.0,0.0,1.0,0.0,1.0,2.0,0.0,15.0,0.0,0.0,3.611874371777791,1.0,0.0,47.0,14.0,0.0,1.0,0.0,1.0,0.0,0.0,0.0,0.0,235.0,1.0,0.0,7.0,1.0,1.0,1.0,0.0,2.0,2.0,1.0,1.0,1.0,14.0,0.05248879883159567,7.0,5.0,7.0,73.0,6.0,1.0,1280.0,800.0,1.0,0.0,1
80.0,1.0,1.0,0.0,3.0,2.0,0.0,14.0,2.0,0.14285714285714285,3.5642948146366766,0.0,0.0,59.0,1.0,0.0,0.0,0.0,0.0,1.0,0.0,0.0,1.0,247.0,2.0,1.0,3.0,1.0,1.0,0.0,0.0,0.0,1.0,1.0,1.0,1.0,40.0,0.7436360960812647,5.0,5.0,3.0,13.0,0.0,1.0,1280.0,800.0,8.0,0.0,1
65.0,1.0,3.0,0.0,2.0,4.0,0.0,17.0,12.0,0.7058823529411765,3.463757583228682,0.0,1.0,40.0,25.0,0.0,1.0,0.0,1.0,1.0,0.0,0.0,1.0,147.0,1.0,0.0,1.0,1.0,1.0,0.0,0.0,0.0,2.0,0.0,0.0,1.0,34.0,0.6531682562566156,4.0,5.0,1.0,23.0,7.0,1.0,1280.0,800.0,5.0,0.0,1
50.0,0.0,0.0,0.0,1.0,1.0,0.0,18.0,11.0,0.551466424702752,3.2184250294354566,0.0,2.0,34.0,27.0,0.0,1.0,0.0,1.0,0.0,0.0,0.0,0.0,128.0,1.0,1.0,6.0,1.0,1.0,0.0,0.0,1.0,1.0,0.0,1.0,1.0,6.0,0.1957507515609905,2.0,5.0,6.0,90.0,3.0,0.0,1280.0,800.0,11.0,0.0,1
44.0,0.0,1.0,0.0,2.0,2.0,1.0,22.0,8.0,0.36363636363636365,3.5821794884237494,0.0,0.0,27.0,38.0,0.0,0.0,0.0,0.0,0.0,0.0,0.0,0.0,23.0,1.0,0.0,3.0,1.0,0.0,0.0,0.0,1.0,2.0,1.0,0.0,1.0,24.0,0.037564263108580874,7.0,2.0,3.0,9.0,7.0,1.0,1280.0,800.0,14.0,0.0,1
61.0,1.0,1.0,0.0,3.0,2.0,1.0,21.0,0.0,0.0,3.5882258296363654,0.0,0.0,23.0,8.0,1.0,1.0,0.0,1.0,1.0,0.0,0.0,1.0,243.0,1.0,6.0,4.0,0.0,0.0,1.0,2.0,3.0,3.0,1.0,0.0,1.0,26.0,0.8392797481769113,5.0,5.0,4.0,24.0,9.0,1.0,1280.0,800.0,3.0,0.0,1
48.0,0.0,2.0,0.0,2.0,3.0,0.0,18.0,8.0,0.4444444444444444,3.0170394093890756,0.0,0.0,39.0,40.0,0.0,1.0,0.0,1.0,0.0,0.0,0.0,0.0,235.0,1.0,1.0,3.0,0.0,1.0,0.0,0.0,2.0,3.0,1.0,1.0,1.0,25.0,0.23466034880244596,3.0,5.0,3.0,45.0,14.0,1.0,1280.0,800.0,13.0,1.0,1
90.0,0.0,1.0,0.0,1.0,2.0,1.0,20.0,0.0,0.0,2.9561475756135684,0.0,0.0,46.0,32.0,1.0,0.0,0.0,0.0,0.0,0.0,0.0,0.0,310.0,1.0,1.0,11.0,1.0,1.0,0.0,0.0,0.0,1.0,1.0,1.0,1.0,27.0,0.15673747574073785,5.0,2.0,11.0,103.0,3.0,1.0,1280.0,800.0,3.0,0.0,1
91.0,1.0,1.0,0.0,1.0,2.0,0.0,14.0,5.0,0.35714285714285715,3.1489167590901332,0.0,2.0,47.0,4.0,0.0,0.0,0.0,0.0,1.0,0.0,0.0,1.0,294.0,1.0,1.0,4.0,1.0,1.0,0.0,0.0,2.0,1.0,0.0,0.0,1.0,42.0,0.7495996189977562,6.0,4.0,4.0,73.0,13.0,1.0,1280.0,800.0,2.0,0.0,1
53.0,1.0,0.0,0.0,3.0,1.0,0.0,19.0,5.0,0.2631578947368421,3.6649486754490623,0.0,1.0,28.0,6.0,0.0,0.0,0.0,0.0,1.0,0.0,0.0,1.0,183.0,1.0,1.0,2.0,1.0,0.0,0.0,0.0,8.0,1.0,0.0,0.0,1.0,15.0,0.7668483622363842,4.0,4.0,2.0,83.0,8.0,1.0,1280.0,800.0,9.0,0.0,1
63.0,1.0,2.0,0.0,3.0,3.0,1.0,14.0,2.0,0.14285714285714285,2.9848196487008867,0.0,0.0,37.0,43.0,0.0,1.0,0.0,1.0,1.0,0.0,0.0,1.0,55.0,2.0,0.0,3.0,1.0,0.0,0.0,0.0,2.0,1.0,1.0,1.0,1.0,18.0,0.9310336685395442,3.0,4.0,3.0,74.0,8.0,1.0,1280.0,800.0,0.0,1.0,1
90.0,1.0,0.0,0.0,1.0,1.0,0.0,21.0,7.0,0.48089441614739353,3.397481054529808,0.0,0.0,39.0,41.0,1.0,1.0,0.0,1.0,1.0,0.0,0.0,1.0,172.0,1.0,0.0,10.0,1.0,0.0,0.0,0.0,1.0,3.0,0.0,1.0,1.0,6.0,0.8415293639662671,5.0,3.0,10.0,81.0,1.0,1.0,1280.0,800.0,9.0,0.0,1
38.0,1.0,0.0,0.0,1.0,1.0,1.0,10.0,0.0,0.0,3.8651098494068394,0.0,1.0,43.0,38.0,1.0,1.0,0.0,1.0,1.0,0.0,0.0,1.0,224.0,1.0,1.0,10.0,1.0,0.0,0.0,1.0,4.0,1.0,0.0,1.0,1.0,21.0,0.7250404958280616,7.0,2.0,10.0,67.0,1.0,1.0,1280.0,800.0,6.0,0.0,1
35.0,1.0,1.0,0.0,1.0,2.0,0.0,25.0,0.0,0.0,2.9637542078564016,0.0,2.0,23.0,44.0,0.0,1.0,0.0,1.0,1.0,0.0,0.0,1.0,336.0,1.0,0.0,7.0,0.0,0.0,1.0,2.0,1.0,2.0,0.0,0.0,1.0,42.0,0.743224829790998,3.0,1.0,7.0,116.0,1.0,1.0,1280.0,800.0,14.0,0.0,1
44.0,1.0,0.0,0.0,3.0,1.0,0.0,11.0,2.0,0.18181818181818182,3.828381532349566,0.0,0.0,21.0,38.0,0.0,1.0,0.0,1.0,1.0,0.0,0.0,1.0,249.0,1.0,0.0,6.0,0.0,1.0,2.0,2.0,1.0,4.0,0.0,1.0,1.0,34.0,0.6390621776174108,5.0,5.0,6.0,44.0,2.0,1.0,1280.0,800.0,10.0,0.0,1
73.0,1.0,1.0,0.0,3.0,2.0,1.0,16.0,2.0,0.125,3.4430163986267823,0.0,0.0,51.0,15.0,0.0,1.0,0.0,1.0,1.0,0.0,0.0,1.0,310.0,1.0,0.0,6.0,1.0,1.0,0.0,0.0,2.0,2.0,1.0,1.0,1.0,36.0,0.6477925976900246,2.0,3.0,6.0,98.0,3.0,1.0,1280.0,800.0,10.0,0.0,1
75.0,1.0,3.0,0.0,2.0,4.0,1.0,10.0,2.0,0.2,3.514840260593013,0.0,0.0,54.0,43.0,1.0,0.0,0.0,0.0,0.0,0.0,0.0,0.0,240.0,1.0,6.0,2.0,1.0,0.0,1.0,0.0,3.0,4.0,0.0,0.0,1.0,36.0,0.8029993822948158,5.0,3.0,2.0,24.0,5.0,0.0,1280.0,800.0,10.0,0.0,1
91.0,0.0,1.0,0.0,1.0,2.0,0.0,18.0,0.0,0.0,3.2069515884411413,1.0,0.0,58.0,0.0,0.0,1.0,0.0,1.0,0.0,0.0,0.0,0.0,97.0,1.0,0.0,10.0,0.0,1.0,0.0,1.0,4.0,1.0,1.0,0.0,1.0,13.0,0.020327592727045016,5.0,4.0,10.0,44.0,3.0,1.0,1280.0,800.0,9.0,1.0,1
59.0,1.0,2.0,0.0,3.0,3.0,1.0,24.0,8.0,0.3333333333333333,3.2450599598185295,0.0,0.0,36.0,34.0,1.0,1.0,0.0,1.0,1.0,0.0,0.0,1.0,190.0,1.0,6.0,8.0,1.0,0.0,0.0,0.0,0.0,2.0,1.0,0.0,1.0,16.0,0.6640005128689759,2.0,2.0,8.0,95.0,6.0,1.0,1280.0,800.0,9.0,0.0,1
35.0,1.0,2.0,0.0,2.0,3.0,1.0,15.0,12.0,0.6061619724409559,3.8159952453377337,0.0,2.0,52.0,39.0,0.0,0.0,0.0,0.0,0.0,0.0,0.0,0.0,349.0,1.0,1.0,8.0,1.0,1.0,0.0,0.0,4.0,2.0,1.0,0.0,1.0,15.0,0.8974717158827619,4.0,5.0,8.0,48.0,6.0,1.0,1280.0,800.0,0.0,0.0,1
57.0,1.0,0.0,1.0,0.0,1.0,0.0,15.0,3.0,0.6440770472615815,2.909970150015905,0.0,0.0,59.0,30.0,0.0,0.0,0.0,0.0,1.0,0.0,0.0,1.0,65.0,1.0,1.0,1.0,1.0,1.0,0.0,1.0,2.0,2.0,0.0,0.0,1.0,16.0,0.7495337383006901,2.0,1.0,1.0,60.0,1.0,1.0,1280.0,800.0,8.0,0.0,1
47.0,1.0,1.0,0.0,2.0,2.0,0.0,19.0,2.0,0.10526315789473684,3.4578207220100556,0.0,1.0,6.0,25.0,0.0,0.0,0.0,0.0,1.0,0.0,0.0,1.0,172.0,1.0,1.0,4.0,1.0,0.0,1.0,1.0,2.0,3.0,0.0,0.0,1.0,24.0,0.7877142122576596,1.0,1.0,4.0,19.0,9.0,1.0,1280.0,800.0,0.0,1.0,1
50.0,1.0,2.0,0.0,3.0,3.0,0.0,11.0,8.0,0.7272727272727273,3.7869029875036806,0.0,1.0,42.0,11.0,0.0,0.0,0.0,0.0,1.0,0.0,0.0,1.0,53.0,1.0,6.0,3.0,0.0,0.0,1.0,1.0,4.0,4.0,0.0,0.0,1.0,17.0,0.8247522383796129,5.0,5.0,3.0,29.0,3.0,1.0,1280.0,800.0,1.0,0.0,1
88.0,1.0,2.0,0.0,1.0,3.0,0.0,29.0,12.0,0.5111455295881308,3.880851868064849,0.0,2.0,34.0,9.0,1.0,1.0,0.0,1.0,1.0,0.0,0.0,1.0,82.0,2.0,0.0,5.0,1.0,1.0,0.0,0.0,4.0,1.0,1.0,0.0,1.0,25.0,0.9887873776349914,4.0,3.0,5.0,1.0,14.0,1.0,1280.0,800.0,10.0,0.0,1
89.0,0.0,1.0,0.0,2.0,2.0,1.0,27.0,7.0,0.5316401587071635,4.196312373610451,0.0,1.0,28.0,12.0,0.0,0.0,0.0,0.0,0.0,0.0,0.0,0.0,247.0,1.0,0.0,5.0,1.0,0.0,0.0,1.0,1.0,2.0,1.0,1.0,1.0,21.0,0.16508767956788148,6.0,4.0,5.0,107.0,13.0,1.0,1280.0,800.0,7.0,0.0,1
80.0,1.0,2.0,0.0,3.0,3.0,1.0,24.0,5.0,0.20833333333333334,3.651829574804966,0.0,2.0,57.0,5.0,1.0,1.0,0.0,1.0,1.0,0.0,0.0,1.0,197.0,1.0,1.0,2.0,0.0,0.0,0.0,0.0,2.0,1.0,1.0,1.0,0.0,33.0,0.9176907863501688,6.0,5.0,2.0,25.0,3.0,1.0,1280.0,800.0,7.0,0.0,1
78.0,1.0,0.0,0.0,3.0,1.0,0.0,13.0,5.0,0.38461538461538464,3.4933979003117006,0.0,0.0,17.0,32.0,0.0,1.0,0.0,1.0,1.0,0.0,0.0,1.0,142.0,2.0,0.0,5.0,0.0,1.0,2.0,2.0,0.0,3.0,1.0,1.0,1.0,26.0,0.8286169880492029,2.0,4.0,5.0,71.0,9.0,0.0,1280.0,800.0,12.0,0.0,1
52.0,1.0,1.0,0.0,2.0,2.0,0.0,14.0,0.0,0.0,3.656651693268981,1.0,0.0,26.0,18.0,0.0,1.0,0.0,1.0,0.0,0.0,0.0,0.0,103.0,1.0,0.0,10.0,0.0,1.0,0.0,0.0,2.0,3.0,0.0,0.0,1.0,37.0,0.8990794206667481,4.0,4.0,10.0,75.0,5.0,1.0,1280.0,800.0,13.0,0.0,1
56.0,1.0,0.0,0.0,2.0,1.0,0.0,20.0,0.0,0.0,3.2275686050536305,1.0,0.0,38.0,38.0,1.0,1.0,0.0,1.0,1.0,0.0,0.0,1.0,57.0,1.0,1.0,9.0,0.0,1.0,0.0,0.0,4.0,1.0,0.0,1.0,1.0,22.0,0.8903584116312935,2.0,2.0,9.0,30.0,9.0,1.0,1280.0,800.0,12.0,0.0,1
92.0,1.0,0.0,0.0,2.0,1.0,0.0,12.0,0.0,0.0,3.8689163373980677,1.0,0.0,27.0,26.0,0.0,1.0,0.0,1.0,1.0,0.0,0.0,1.0,329.0,1.0,0.0,10.0,1.0,0.0,0.0,0.0,2.0,2.0,0.0,0.0,1.0,16.0,0.8876032020963351,2.0,1.0,10.0,60.0,2.0,1.0,1280.0,800.0,14.0,0.0,1
44.0,0.0,0.0,0.0,1.0,1.0,0.0,12.0,0.0,0.0,3.4141773255853725,1.0,0.0,36.0,13.0,0.0,1.0,0.0,1.0,0.0,0.0,0.0,0.0,194.0,1.0,0.0,7.0,1.0,0.0,0.0,0.0,2.0,1.0,1.0,0.0,1.0,39.0,0.047860851383610334,4.0,3.0,7.0,108.0,6.0,1.0,1280.0,800.0,11.0,1.0,1
40.0,1.0,2.0,0.0,3.0,3.0,0.0,24.0,5.0,0.20833333333333334,3.0974899009962895,0.0,1.0,50.0,3.0,0.0,0.0,0.0,0.0,1.0,0.0,0.0,1.0,308.0,1.0,0.0,9.0,1.0,1.0,0.0,0.0,1.0,2.0,0.0,1.0,1.0,7.0,0.8166275439441624,2.0,2.0,9.0,79.0,0.0,1.0,1280.0,800.0,4.0,0.0,1
79.0,1.0,1.0,0.0,3.0,2.0,1.0,20.0,5.0,0.25,3.6415805342124097,0.0,0.0,54.0,14.0,0.0,1.0,0.0,1.0,0.0,1.0,0.0,0.0,78.0,1.0,1.0,1.0,1.0,0.0,1.0,2.0,4.0,5.0,0.0,0.0,1.0,41.0,0.749615344117513,4.0,2.0,1.0,9.0,9.0,1.0,1280.0,800.0,3.0,0.0,1
54.0,1.0,1.0,0.0,4.0,2.0,0.0,13.0,0.0,0.0,2.8849181947874047,0.0,2.0,15.0,33.0,0.0,0.0,0.0,0.0,1.0,0.0,0.0,1.0,66.0,1.0,1.0,6.0,1.0,0.0,0.0,0.0,2.0,3.0,0.0,0.0,1.0,44.0,0.6944844835741242,4.0,5.0,6.0,13.0,11.0,1.0,1280.0,800.0,1.0,0.0,1
61.0,0.0,1.0,0.0,1.0,2.0,0.0,21.0,0.0,0.0,3.796392208437584,0.0,2.0,34.0,31.0,0.0,0.0,0.0,0.0,0.0,0.0,0.0,0.0,318.0,1.0,1.0,1.0,1.0,0.0,2.0,2.0,3.0,2.0,0.0,0.0,1.0,41.0,0.22364058758746713,4.0,3.0,1.0,105.0,2.0,1.0,1280.0,800.0,8.0,0.0,1
51.0,1.0,2.0,0.0,2.0,3.0,0.0,29.0,12.0,0.5241296056182422,3.7074427310988147,0.0,0.0,45.0,3.0,0.0,1.0,0.0,1.0,1.0,0.0,0.0,1.0,47.0,1.0,0.0,7.0,1.0,1.0,0.0,0.0,4.0,3.0,0.0,1.0,1.0,42.0,0.8850105651467348,2.0,5.0,7.0,64.0,12.0,1.0,1280.0,800.0,11.0,0.0,1
63.0,1.0,3.0,0.0,2.0,4.0,1.0,11.0,8.0,0.7272727272727273,3.7798317914643174,0.0,2.0,9.0,27.0,0.0,0.0,0.0,0.0,1.0,0.0,0.0,1.0,136.0,2.0,6.0,4.0,1.0,1.0,0.0,0.0,3.0,3.0,1.0,0.0,1.0,10.0,0.668522079420068,4.0,3.0,4.0,108.0,1.0,1.0,1280.0,800.0,5.0,1.0,1
50.0,1.0,1.0,0.0,1.0,2.0,0.0,27.0,12.0,0.4444444444444444,3.224559780912405,0.0,1.0,32.0,16.0,0.0,1.0,0.0,1.0,1.0,0.0,0.0,1.0,331.0,1.0,1.0,5.0,1.0,1.0,0.0,1.0,3.0,1.0,1.0,1.0,1.0,32.0,0.7182335148972496,3.0,5.0,5.0,89.0,0.0,1.0,1280.0,800.0,12.0,0.0,1
84.0,1.0,2.0,0.0,3.0,3.0,1.0,10.0,2.0,0.2,2.8683927588235605,0.0,0.0,58.0,29.0,0.0,1.0,0.0,1.0,1.0,0.0,0.0,1.0,160.0,1.0,1.0,2.0,0.0,0.0,0.0,1.0,1.0,1.0,1.0,1.0,1.0,40.0,0.9998675784301514,7.0,5.0,2.0,20.0,13.0,1.0,1280.0,800.0,7.0,0.0,1
50.0,1.0,2.0,0.0,2.0,3.0,0.0,18.0,0.0,0.0,2.948771727501385,0.0,0.0,41.0,24.0,0.0,0.0,0.0,0.0,1.0,0.0,0.0,1.0,225.0,1.0,1.0,1.0,1.0,1.0,0.0,0.0,2.0,2.0,1.0,0.0,1.0,15.0,0.6942451554238421,3.0,3.0,1.0,116.0,1.0,1.0,1280.0,800.0,13.0,0.0,1
84.0,1.0,1.0,0.0,3.0,2.0,1.0,22.0,2.0,0.09090909090909091,2.8580705336863677,0.0,2.0,10.0,9.0,0.0,1.0,0.0,1.0,1.0,0.0,0.0,1.0,104.0,1.0,1.0,4.0,0.0,1.0,0.0,0.0,6.0,2.0,0.0,0.0,1.0,39.0,0.9281987318362873,5.0,1.0,4.0,39.0,1.0,1.0,1280.0,800.0,7.0,0.0,1
88.0,0.0,1.0,0.0,2.0,2.0,0.0,17.0,0.0,0.0,3.1576934019501173,1.0,0.0,34.0,20.0,0.0,1.0,0.0,1.0,0.0,0.0,0.0,0.0,57.0,1.0,6.0,9.0,0.0,1.0,0.0,0.0,2.0,3.0,0.0,0.0,1.0,29.0,0.10419499964890616,5.0,5.0,9.0,95.0,0.0,1.0,1280.0,800.0,0.0,0.0,1
78.0,1.0,3.0,0.0,3.0,4.0,0.0,16.0,0.0,0.0,3.5979369772980383,0.0,1.0,39.0,22.0,0.0,0.0,0.0,0.0,1.0,0.0,0.0,1.0,99.0,1.0,0.0,8.0,1.0,0.0,0.0,0.0,4.0,1.0,1.0,1.0,1.0,23.0,0.6453838853792574,2.0,4.0,8.0,60.0,9.0,1.0,1280.0,800.0,5.0,0.0,1
75.0,1.0,3.0,0.0,1.0,4.0,0.0,25.0,10.0,0.4,3.734301537299586,0.0,3.0,40.0,20.0,0.0,1.0,0.0,1.0,1.0,0.0,0.0,1.0,215.0,1.0,1.0,9.0,1.0,1.0,0.0,0.0,1.0,4.0,0.0,0.0,1.0,34.0,0.8106792967111678,3.0,1.0,9.0,80.0,0.0,1.0,1280.0,800.0,6.0,1.0,1
66.0,1.0,1.0,0.0,4.0,2.0,1.0,10.0,5.0,0.5,3.1642776113612734,0.0,3.0,39.0,11.0,0.0,0.0,0.0,0.0,0.0,1.0,1.0,0.0,49.0,1.0,0.0,1.0,1.0,0.0,0.0,0.0,1.0,1.0,1.0,1.0,1.0,25.0,0.9971919557607494,2.0,3.0,1.0,57.0,10.0,1.0,1280.0,800.0,7.0,0.0,1
50.0,1.0,2.0,0.0,1.0,3.0,1.0,19.0,5.0,0.2631578947368421,2.838315812760017,0.0,1.0,9.0,36.0,0.0,0.0,0.0,0.0,1.0,0.0,0.0,1.0,25.0,1.0,0.0,6.0,1.0,1.0,0.0,0.0,15.0,1.0,0.0,1.0,1.0,39.0,0.6439277413270158,5.0,4.0,6.0,12.0,2.0,0.0,1280.0,800.0,5.0,0.0,1
53.0,1.0,2.0,0.0,2.0,3.0,0.0,17.0,2.0,0.11764705882352941,3.710041004980092,0.0,0.0,29.0,25.0,0.0,1.0,0.0,1.0,1.0,0.0,0.0,1.0,90.0,2.0,0.0,6.0,1.0,1.0,0.0,0.0,9.0,2.0,1.0,1.0,1.0,6.0,0.9092006876552454,2.0,4.0,6.0,109.0,6.0,1.0,1280.0,800.0,5.0,0.0,1
52.0,1.0,1.0,0.0,1.0,2.0,1.0,16.0,0.0,0.0,3.2798746295251213,0.0,0.0,28.0,42.0,0.0,0.0,0.0,0.0,1.0,0.0,0.0,1.0,314.0,1.0,0.0,4.0,0.0,1.0,1.0,0.0,0.0,2.0,0.0,1.0,1.0,6.0,0.8831462100676182,4.0,3.0,4.0,57.0,2.0,0.0,1280.0,800.0,11.0,0.0,1
92.0,1.0,0.0,1.0,0.0,1.0,0.0,15.0,3.0,0.605933625072697,2.552055470543534,0.0,1.0,58.0,13.0,0.0,0.0,0.0,0.0,1.0,0.0,0.0,1.0,42.0,1.0,6.0,6.0,1.0,1.0,0.0,1.0,4.0,3.0,1.0,0.0,1.0,14.0,0.8118285109009818,1.0,2.0,6.0,84.0,12.0,1.0,1280.0,800.0,3.0,0.0,1
43.0,1.0,1.0,0.0,1.0,2.0,1.0,18.0,5.0,0.2777777777777778,2.91193628357924,0.0,1.0,45.0,32.0,0.0,1.0,0.0,1.0,1.0,0.0,0.0,1.0,146.0,1.0,0.0,5.0,1.0,1.0,0.0,0.0,0.0,1.0,1.0,0.0,1.0,37.0,0.6354701589472705,2.0,1.0,5.0,13.0,11.0,1.0,1280.0,800.0,13.0,0.0,1
75.0,1.0,2.0,0.0,4.0,3.0,0.0,22.0,5.0,0.22727272727272727,2.894812692306877,0.0,0.0,56.0,2.0,0.0,1.0,0.0,1.0,1.0,0.0,0.0,1.0,299.0,2.0,6.0,1.0,1.0,1.0,2.0,2.0,2.0,5.0,0.0,0.0,1.0,29.0,0.9319613068024276,3.0,4.0,1.0,75.0,12.0,1.0,1280.0,800.0,5.0,0.0,1
49.0,1.0,1.0,0.0,2.0,2.0,0.0,13.0,0.0,0.0,3.5530337324127994,1.0,0.0,10.0,41.0,0.0,1.0,0.0,1.0,1.0,0.0,0.0,1.0,281.0,1.0,1.0,2.0,1.0,1.0,0.0,0.0,2.0,1.0,1.0,0.0,1.0,24.0,0.7936050780189388,2.0,2.0,2.0,61.0,9.0,0.0,1280.0,800.0,13.0,1.0,1
66.0,1.0,2.0,0.0,2.0,3.0,0.0,11.0,8.0,0.7272727272727273,3.6824448184151124,0.0,0.0,50.0,19.0,1.0,1.0,0.0,1.0,1.0,0.0,0.0,1.0,16.0,1.0,0.0,6.0,1.0,1.0,0.0,0.0,0.0,2.0,1.0,0.0,1.0,38.0,0.7840992904995624,4.0,2.0,6.0,22.0,14.0,1.0,1280.0,800.0,14.0,0.0,1
89.0,1.0,1.0,0.0,1.0,2.0,0.0,20.0,0.0,0.0,3.8492236788156866,1.0,0.0,15.0,16.0,0.0,1.0,0.0,1.0,0.0,0.0,0.0,0.0,300.0,1.0,1.0,9.0,1.0,1.0,0.0,0.0,2.0,1.0,0.0,0.0,1.0,24.0,0.9733031235018423,7.0,4.0,9.0,61.0,4.0,1.0,1280.0,800.0,14.0,1.0,1
61.0,1.0,2.0,0.0,1.0,3.0,1.0,23.0,0.0,0.0,3.0790654159637,0.0,0.0,6.0,20.0,0.0,1.0,0.0,1.0,1.0,0.0,0.0,1.0,283.0,1.0,0.0,9.0,0.0,0.0,0.0,0.0,0.0,2.0,0.0,0.0,0.0,8.0,0.6748306703312152,4.0,5.0,9.0,53.0,13.0,1.0,1280.0,800.0,6.0,0.0,1
79.0,1.0,0.0,0.0,2.0,1.0,1.0,21.0,0.0,0.0,3.1888072826247447,0.0,0.0,6.0,17.0,0.0,1.0,0.0,1.0,1.0,0.0,0.0,1.0,243.0,1.0,0.0,2.0,1.0,0.0,0.0,0.0,14.0,3.0,1.0,0.0,1.0,20.0,0.7236431978821221,4.0,1.0,2.0,58.0,2.0,1.0,1280.0,800.0,6.0,0.0,1
66.0,1.0,1.0,0.0,2.0,2.0,0.0,27.0,8.0,0.2962962962962963,3.143840091007723,0.0,0.0,10.0,25.0,1.0,1.0,0.0,1.0,1.0,0.0,0.0,1.0,148.0,1.0,0.0,7.0,1.0,1.0,0.0,0.0,3.0,1.0,0.0,0.0,1.0,30.0,0.9589793439851302,4.0,1.0,7.0,66.0,10.0,1.0,1280.0,800.0,6.0,1.0,1
66.0,1.0,1.0,0.0,2.0,2.0,0.0,16.0,0.0,0.0,3.5900704951659246,1.0,0.0,56.0,20.0,1.0,1.0,0.0,1.0,1.0,0.0,0.0,1.0,228.0,1.0,1.0,10.0,1.0,0.0,0.0,0.0,4.0,3.0,0.0,0.0,1.0,31.0,0.6720838247925706,6.0,4.0,10.0,69.0,9.0,1.0,1280.0,800.0,2.0,1.0,1
69.0,0.0,2.0,0.0,2.0,3.0,1.0,27.0,10.0,0.47653869741088284,3.2512088521037965,0.0,0.0,9.0,16.0,0.0,0.0,0.0,0.0,0.0,0.0,0.0,0.0,311.0,1.0,1.0,9.0,0.0,0.0,0.0,0.0,1.0,2.0,0.0,0.0,0.0,24.0,0.045166730705501,5.0,4.0,9.0,52.0,2.0,1.0,1280.0,800.0,13.0,0.0,1
83.0,1.0,2.0,0.0,1.0,3.0,0.0,21.0,0.0,0.0,3.7421819722888543,0.0,0.0,33.0,35.0,0.0,0.0,0.0,0.0,1.0,0.0,0.0,1.0,74.0,1.0,0.0,3.0,1.0,1.0,1.0,0.0,4.0,2.0,1.0,1.0,1.0,16.0,0.9482842206154104,1.0,5.0,3.0,1.0,5.0,1.0,1280.0,800.0,4.0,0.0,1
77.0,1.0,1.0,0.0,1.0,2.0,0.0,21.0,10.0,0.47619047619047616,3.2418474646327673,0.0,1.0,26.0,43.0,0.0,1.0,0.0,1.0,1.0,0.0,0.0,1.0,84.0,1.0,1.0,10.0,1.0,1.0,0.0,0.0,3.0,1.0,1.0,1.0,1.0,36.0,0.6145168531024129,4.0,5.0,10.0,30.0,7.0,1.0,1280.0,800.0,4.0,0.0,1
87.0,1.0,2.0,0.0,4.0,3.0,0.0,13.0,2.0,0.15384615384615385,2.9765752696634458,0.0,0.0,53.0,44.0,0.0,0.0,0.0,0.0,1.0,0.0,0.0,1.0,195.0,1.0,0.0,9.0,1.0,1.0,1.0,1.0,3.0,4.0,0.0,0.0,1.0,12.0,0.9599482169857712,6.0,1.0,9.0,35.0,9.0,1.0,1280.0,800.0,14.0,0.0,1
81.0,0.0,0.0,0.0,1.0,1.0,0.0,20.0,0.0,0.0,3.4494241827956484,1.0,1.0,25.0,0.0,0.0,1.0,0.0,1.0,0.0,0.0,0.0,0.0,248.0,1.0,0.0,6.0,1.0,0.0,0.0,0.0,1.0,3.0,1.0,0.0,1.0,16.0,0.06440092112129443,6.0,2.0,6.0,34.0,13.0,1.0,1280.0,800.0,0.0,0.0,1
72.0,1.0,2.0,0.0,1.0,3.0,1.0,26.0,11.0,0.5775521656181821,3.760278344995865,0.0,2.0,39.0,44.0,0.0,0.0,0.0,0.0,1.0,0.0,0.0,1.0,199.0,1.0,0.0,4.0,0.0,1.0,1.0,0.0,4.0,1.0,0.0,1.0,1.0,31.0,0.664696057569908,3.0,1.0,4.0,39.0,13.0,1.0,1280.0,800.0,7.0,0.0,1
63.0,1.0,0.0,0.0,4.0,1.0,0.0,14.0,8.0,0.5714285714285714,3.3900017861875846,0.0,1.0,36.0,39.0,0.0,1.0,0.0,1.0,1.0,0.0,0.0,1.0,163.0,1.0,0.0,7.0,1.0,1.0,0.0,0.0,1.0,1.0,1.0,1.0,1.0,12.0,0.8535593680649587,5.0,2.0,7.0,75.0,13.0,1.0,1280.0,800.0,1.0,0.0,1
46.0,1.0,0.0,0.0,4.0,1.0,1.0,14.0,2.0,0.14285714285714285,3.205801940174433,0.0,2.0,26.0,35.0,0.0,0.0,0.0,0.0,1.0,0.0,0.0,1.0,56.0,1.0,1.0,11.0,0.0,0.0,2.0,1.0,0.0,3.0,1.0,1.0,1.0,18.0,0.8593165973930657,4.0,3.0,11.0,17.0,3.0,1.0,1280.0,800.0,8.0,1.0,1
42.0,1.0,1.0,0.0,1.0,2.0,0.0,18.0,5.0,0.2777777777777778,3.1663305633350403,0.0,0.0,50.0,35.0,0.0,0.0,0.0,0.0,1.0,0.0,0.0,1.0,69.0,1.0,0.0,3.0,0.0,1.0,0.0,1.0,4.0,2.0,0.0,0.0,1.0,19.0,0.7492558931725884,3.0,3.0,3.0,0.0,7.0,1.0,1280.0,800.0,6.0,0.0,1
56.0,1.0,2.0,0.0,1.0,3.0,1.0,25.0,14.0,0.7382534358134163,3.3986370961175156,0.0,1.0,49.0,18.0,0.0,1.0,0.0,1.0,1.0,0.0,0.0,1.0,149.0,1.0,0.0,9.0,1.0,1.0,0.0,0.0,0.0,1.0,0.0,1.0,1.0,14.0,0.6853445555628261,5.0,5.0,9.0,66.0,0.0,1.0,1280.0,800.0,2.0,0.0,1
51.0,1.0,1.0,0.0,4.0,2.0,0.0,12.0,5.0,0.4166666666666667,2.94959091635078,0.0,0.0,15.0,33.0,0.0,1.0,0.0,1.0,1.0,0.0,0.0,1.0,183.0,2.0,0.0,7.0,1.0,1.0,1.0,0.0,0.0,1.0,1.0,1.0,1.0,43.0,0.9643180857351936,7.0,1.0,7.0,17.0,6.0,1.0,1280.0,800.0,13.0,0.0,1
49.0,1.0,1.0,0.0,4.0,2.0,1.0,22.0,8.0,0.36363636363636365,3.0753068267095,0.0,0.0,8.0,24.0,0.0,1.0,0.0,1.0,1.0,0.0,0.0,1.0,270.0,1.0,0.0,6.0,1.0,0.0,1.0,2.0,4.0,5.0,1.0,0.0,1.0,31.0,0.8407380227348817,5.0,5.0,6.0,26.0,14.0,1.0,1280.0,800.0,0.0,0.0,1
49.0,1.0,0.0,1.0,0.0,1.0,0.0,15.0,3.0,0.7916355317654291,2.5456286628817866,0.0,1.0,57.0,28.0,0.0,0.0,0.0,0.0,1.0,0.0,0.0,1.0,122.0,2.0,1.0,3.0,0.0,0.0,0.0,0.0,2.0,1.0,1.0,0.0,0.0,20.0,0.826830581833429,4.0,5.0,3.0,19.0,13.0,1.0,1280.0,800.0,3.0,0.0,1
66.0,0.0,1.0,0.0,2.0,2.0,0.0,14.0,8.0,0.5714285714285714,3.8652806720120267,0.0,0.0,8.0,12.0,0.0,0.0,0.0,0.0,0.0,0.0,0.0,0.0,230.0,1.0,1.0,7.0,1.0,0.0,2.0,2.0,3.0,3.0,0.0,0.0,1.0,37.0,0.2935031743869699,4.0,1.0,7.0,27.0,5.0,1.0,1280.0,800.0,2.0,0.0,1
57.0,1.0,1.0,0.0,2.0,2.0,1.0,21.0,8.0,0.38095238095238093,3.5725206215016545,0.0,0.0,26.0,25.0,0.0,1.0,0.0,1.0,0.0,0.0,1.0,0.0,129.0,1.0,1.0,5.0,1.0,1.0,1.0,0.0,2.0,1.0,0.0,0.0,1.0,11.0,0.7699154647794697,1.0,5.0,5.0,42.0,4.0,1.0,1280.0,800.0,4.0,0.0,1
59.0,1.0,2.0,0.0,1.0,3.0,0.0,26.0,12.0,0.4390237631249345,3.9608924157191083,0.0,3.0,43.0,5.0,0.0,1.0,0.0,1.0,0.0,0.0,1.0,0.0,169.0,1.0,0.0,2.0,1.0,1.0,0.0,0.0,1.0,2.0,0.0,0.0,1.0,34.0,0.8727671920163391,2.0,5.0,2.0,25.0,11.0,1.0,1280.0,800.0,13.0,0.0,1
86.0,1.0,0.0,1.0,0.0,1.0,0.0,15.0,3.0,0.7391029517810417,3.0057524360700274,0.0,0.0,39.0,3.0,1.0,1.0,0.0,1.0,1.0,0.0,0.0,1.0,208.0,1.0,0.0,7.0,0.0,1.0,0.0,0.0,4.0,3.0,0.0,0.0,1.0,36.0,0.9039552508592861,3.0,4.0,7.0,6.0,0.0,1.0,1280.0,800.0,0.0,0.0,1
60.0,1.0,1.0,0.0,3.0,2.0,0.0,25.0,12.0,0.6526848416774618,4.17853191392348,0.0,0.0,25.0,34.0,0.0,0.0,0.0,0.0,1.0,0.0,0.0,1.0,66.0,1.0,0.0,5.0,1.0,0.0,0.0,0.0,4.0,2.0,0.0,0.0,1.0,10.0,0.7547480899364469,1.0,4.0,5.0,94.0,12.0,1.0,1280.0,800.0,11.0,0.0,1
89.0,0.0,1.0,0.0,1.0,2.0,1.0,20.0,7.0,0.6512229747468921,3.626672850468785,0.0,0.0,19.0,32.0,0.0,1.0,0.0,1.0,0.0,0.0,0.0,0.0,42.0,1.0,0.0,11.0,1.0,1.0,0.0,0.0,0.0,1.0,0.0,1.0,1.0,44.0,0.2585450867498442,5.0,1.0,11.0,53.0,8.0,1.0,1280.0,800.0,4.0,0.0,1
79.0,1.0,1.0,0.0,2.0,2.0,1.0,12.0,8.0,0.6666666666666666,3.447019975175603,0.0,0.0,36.0,4.0,0.0,1.0,0.0,1.0,1.0,0.0,0.0,1.0,160.0,2.0,6.0,9.0,1.0,1.0,0.0,0.0,4.0,3.0,0.0,1.0,1.0,9.0,0.9870582071962775,5.0,5.0,9.0,9.0,11.0,1.0,1280.0,800.0,10.0,1.0,1
36.0,1.0,0.0,0.0,2.0,1.0,0.0,17.0,5.0,0.29411764705882354,2.8938010896468627,0.0,0.0,12.0,42.0,0.0,1.0,0.0,1.0,1.0,0.0,0.0,1.0,298.0,1.0,1.0,2.0,0.0,0.0,2.0,1.0,1.0,2.0,0.0,0.0,1.0,13.0,0.7770666548723297,6.0,4.0,2.0,89.0,4.0,1.0,1280.0,800.0,10.0,1.0,1
89.0,0.0,1.0,0.0,3.0,2.0,1.0,16.0,5.0,0.3125,3.4915403928691937,0.0,0.0,8.0,27.0,0.0,1.0,0.0,1.0,0.0,0.0,0.0,0.0,84.0,1.0,0.0,8.0,1.0,0.0,0.0,0.0,1.0,3.0,1.0,0.0,1.0,19.0,0.2685512991705296,5.0,3.0,8.0,2.0,4.0,1.0,1280.0,800.0,11.0,0.0,1
69.0,1.0,3.0,0.0,2.0,4.0,0.0,14.0,10.0,0.7142857142857143,3.249485915389772,0.0,1.0,54.0,1.0,0.0,1.0,0.0,1.0,1.0,0.0,0.0,1.0,223.0,1.0,0.0,5.0,1.0,1.0,0.0,0.0,0.0,1.0,1.0,1.0,1.0,34.0,0.7408664242609756,2.0,2.0,5.0,34.0,0.0,1.0,1280.0,800.0,7.0,0.0,1
89.0,1.0,1.0,0.0,0.0,2.0,0.0,20.0,12.0,0.6,2.9203086224049692,0.0,0.0,18.0,32.0,0.0,1.0,0.0,1.0,1.0,0.0,0.0,1.0,214.0,1.0,0.0,6.0,1.0,1.0,1.0,0.0,1.0,3.0,0.0,1.0,1.0,5.0,0.973677410606246,5.0,2.0,6.0,49.0,5.0,1.0,1280.0,800.0,14.0,0.0,1
51.0,1.0,1.0,0.0,3.0,2.0,1.0,17.0,2.0,0.11764705882352941,2.9189691686804706,0.0,1.0,56.0,22.0,0.0,1.0,0.0,1.0,1.0,0.0,0.0,1.0,311.0,1.0,1.0,10.0,0.0,1.0,1.0,1.0,0.0,3.0,1.0,1.0,1.0,44.0,0.6357310302076312,1.0,4.0,10.0,104.0,6.0,1.0,1280.0,800.0,7.0,0.0,1
58.0,1.0,0.0,0.0,2.0,1.0,1.0,23.0,0.0,0.0,3.5092690482277424,0.0,0.0,42.0,7.0,0.0,1.0,0.0,1.0,1.0,0.0,0.0,1.0,16.0,1.0,0.0,2.0,1.0,1.0,0.0,0.0,0.0,4.0,0.0,0.0,1.0,14.0,0.6908320474742113,4.0,4.0,2.0,7.0,10.0,1.0,1280.0,800.0,3.0,0.0,1
68.0,0.0,2.0,0.0,1.0,3.0,0.0,15.0,2.0,0.13333333333333333,3.019664693229238,0.0,1.0,42.0,6.0,0.0,1.0,0.0,1.0,0.0,0.0,0.0,0.0,116.0,1.0,1.0,1.0,0.0,1.0,0.0,0.0,15.0,3.0,1.0,0.0,1.0,11.0,0.02107121926160932,4.0,4.0,1.0,106.0,5.0,1.0,1280.0,800.0,11.0,0.0,1
83.0,1.0,0.0,1.0,0.0,1.0,0.0,15.0,3.0,0.6112364183758113,2.7492715715463296,0.0,2.0,54.0,42.0,0.0,0.0,0.0,0.0,1.0,0.0,0.0,1.0,325.0,1.0,0.0,9.0,1.0,0.0,0.0,0.0,3.0,3.0,1.0,1.0,1.0,20.0,0.6634058237790038,1.0,4.0,9.0,51.0,8.0,1.0,1280.0,800.0,0.0,1.0,1
86.0,0.0,0.0,0.0,3.0,1.0,0.0,15.0,5.0,0.3333333333333333,2.994453172997646,0.0,0.0,11.0,12.0,0.0,1.0,0.0,1.0,0.0,0.0,0.0,0.0,335.0,1.0,1.0,6.0,1.0,1.0,1.0,0.0,2.0,1.0,1.0,0.0,1.0,6.0,0.1897382793594602,4.0,4.0,6.0,30.0,14.0,1.0,1280.0,800.0,13.0,0.0,1
50.0,1.0,1.0,0.0,1.0,2.0,0.0,17.0,0.0,0.0,3.4364480285255863,1.0,2.0,9.0,30.0,0.0,1.0,0.0,1.0,1.0,0.0,0.0,1.0,343.0,2.0,0.0,9.0,1.0,0.0,0.0,0.0,3.0,3.0,0.0,1.0,1.0,32.0,0.9844492082040153,6.0,4.0,9.0,21.0,2.0,1.0,1280.0,800.0,2.0,0.0,1
65.0,1.0,0.0,0.0,2.0,1.0,0.0,13.0,0.0,0.0,3.334419529118458,1.0,2.0,39.0,40.0,0.0,1.0,0.0,1.0,1.0,0.0,0.0,1.0,282.0,1.0,0.0,2.0,1.0,0.0,0.0,0.0,3.0,3.0,1.0,0.0,1.0,27.0,0.7482237891160086,4.0,2.0,2.0,103.0,2.0,1.0,1280.0,800.0,9.0,1.0,1
44.0,1.0,2.0,0.0,2.0,3.0,1.0,20.0,11.0,0.49802272468209285,3.456501703730054,0.0,0.0,52.0,17.0,0.0,1.0,0.0,1.0,1.0,0.0,0.0,1.0,349.0,1.0,1.0,2.0,1.0,1.0,0.0,0.0,2.0,3.0,1.0,0.0,1.0,11.0,0.9978770579801348,6.0,3.0,2.0,73.0,14.0,1.0,1280.0,800.0,9.0,0.0,1
59.0,0.0,0.0,0.0,4.0,1.0,1.0,16.0,5.0,0.3125,3.4435149274381116,0.0,2.0,36.0,26.0,0.0,0.0,0.0,0.0,0.0,0.0,0.0,0.0,314.0,1.0,0.0,8.0,0.0,0.0,0.0,0.0,15.0,1.0,0.0,0.0,0.0,10.0,0.19679192495250813,7.0,5.0,8.0,99.0,2.0,0.0,1280.0,800.0,13.0,0.0,1
88.0,1.0,0.0,0.0,2.0,1.0,0.0,13.0,0.0,0.0,3.4083524387170856,1.0,0.0,38.0,13.0,0.0,1.0,0.0,1.0,1.0,0.0,0.0,1.0,328.0,1.0,0.0,6.0,1.0,0.0,0.0,1.0,4.0,1.0,0.0,0.0,1.0,28.0,0.9611068102050809,7.0,2.0,6.0,81.0,2.0,0.0,1280.0,800.0,14.0,0.0,1
43.0,0.0,0.0,0.0,3.0,1.0,1.0,23.0,8.0,0.34782608695652173,3.6647336237636305,0.0,1.0,8.0,34.0,0.0,0.0,0.0,0.0,0.0,0.0,0.0,0.0,318.0,2.0,0.0,6.0,1.0,1.0,1.0,0.0,2.0,2.0,1.0,1.0,1.0,37.0,0.024441116384321993,4.0,4.0,6.0,51.0,10.0,1.0,1280.0,800.0,0.0,0.0,1
60.0,1.0,1.0,0.0,1.0,2.0,1.0,23.0,13.0,0.6616095704519299,3.318926522682487,0.0,1.0,37.0,41.0,0.0,1.0,0.0,1.0,1.0,0.0,0.0,1.0,341.0,1.0,0.0,7.0,0.0,0.0,0.0,0.0,4.0,3.0,0.0,0.0,0.0,6.0,0.9819310020049195,7.0,2.0,7.0,5.0,3.0,1.0,1280.0,800.0,1.0,0.0,1
94.0,1.0,0.0,1.0,0.0,1.0,0.0,15.0,3.0,0.656233926674841,2.507075813942157,0.0,0.0,31.0,21.0,0.0,0.0,0.0,0.0,1.0,0.0,0.0,1.0,247.0,2.0,0.0,3.0,1.0,0.0,0.0,0.0,3.0,3.0,0.0,0.0,1.0,28.0,0.6152324056277404,7.0,4.0,3.0,102.0,11.0,1.0,1280.0,800.0,1.0,1.0,1
74.0,0.0,0.0,0.0,3.0,1.0,0.0,14.0,5.0,0.35714285714285715,3.6235956931074083,0.0,0.0,8.0,10.0,0.0,1.0,0.0,1.0,0.0,0.0,0.0,0.0,181.0,1.0,6.0,8.0,1.0,1.0,0.0,0.0,3.0,2.0,1.0,0.0,1.0,36.0,0.2303886259538227,2.0,3.0,8.0,28.0,5.0,1.0,1280.0,800.0,7.0,0.0,1
88.0,1.0,2.0,0.0,4.0,3.0,1.0,18.0,0.0,0.0,3.015146347698061,0.0,1.0,20.0,34.0,0.0,1.0,0.0,1.0,1.0,0.0,0.0,1.0,230.0,1.0,0.0,9.0,1.0,0.0,0.0,0.0,4.0,3.0,1.0,1.0,1.0,35.0,0.9871637150378152,2.0,2.0,9.0,49.0,10.0,1.0,1280.0,800.0,7.0,0.0,1
57.0,1.0,0.0,0.0,2.0,1.0,0.0,27.0,13.0,0.4099709307800913,4.059552515860733,0.0,0.0,23.0,23.0,0.0,0.0,0.0,0.0,1.0,0.0,0.0,1.0,227.0,1.0,0.0,7.0,0.0,1.0,0.0,0.0,0.0,3.0,0.0,0.0,1.0,9.0,0.8580554930763418,4.0,1.0,7.0,77.0,12.0,1.0,1280.0,800.0,5.0,0.0,1
62.0,0.0,2.0,0.0,0.0,3.0,0.0,20.0,8.0,0.4,2.9984617711738717,0.0,0.0,46.0,40.0,0.0,1.0,0.0,1.0,0.0,0.0,0.0,0.0,256.0,1.0,0.0,10.0,1.0,1.0,0.0,0.0,1.0,1.0,0.0,1.0,1.0,29.0,0.09516374073449543,2.0,4.0,10.0,59.0,11.0,1.0,1280.0,800.0,0.0,0.0,1
91.0,1.0,1.0,0.0,1.0,2.0,0.0,18.0,0.0,0.0,3.1393665438902776,1.0,0.0,42.0,44.0,0.0,1.0,0.0,1.0,1.0,0.0,0.0,1.0,82.0,1.0,0.0,5.0,1.0,0.0,0.0,0.0,3.0,2.0,0.0,0.0,1.0,44.0,0.8706201813342709,5.0,1.0,5.0,80.0,7.0,1.0,1280.0,800.0,1.0,0.0,1
57.0,1.0,0.0,0.0,1.0,1.0,0.0,19.0,13.0,0.5814519746897978,3.94328291516672,0.0,0.0,42.0,42.0,0.0,1.0,0.0,1.0,1.0,0.0,0.0,1.0,73.0,1.0,1.0,8.0,1.0,1.0,0.0,0.0,0.0,2.0,0.0,0.0,1.0,43.0,0.9198463607632777,3.0,1.0,8.0,48.0,8.0,1.0,1280.0,800.0,3.0,0.0,1
37.0,1.0,0.0,0.0,4.0,1.0,1.0,13.0,2.0,0.15384615384615385,3.452755426421994,0.0,1.0,56.0,43.0,0.0,0.0,0.0,0.0,1.0,0.0,0.0,1.0,149.0,1.0,0.0,3.0,1.0,1.0,0.0,1.0,1.0,4.0,0.0,1.0,1.0,44.0,0.6304021804307471,5.0,2.0,3.0,95.0,12.0,0.0,1280.0,800.0,3.0,1.0,1
37.0,1.0,1.0,0.0,3.0,2.0,0.0,12.0,2.0,0.16666666666666666,3.801435133813066,0.0,0.0,14.0,38.0,0.0,1.0,0.0,1.0,1.0,0.0,0.0,1.0,318.0,1.0,1.0,4.0,1.0,0.0,1.0,1.0,1.0,5.0,1.0,1.0,1.0,33.0,0.8134639545400694,1.0,4.0,4.0,40.0,0.0,1.0,1280.0,800.0,13.0,1.0,1
77.0,0.0,2.0,0.0,1.0,3.0,0.0,16.0,8.0,0.5,3.354093676019252,0.0,0.0,14.0,29.0,0.0,1.0,0.0,1.0,0.0,0.0,0.0,0.0,216.0,1.0,0.0,4.0,1.0,1.0,0.0,1.0,3.0,4.0,1.0,1.0,1.0,33.0,0.07525082653735822,7.0,5.0,4.0,99.0,2.0,1.0,1280.0,800.0,12.0,0.0,1
47.0,1.0,1.0,0.0,2.0,2.0,1.0,17.0,13.0,0.5402865804892591,3.391900640442307,0.0,0.0,47.0,13.0,0.0,1.0,0.0,1.0,1.0,0.0,0.0,1.0,251.0,1.0,0.0,9.0,1.0,0.0,0.0,0.0,1.0,3.0,0.0,1.0,1.0,24.0,0.9404410289926659,1.0,2.0,9.0,26.0,10.0,1.0,1280.0,800.0,12.0,0.0,1
65.0,0.0,1.0,0.0,1.0,2.0,1.0,18.0,10.0,0.4538646319296593,3.8015804845520433,0.0,1.0,36.0,10.0,0.0,1.0,0.0,1.0,0.0,0.0,0.0,0.0,46.0,1.0,6.0,5.0,1.0,1.0,0.0,0.0,1.0,3.0,0.0,1.0,1.0,33.0,0.11816583921549403,3.0,3.0,5.0,70.0,9.0,1.0,1280.0,800.0,8.0,0.0,1
65.0,1.0,3.0,0.0,4.0,4.0,0.0,19.0,5.0,0.2631578947368421,3.337353390647573,0.0,0.0,57.0,5.0,0.0,1.0,0.0,1.0,1.0,0.0,0.0,1.0,41.0,1.0,1.0,11.0,1.0,1.0,0.0,0.0,6.0,1.0,0.0,0.0,1.0,22.0,0.6379679012773717,5.0,1.0,11.0,17.0,11.0,1.0,1280.0,800.0,1.0,0.0,1
35.0,0.0,1.0,0.0,4.0,2.0,1.0,19.0,2.0,0.10526315789473684,3.2181447960886125,0.0,2.0,14.0,39.0,0.0,1.0,0.0,1.0,0.0,0.0,0.0,0.0,314.0,1.0,1.0,9.0,1.0,1.0,0.0,0.0,2.0,1.0,0.0,1.0,1.0,32.0,0.1447403074619288,7.0,2.0,9.0,4.0,5.0,1.0,1280.0,800.0,6.0,0.0,1
67.0,0.0,1.0,0.0,1.0,2.0,0.0,18.0,12.0,0.48045154770671034,3.6886009360417393,0.0,2.0,18.0,1.0,0.0,1.0,0.0,1.0,0.0,0.0,0.0,0.0,100.0,1.0,0.0,6.0,0.0,0.0,0.0,0.0,3.0,3.0,1.0,1.0,0.0,23.0,0.2950848459432673,5.0,3.0,6.0,63.0,4.0,1.0,1280.0,800.0,11.0,0.0,1
59.0,1.0,2.0,0.0,4.0,3.0,0.0,11.0,5.0,0.45454545454545453,3.737205615873067,0.0,2.0,53.0,36.0,0.0,1.0,0.0,1.0,1.0,0.0,0.0,1.0,99.0,1.0,1.0,6.0,1.0,1.0,0.0,0.0,4.0,3.0,0.0,0.0,1.0,34.0,0.83231578176532,6.0,2.0,6.0,13.0,8.0,1.0,1280.0,800.0,0.0,0.0,1
65.0,1.0,0.0,0.0,3.0,1.0,1.0,29.0,14.0,0.5267784077754095,3.213929242691108,0.0,3.0,27.0,34.0,0.0,0.0,0.0,0.0,0.0,0.0,1.0,0.0,200.0,1.0,0.0,11.0,1.0,1.0,0.0,1.0,2.0,1.0,0.0,1.0,1.0,37.0,0.9518796055936877,5.0,2.0,11.0,119.0,4.0,1.0,1280.0,800.0,3.0,0.0,1
68.0,0.0,1.0,0.0,1.0,2.0,0.0,19.0,10.0,0.5263157894736842,3.58258188453559,0.0,0.0,5.0,28.0,0.0,1.0,0.0,1.0,0.0,0.0,0.0,0.0,253.0,1.0,6.0,4.0,1.0,1.0,0.0,0.0,4.0,3.0,0.0,1.0,1.0,5.0,0.09279638564431439,6.0,3.0,4.0,20.0,7.0,0.0,1280.0,800.0,12.0,0.0,1
64.0,1.0,0.0,0.0,4.0,1.0,1.0,24.0,0.0,0.0,3.59545912407053,0.0,1.0,49.0,17.0,0.0,1.0,0.0,1.0,1.0,0.0,0.0,1.0,147.0,1.0,6.0,2.0,0.0,0.0,0.0,1.0,6.0,1.0,1.0,0.0,1.0,35.0,0.9147417459681415,6.0,1.0,2.0,68.0,6.0,1.0,1280.0,800.0,13.0,0.0,1
68.0,1.0,1.0,0.0,2.0,2.0,0.0,12.0,0.0,0.0,3.11990096688021,1.0,0.0,49.0,3.0,0.0,1.0,0.0,1.0,1.0,0.0,0.0,1.0,95.0,1.0,1.0,10.0,1.0,0.0,1.0,0.0,3.0,2.0,1.0,1.0,1.0,23.0,0.8439970853511463,7.0,1.0,10.0,24.0,9.0,1.0,1280.0,800.0,3.0,0.0,1
78.0,1.0,2.0,0.0,1.0,3.0,0.0,18.0,5.0,0.2777777777777778,3.2111033543323586,0.0,0.0,54.0,0.0,0.0,1.0,0.0,1.0,0.0,1.0,1.0,0.0,320.0,1.0,0.0,9.0,0.0,0.0,0.0,0.0,1.0,3.0,0.0,1.0,0.0,29.0,0.781118450561735,4.0,5.0,9.0,76.0,4.0,0.0,1280.0,800.0,6.0,1.0,1
43.0,0.0,2.0,0.0,1.0,3.0,0.0,13.0,8.0,0.6153846153846154,3.864320958519059,0.0,0.0,57.0,5.0,0.0,1.0,0.0,1.0,0.0,0.0,0.0,0.0,87.0,2.0,0.0,11.0,1.0,1.0,0.0,0.0,0.0,1.0,1.0,1.0,1.0,14.0,0.2944622734240407,7.0,4.0,11.0,65.0,4.0,0.0,1280.0,800.0,11.0,0.0,1
74.0,1.0,0.0,0.0,1.0,1.0,0.0,25.0,8.0,0.32,3.316666392139729,0.0,1.0,37.0,42.0,0.0,1.0,0.0,1.0,1.0,0.0,0.0,1.0,92.0,1.0,0.0,7.0,1.0,1.0,0.0,0.0,3.0,4.0,1.0,0.0,1.0,33.0,0.9115621090659578,1.0,4.0,7.0,104.0,11.0,1.0,1280.0,800.0,2.0,0.0,1
73.0,1.0,1.0,0.0,2.0,2.0,0.0,20.0,10.0,0.5837565962853181,3.774739625583515,0.0,0.0,50.0,41.0,0.0,0.0,0.0,0.0,1.0,0.0,0.0,1.0,275.0,2.0,1.0,4.0,0.0,1.0,0.0,1.0,3.0,1.0,1.0,0.0,1.0,36.0,0.762625480573763,6.0,1.0,4.0,109.0,4.0,1.0,1280.0,800.0,11.0,0.0,1
88.0,1.0,3.0,0.0,2.0,4.0,1.0,10.0,8.0,0.8,3.689156020949098,0.0,1.0,17.0,32.0,0.0,0.0,0.0,0.0,1.0,0.0,0.0,1.0,111.0,1.0,0.0,8.0,1.0,1.0,0.0,0.0,3.0,3.0,1.0,1.0,1.0,13.0,0.7864606989425419,3.0,3.0,8.0,94.0,0.0,1.0,1280.0,800.0,13.0,0.0,1
58.0,1.0,1.0,0.0,2.0,2.0,1.0,24.0,0.0,0.0,3.0545371960420415,0.0,0.0,17.0,44.0,0.0,1.0,0.0,1.0,1.0,0.0,0.0,1.0,244.0,1.0,0.0,5.0,0.0,0.0,0.0,0.0,7.0,3.0,1.0,0.0,0.0,39.0,0.8662512348627541,2.0,1.0,5.0,3.0,11.0,1.0,1280.0,800.0,14.0,0.0,1
86.0,1.0,3.0,0.0,0.0,4.0,1.0,26.0,12.0,0.46153846153846156,2.9691218647341056,0.0,3.0,14.0,3.0,0.0,1.0,0.0,1.0,1.0,0.0,0.0,1.0,187.0,1.0,0.0,10.0,1.0,0.0,0.0,1.0,2.0,2.0,1.0,0.0,1.0,16.0,0.9749086899732994,6.0,5.0,10.0,65.0,3.0,1.0,1280.0,800.0,3.0,1.0,1
72.0,1.0,0.0,0.0,3.0,1.0,0.0,14.0,0.0,0.0,2.8258520814028834,0.0,0.0,57.0,33.0,0.0,0.0,0.0,0.0,1.0,0.0,0.0,1.0,264.0,1.0,6.0,11.0,1.0,0.0,1.0,0.0,0.0,2.0,0.0,1.0,1.0,15.0,0.7101339242174426,7.0,1.0,11.0,4.0,14.0,1.0,1280.0,800.0,5.0,0.0,1
88.0,1.0,2.0,0.0,0.0,3.0,0.0,13.0,8.0,0.6153846153846154,3.1138984289597937,0.0,2.0,24.0,35.0,0.0,1.0,0.0,1.0,1.0,0.0,0.0,1.0,143.0,1.0,0.0,2.0,1.0,1.0,0.0,0.0,2.0,3.0,1.0,0.0,1.0,8.0,0.9320706310933982,3.0,1.0,2.0,119.0,8.0,1.0,1280.0,800.0,2.0,1.0,1
39.0,1.0,0.0,0.0,1.0,1.0,0.0,14.0,0.0,0.0,3.2596319186881697,1.0,0.0,16.0,4.0,1.0,1.0,0.0,1.0,1.0,0.0,0.0,1.0,183.0,1.0,0.0,11.0,1.0,0.0,0.0,1.0,3.0,2.0,1.0,0.0,1.0,36.0,0.9995796384377716,7.0,4.0,11.0,37.0,7.0,1.0,1280.0,800.0,0.0,0.0,1
55.0,1.0,1.0,0.0,2.0,2.0,1.0,20.0,5.0,0.25,3.8592725465704594,0.0,2.0,18.0,0.0,0.0,1.0,0.0,1.0,0.0,0.0,1.0,0.0,190.0,1.0,0.0,8.0,1.0,0.0,2.0,2.0,0.0,2.0,0.0,0.0,1.0,9.0,0.9243712768185732,4.0,3.0,8.0,25.0,8.0,1.0,1280.0,800.0,5.0,1.0,1
57.0,1.0,1.0,0.0,3.0,2.0,0.0,14.0,7.0,0.6224014486813452,3.577296455076408,0.0,0.0,18.0,39.0,1.0,1.0,0.0,1.0,1.0,0.0,0.0,1.0,309.0,1.0,0.0,11.0,1.0,0.0,0.0,0.0,0.0,1.0,1.0,1.0,1.0,18.0,0.9454323037942874,3.0,1.0,11.0,44.0,7.0,1.0,1280.0,800.0,6.0,0.0,1
66.0,1.0,0.0,0.0,3.0,1.0,1.0,25.0,8.0,0.32,3.202602518419564,0.0,0.0,33.0,6.0,0.0,1.0,0.0,1.0,1.0,0.0,0.0,1.0,327.0,1.0,0.0,4.0,1.0,1.0,0.0,0.0,0.0,1.0,0.0,1.0,1.0,15.0,0.7533828308987408,1.0,1.0,4.0,58.0,2.0,1.0,1280.0,800.0,14.0,0.0,1
79.0,0.0,3.0,0.0,2.0,4.0,0.0,18.0,2.0,0.1111111111111111,3.1244900414793255,0.0,0.0,10.0,21.0,1.0,1.0,0.0,1.0,0.0,0.0,0.0,0.0,312.0,1.0,0.0,1.0,1.0,0.0,1.0,2.0,0.0,2.0,1.0,0.0,1.0,31.0,0.2893658154520073,1.0,1.0,1.0,106.0,4.0,1.0,1280.0,800.0,1.0,0.0,1
44.0,0.0,1.0,0.0,1.0,2.0,1.0,21.0,0.0,0.0,3.3248694028808403,0.0,0.0,15.0,20.0,1.0,1.0,0.0,1.0,0.0,0.0,0.0,0.0,209.0,1.0,0.0,7.0,1.0,1.0,0.0,1.0,0.0,2.0,0.0,1.0,1.0,32.0,0.11605444834269557,2.0,2.0,7.0,54.0,9.0,1.0,1280.0,800.0,4.0,1.0,1
56.0,1.0,2.0,0.0,3.0,3.0,1.0,17.0,0.0,0.0,3.0028743141158682,0.0,2.0,36.0,11.0,0.0,1.0,0.0,1.0,1.0,0.0,0.0,1.0,109.0,1.0,0.0,5.0,1.0,1.0,0.0,0.0,2.0,1.0,0.0,0.0,1.0,15.0,0.9523839974777151,1.0,4.0,5.0,118.0,7.0,1.0,1280.0,800.0,3.0,0.0,1
74.0,0.0,2.0,0.0,4.0,3.0,0.0,19.0,5.0,0.2631578947368421,2.9326973928357427,0.0,0.0,43.0,37.0,0.0,1.0,0.0,1.0,0.0,0.0,0.0,0.0,120.0,1.0,0.0,5.0,1.0,1.0,0.0,0.0,3.0,1.0,0.0,1.0,1.0,23.0,0.05629855854597825,3.0,2.0,5.0,99.0,8.0,1.0,1280.0,800.0,5.0,1.0,1
58.0,1.0,1.0,0.0,1.0,2.0,0.0,19.0,0.0,0.0,3.4775877057879274,1.0,2.0,49.0,6.0,0.0,1.0,0.0,1.0,1.0,0.0,0.0,1.0,308.0,1.0,1.0,8.0,1.0,1.0,1.0,0.0,0.0,3.0,0.0,1.0,1.0,33.0,0.6251066887386177,2.0,5.0,8.0,25.0,12.0,1.0,1280.0,800.0,11.0,0.0,1
93.0,0.0,0.0,0.0,4.0,1.0,0.0,25.0,2.0,0.08,3.0800409254025114,0.0,2.0,9.0,35.0,0.0,1.0,0.0,1.0,0.0,0.0,0.0,0.0,155.0,1.0,0.0,11.0,1.0,1.0,0.0,1.0,12.0,3.0,1.0,1.0,1.0,23.0,0.04892282598778795,7.0,1.0,11.0,81.0,5.0,1.0,1280.0,800.0,0.0,0.0,1
94.0,1.0,0.0,0.0,2.0,1.0,0.0,13.0,0.0,0.0,3.750603255932362,1.0,0.0,24.0,3.0,0.0,1.0,0.0,1.0,1.0,0.0,0.0,1.0,15.0,1.0,0.0,6.0,1.0,1.0,1.0,1.0,1.0,3.0,1.0,0.0,1.0,34.0,0.7552096734209425,3.0,4.0,6.0,69.0,7.0,1.0,1280.0,800.0,5.0,0.0,1
76.0,1.0,1.0,0.0,2.0,2.0,0.0,19.0,0.0,0.0,3.5820006082159996,1.0,0.0,56.0,1.0,0.0,1.0,0.0,1.0,1.0,0.0,0.0,1.0,56.0,1.0,0.0,7.0,0.0,1.0,1.0,1.0,4.0,2.0,0.0,0.0,1.0,16.0,0.65546942687719,3.0,1.0,7.0,61.0,11.0,1.0,1280.0,800.0,10.0,0.0,1
50.0,1.0,3.0,0.0,4.0,4.0,1.0,22.0,5.0,0.22727272727272727,3.3149193617803734,0.0,1.0,56.0,38.0,0.0,0.0,0.0,0.0,1.0,0.0,0.0,1.0,196.0,1.0,0.0,4.0,0.0,1.0,0.0,0.0,3.0,3.0,0.0,0.0,1.0,15.0,0.8856915700083388,3.0,1.0,4.0,68.0,2.0,1.0,1280.0,800.0,11.0,0.0,1
46.0,1.0,2.0,0.0,2.0,3.0,1.0,26.0,10.0,0.5047041603994618,3.716402392431483,0.0,1.0,23.0,5.0,0.0,0.0,0.0,0.0,1.0,0.0,0.0,1.0,318.0,1.0,0.0,3.0,1.0,1.0,1.0,0.0,0.0,3.0,0.0,1.0,1.0,11.0,0.9848669810651987,7.0,3.0,3.0,22.0,0.0,1.0,1280.0,800.0,14.0,1.0,1
73.0,1.0,0.0,1.0,0.0,1.0,0.0,15.0,3.0,0.656752395673123,2.9085076219757613,0.0,0.0,53.0,21.0,0.0,1.0,0.0,1.0,1.0,0.0,0.0,1.0,31.0,1.0,1.0,2.0,1.0,1.0,1.0,0.0,0.0,1.0,0.0,0.0,1.0,10.0,0.9729807545000357,2.0,3.0,2.0,63.0,4.0,1.0,1280.0,800.0,9.0,0.0,1
38.0,1.0,2.0,0.0,4.0,3.0,1.0,24.0,0.0,0.0,3.8029270209862363,0.0,1.0,57.0,29.0,0.0,1.0,0.0,1.0,1.0,0.0,0.0,1.0,223.0,1.0,6.0,4.0,0.0,0.0,2.0,1.0,3.0,2.0,0.0,0.0,1.0,11.0,0.7714740175247669,7.0,5.0,4.0,76.0,7.0,1.0,1280.0,800.0,5.0,0.0,1
57.0,1.0,3.0,0.0,1.0,4.0,1.0,11.0,2.0,0.18181818181818182,3.256690422553135,0.0,2.0,54.0,40.0,0.0,1.0,0.0,1.0,1.0,0.0,0.0,1.0,25.0,1.0,0.0,6.0,0.0,1.0,1.0,2.0,2.0,2.0,1.0,1.0,1.0,37.0,0.9554720832379496,5.0,2.0,6.0,78.0,13.0,1.0,1280.0,800.0,0.0,0.0,1
55.0,0.0,2.0,0.0,2.0,3.0,0.0,21.0,5.0,0.23809523809523808,3.1119919029514587,0.0,1.0,58.0,20.0,0.0,1.0,0.0,1.0,0.0,0.0,0.0,0.0,162.0,1.0,1.0,5.0,1.0,1.0,0.0,0.0,0.0,4.0,1.0,1.0,1.0,13.0,0.13893388669075418,1.0,2.0,5.0,36.0,11.0,1.0,1280.0,800.0,4.0,1.0,1
86.0,1.0,2.0,0.0,2.0,3.0,1.0,28.0,13.0,0.6734700197861774,3.7316411031856984,0.0,0.0,5.0,1.0,1.0,1.0,0.0,1.0,0.0,0.0,0.0,0.0,343.0,1.0,6.0,4.0,1.0,1.0,0.0,0.0,3.0,2.0,0.0,1.0,1.0,44.0,0.8318783215863427,4.0,1.0,4.0,29.0,8.0,1.0,1280.0,800.0,5.0,0.0,1
38.0,1.0,3.0,0.0,1.0,4.0,0.0,14.0,10.0,0.7142857142857143,3.1441393672820483,0.0,0.0,39.0,24.0,0.0,1.0,0.0,1.0,1.0,0.0,0.0,1.0,61.0,2.0,0.0,2.0,1.0,1.0,1.0,0.0,1.0,2.0,0.0,0.0,1.0,42.0,0.6367902412272531,7.0,3.0,2.0,18.0,13.0,1.0,1280.0,800.0,5.0,0.0,1
49.0,0.0,2.0,0.0,0.0,3.0,1.0,21.0,10.0,0.47619047619047616,3.6476426156758177,0.0,1.0,39.0,9.0,0.0,1.0,0.0,1.0,0.0,0.0,0.0,0.0,52.0,1.0,1.0,7.0,1.0,1.0,0.0,0.0,2.0,2.0,1.0,1.0,1.0,11.0,0.26627951843640124,4.0,4.0,7.0,96.0,1.0,1.0,1280.0,800.0,13.0,1.0,1
73.0,1.0,2.0,0.0,4.0,3.0,1.0,25.0,5.0,0.2,3.802171713366141,0.0,1.0,8.0,32.0,1.0,1.0,0.0,1.0,1.0,0.0,0.0,1.0,345.0,1.0,1.0,1.0,1.0,1.0,0.0,0.0,7.0,3.0,1.0,0.0,1.0,23.0,0.8251114314142733,4.0,4.0,1.0,18.0,14.0,1.0,1280.0,800.0,7.0,0.0,1
84.0,1.0,3.0,0.0,0.0,4.0,1.0,13.0,10.0,0.7692307692307693,3.5721294527615366,0.0,0.0,48.0,5.0,0.0,1.0,0.0,1.0,0.0,0.0,1.0,0.0,66.0,1.0,0.0,11.0,1.0,1.0,0.0,0.0,2.0,4.0,0.0,0.0,1.0,12.0,0.7526882589514452,6.0,2.0,11.0,69.0,2.0,1.0,1280.0,800.0,13.0,0.0,1
71.0,1.0,1.0,0.0,3.0,2.0,0.0,19.0,0.0,0.0,3.610079382921413,0.0,1.0,54.0,35.0,1.0,1.0,0.0,1.0,1.0,0.0,0.0,1.0,172.0,1.0,1.0,8.0,1.0,1.0,0.0,0.0,4.0,1.0,1.0,1.0,1.0,11.0,0.9235341392017761,6.0,4.0,8.0,63.0,2.0,1.0,1280.0,800.0,12.0,0.0,1
88.0,1.0,1.0,0.0,2.0,2.0,1.0,27.0,6.0,0.4883141749926047,3.512289232750457,0.0,0.0,19.0,39.0,0.0,1.0,0.0,1.0,1.0,0.0,0.0,1.0,215.0,1.0,6.0,5.0,1.0,0.0,0.0,0.0,4.0,3.0,0.0,0.0,1.0,44.0,0.816021156701227,1.0,1.0,5.0,54.0,14.0,1.0,1280.0,800.0,3.0,0.0,1
93.0,0.0,1.0,0.0,1.0,2.0,0.0,15.0,0.0,0.0,3.118559149088267,1.0,0.0,36.0,6.0,0.0,1.0,0.0,1.0,0.0,0.0,0.0,0.0,301.0,1.0,1.0,6.0,1.0,0.0,1.0,1.0,0.0,2.0,1.0,0.0,1.0,30.0,0.1218138048040802,2.0,2.0,6.0,119.0,8.0,1.0,1280.0,800.0,9.0,0.0,1
67.0,1.0,0.0,1.0,0.0,1.0,0.0,15.0,3.0,0.7864060312189848,2.7024992688297105,0.0,0.0,5.0,39.0,0.0,1.0,0.0,1.0,1.0,0.0,0.0,1.0,134.0,1.0,0.0,4.0,0.0,1.0,0.0,0.0,2.0,3.0,1.0,1.0,1.0,20.0,0.8707077061440711,5.0,2.0,4.0,105.0,5.0,1.0,1280.0,800.0,12.0,0.0,1
46.0,1.0,1.0,0.0,1.0,2.0,0.0,20.0,0.0,0.0,3.2683068321434576,1.0,1.0,44.0,22.0,1.0,1.0,0.0,1.0,1.0,0.0,0.0,1.0,17.0,2.0,1.0,11.0,0.0,0.0,0.0,0.0,3.0,1.0,0.0,0.0,0.0,17.0,0.7474030580083079,2.0,3.0,11.0,54.0,8.0,1.0,1280.0,800.0,8.0,1.0,1
84.0,1.0,2.0,0.0,3.0,3.0,1.0,19.0,2.0,0.10526315789473684,3.6289464810188354,0.0,2.0,8.0,15.0,1.0,1.0,0.0,1.0,1.0,0.0,0.0,1.0,270.0,1.0,0.0,9.0,1.0,1.0,0.0,0.0,0.0,2.0,1.0,1.0,1.0,34.0,0.6175019013297778,2.0,4.0,9.0,55.0,13.0,1.0,1280.0,800.0,13.0,0.0,1
64.0,0.0,0.0,0.0,3.0,1.0,1.0,24.0,10.0,0.3581255285508926,3.72062643463114,0.0,2.0,17.0,8.0,0.0,0.0,0.0,0.0,0.0,0.0,0.0,0.0,122.0,1.0,1.0,10.0,1.0,1.0,0.0,0.0,1.0,2.0,1.0,0.0,1.0,10.0,0.022575350562780448,2.0,2.0,10.0,111.0,3.0,1.0,1280.0,800.0,14.0,0.0,1
58.0,1.0,1.0,0.0,2.0,2.0,1.0,11.0,5.0,0.45454545454545453,2.9428930122363735,0.0,0.0,50.0,26.0,0.0,1.0,0.0,1.0,1.0,0.0,0.0,1.0,348.0,2.0,0.0,7.0,1.0,0.0,2.0,1.0,3.0,2.0,0.0,1.0,1.0,9.0,0.9713725751638166,1.0,5.0,7.0,41.0,7.0,1.0,1280.0,800.0,13.0,0.0,1
36.0,1.0,0.0,0.0,1.0,1.0,0.0,20.0,0.0,0.0,3.542808486789342,1.0,0.0,51.0,6.0,1.0,1.0,0.0,1.0,1.0,0.0,0.0,1.0,80.0,1.0,0.0,8.0,1.0,0.0,0.0,0.0,0.0,2.0,1.0,0.0,1.0,15.0,0.6102594694967353,5.0,4.0,8.0,72.0,2.0,1.0,1280.0,800.0,6.0,0.0,1
50.0,1.0,1.0,0.0,0.0,2.0,0.0,22.0,10.0,0.45454545454545453,3.383053912837184,0.0,1.0,39.0,29.0,0.0,1.0,0.0,1.0,1.0,0.0,0.0,1.0,109.0,1.0,1.0,5.0,1.0,0.0,0.0,0.0,4.0,1.0,0.0,0.0,1.0,31.0,0.877703895289605,6.0,3.0,5.0,34.0,11.0,1.0,1280.0,800.0,13.0,0.0,1
76.0,1.0,1.0,0.0,1.0,2.0,1.0,24.0,8.0,0.3333333333333333,3.2860450103175927,0.0,2.0,55.0,18.0,0.0,0.0,0.0,0.0,1.0,0.0,0.0,1.0,293.0,1.0,0.0,11.0,1.0,1.0,0.0,0.0,1.0,4.0,0.0,1.0,1.0,23.0,0.758408357448575,3.0,4.0,11.0,117.0,6.0,1.0,1280.0,800.0,1.0,0.0,1
55.0,1.0,1.0,0.0,3.0,2.0,0.0,27.0,9.0,0.37300990537037065,3.823264224739376,0.0,0.0,58.0,32.0,0.0,1.0,0.0,1.0,0.0,1.0,0.0,0.0,268.0,1.0,1.0,4.0,0.0,1.0,0.0,1.0,4.0,2.0,0.0,0.0,1.0,37.0,0.6771846690311611,7.0,1.0,4.0,105.0,5.0,1.0,1280.0,800.0,13.0,0.0,1
42.0,0.0,1.0,0.0,3.0,2.0,1.0,11.0,0.0,0.0,3.0340406152960013,0.0,0.0,54.0,29.0,0.0,0.0,0.0,0.0,0.0,0.0,0.0,0.0,171.0,1.0,1.0,6.0,0.0,1.0,2.0,2.0,3.0,4.0,0.0,0.0,1.0,43.0,0.2694260016443192,1.0,5.0,6.0,22.0,12.0,1.0,1280.0,800.0,8.0,0.0,1
70.0,1.0,0.0,0.0,3.0,1.0,0.0,15.0,5.0,0.3333333333333333,3.0728968158610694,0.0,0.0,19.0,31.0,0.0,1.0,0.0,1.0,1.0,0.0,0.0,1.0,245.0,1.0,1.0,11.0,1.0,0.0,0.0,0.0,3.0,1.0,1.0,1.0,1.0,18.0,0.6435208609340075,5.0,2.0,11.0,71.0,3.0,1.0,1280.0,800.0,5.0,0.0,1
47.0,1.0,1.0,0.0,2.0,2.0,1.0,22.0,8.0,0.36363636363636365,2.9179698640088474,0.0,0.0,7.0,41.0,0.0,0.0,0.0,0.0,1.0,0.0,0.0,1.0,141.0,1.0,0.0,4.0,1.0,1.0,2.0,2.0,0.0,5.0,1.0,0.0,1.0,14.0,0.6133856370525793,1.0,4.0,4.0,59.0,10.0,0.0,1280.0,800.0,14.0,0.0,1
89.0,0.0,2.0,0.0,2.0,3.0,1.0,17.0,13.0,0.48912850282996,3.540532878879549,0.0,1.0,39.0,40.0,0.0,1.0,0.0,1.0,0.0,0.0,0.0,0.0,50.0,1.0,0.0,7.0,0.0,1.0,0.0,0.0,0.0,2.0,0.0,1.0,1.0,31.0,0.28054127532017975,3.0,2.0,7.0,79.0,4.0,1.0,1280.0,800.0,5.0,0.0,1
60.0,1.0,0.0,1.0,0.0,1.0,0.0,15.0,3.0,0.7444056479097648,3.028757738442279,0.0,1.0,51.0,2.0,1.0,1.0,0.0,1.0,1.0,0.0,0.0,1.0,82.0,1.0,1.0,10.0,0.0,1.0,0.0,0.0,3.0,1.0,0.0,1.0,1.0,19.0,0.9380498351554092,6.0,2.0,10.0,60.0,9.0,1.0,1280.0,800.0,6.0,0.0,1
77.0,1.0,0.0,0.0,2.0,1.0,0.0,17.0,6.0,0.5458730897468896,3.604453940571612,0.0,1.0,38.0,15.0,0.0,0.0,0.0,0.0,1.0,0.0,0.0,1.0,203.0,1.0,1.0,10.0,0.0,1.0,0.0,0.0,2.0,2.0,1.0,1.0,1.0,5.0,0.6339381310111941,4.0,4.0,10.0,41.0,11.0,1.0,1280.0,800.0,0.0,0.0,1
84.0,1.0,1.0,0.0,1.0,2.0,1.0,12.0,2.0,0.16666666666666666,3.4405258023816927,0.0,0.0,34.0,16.0,0.0,1.0,0.0,1.0,0.0,1.0,0.0,0.0,154.0,1.0,0.0,1.0,1.0,0.0,2.0,2.0,3.0,2.0,1.0,0.0,1.0,20.0,0.7758730485264543,1.0,4.0,1.0,116.0,14.0,1.0,1280.0,800.0,13.0,0.0,1
67.0,1.0,0.0,1.0,0.0,1.0,0.0,15.0,3.0,0.7285127661763765,2.5230446592585283,0.0,0.0,15.0,39.0,1.0,1.0,0.0,1.0,1.0,0.0,0.0,1.0,115.0,1.0,0.0,10.0,1.0,0.0,0.0,0.0,4.0,3.0,1.0,1.0,1.0,26.0,0.9785709142239288,4.0,2.0,10.0,14.0,2.0,1.0,1280.0,800.0,8.0,0.0,1
61.0,1.0,3.0,0.0,4.0,4.0,0.0,19.0,0.0,0.0,3.402359804660226,0.0,0.0,10.0,3.0,0.0,0.0,0.0,0.0,1.0,0.0,0.0,1.0,257.0,1.0,0.0,10.0,1.0,1.0,0.0,0.0,7.0,1.0,0.0,0.0,1.0,14.0,0.9080229026005449,7.0,3.0,10.0,65.0,9.0,1.0,1280.0,800.0,5.0,0.0,1
39.0,0.0,1.0,0.0,3.0,2.0,1.0,10.0,5.0,0.5,3.1366740024622226,0.0,1.0,53.0,8.0,0.0,0.0,0.0,0.0,0.0,0.0,0.0,0.0,185.0,1.0,0.0,7.0,1.0,1.0,1.0,1.0,3.0,3.0,1.0,1.0,1.0,13.0,0.11041077413548997,2.0,4.0,7.0,97.0,12.0,1.0,1280.0,800.0,0.0,0.0,1
92.0,1.0,0.0,1.0,0.0,1.0,0.0,15.0,3.0,0.6670737193348567,2.7424489966749106,0.0,1.0,31.0,17.0,0.0,0.0,0.0,0.0,1.0,0.0,0.0,1.0,252.0,1.0,6.0,10.0,0.0,1.0,0.0,0.0,2.0,3.0,1.0,1.0,1.0,36.0,0.9281199177139692,4.0,1.0,10.0,47.0,12.0,0.0,1280.0,800.0,2.0,0.0,1
86.0,1.0,2.0,0.0,1.0,3.0,1.0,14.0,0.0,0.0,3.7954150648785294,0.0,1.0,34.0,13.0,0.0,1.0,0.0,1.0,1.0,0.0,0.0,1.0,346.0,1.0,0.0,2.0,0.0,0.0,2.0,1.0,0.0,5.0,1.0,1.0,1.0,28.0,0.8714890819627819,5.0,2.0,2.0,73.0,3.0,1.0,1280.0,800.0,6.0,0.0,1
48.0,0.0,0.0,1.0,0.0,1.0,0.0,15.0,3.0,0.6163924689077852,2.6423831590585687,0.0,0.0,30.0,33.0,0.0,1.0,0.0,1.0,0.0,0.0,0.0,0.0,70.0,1.0,6.0,5.0,1.0,1.0,0.0,0.0,3.0,3.0,0.0,0.0,1.0,37.0,0.15488915746744383,3.0,2.0,5.0,29.0,5.0,1.0,1280.0,800.0,3.0,0.0,1
82.0,0.0,0.0,1.0,0.0,1.0,0.0,15.0,3.0,0.6517213954924753,2.5618554320442524,0.0,0.0,56.0,22.0,0.0,1.0,0.0,1.0,0.0,0.0,0.0,0.0,100.0,1.0,0.0,11.0,1.0,1.0,0.0,0.0,0.0,2.0,0.0,0.0,1.0,44.0,0.05898381912828012,7.0,2.0,11.0,11.0,1.0,1.0,1280.0,800.0,10.0,0.0,1
35.0,1.0,1.0,0.0,2.0,2.0,0.0,13.0,8.0,0.6153846153846154,3.68879487314906,0.0,2.0,15.0,3.0,0.0,1.0,0.0,1.0,1.0,0.0,0.0,1.0,93.0,1.0,0.0,11.0,1.0,1.0,0.0,0.0,0.0,1.0,1.0,1.0,1.0,15.0,0.7994523214188055,4.0,3.0,11.0,31.0,9.0,1.0,1280.0,800.0,12.0,0.0,1
45.0,1.0,0.0,0.0,2.0,1.0,1.0,11.0,2.0,0.18181818181818182,2.8828242571695997,0.0,0.0,21.0,23.0,1.0,1.0,0.0,1.0,0.0,0.0,0.0,0.0,183.0,1.0,0.0,6.0,1.0,1.0,0.0,0.0,0.0,3.0,0.0,0.0,1.0,23.0,0.6659313624923601,5.0,5.0,6.0,71.0,7.0,0.0,1280.0,800.0,3.0,0.0,1
45.0,1.0,0.0,0.0,3.0,1.0,1.0,19.0,2.0,0.10526315789473684,3.1453922371809444,0.0,1.0,11.0,26.0,0.0,1.0,0.0,1.0,1.0,0.0,0.0,1.0,105.0,1.0,1.0,5.0,1.0,1.0,1.0,0.0,3.0,3.0,1.0,1.0,1.0,5.0,0.9810921581601206,5.0,3.0,5.0,6.0,4.0,1.0,1280.0,800.0,6.0,0.0,1
93.0,0.0,1.0,0.0,2.0,2.0,0.0,12.0,0.0,0.0,3.2300663089739783,0.0,1.0,16.0,15.0,0.0,1.0,0.0,1.0,0.0,0.0,0.0,0.0,62.0,1.0,1.0,7.0,1.0,1.0,1.0,0.0,3.0,4.0,1.0,0.0,1.0,23.0,0.005925937516589907,3.0,3.0,7.0,29.0,9.0,1.0,1280.0,800.0,12.0,1.0,1
85.0,1.0,0.0,1.0,0.0,1.0,0.0,15.0,3.0,0.7045475041596323,2.782118307899538,0.0,0.0,7.0,5.0,0.0,0.0,0.0,0.0,1.0,0.0,0.0,1.0,68.0,1.0,1.0,10.0,1.0,1.0,0.0,0.0,2.0,1.0,1.0,0.0,1.0,28.0,0.7958900177684846,4.0,2.0,10.0,118.0,13.0,1.0,1280.0,800.0,1.0,0.0,1
45.0,0.0,3.0,0.0,2.0,4.0,0.0,12.0,0.0,0.0,2.981580268794307,0.0,1.0,19.0,34.0,0.0,1.0,0.0,1.0,0.0,0.0,0.0,0.0,172.0,1.0,0.0,1.0,0.0,1.0,0.0,0.0,4.0,3.0,1.0,1.0,1.0,28.0,0.08174110798291041,6.0,2.0,1.0,66.0,6.0,1.0,1280.0,800.0,12.0,1.0,1
76.0,1.0,0.0,1.0,0.0,1.0,0.0,15.0,3.0,0.788251622046457,2.77721680704985,0.0,0.0,41.0,44.0,1.0,0.0,0.0,0.0,1.0,0.0,0.0,1.0,102.0,1.0,0.0,11.0,0.0,1.0,0.0,0.0,4.0,1.0,0.0,0.0,1.0,25.0,0.6304177895091626,5.0,3.0,11.0,49.0,14.0,1.0,1280.0,800.0,8.0,1.0,1
61.0,1.0,3.0,0.0,4.0,4.0,1.0,13.0,8.0,0.6153846153846154,3.3550994835727894,0.0,1.0,47.0,0.0,0.0,1.0,0.0,1.0,1.0,0.0,0.0,1.0,297.0,1.0,1.0,2.0,1.0,0.0,2.0,2.0,4.0,5.0,1.0,0.0,1.0,15.0,0.7832292014484044,5.0,3.0,2.0,45.0,1.0,1.0,1280.0,800.0,11.0,0.0,1
83.0,1.0,0.0,0.0,2.0,1.0,1.0,24.0,5.0,0.20833333333333334,2.983890496273547,0.0,1.0,31.0,19.0,0.0,1.0,0.0,1.0,1.0,0.0,0.0,1.0,336.0,1.0,1.0,5.0,1.0,1.0,0.0,1.0,0.0,1.0,1.0,1.0,1.0,44.0,0.6725275142329209,7.0,2.0,5.0,39.0,7.0,1.0,1280.0,800.0,12.0,0.0,1
73.0,1.0,1.0,0.0,1.0,2.0,1.0,24.0,5.0,0.20833333333333334,3.0819022891314587,0.0,0.0,21.0,32.0,0.0,0.0,0.0,0.0,1.0,0.0,0.0,1.0,62.0,1.0,0.0,7.0,1.0,0.0,2.0,2.0,0.0,3.0,0.0,0.0,1.0,12.0,0.9270236519812589,3.0,3.0,7.0,84.0,4.0,1.0,1280.0,800.0,0.0,0.0,1
50.0,1.0,2.0,0.0,2.0,3.0,1.0,25.0,5.0,0.2,3.8018352867735556,0.0,1.0,22.0,16.0,0.0,1.0,0.0,1.0,1.0,0.0,0.0,1.0,59.0,1.0,0.0,6.0,1.0,1.0,0.0,1.0,3.0,1.0,0.0,1.0,1.0,40.0,0.8723042547711926,4.0,2.0,6.0,17.0,12.0,1.0,1280.0,800.0,8.0,1.0,1
75.0,1.0,1.0,0.0,3.0,2.0,0.0,19.0,2.0,0.10526315789473684,3.8145696986733935,0.0,0.0,59.0,40.0,1.0,1.0,0.0,1.0,1.0,0.0,0.0,1.0,312.0,1.0,6.0,9.0,1.0,0.0,1.0,1.0,1.0,4.0,1.0,0.0,1.0,44.0,0.8183719884953005,4.0,4.0,9.0,12.0,2.0,1.0,1280.0,800.0,7.0,0.0,1
67.0,0.0,0.0,1.0,0.0,1.0,0.0,15.0,3.0,0.758816353022142,2.7257976689362122,0.0,3.0,17.0,34.0,0.0,0.0,0.0,0.0,0.0,0.0,0.0,0.0,286.0,2.0,0.0,2.0,1.0,0.0,0.0,0.0,4.0,2.0,0.0,0.0,1.0,21.0,0.0690430263779031,2.0,3.0,2.0,31.0,4.0,1.0,1280.0,800.0,0.0,0.0,1
70.0,1.0,0.0,0.0,1.0,1.0,1.0,15.0,2.0,0.13333333333333333,3.5041815711616313,0.0,1.0,40.0,31.0,0.0,1.0,0.0,1.0,1.0,0.0,0.0,1.0,218.0,1.0,0.0,9.0,1.0,1.0,0.0,0.0,1.0,1.0,1.0,0.0,1.0,9.0,0.7764772781891625,3.0,2.0,9.0,40.0,4.0,1.0,1280.0,800.0,3.0,0.0,1
49.0,1.0,3.0,0.0,4.0,4.0,0.0,14.0,5.0,0.35714285714285715,3.15579239480119,0.0,0.0,33.0,18.0,0.0,1.0,0.0,1.0,1.0,0.0,0.0,1.0,336.0,1.0,6.0,9.0,0.0,1.0,2.0,1.0,4.0,4.0,0.0,0.0,1.0,10.0,0.9435426752042029,2.0,5.0,9.0,71.0,13.0,1.0,1280.0,800.0,9.0,0.0,1
35.0,1.0,2.0,0.0,2.0,3.0,0.0,19.0,12.0,0.631578947368421,3.6238384183603785,0.0,0.0,19.0,16.0,0.0,1.0,0.0,1.0,1.0,0.0,0.0,1.0,133.0,1.0,0.0,1.0,1.0,1.0,0.0,1.0,0.0,2.0,1.0,1.0,1.0,26.0,0.9440794150965026,4.0,4.0,1.0,10.0,3.0,1.0,1280.0,800.0,6.0,0.0,1
43.0,1.0,3.0,0.0,2.0,4.0,1.0,10.0,0.0,0.0,3.863430967658777,0.0,0.0,47.0,40.0,0.0,1.0,0.0,1.0,0.0,0.0,0.0,0.0,231.0,2.0,6.0,6.0,1.0,1.0,0.0,0.0,3.0,4.0,1.0,1.0,1.0,7.0,0.8735498890604818,1.0,4.0,6.0,67.0,0.0,1.0,1280.0,800.0,14.0,0.0,1
84.0,0.0,1.0,0.0,2.0,2.0,0.0,11.0,0.0,0.0,2.817398505853865,0.0,0.0,49.0,28.0,0.0,0.0,0.0,0.0,0.0,0.0,0.0,0.0,255.0,1.0,1.0,11.0,1.0,1.0,0.0,0.0,3.0,3.0,1.0,0.0,1.0,11.0,0.19495574330378257,1.0,5.0,11.0,15.0,8.0,1.0,1280.0,800.0,8.0,0.0,1
49.0,0.0,0.0,0.0,2.0,1.0,0.0,14.0,0.0,0.0,3.4689204310842925,1.0,0.0,8.0,17.0,0.0,1.0,0.0,1.0,0.0,0.0,0.0,0.0,142.0,1.0,6.0,3.0,1.0,0.0,0.0,0.0,4.0,1.0,1.0,0.0,1.0,41.0,0.20603064063912316,2.0,1.0,3.0,52.0,5.0,1.0,1280.0,800.0,14.0,0.0,1
58.0,1.0,0.0,1.0,0.0,1.0,0.0,15.0,3.0,0.6484990699258348,3.0159177159188486,0.0,2.0,51.0,7.0,0.0,0.0,0.0,0.0,1.0,0.0,0.0,1.0,122.0,1.0,6.0,3.0,0.0,0.0,1.0,0.0,1.0,3.0,0.0,0.0,1.0,23.0,0.7777720371082869,3.0,2.0,3.0,3.0,5.0,1.0,1280.0,800.0,11.0,0.0,1
86.0,0.0,1.0,0.0,3.0,2.0,0.0,17.0,0.0,0.0,3.6522113311138242,0.0,1.0,19.0,43.0,1.0,1.0,0.0,1.0,0.0,0.0,0.0,0.0,242.0,1.0,0.0,2.0,0.0,1.0,0.0,0.0,11.0,3.0,0.0,0.0,1.0,32.0,0.25658751784138534,3.0,4.0,2.0,79.0,7.0,1.0,1280.0,800.0,10.0,0.0,1
69.0,0.0,1.0,0.0,1.0,2.0,0.0,18.0,5.0,0.2777777777777778,3.3128469216393768,0.0,0.0,36.0,26.0,0.0,0.0,0.0,0.0,0.0,0.0,0.0,0.0,89.0,1.0,1.0,10.0,1.0,1.0,0.0,0.0,2.0,2.0,0.0,1.0,1.0,12.0,0.11599205334055229,1.0,3.0,10.0,114.0,11.0,1.0,1280.0,800.0,14.0,0.0,1
55.0,0.0,1.0,0.0,4.0,2.0,1.0,17.0,2.0,0.11764705882352941,3.6430669964823137,0.0,2.0,42.0,31.0,0.0,0.0,0.0,0.0,0.0,0.0,0.0,0.0,40.0,1.0,0.0,6.0,0.0,1.0,0.0,1.0,15.0,2.0,0.0,0.0,1.0,39.0,0.25353375712665505,2.0,4.0,6.0,84.0,4.0,0.0,1280.0,800.0,7.0,0.0,1
71.0,0.0,0.0,0.0,1.0,1.0,0.0,23.0,5.0,0.21739130434782608,2.8100617421140024,0.0,0.0,57.0,38.0,0.0,1.0,0.0,1.0,0.0,0.0,0.0,0.0,284.0,1.0,6.0,8.0,1.0,1.0,0.0,0.0,3.0,1.0,0.0,1.0,1.0,11.0,0.12103158583340151,4.0,2.0,8.0,105.0,6.0,1.0,1280.0,800.0,9.0,0.0,1
85.0,0.0,0.0,0.0,3.0,1.0,1.0,17.0,2.0,0.11764705882352941,3.5653039689151886,0.0,1.0,44.0,19.0,0.0,0.0,0.0,0.0,0.0,0.0,0.0,0.0,333.0,1.0,0.0,1.0,0.0,0.0,1.0,0.0,7.0,3.0,0.0,0.0,1.0,11.0,0.2288935520315267,4.0,2.0,1.0,63.0,11.0,1.0,1280.0,800.0,9.0,0.0,1
50.0,1.0,1.0,0.0,1.0,2.0,1.0,15.0,10.0,0.6666666666666666,3.0573255688820384,0.0,0.0,31.0,43.0,1.0,1.0,0.0,1.0,0.0,0.0,0.0,0.0,199.0,1.0,0.0,8.0,1.0,1.0,0.0,0.0,3.0,4.0,0.0,0.0,1.0,9.0,0.8622312857029508,1.0,1.0,8.0,2.0,14.0,1.0,1280.0,800.0,1.0,0.0,1
77.0,1.0,0.0,1.0,0.0,1.0,0.0,15.0,3.0,0.6683173225910943,2.7625777671656238,0.0,0.0,10.0,42.0,0.0,1.0,0.0,1.0,1.0,0.0,0.0,1.0,119.0,1.0,0.0,2.0,0.0,0.0,0.0,0.0,3.0,1.0,0.0,0.0,0.0,6.0,0.730757158208735,7.0,3.0,2.0,115.0,12.0,0.0,1280.0,800.0,14.0,0.0,1
75.0,0.0,0.0,0.0,2.0,1.0,0.0,23.0,0.0,0.0,3.7090202618546604,0.0,2.0,40.0,40.0,0.0,0.0,0.0,0.0,0.0,0.0,0.0,0.0,38.0,1.0,0.0,4.0,1.0,1.0,0.0,0.0,0.0,3.0,1.0,1.0,1.0,23.0,0.1278088842814653,5.0,3.0,4.0,18.0,14.0,1.0,1280.0,800.0,11.0,0.0,1
48.0,1.0,0.0,1.0,0.0,1.0,0.0,15.0,3.0,0.6946989711105298,3.0250028554660826,0.0,2.0,23.0,35.0,0.0,1.0,0.0,1.0,1.0,0.0,0.0,1.0,234.0,1.0,0.0,7.0,1.0,0.0,0.0,0.0,0.0,3.0,1.0,1.0,1.0,23.0,0.6225142681051344,2.0,1.0,7.0,24.0,6.0,1.0,1280.0,800.0,1.0,1.0,1
89.0,1.0,1.0,0.0,0.0,2.0,0.0,26.0,10.0,0.38461538461538464,3.3122815660354865,0.0,0.0,34.0,42.0,0.0,1.0,0.0,1.0,1.0,0.0,0.0,1.0,174.0,1.0,0.0,1.0,1.0,1.0,0.0,0.0,2.0,4.0,0.0,1.0,1.0,21.0,0.6719253794198917,7.0,2.0,1.0,63.0,12.0,1.0,1280.0,800.0,4.0,0.0,1
52.0,1.0,1.0,0.0,1.0,2.0,0.0,12.0,0.0,0.0,3.6747927063422354,1.0,1.0,15.0,19.0,0.0,1.0,0.0,1.0,0.0,1.0,0.0,0.0,211.0,1.0,1.0,4.0,1.0,0.0,0.0,0.0,0.0,3.0,1.0,0.0,1.0,7.0,0.8172154091496056,4.0,1.0,4.0,105.0,8.0,1.0,1280.0,800.0,9.0,0.0,1
69.0,1.0,3.0,0.0,3.0,4.0,1.0,14.0,0.0,0.0,3.4658529452612616,0.0,2.0,28.0,34.0,1.0,1.0,0.0,1.0,1.0,0.0,0.0,1.0,190.0,1.0,0.0,8.0,1.0,1.0,1.0,0.0,1.0,1.0,1.0,0.0,1.0,27.0,0.9286062102449376,2.0,5.0,8.0,49.0,11.0,1.0,1280.0,800.0,0.0,0.0,1
83.0,1.0,2.0,0.0,1.0,3.0,0.0,22.0,12.0,0.5454545454545454,3.271644135391356,0.0,0.0,5.0,24.0,0.0,1.0,0.0,1.0,1.0,0.0,0.0,1.0,184.0,1.0,1.0,9.0,1.0,1.0,0.0,0.0,0.0,2.0,0.0,0.0,1.0,33.0,0.9970124839379122,5.0,2.0,9.0,39.0,5.0,1.0,1280.0,800.0,12.0,1.0,1
70.0,1.0,1.0,0.0,3.0,2.0,1.0,25.0,0.0,0.0,3.1978583215586567,0.0,2.0,11.0,0.0,1.0,1.0,0.0,1.0,1.0,0.0,0.0,1.0,299.0,1.0,1.0,2.0,0.0,1.0,1.0,2.0,2.0,3.0,0.0,0.0,1.0,14.0,0.9539574382909216,5.0,4.0,2.0,78.0,13.0,0.0,1280.0,800.0,3.0,1.0,1
53.0,1.0,3.0,0.0,4.0,4.0,1.0,18.0,5.0,0.2777777777777778,3.6305449168186144,0.0,0.0,33.0,37.0,0.0,1.0,0.0,1.0,1.0,0.0,0.0,1.0,133.0,1.0,1.0,4.0,0.0,1.0,1.0,0.0,4.0,3.0,0.0,1.0,1.0,14.0,0.637168038467765,6.0,5.0,4.0,10.0,4.0,1.0,1280.0,800.0,12.0,0.0,1
40.0,1.0,2.0,0.0,1.0,3.0,0.0,13.0,8.0,0.6153846153846154,3.4268673708916237,0.0,3.0,31.0,34.0,0.0,1.0,0.0,1.0,1.0,0.0,0.0,1.0,341.0,1.0,0.0,5.0,1.0,1.0,0.0,1.0,2.0,2.0,0.0,1.0,1.0,30.0,0.9811478839822293,3.0,1.0,5.0,3.0,13.0,1.0,1280.0,800.0,3.0,0.0,1
62.0,1.0,2.0,0.0,1.0,3.0,0.0,16.0,8.0,0.5,3.790566704661524,0.0,0.0,44.0,5.0,1.0,1.0,0.0,1.0,1.0,0.0,0.0,1.0,139.0,1.0,0.0,8.0,1.0,1.0,0.0,0.0,0.0,2.0,1.0,0.0,1.0,31.0,0.9840863731425296,2.0,4.0,8.0,64.0,13.0,1.0,1280.0,800.0,8.0,0.0,1
92.0,1.0,2.0,0.0,2.0,3.0,1.0,22.0,2.0,0.09090909090909091,3.2762417014243876,0.0,0.0,40.0,42.0,0.0,0.0,0.0,0.0,1.0,0.0,0.0,1.0,66.0,1.0,0.0,6.0,1.0,1.0,0.0,0.0,2.0,3.0,0.0,1.0,1.0,32.0,0.7753650304792362,4.0,5.0,6.0,55.0,14.0,1.0,1280.0,800.0,3.0,0.0,1
48.0,0.0,0.0,0.0,4.0,1.0,0.0,22.0,2.0,0.09090909090909091,3.3599462495829626,0.0,0.0,25.0,14.0,0.0,1.0,0.0,1.0,0.0,0.0,0.0,0.0,27.0,2.0,0.0,1.0,1.0,1.0,0.0,1.0,2.0,1.0,1.0,0.0,1.0,18.0,0.14769278942012978,4.0,4.0,1.0,5.0,2.0,1.0,1280.0,800.0,12.0,0.0,1
36.0,1.0,2.0,0.0,2.0,3.0,0.0,25.0,2.0,0.08,3.2561994693401273,0.0,1.0,32.0,2.0,0.0,1.0,0.0,1.0,1.0,0.0,0.0,1.0,104.0,1.0,0.0,6.0,1.0,1.0,0.0,0.0,2.0,2.0,1.0,1.0,1.0,38.0,0.8755019456479738,6.0,4.0,6.0,116.0,4.0,1.0,1280.0,800.0,5.0,1.0,1
68.0,1.0,1.0,0.0,1.0,2.0,0.0,23.0,8.0,0.34782608695652173,3.639363517657486,0.0,0.0,46.0,27.0,0.0,1.0,0.0,1.0,1.0,0.0,0.0,1.0,320.0,2.0,6.0,10.0,1.0,1.0,2.0,1.0,1.0,5.0,0.0,1.0,1.0,41.0,0.8887035678116755,4.0,3.0,10.0,33.0,5.0,1.0,1280.0,800.0,7.0,1.0,1
71.0,1.0,1.0,0.0,4.0,2.0,0.0,21.0,0.0,0.0,3.7763329257881395,0.0,1.0,38.0,32.0,0.0,1.0,0.0,1.0,1.0,0.0,0.0,1.0,30.0,1.0,1.0,10.0,1.0,0.0,1.0,0.0,3.0,1.0,0.0,1.0,1.0,9.0,0.6655396059226344,2.0,5.0,10.0,46.0,6.0,1.0,1280.0,800.0,12.0,0.0,1
42.0,0.0,0.0,0.0,1.0,1.0,1.0,19.0,2.0,0.10526315789473684,2.9741824996169517,0.0,1.0,27.0,31.0,0.0,1.0,0.0,1.0,0.0,0.0,0.0,0.0,210.0,1.0,0.0,4.0,0.0,1.0,0.0,0.0,12.0,3.0,1.0,0.0,1.0,42.0,0.09694200238485877,4.0,4.0,4.0,42.0,10.0,1.0,1280.0,800.0,8.0,0.0,1
38.0,1.0,2.0,0.0,1.0,3.0,1.0,22.0,5.0,0.22727272727272727,3.4321083628362357,0.0,0.0,40.0,20.0,0.0,1.0,0.0,1.0,1.0,0.0,0.0,1.0,180.0,1.0,6.0,5.0,0.0,0.0,0.0,0.0,7.0,3.0,0.0,0.0,0.0,10.0,0.9679334268716764,4.0,1.0,5.0,119.0,8.0,0.0,1280.0,800.0,6.0,0.0,1
48.0,1.0,0.0,0.0,1.0,1.0,0.0,17.0,0.0,0.0,3.303381007050855,1.0,1.0,18.0,30.0,0.0,1.0,0.0,1.0,1.0,0.0,0.0,1.0,215.0,1.0,6.0,11.0,1.0,0.0,0.0,0.0,1.0,1.0,0.0,0.0,1.0,24.0,0.8580113010694539,2.0,5.0,11.0,9.0,5.0,1.0,1280.0,800.0,0.0,0.0,1
48.0,1.0,2.0,0.0,4.0,3.0,0.0,14.0,2.0,0.14285714285714285,2.900019259104749,0.0,0.0,7.0,32.0,0.0,1.0,0.0,1.0,1.0,0.0,0.0,1.0,89.0,1.0,1.0,11.0,0.0,1.0,0.0,0.0,3.0,3.0,0.0,0.0,1.0,9.0,0.8086246224874878,4.0,4.0,11.0,67.0,13.0,1.0,1280.0,800.0,3.0,0.0,1
52.0,0.0,2.0,0.0,4.0,3.0,1.0,11.0,5.0,0.45454545454545453,3.3050195003199025,0.0,2.0,41.0,28.0,1.0,1.0,0.0,1.0,0.0,0.0,0.0,0.0,54.0,2.0,6.0,4.0,1.0,1.0,0.0,0.0,4.0,2.0,0.0,0.0,1.0,14.0,0.008565414399658577,4.0,4.0,4.0,88.0,6.0,1.0,1280.0,800.0,6.0,0.0,1
87.0,1.0,0.0,0.0,2.0,1.0,1.0,20.0,5.0,0.25,3.786324314301299,0.0,1.0,35.0,14.0,0.0,1.0,0.0,1.0,0.0,0.0,1.0,0.0,294.0,2.0,1.0,3.0,1.0,1.0,0.0,0.0,0.0,1.0,1.0,0.0,1.0,13.0,0.9906730138758133,7.0,1.0,3.0,21.0,10.0,0.0,1280.0,800.0,13.0,0.0,1
82.0,1.0,1.0,0.0,2.0,2.0,0.0,11.0,0.0,0.0,3.31559622550246,0.0,0.0,47.0,7.0,0.0,0.0,0.0,0.0,1.0,0.0,0.0,1.0,82.0,2.0,0.0,3.0,1.0,1.0,0.0,0.0,2.0,4.0,0.0,0.0,1.0,15.0,0.7153990340552798,4.0,1.0,3.0,94.0,0.0,1.0,1280.0,800.0,0.0,0.0,1
45.0,0.0,0.0,0.0,4.0,1.0,0.0,10.0,2.0,0.2,3.319339924917755,0.0,0.0,42.0,25.0,0.0,1.0,0.0,1.0,0.0,0.0,0.0,0.0,281.0,1.0,0.0,5.0,1.0,0.0,2.0,2.0,1.0,2.0,0.0,1.0,1.0,43.0,0.15119022718351033,4.0,5.0,5.0,90.0,8.0,1.0,1280.0,800.0,8.0,0.0,1
89.0,1.0,0.0,1.0,0.0,1.0,0.0,15.0,3.0,0.6890876251561935,2.771078048566962,0.0,1.0,14.0,31.0,0.0,0.0,0.0,0.0,1.0,0.0,0.0,1.0,262.0,1.0,0.0,7.0,0.0,0.0,0.0,1.0,0.0,1.0,1.0,0.0,1.0,42.0,0.8198424157516411,6.0,5.0,7.0,109.0,13.0,1.0,1280.0,800.0,11.0,0.0,1
81.0,1.0,2.0,0.0,3.0,3.0,1.0,25.0,2.0,0.08,3.3410485534898138,0.0,1.0,43.0,33.0,0.0,0.0,0.0,0.0,1.0,0.0,0.0,1.0,114.0,1.0,1.0,4.0,0.0,0.0,1.0,2.0,2.0,5.0,1.0,0.0,1.0,38.0,0.9517875681131663,4.0,3.0,4.0,43.0,14.0,1.0,1280.0,800.0,6.0,0.0,1
61.0,1.0,2.0,0.0,4.0,3.0,1.0,17.0,2.0,0.11764705882352941,2.893702885738157,0.0,1.0,7.0,39.0,0.0,0.0,0.0,0.0,1.0,0.0,0.0,1.0,219.0,2.0,6.0,8.0,1.0,1.0,0.0,0.0,4.0,3.0,1.0,0.0,1.0,28.0,0.902468221439765,6.0,5.0,8.0,63.0,0.0,1.0,1280.0,800.0,3.0,0.0,1
66.0,1.0,1.0,0.0,2.0,2.0,0.0,22.0,8.0,0.36363636363636365,3.51847752468357,0.0,0.0,48.0,29.0,0.0,1.0,0.0,1.0,0.0,0.0,1.0,0.0,282.0,1.0,1.0,10.0,0.0,1.0,0.0,0.0,0.0,2.0,1.0,1.0,1.0,30.0,0.8451311261855903,1.0,2.0,10.0,12.0,3.0,1.0,1280.0,800.0,6.0,0.0,1
40.0,1.0,0.0,0.0,2.0,1.0,0.0,19.0,0.0,0.0,3.2189808126687347,1.0,0.0,20.0,27.0,0.0,1.0,0.0,1.0,1.0,0.0,0.0,1.0,134.0,1.0,0.0,1.0,0.0,0.0,0.0,0.0,3.0,1.0,1.0,0.0,0.0,12.0,0.8603866699861673,6.0,4.0,1.0,23.0,8.0,1.0,1280.0,800.0,6.0,0.0,1
83.0,1.0,1.0,0.0,2.0,2.0,1.0,25.0,6.0,0.38890583323020633,3.2181082814270616,0.0,2.0,35.0,18.0,0.0,1.0,0.0,1.0,1.0,0.0,0.0,1.0,168.0,1.0,6.0,1.0,1.0,1.0,0.0,0.0,2.0,3.0,1.0,0.0,1.0,31.0,0.8579423399011936,7.0,3.0,1.0,63.0,4.0,1.0,1280.0,800.0,0.0,0.0,1
79.0,1.0,3.0,0.0,3.0,4.0,0.0,14.0,2.0,0.14285714285714285,3.694877884651699,0.0,1.0,43.0,35.0,0.0,1.0,0.0,1.0,1.0,0.0,0.0,1.0,268.0,1.0,6.0,10.0,0.0,1.0,0.0,0.0,12.0,3.0,0.0,0.0,1.0,17.0,0.642065944938138,5.0,3.0,10.0,24.0,11.0,1.0,1280.0,800.0,14.0,0.0,1
64.0,0.0,1.0,0.0,1.0,2.0,1.0,13.0,2.0,0.15384615384615385,3.833427420583192,0.0,1.0,21.0,7.0,0.0,0.0,0.0,0.0,0.0,0.0,0.0,0.0,121.0,1.0,0.0,2.0,1.0,1.0,1.0,0.0,1.0,2.0,0.0,1.0,1.0,32.0,0.05384233003970757,5.0,5.0,2.0,116.0,1.0,1.0,1280.0,800.0,7.0,0.0,1
66.0,0.0,1.0,0.0,3.0,2.0,0.0,24.0,2.0,0.08333333333333333,3.1273809647109374,0.0,0.0,25.0,21.0,0.0,0.0,0.0,0.0,0.0,0.0,0.0,0.0,347.0,1.0,0.0,4.0,1.0,1.0,0.0,0.0,1.0,3.0,0.0,0.0,1.0,18.0,0.19173621824417755,6.0,2.0,4.0,17.0,2.0,1.0,1280.0,800.0,14.0,0.0,1
53.0,0.0,0.0,0.0,1.0,1.0,0.0,21.0,0.0,0.0,3.6362586428757795,1.0,0.0,29.0,22.0,0.0,1.0,0.0,1.0,0.0,0.0,0.0,0.0,92.0,1.0,6.0,9.0,0.0,1.0,0.0,1.0,1.0,1.0,0.0,0.0,1.0,24.0,0.22704174916407022,2.0,2.0,9.0,43.0,2.0,1.0,1280.0,800.0,12.0,0.0,1
56.0,1.0,0.0,0.0,1.0,1.0,0.0,15.0,5.0,0.3333333333333333,3.4304931757444757,0.0,1.0,31.0,26.0,1.0,1.0,0.0,1.0,1.0,0.0,0.0,1.0,282.0,1.0,0.0,8.0,1.0,0.0,2.0,2.0,0.0,5.0,1.0,1.0,1.0,19.0,0.6327169592028938,3.0,3.0,8.0,62.0,8.0,1.0,1280.0,800.0,6.0,0.0,1
50.0,0.0,2.0,0.0,2.0,3.0,1.0,25.0,8.0,0.32,3.4180192146551276,0.0,0.0,55.0,31.0,0.0,1.0,0.0,1.0,0.0,0.0,0.0,0.0,143.0,1.0,0.0,3.0,0.0,0.0,0.0,0.0,2.0,1.0,1.0,1.0,0.0,11.0,0.2144889810331165,5.0,5.0,3.0,19.0,14.0,1.0,1280.0,800.0,9.0,0.0,1
41.0,0.0,2.0,0.0,4.0,3.0,1.0,17.0,5.0,0.29411764705882354,3.4259664256462665,0.0,3.0,26.0,3.0,0.0,1.0,0.0,1.0,0.0,0.0,0.0,0.0,142.0,1.0,0.0,9.0,1.0,1.0,1.0,1.0,4.0,3.0,1.0,1.0,1.0,12.0,0.2765535987990591,5.0,1.0,9.0,40.0,7.0,1.0,1280.0,800.0,9.0,0.0,1
48.0,1.0,1.0,0.0,1.0,2.0,0.0,17.0,0.0,0.0,3.73261662409125,1.0,0.0,52.0,10.0,0.0,1.0,0.0,1.0,1.0,0.0,0.0,1.0,64.0,1.0,1.0,5.0,1.0,0.0,0.0,0.0,4.0,1.0,0.0,0.0,1.0,35.0,0.8245684090108849,4.0,1.0,5.0,67.0,4.0,1.0,1280.0,800.0,6.0,0.0,1
51.0,1.0,1.0,0.0,1.0,2.0,1.0,27.0,12.0,0.4444444444444444,3.3717932038291196,0.0,0.0,47.0,12.0,0.0,1.0,0.0,1.0,0.0,1.0,1.0,0.0,43.0,1.0,1.0,11.0,1.0,1.0,0.0,0.0,3.0,1.0,1.0,1.0,1.0,23.0,0.9255325753372137,1.0,3.0,11.0,58.0,11.0,1.0,1280.0,800.0,4.0,0.0,1
39.0,0.0,2.0,0.0,1.0,3.0,0.0,19.0,0.0,0.0,3.8305430066862884,0.0,0.0,44.0,15.0,0.0,1.0,0.0,1.0,0.0,0.0,0.0,0.0,16.0,1.0,6.0,8.0,0.0,1.0,0.0,0.0,11.0,3.0,0.0,0.0,1.0,23.0,0.0895358172722235,3.0,3.0,8.0,50.0,7.0,1.0,1280.0,800.0,9.0,0.0,1
90.0,0.0,2.0,0.0,4.0,3.0,1.0,16.0,8.0,0.5,2.821615036179434,0.0,0.0,25.0,12.0,0.0,1.0,0.0,1.0,0.0,0.0,0.0,0.0,195.0,2.0,0.0,9.0,1.0,1.0,1.0,1.0,4.0,4.0,0.0,0.0,1.0,19.0,0.07968709844388278,2.0,5.0,9.0,37.0,14.0,1.0,1280.0,800.0,13.0,1.0,1
62.0,0.0,2.0,0.0,2.0,3.0,0.0,20.0,2.0,0.1,3.0384845442863506,0.0,0.0,54.0,0.0,0.0,1.0,0.0,1.0,0.0,0.0,0.0,0.0,144.0,2.0,1.0,6.0,0.0,1.0,2.0,1.0,4.0,3.0,1.0,0.0,1.0,25.0,0.05107930195556704,1.0,1.0,6.0,32.0,3.0,1.0,1280.0,800.0,2.0,1.0,1
78.0,1.0,2.0,0.0,3.0,3.0,0.0,10.0,5.0,0.5,3.236147463858803,0.0,0.0,20.0,38.0,0.0,0.0,0.0,0.0,1.0,0.0,0.0,1.0,240.0,1.0,1.0,7.0,1.0,1.0,1.0,0.0,3.0,2.0,1.0,1.0,1.0,7.0,0.9477429285108906,5.0,1.0,7.0,103.0,2.0,1.0,1280.0,800.0,9.0,0.0,1
46.0,1.0,3.0,0.0,3.0,4.0,1.0,17.0,2.0,0.11764705882352941,3.8731842324347223,0.0,0.0,8.0,37.0,1.0,1.0,0.0,1.0,0.0,0.0,0.0,0.0,261.0,1.0,0.0,2.0,1.0,1.0,0.0,0.0,4.0,1.0,0.0,0.0,1.0,30.0,0.6300452895414427,3.0,1.0,2.0,95.0,5.0,1.0,1280.0,800.0,0.0,0.0,1
91.0,1.0,1.0,0.0,1.0,2.0,0.0,13.0,0.0,0.0,3.302264402883763,1.0,0.0,58.0,5.0,0.0,1.0,0.0,1.0,0.0,0.0,1.0,0.0,269.0,2.0,0.0,9.0,1.0,1.0,0.0,1.0,2.0,3.0,0.0,0.0,1.0,43.0,0.795675526703868,2.0,3.0,9.0,112.0,14.0,1.0,1280.0,800.0,11.0,1.0,1
83.0,0.0,3.0,0.0,1.0,4.0,1.0,13.0,2.0,0.15384615384615385,3.7410124602699497,0.0,2.0,58.0,3.0,1.0,1.0,0.0,1.0,0.0,0.0,0.0,0.0,45.0,1.0,0.0,8.0,1.0,1.0,0.0,1.0,2.0,1.0,0.0,0.0,1.0,25.0,0.29523860496723414,3.0,1.0,8.0,100.0,10.0,1.0,1280.0,800.0,5.0,0.0,1
50.0,0.0,1.0,0.0,1.0,2.0,1.0,24.0,13.0,0.3755313738246999,4.133799620160416,0.0,0.0,55.0,34.0,0.0,1.0,0.0,1.0,0.0,0.0,0.0,0.0,128.0,2.0,0.0,6.0,0.0,1.0,0.0,0.0,0.0,1.0,1.0,0.0,1.0,37.0,0.18079974315066957,6.0,1.0,6.0,55.0,2.0,1.0,1280.0,800.0,11.0,0.0,1
84.0,0.0,1.0,0.0,2.0,2.0,0.0,21.0,0.0,0.0,3.7812374091662257,1.0,0.0,11.0,0.0,0.0,1.0,0.0,1.0,0.0,0.0,0.0,0.0,100.0,2.0,0.0,1.0,1.0,1.0,1.0,0.0,1.0,2.0,1.0,1.0,1.0,44.0,0.06566809894877815,4.0,4.0,1.0,94.0,12.0,1.0,1280.0,800.0,0.0,0.0,1
40.0,1.0,0.0,1.0,0.0,1.0,0.0,15.0,3.0,0.7855038944132284,2.7433348834298776,0.0,2.0,50.0,16.0,0.0,0.0,0.0,0.0,1.0,0.0,0.0,1.0,167.0,1.0,0.0,1.0,1.0,0.0,0.0,0.0,4.0,2.0,1.0,0.0,1.0,34.0,0.933897266228545,3.0,5.0,1.0,31.0,0.0,1.0,1280.0,800.0,3.0,0.0,1
42.0,0.0,3.0,0.0,1.0,4.0,1.0,20.0,0.0,0.0,3.71906961479421,0.0,0.0,20.0,10.0,0.0,1.0,0.0,1.0,0.0,0.0,0.0,0.0,331.0,2.0,0.0,11.0,1.0,0.0,0.0,0.0,0.0,4.0,0.0,0.0,1.0,6.0,0.21369369468087543,4.0,4.0,11.0,77.0,12.0,1.0,1280.0,800.0,11.0,1.0,1
79.0,0.0,0.0,0.0,1.0,1.0,0.0,14.0,0.0,0.0,3.3371061121782826,1.0,2.0,26.0,29.0,0.0,1.0,0.0,1.0,0.0,0.0,0.0,0.0,276.0,1.0,0.0,6.0,0.0,1.0,0.0,1.0,0.0,3.0,0.0,0.0,1.0,27.0,0.01793646910236921,3.0,3.0,6.0,11.0,1.0,1.0,1280.0,800.0,10.0,0.0,1
92.0,1.0,3.0,0.0,0.0,4.0,1.0,22.0,10.0,0.45454545454545453,3.0371485595412424,0.0,2.0,17.0,29.0,0.0,1.0,0.0,1.0,1.0,0.0,0.0,1.0,127.0,1.0,1.0,9.0,1.0,1.0,0.0,0.0,2.0,2.0,0.0,0.0,1.0,12.0,0.8494169380535538,1.0,1.0,9.0,86.0,10.0,1.0,1280.0,800.0,13.0,0.0,1
48.0,1.0,2.0,0.0,1.0,3.0,1.0,18.0,0.0,0.0,3.4052242803745165,0.0,2.0,40.0,5.0,0.0,0.0,0.0,0.0,1.0,0.0,0.0,1.0,118.0,1.0,0.0,11.0,1.0,1.0,0.0,1.0,8.0,3.0,1.0,0.0,1.0,35.0,0.8852575857636131,5.0,1.0,11.0,73.0,2.0,1.0,1280.0,800.0,1.0,1.0,1
56.0,1.0,2.0,0.0,1.0,3.0,1.0,14.0,0.0,0.0,3.076607976780227,0.0,1.0,19.0,14.0,0.0,1.0,0.0,1.0,1.0,0.0,0.0,1.0,76.0,1.0,0.0,1.0,1.0,1.0,0.0,0.0,3.0,4.0,0.0,0.0,1.0,10.0,0.77738278907397,3.0,4.0,1.0,13.0,9.0,1.0,1280.0,800.0,14.0,0.0,1
94.0,1.0,1.0,0.0,4.0,2.0,0.0,20.0,0.0,0.0,3.2794306250757037,0.0,0.0,8.0,43.0,0.0,0.0,0.0,0.0,0.0,0.0,1.0,0.0,88.0,1.0,0.0,5.0,0.0,1.0,2.0,2.0,1.0,4.0,0.0,0.0,1.0,29.0,0.9618761310178061,6.0,4.0,5.0,110.0,14.0,1.0,1280.0,800.0,1.0,0.0,1
83.0,1.0,3.0,0.0,0.0,4.0,0.0,19.0,5.0,0.2631578947368421,3.1881045287644776,0.0,2.0,56.0,1.0,0.0,1.0,0.0,1.0,1.0,0.0,0.0,1.0,340.0,1.0,0.0,4.0,1.0,1.0,0.0,0.0,2.0,4.0,0.0,0.0,1.0,27.0,0.8852623457822286,7.0,3.0,4.0,80.0,8.0,1.0,1280.0,800.0,7.0,0.0,1
91.0,1.0,3.0,0.0,4.0,4.0,1.0,10.0,2.0,0.2,3.8753586090991936,0.0,0.0,43.0,23.0,0.0,1.0,0.0,1.0,1.0,0.0,0.0,1.0,153.0,1.0,6.0,4.0,1.0,1.0,0.0,0.0,13.0,1.0,0.0,0.0,1.0,34.0,0.7924090771464098,4.0,1.0,4.0,112.0,7.0,1.0,1280.0,800.0,11.0,0.0,1
40.0,0.0,2.0,0.0,4.0,3.0,1.0,14.0,8.0,0.5714285714285714,3.415327283868014,0.0,0.0,39.0,11.0,0.0,0.0,0.0,0.0,0.0,0.0,0.0,0.0,213.0,1.0,0.0,8.0,1.0,1.0,1.0,0.0,7.0,1.0,0.0,0.0,1.0,6.0,0.2512648057175592,6.0,3.0,8.0,42.0,0.0,1.0,1280.0,800.0,7.0,0.0,1
68.0,1.0,1.0,0.0,3.0,2.0,0.0,24.0,2.0,0.08333333333333333,2.9031786654702314,0.0,0.0,41.0,7.0,0.0,0.0,0.0,0.0,1.0,0.0,0.0,1.0,236.0,1.0,0.0,4.0,1.0,1.0,0.0,0.0,1.0,1.0,1.0,1.0,1.0,25.0,0.7439170250275166,5.0,2.0,4.0,92.0,10.0,1.0,1280.0,800.0,5.0,0.0,1
63.0,1.0,0.0,1.0,0.0,1.0,0.0,15.0,3.0,0.7832014662431017,2.638042693536061,0.0,3.0,16.0,40.0,0.0,1.0,0.0,1.0,1.0,0.0,0.0,1.0,116.0,1.0,1.0,1.0,1.0,0.0,0.0,1.0,0.0,2.0,1.0,1.0,1.0,28.0,0.9746329466958517,2.0,5.0,1.0,102.0,8.0,1.0,1280.0,800.0,1.0,0.0,1
68.0,1.0,2.0,0.0,3.0,3.0,0.0,11.0,5.0,0.45454545454545453,3.4255764835639253,0.0,1.0,23.0,22.0,0.0,0.0,0.0,0.0,1.0,0.0,0.0,1.0,120.0,1.0,1.0,8.0,0.0,1.0,0.0,0.0,0.0,1.0,1.0,0.0,1.0,23.0,0.7504813231341441,5.0,1.0,8.0,75.0,12.0,1.0,1280.0,800.0,10.0,0.0,1
79.0,1.0,0.0,0.0,1.0,1.0,0.0,21.0,7.0,0.5976817271005098,4.047734081051839,0.0,0.0,6.0,40.0,0.0,1.0,0.0,1.0,1.0,0.0,0.0,1.0,331.0,1.0,0.0,6.0,1.0,1.0,0.0,0.0,3.0,3.0,1.0,0.0,1.0,14.0,0.9223820096280775,7.0,5.0,6.0,68.0,6.0,1.0,1280.0,800.0,12.0,0.0,1
62.0,0.0,0.0,0.0,2.0,1.0,0.0,13.0,0.0,0.0,3.808137973333299,1.0,0.0,57.0,13.0,0.0,1.0,0.0,1.0,0.0,0.0,0.0,0.0,50.0,1.0,6.0,4.0,0.0,0.0,0.0,0.0,4.0,1.0,0.0,1.0,0.0,28.0,0.046436567624533596,1.0,4.0,4.0,46.0,14.0,1.0,1280.0,800.0,4.0,1.0,1
61.0,1.0,3.0,0.0,0.0,4.0,1.0,13.0,10.0,0.7692307692307693,3.7589955096108576,0.0,3.0,51.0,19.0,0.0,1.0,0.0,1.0,1.0,0.0,0.0,1.0,83.0,1.0,1.0,11.0,1.0,1.0,1.0,0.0,2.0,4.0,0.0,1.0,1.0,28.0,0.6489481820228087,5.0,5.0,11.0,55.0,4.0,1.0,1280.0,800.0,5.0,0.0,1
48.0,1.0,2.0,0.0,1.0,3.0,1.0,17.0,5.0,0.29411764705882354,3.7709962409534397,0.0,1.0,23.0,18.0,0.0,0.0,0.0,0.0,1.0,0.0,0.0,1.0,123.0,2.0,1.0,5.0,1.0,1.0,1.0,0.0,4.0,1.0,0.0,1.0,1.0,14.0,0.7937336669478594,7.0,4.0,5.0,90.0,8.0,1.0,1280.0,800.0,6.0,0.0,1
62.0,1.0,0.0,1.0,0.0,1.0,0.0,15.0,3.0,0.6373860618094861,3.0439467065169987,0.0,1.0,39.0,43.0,0.0,0.0,0.0,0.0,1.0,0.0,0.0,1.0,213.0,1.0,1.0,11.0,1.0,1.0,0.0,0.0,3.0,3.0,0.0,0.0,1.0,34.0,0.6812384794017268,2.0,2.0,11.0,11.0,11.0,1.0,1280.0,800.0,14.0,0.0,1
62.0,0.0,0.0,0.0,1.0,1.0,1.0,21.0,5.0,0.23809523809523808,3.7230121811889063,0.0,2.0,34.0,32.0,0.0,0.0,0.0,0.0,0.0,0.0,0.0,0.0,297.0,1.0,1.0,4.0,1.0,1.0,0.0,0.0,3.0,3.0,1.0,1.0,1.0,35.0,0.18490842724052092,5.0,4.0,4.0,115.0,1.0,1.0,1280.0,800.0,1.0,1.0,1
69.0,1.0,1.0,0.0,1.0,2.0,0.0,25.0,5.0,0.2,3.2870419917635605,0.0,0.0,52.0,31.0,0.0,0.0,0.0,0.0,1.0,0.0,0.0,1.0,305.0,2.0,0.0,1.0,1.0,0.0,0.0,0.0,0.0,3.0,1.0,1.0,1.0,20.0,0.702127288281186,3.0,2.0,1.0,90.0,11.0,1.0,1280.0,800.0,2.0,0.0,1
81.0,1.0,0.0,0.0,1.0,1.0,1.0,11.0,2.0,0.18181818181818182,3.511114157054876,0.0,2.0,58.0,39.0,0.0,0.0,0.0,0.0,1.0,0.0,0.0,1.0,344.0,1.0,0.0,10.0,1.0,1.0,0.0,1.0,1.0,1.0,0.0,1.0,1.0,35.0,0.7138051732302353,1.0,4.0,10.0,53.0,0.0,1.0,1280.0,800.0,8.0,0.0,1
59.0,0.0,2.0,0.0,1.0,3.0,1.0,13.0,0.0,0.0,2.9371849515590256,0.0,0.0,35.0,14.0,0.0,0.0,0.0,0.0,0.0,0.0,0.0,0.0,227.0,1.0,1.0,6.0,1.0,0.0,0.0,0.0,3.0,3.0,1.0,1.0,1.0,37.0,0.07098689482986945,2.0,4.0,6.0,118.0,10.0,1.0,1280.0,800.0,5.0,0.0,1
82.0,1.0,0.0,0.0,2.0,1.0,0.0,14.0,0.0,0.0,3.854742928321158,1.0,0.0,27.0,8.0,0.0,1.0,0.0,1.0,1.0,0.0,0.0,1.0,93.0,1.0,1.0,5.0,1.0,0.0,0.0,1.0,4.0,2.0,1.0,0.0,1.0,34.0,0.7164984365072549,6.0,4.0,5.0,47.0,12.0,1.0,1280.0,800.0,7.0,1.0,1
94.0,1.0,1.0,0.0,1.0,2.0,0.0,19.0,8.0,0.42105263157894735,2.8917495382173817,0.0,3.0,18.0,0.0,0.0,0.0,0.0,0.0,1.0,0.0,0.0,1.0,234.0,1.0,0.0,7.0,0.0,0.0,0.0,0.0,4.0,1.0,0.0,1.0,0.0,39.0,0.6476185495127377,1.0,3.0,7.0,12.0,13.0,1.0,1280.0,800.0,9.0,0.0,1
65.0,1.0,1.0,0.0,1.0,2.0,1.0,22.0,10.0,0.45454545454545453,3.368833688865864,0.0,0.0,5.0,36.0,0.0,1.0,0.0,1.0,1.0,0.0,0.0,1.0,213.0,1.0,0.0,2.0,1.0,1.0,0.0,1.0,2.0,3.0,0.0,0.0,1.0,32.0,0.9121741755493145,7.0,2.0,2.0,56.0,6.0,0.0,1280.0,800.0,7.0,0.0,1
42.0,1.0,1.0,0.0,3.0,2.0,1.0,20.0,13.0,0.5932470587798979,4.161150745508898,0.0,3.0,49.0,22.0,0.0,1.0,0.0,1.0,1.0,0.0,0.0,1.0,339.0,1.0,0.0,4.0,0.0,0.0,1.0,0.0,4.0,3.0,0.0,0.0,1.0,28.0,0.8447159273849606,4.0,5.0,4.0,46.0,5.0,1.0,1280.0,800.0,11.0,1.0,1
68.0,1.0,1.0,0.0,2.0,2.0,0.0,13.0,0.0,0.0,3.5189079833890795,1.0,0.0,56.0,23.0,1.0,1.0,0.0,1.0,1.0,0.0,0.0,1.0,134.0,1.0,0.0,8.0,1.0,1.0,0.0,0.0,2.0,1.0,1.0,0.0,1.0,33.0,0.8154560827462116,3.0,3.0,8.0,33.0,9.0,1.0,1280.0,800.0,14.0,0.0,1
89.0,1.0,1.0,0.0,0.0,2.0,0.0,12.0,10.0,0.8333333333333334,3.638799964605628,0.0,0.0,8.0,37.0,1.0,1.0,0.0,1.0,1.0,0.0,0.0,1.0,150.0,1.0,0.0,4.0,1.0,1.0,1.0,0.0,0.0,4.0,0.0,1.0,1.0,16.0,0.7817625841534847,1.0,1.0,4.0,28.0,1.0,1.0,1280.0,800.0,7.0,0.0,1
84.0,1.0,2.0,0.0,3.0,3.0,0.0,24.0,0.0,0.0,3.626095442942503,0.0,2.0,13.0,5.0,0.0,1.0,0.0,1.0,1.0,0.0,0.0,1.0,105.0,1.0,1.0,5.0,1.0,1.0,1.0,0.0,1.0,4.0,0.0,0.0,1.0,5.0,0.6643330679584943,7.0,3.0,5.0,96.0,1.0,1.0,1280.0,800.0,1.0,0.0,1
72.0,1.0,1.0,0.0,1.0,2.0,0.0,16.0,0.0,0.0,3.8742723848742227,1.0,1.0,24.0,0.0,0.0,1.0,0.0,1.0,1.0,0.0,0.0,1.0,304.0,1.0,0.0,11.0,1.0,1.0,1.0,0.0,2.0,2.0,1.0,1.0,1.0,39.0,0.9273573723193811,5.0,4.0,11.0,92.0,9.0,1.0,1280.0,800.0,1.0,1.0,1
89.0,1.0,0.0,1.0,0.0,1.0,0.0,15.0,3.0,0.6943433904311501,3.05957142547615,0.0,3.0,45.0,3.0,0.0,1.0,0.0,1.0,1.0,0.0,0.0,1.0,314.0,1.0,0.0,3.0,0.0,1.0,1.0,0.0,0.0,2.0,0.0,0.0,1.0,27.0,0.9796031230092828,4.0,4.0,3.0,61.0,1.0,1.0,1280.0,800.0,5.0,0.0,1
67.0,1.0,1.0,0.0,1.0,2.0,0.0,20.0,0.0,0.0,3.6873219950548073,1.0,0.0,47.0,38.0,0.0,1.0,0.0,1.0,1.0,0.0,0.0,1.0,39.0,1.0,1.0,5.0,0.0,1.0,0.0,0.0,2.0,2.0,0.0,1.0,1.0,17.0,0.9973760232937791,6.0,1.0,5.0,16.0,5.0,1.0,1280.0,800.0,1.0,0.0,1
54.0,1.0,1.0,0.0,1.0,2.0,0.0,24.0,2.0,0.08333333333333333,3.5099293884325085,0.0,0.0,34.0,12.0,1.0,1.0,0.0,1.0,1.0,0.0,0.0,1.0,300.0,1.0,1.0,8.0,0.0,1.0,0.0,0.0,10.0,2.0,0.0,1.0,1.0,24.0,0.7004669960428621,2.0,4.0,8.0,88.0,3.0,1.0,1280.0,800.0,0.0,0.0,1
56.0,0.0,3.0,0.0,2.0,4.0,0.0,14.0,5.0,0.35714285714285715,3.352543823683688,0.0,0.0,50.0,30.0,0.0,1.0,0.0,1.0,0.0,0.0,0.0,0.0,328.0,1.0,1.0,11.0,0.0,0.0,0.0,0.0,2.0,2.0,0.0,0.0,0.0,23.0,0.21262327724620117,1.0,4.0,11.0,80.0,5.0,1.0,1280.0,800.0,11.0,0.0,1
37.0,0.0,1.0,0.0,3.0,2.0,1.0,29.0,11.0,0.7044914642356266,4.1670115433938655,0.0,2.0,20.0,4.0,0.0,1.0,0.0,1.0,0.0,0.0,0.0,0.0,304.0,1.0,0.0,9.0,1.0,1.0,1.0,0.0,1.0,3.0,1.0,0.0,1.0,24.0,0.03403713137053884,7.0,1.0,9.0,51.0,10.0,1.0,1280.0,800.0,0.0,0.0,1
69.0,0.0,2.0,0.0,1.0,3.0,1.0,17.0,14.0,0.35339154580325005,4.156180955076772,0.0,1.0,15.0,22.0,1.0,1.0,0.0,1.0,0.0,0.0,0.0,0.0,128.0,1.0,0.0,8.0,1.0,1.0,0.0,0.0,4.0,3.0,1.0,0.0,1.0,34.0,0.033301793828195744,4.0,3.0,8.0,111.0,0.0,1.0,1280.0,800.0,0.0,0.0,1
65.0,1.0,0.0,1.0,0.0,1.0,0.0,15.0,3.0,0.6250480215563065,3.0146827181732174,0.0,0.0,32.0,39.0,0.0,0.0,0.0,0.0,1.0,0.0,0.0,1.0,181.0,1.0,0.0,1.0,1.0,0.0,1.0,0.0,0.0,2.0,0.0,1.0,1.0,14.0,0.9997253925533874,5.0,4.0,1.0,25.0,1.0,1.0,1280.0,800.0,12.0,0.0,1
42.0,0.0,1.0,0.0,2.0,2.0,0.0,13.0,0.0,0.0,3.4746861380293517,0.0,2.0,24.0,43.0,1.0,1.0,0.0,1.0,0.0,0.0,0.0,0.0,349.0,2.0,0.0,5.0,1.0,1.0,0.0,0.0,4.0,1.0,0.0,0.0,1.0,26.0,0.06462642518976948,2.0,3.0,5.0,54.0,12.0,1.0,1280.0,800.0,8.0,0.0,1
35.0,1.0,1.0,0.0,3.0,2.0,0.0,28.0,9.0,0.6726823545896476,3.6667784734908118,0.0,0.0,20.0,0.0,0.0,0.0,0.0,0.0,1.0,0.0,0.0,1.0,79.0,1.0,1.0,6.0,0.0,0.0,0.0,0.0,1.0,2.0,0.0,1.0,0.0,10.0,0.9207685955201466,4.0,5.0,6.0,100.0,2.0,1.0,1280.0,800.0,7.0,0.0,1
54.0,1.0,0.0,0.0,3.0,1.0,0.0,13.0,0.0,0.0,2.988192580314635,0.0,1.0,31.0,31.0,0.0,1.0,0.0,1.0,1.0,0.0,0.0,1.0,264.0,1.0,0.0,2.0,1.0,1.0,0.0,1.0,0.0,2.0,1.0,1.0,1.0,7.0,0.8250567666270808,2.0,5.0,2.0,114.0,14.0,1.0,1280.0,800.0,11.0,0.0,1
53.0,0.0,2.0,0.0,3.0,3.0,0.0,11.0,5.0,0.45454545454545453,2.8354511557617568,0.0,0.0,41.0,16.0,0.0,1.0,0.0,1.0,0.0,0.0,0.0,0.0,220.0,1.0,0.0,3.0,1.0,1.0,2.0,1.0,1.0,5.0,1.0,0.0,1.0,28.0,0.18734113848757716,4.0,2.0,3.0,42.0,2.0,1.0,1280.0,800.0,11.0,0.0,1
52.0,1.0,1.0,0.0,2.0,2.0,0.0,23.0,0.0,0.0,3.0009391841111177,0.0,2.0,58.0,31.0,0.0,1.0,0.0,1.0,1.0,0.0,0.0,1.0,26.0,1.0,1.0,5.0,1.0,0.0,1.0,0.0,4.0,2.0,1.0,0.0,1.0,9.0,0.621860139539812,2.0,2.0,5.0,71.0,3.0,1.0,1280.0,800.0,13.0,0.0,1
83.0,1.0,2.0,0.0,1.0,3.0,0.0,24.0,6.0,0.6191732805920215,3.861490878109299,0.0,1.0,19.0,10.0,0.0,1.0,0.0,1.0,1.0,0.0,0.0,1.0,310.0,1.0,1.0,10.0,1.0,0.0,0.0,0.0,2.0,1.0,1.0,0.0,1.0,41.0,0.7316379236906452,3.0,1.0,10.0,19.0,8.0,1.0,1280.0,800.0,0.0,0.0,1
68.0,1.0,1.0,0.0,2.0,2.0,0.0,22.0,2.0,0.09090909090909091,2.9475021044707495,0.0,0.0,37.0,15.0,0.0,1.0,0.0,1.0,1.0,0.0,0.0,1.0,304.0,1.0,1.0,1.0,1.0,1.0,1.0,0.0,2.0,1.0,0.0,0.0,1.0,15.0,0.9954977794480744,1.0,1.0,1.0,91.0,3.0,1.0,1280.0,800.0,11.0,0.0,1
66.0,1.0,0.0,1.0,0.0,1.0,0.0,15.0,3.0,0.6681773076075482,2.6876298240360432,0.0,0.0,14.0,6.0,0.0,0.0,0.0,0.0,1.0,0.0,0.0,1.0,97.0,1.0,1.0,6.0,1.0,0.0,0.0,0.0,2.0,1.0,0.0,1.0,1.0,16.0,0.785217137699574,4.0,4.0,6.0,66.0,3.0,1.0,1280.0,800.0,13.0,0.0,1
62.0,0.0,1.0,0.0,2.0,2.0,0.0,17.0,2.0,0.11764705882352941,3.086600549220807,0.0,1.0,15.0,1.0,0.0,1.0,0.0,1.0,0.0,0.0,0.0,0.0,319.0,1.0,0.0,5.0,1.0,0.0,0.0,1.0,3.0,3.0,1.0,0.0,1.0,43.0,0.22900635712396195,7.0,4.0,5.0,83.0,14.0,1.0,1280.0,800.0,2.0,0.0,1
81.0,0.0,0.0,1.0,0.0,1.0,0.0,15.0,3.0,0.7094957927765339,2.851867381007707,0.0,0.0,36.0,41.0,0.0,1.0,0.0,1.0,0.0,0.0,0.0,0.0,171.0,1.0,0.0,2.0,1.0,0.0,0.0,0.0,3.0,3.0,1.0,0.0,1.0,41.0,0.1471043957611601,3.0,5.0,2.0,35.0,8.0,1.0,1280.0,800.0,1.0,1.0,1
89.0,1.0,1.0,0.0,2.0,2.0,1.0,20.0,2.0,0.1,3.8367025656353095,0.0,1.0,28.0,40.0,0.0,0.0,0.0,0.0,1.0,0.0,0.0,1.0,209.0,1.0,0.0,4.0,1.0,1.0,0.0,0.0,2.0,1.0,0.0,0.0,1.0,37.0,0.8169718840435927,2.0,4.0,4.0,64.0,10.0,1.0,1280.0,800.0,6.0,0.0,1
79.0,1.0,2.0,0.0,2.0,3.0,0.0,13.0,0.0,0.0,2.8045183754436147,0.0,2.0,6.0,34.0,0.0,1.0,0.0,1.0,1.0,0.0,0.0,1.0,266.0,1.0,0.0,1.0,0.0,1.0,0.0,0.0,2.0,1.0,0.0,1.0,1.0,16.0,0.7362898572723796,3.0,3.0,1.0,101.0,8.0,1.0,1280.0,800.0,5.0,0.0,1
70.0,1.0,1.0,0.0,2.0,2.0,1.0,28.0,8.0,0.37270735965692486,3.6337270384568945,0.0,2.0,45.0,42.0,0.0,0.0,0.0,0.0,1.0,0.0,0.0,1.0,236.0,2.0,1.0,5.0,0.0,0.0,0.0,0.0,3.0,3.0,0.0,0.0,0.0,31.0,0.9323518675994883,6.0,2.0,5.0,92.0,0.0,1.0,1280.0,800.0,10.0,0.0,1
44.0,0.0,3.0,0.0,1.0,4.0,0.0,18.0,0.0,0.0,3.386435012255816,0.0,2.0,18.0,36.0,0.0,1.0,0.0,1.0,0.0,0.0,0.0,0.0,52.0,1.0,6.0,1.0,1.0,0.0,0.0,0.0,13.0,1.0,0.0,1.0,1.0,30.0,0.12789879226748016,5.0,4.0,1.0,114.0,6.0,1.0,1280.0,800.0,8.0,1.0,1
53.0,1.0,1.0,0.0,2.0,2.0,0.0,27.0,8.0,0.2962962962962963,3.0036793942121096,0.0,1.0,17.0,28.0,0.0,1.0,0.0,1.0,1.0,0.0,0.0,1.0,275.0,1.0,0.0,11.0,1.0,1.0,0.0,0.0,2.0,3.0,1.0,1.0,1.0,24.0,0.722579768326026,2.0,4.0,11.0,14.0,12.0,1.0,1280.0,800.0,4.0,0.0,1
81.0,1.0,2.0,0.0,1.0,3.0,0.0,15.0,5.0,0.3333333333333333,2.8285785055214285,0.0,1.0,28.0,4.0,0.0,0.0,0.0,0.0,1.0,0.0,0.0,1.0,250.0,1.0,1.0,3.0,0.0,1.0,0.0,0.0,12.0,2.0,0.0,0.0,1.0,6.0,0.8296254698271672,4.0,1.0,3.0,53.0,14.0,1.0,1280.0,800.0,1.0,0.0,1
46.0,1.0,1.0,0.0,1.0,2.0,0.0,10.0,2.0,0.2,2.8155450087725473,0.0,1.0,24.0,5.0,0.0,0.0,0.0,0.0,1.0,0.0,0.0,1.0,299.0,1.0,1.0,1.0,1.0,1.0,0.0,0.0,0.0,2.0,1.0,0.0,1.0,38.0,0.7519255261683415,1.0,3.0,1.0,36.0,5.0,1.0,1280.0,800.0,7.0,0.0,1
88.0,0.0,0.0,0.0,1.0,1.0,0.0,16.0,0.0,0.0,3.297529127758681,1.0,0.0,29.0,38.0,0.0,1.0,0.0,1.0,0.0,0.0,0.0,0.0,111.0,1.0,0.0,5.0,1.0,1.0,0.0,0.0,2.0,2.0,1.0,1.0,1.0,7.0,0.06321218664536421,2.0,3.0,5.0,118.0,0.0,1.0,1280.0,800.0,8.0,0.0,1
60.0,1.0,0.0,0.0,4.0,1.0,1.0,17.0,8.0,0.47058823529411764,2.8740092914509714,0.0,0.0,15.0,41.0,0.0,1.0,0.0,1.0,1.0,0.0,0.0,1.0,94.0,1.0,1.0,11.0,0.0,1.0,0.0,0.0,12.0,1.0,1.0,0.0,1.0,28.0,0.6168224676455419,1.0,3.0,11.0,1.0,2.0,1.0,1280.0,800.0,3.0,0.0,1
39.0,0.0,0.0,1.0,0.0,1.0,0.0,15.0,3.0,0.7253020184927184,2.958055849798123,0.0,1.0,20.0,31.0,0.0,1.0,0.0,1.0,0.0,0.0,0.0,0.0,277.0,1.0,1.0,9.0,1.0,1.0,0.0,0.0,4.0,3.0,1.0,0.0,1.0,6.0,0.26472602642503146,4.0,3.0,9.0,37.0,2.0,1.0,1280.0,800.0,12.0,0.0,1
62.0,0.0,1.0,0.0,3.0,2.0,0.0,16.0,2.0,0.125,3.6917385808098957,0.0,0.0,44.0,40.0,0.0,0.0,0.0,0.0,0.0,0.0,0.0,0.0,114.0,1.0,0.0,6.0,0.0,1.0,0.0,0.0,1.0,2.0,1.0,1.0,1.0,30.0,0.12447232728395133,1.0,4.0,6.0,82.0,2.0,1.0,1280.0,800.0,10.0,0.0,1
47.0,0.0,1.0,0.0,2.0,2.0,0.0,16.0,0.0,0.0,3.6111497636047325,1.0,3.0,5.0,9.0,1.0,1.0,0.0,1.0,0.0,0.0,0.0,0.0,247.0,1.0,6.0,11.0,1.0,1.0,0.0,0.0,4.0,3.0,1.0,1.0,1.0,7.0,0.06774387212166051,7.0,4.0,11.0,81.0,3.0,1.0,1280.0,800.0,4.0,1.0,1
46.0,1.0,1.0,0.0,4.0,2.0,0.0,14.0,0.0,0.0,2.948197304322493,0.0,0.0,59.0,8.0,1.0,0.0,0.0,0.0,1.0,0.0,0.0,1.0,183.0,1.0,6.0,7.0,1.0,1.0,0.0,0.0,3.0,4.0,1.0,0.0,1.0,16.0,0.8870709834406159,3.0,3.0,7.0,107.0,2.0,1.0,1280.0,800.0,11.0,0.0,1
39.0,0.0,1.0,0.0,2.0,2.0,0.0,10.0,8.0,0.8,3.2790637085889083,0.0,0.0,43.0,8.0,0.0,0.0,0.0,0.0,0.0,0.0,0.0,0.0,309.0,1.0,1.0,4.0,1.0,0.0,1.0,2.0,2.0,4.0,0.0,1.0,1.0,43.0,0.24748134472702701,2.0,4.0,4.0,60.0,11.0,1.0,1280.0,800.0,11.0,0.0,1
77.0,0.0,2.0,0.0,0.0,3.0,0.0,26.0,10.0,0.38461538461538464,3.3175088837083506,0.0,1.0,49.0,41.0,0.0,1.0,0.0,1.0,0.0,0.0,0.0,0.0,179.0,1.0,1.0,7.0,1.0,1.0,0.0,0.0,2.0,1.0,0.0,1.0,1.0,18.0,0.2784312545042724,4.0,4.0,7.0,116.0,6.0,1.0,1280.0,800.0,0.0,0.0,1
81.0,1.0,2.0,0.0,2.0,3.0,0.0,17.0,2.0,0.11764705882352941,3.473903715844014,0.0,0.0,52.0,36.0,0.0,1.0,0.0,1.0,0.0,1.0,0.0,0.0,202.0,1.0,0.0,2.0,1.0,0.0,0.0,0.0,1.0,3.0,0.0,1.0,1.0,14.0,0.6657947529469023,5.0,5.0,2.0,9.0,12.0,1.0,1280.0,800.0,12.0,0.0,1
88.0,1.0,0.0,0.0,2.0,1.0,0.0,13.0,0.0,0.0,3.8912914267234955,1.0,0.0,13.0,11.0,0.0,1.0,0.0,1.0,1.0,0.0,0.0,1.0,22.0,1.0,0.0,11.0,0.0,1.0,0.0,0.0,1.0,1.0,0.0,1.0,1.0,23.0,0.7430350762033627,7.0,1.0,11.0,41.0,13.0,1.0,1280.0,800.0,11.0,0.0,1
81.0,1.0,1.0,0.0,4.0,2.0,1.0,13.0,0.0,0.0,3.488342592573958,0.0,2.0,57.0,17.0,0.0,1.0,0.0,1.0,1.0,0.0,0.0,1.0,181.0,1.0,1.0,7.0,0.0,0.0,0.0,0.0,2.0,1.0,1.0,0.0,0.0,34.0,0.8025210372838727,4.0,2.0,7.0,65.0,2.0,1.0,1280.0,800.0,14.0,0.0,1
54.0,0.0,0.0,1.0,0.0,1.0,0.0,15.0,3.0,0.7039800181799029,2.546224037614229,0.0,1.0,6.0,13.0,1.0,1.0,0.0,1.0,0.0,0.0,0.0,0.0,55.0,1.0,1.0,11.0,1.0,0.0,0.0,0.0,2.0,2.0,0.0,1.0,1.0,37.0,0.1329501898658471,6.0,1.0,11.0,21.0,0.0,1.0,1280.0,800.0,3.0,1.0,1
48.0,0.0,0.0,0.0,2.0,1.0,0.0,11.0,2.0,0.18181818181818182,3.2842444584985335,0.0,0.0,55.0,41.0,0.0,1.0,0.0,1.0,0.0,0.0,0.0,0.0,151.0,1.0,0.0,2.0,1.0,1.0,0.0,0.0,2.0,1.0,0.0,0.0,1.0,19.0,0.2908778691585612,6.0,2.0,2.0,106.0,5.0,1.0,1280.0,800.0,11.0,0.0,1
64.0,1.0,3.0,0.0,4.0,4.0,1.0,24.0,8.0,0.3333333333333333,3.1249432511292543,0.0,2.0,35.0,31.0,0.0,1.0,0.0,1.0,1.0,0.0,0.0,1.0,40.0,1.0,0.0,2.0,0.0,1.0,1.0,0.0,2.0,3.0,1.0,1.0,1.0,10.0,0.8393748910220538,7.0,2.0,2.0,16.0,2.0,1.0,1280.0,800.0,1.0,0.0,1
38.0,0.0,1.0,0.0,3.0,2.0,0.0,25.0,2.0,0.08,3.716057939158205,0.0,0.0,5.0,5.0,0.0,1.0,0.0,1.0,0.0,0.0,0.0,0.0,48.0,1.0,1.0,6.0,1.0,1.0,0.0,0.0,0.0,2.0,1.0,0.0,1.0,35.0,0.03519004365795867,5.0,3.0,6.0,42.0,9.0,1.0,1280.0,800.0,7.0,0.0,1
69.0,1.0,0.0,1.0,0.0,1.0,0.0,15.0,3.0,0.7466937869955836,2.9289488573993405,0.0,1.0,15.0,10.0,0.0,1.0,0.0,1.0,1.0,0.0,0.0,1.0,300.0,1.0,0.0,6.0,0.0,1.0,0.0,0.0,1.0,2.0,0.0,0.0,1.0,41.0,0.8401941866701015,5.0,2.0,6.0,69.0,7.0,1.0,1280.0,800.0,8.0,0.0,1
88.0,1.0,2.0,0.0,3.0,3.0,1.0,22.0,5.0,0.22727272727272727,3.6460543065767013,0.0,0.0,11.0,10.0,0.0,0.0,0.0,0.0,1.0,0.0,0.0,1.0,172.0,1.0,1.0,3.0,1.0,0.0,0.0,0.0,1.0,2.0,1.0,0.0,1.0,40.0,0.6426511677824187,5.0,3.0,3.0,69.0,4.0,1.0,1280.0,800.0,9.0,0.0,1
56.0,1.0,1.0,0.0,1.0,2.0,0.0,21.0,2.0,0.09523809523809523,3.799886527798327,0.0,2.0,41.0,21.0,1.0,1.0,0.0,1.0,1.0,0.0,0.0,1.0,146.0,1.0,1.0,8.0,0.0,1.0,2.0,1.0,3.0,5.0,1.0,1.0,1.0,43.0,0.7256862146872775,5.0,2.0,8.0,98.0,10.0,1.0,1280.0,800.0,12.0,0.0,1
94.0,1.0,3.0,0.0,0.0,4.0,1.0,19.0,12.0,0.631578947368421,3.5611724199497887,0.0,0.0,52.0,10.0,0.0,1.0,0.0,1.0,1.0,0.0,0.0,1.0,280.0,1.0,1.0,7.0,1.0,1.0,0.0,0.0,2.0,2.0,0.0,0.0,1.0,14.0,0.9171801765587793,6.0,5.0,7.0,27.0,9.0,1.0,1280.0,800.0,14.0,1.0,1
90.0,1.0,2.0,0.0,1.0,3.0,1.0,12.0,5.0,0.4166666666666667,3.0629458430811485,0.0,1.0,8.0,30.0,0.0,1.0,0.0,1.0,1.0,0.0,0.0,1.0,315.0,1.0,1.0,8.0,1.0,1.0,0.0,0.0,4.0,1.0,1.0,0.0,1.0,7.0,0.8331522622241911,1.0,3.0,8.0,118.0,1.0,1.0,1280.0,800.0,6.0,0.0,1
40.0,0.0,1.0,0.0,2.0,2.0,0.0,19.0,0.0,0.0,3.4418585997186746,1.0,0.0,40.0,2.0,0.0,1.0,0.0,1.0,0.0,0.0,0.0,0.0,158.0,1.0,1.0,10.0,1.0,1.0,0.0,0.0,0.0,1.0,1.0,0.0,1.0,33.0,0.04521493045050625,3.0,2.0,10.0,80.0,9.0,1.0,1280.0,800.0,4.0,1.0,1
92.0,1.0,2.0,0.0,1.0,3.0,0.0,18.0,5.0,0.2777777777777778,3.0479440009838346,0.0,0.0,23.0,29.0,1.0,1.0,0.0,1.0,1.0,0.0,0.0,1.0,175.0,1.0,0.0,9.0,0.0,0.0,0.0,1.0,13.0,3.0,0.0,0.0,1.0,21.0,0.9412571147668546,4.0,2.0,9.0,98.0,6.0,1.0,1280.0,800.0,8.0,0.0,1
36.0,1.0,2.0,0.0,1.0,3.0,1.0,11.0,8.0,0.7272727272727273,3.2984774092030227,0.0,2.0,39.0,25.0,0.0,1.0,0.0,1.0,1.0,0.0,0.0,1.0,27.0,2.0,0.0,4.0,1.0,0.0,1.0,2.0,2.0,3.0,1.0,0.0,1.0,8.0,0.9433486321510561,6.0,5.0,4.0,41.0,10.0,1.0,1280.0,800.0,13.0,1.0,1
57.0,1.0,1.0,0.0,1.0,2.0,0.0,17.0,13.0,0.4835087197335206,4.196377836642972,0.0,0.0,25.0,0.0,0.0,1.0,0.0,1.0,1.0,0.0,0.0,1.0,228.0,1.0,0.0,11.0,0.0,0.0,0.0,1.0,4.0,3.0,1.0,1.0,1.0,21.0,0.7393056670326391,5.0,1.0,11.0,66.0,10.0,1.0,1280.0,800.0,12.0,0.0,1
62.0,1.0,1.0,0.0,1.0,2.0,0.0,16.0,0.0,0.0,3.842086299258337,1.0,2.0,39.0,19.0,0.0,1.0,0.0,1.0,1.0,0.0,0.0,1.0,77.0,1.0,1.0,9.0,0.0,0.0,0.0,0.0,1.0,2.0,1.0,1.0,0.0,9.0,0.8475102849661689,4.0,1.0,9.0,101.0,11.0,1.0,1280.0,800.0,2.0,0.0,1
36.0,1.0,0.0,1.0,0.0,1.0,0.0,15.0,3.0,0.7365841626008696,3.0340120487298536,0.0,0.0,40.0,5.0,0.0,0.0,0.0,0.0,1.0,0.0,0.0,1.0,276.0,1.0,0.0,1.0,0.0,0.0,0.0,0.0,2.0,1.0,1.0,0.0,0.0,19.0,0.9133283030182876,6.0,4.0,1.0,75.0,14.0,1.0,1280.0,800.0,13.0,0.0,1
93.0,0.0,2.0,0.0,4.0,3.0,1.0,23.0,5.0,0.21739130434782608,2.860487474454342,0.0,2.0,26.0,25.0,0.0,0.0,0.0,0.0,0.0,0.0,0.0,0.0,334.0,1.0,0.0,8.0,1.0,1.0,2.0,1.0,0.0,3.0,0.0,1.0,1.0,30.0,0.07987660918676097,1.0,4.0,8.0,19.0,14.0,1.0,1280.0,800.0,2.0,1.0,1
76.0,1.0,0.0,1.0,0.0,1.0,0.0,15.0,3.0,0.6414368230267513,3.0577973510314345,0.0,0.0,8.0,31.0,0.0,1.0,0.0,1.0,1.0,0.0,0.0,1.0,227.0,1.0,1.0,8.0,1.0,0.0,1.0,0.0,1.0,3.0,1.0,1.0,1.0,8.0,0.9660106440477773,3.0,1.0,8.0,28.0,11.0,1.0,1280.0,800.0,13.0,0.0,1
37.0,1.0,1.0,0.0,4.0,2.0,1.0,18.0,8.0,0.4444444444444444,3.5323957335661067,0.0,0.0,50.0,28.0,0.0,1.0,0.0,1.0,1.0,0.0,0.0,1.0,47.0,1.0,6.0,10.0,1.0,1.0,0.0,0.0,3.0,3.0,1.0,1.0,1.0,27.0,0.8756124628320059,2.0,1.0,10.0,62.0,6.0,1.0,1280.0,800.0,1.0,0.0,1
60.0,1.0,3.0,0.0,1.0,4.0,0.0,26.0,8.0,0.3076923076923077,3.1392503903969113,0.0,1.0,27.0,0.0,0.0,1.0,0.0,1.0,1.0,0.0,0.0,1.0,110.0,1.0,1.0,11.0,1.0,1.0,0.0,0.0,1.0,4.0,0.0,0.0,1.0,40.0,0.8161976190261678,6.0,4.0,11.0,88.0,2.0,1.0,1280.0,800.0,13.0,0.0,1
63.0,0.0,1.0,0.0,2.0,2.0,0.0,21.0,0.0,0.0,3.596342071892523,1.0,0.0,57.0,18.0,0.0,1.0,0.0,1.0,0.0,0.0,0.0,0.0,52.0,2.0,0.0,5.0,1.0,0.0,0.0,0.0,0.0,2.0,0.0,0.0,1.0,37.0,0.05567335123435108,4.0,2.0,5.0,35.0,13.0,1.0,1280.0,800.0,14.0,0.0,1
79.0,0.0,1.0,0.0,2.0,2.0,1.0,17.0,2.0,0.11764705882352941,3.280748783761841,0.0,0.0,23.0,36.0,0.0,1.0,0.0,1.0,0.0,0.0,0.0,0.0,259.0,1.0,0.0,8.0,0.0,1.0,1.0,0.0,1.0,3.0,1.0,1.0,1.0,42.0,0.1029246727231517,2.0,3.0,8.0,75.0,0.0,1.0,1280.0,800.0,10.0,1.0,1
77.0,1.0,0.0,0.0,1.0,1.0,0.0,22.0,14.0,0.6325081009014488,3.7219495529373035,0.0,0.0,54.0,12.0,0.0,1.0,0.0,1.0,1.0,0.0,0.0,1.0,47.0,2.0,0.0,2.0,1.0,1.0,0.0,0.0,2.0,3.0,0.0,0.0,1.0,21.0,0.8850675535289634,5.0,5.0,2.0,88.0,0.0,1.0,1280.0,800.0,13.0,1.0,1
71.0,1.0,1.0,0.0,1.0,2.0,0.0,21.0,0.0,0.0,2.9189413781520104,0.0,0.0,47.0,12.0,0.0,1.0,0.0,1.0,1.0,0.0,0.0,1.0,310.0,1.0,0.0,8.0,1.0,1.0,0.0,1.0,4.0,1.0,0.0,0.0,1.0,27.0,0.6359264937951006,6.0,5.0,8.0,27.0,0.0,1.0,1280.0,800.0,0.0,0.0,1
55.0,1.0,0.0,0.0,1.0,1.0,0.0,16.0,5.0,0.3125,2.9016400145568424,0.0,2.0,37.0,3.0,0.0,0.0,0.0,0.0,1.0,0.0,0.0,1.0,130.0,1.0,6.0,1.0,0.0,1.0,0.0,0.0,15.0,2.0,1.0,0.0,1.0,17.0,0.8622754386629767,1.0,3.0,1.0,3.0,4.0,1.0,1280.0,800.0,10.0,1.0,1
46.0,0.0,1.0,0.0,1.0,2.0,1.0,15.0,13.0,0.39164107300753503,3.4014637891566455,0.0,0.0,10.0,26.0,0.0,1.0,0.0,1.0,0.0,0.0,0.0,0.0,238.0,1.0,1.0,2.0,1.0,1.0,0.0,0.0,3.0,1.0,0.0,1.0,1.0,44.0,0.08264035528411721,4.0,4.0,2.0,113.0,13.0,1.0,1280.0,800.0,10.0,0.0,1
71.0,1.0,2.0,0.0,2.0,3.0,1.0,24.0,12.0,0.5,3.2958379652898815,0.0,0.0,58.0,18.0,0.0,1.0,0.0,1.0,1.0,0.0,0.0,1.0,254.0,1.0,6.0,9.0,1.0,1.0,0.0,0.0,1.0,4.0,0.0,0.0,1.0,19.0,0.9230991771550393,3.0,3.0,9.0,3.0,3.0,1.0,1280.0,800.0,13.0,1.0,1
76.0,1.0,0.0,0.0,1.0,1.0,0.0,15.0,0.0,0.0,2.9746093940526834,0.0,0.0,15.0,4.0,0.0,1.0,0.0,1.0,1.0,0.0,0.0,1.0,310.0,1.0,0.0,8.0,1.0,1.0,0.0,1.0,3.0,3.0,0.0,1.0,1.0,25.0,0.8597749581865883,7.0,3.0,8.0,98.0,6.0,1.0,1280.0,800.0,3.0,0.0,1
62.0,1.0,0.0,0.0,4.0,1.0,1.0,16.0,5.0,0.3125,2.8941811582763552,0.0,0.0,51.0,38.0,0.0,0.0,0.0,0.0,1.0,0.0,0.0,1.0,345.0,2.0,0.0,4.0,0.0,1.0,0.0,0.0,1.0,3.0,0.0,0.0,1.0,43.0,0.656557770202388,6.0,3.0,4.0,25.0,7.0,1.0,1280.0,800.0,13.0,0.0,1
71.0,0.0,0.0,1.0,0.0,1.0,0.0,15.0,3.0,0.755648766602827,3.011053233506197,0.0,1.0,30.0,10.0,0.0,1.0,0.0,1.0,0.0,0.0,0.0,0.0,99.0,1.0,0.0,4.0,0.0,0.0,0.0,0.0,2.0,1.0,0.0,1.0,0.0,5.0,0.2877619650598999,5.0,5.0,4.0,1.0,10.0,1.0,1280.0,800.0,14.0,0.0,1
35.0,0.0,2.0,0.0,4.0,3.0,1.0,17.0,5.0,0.29411764705882354,2.9447310154868567,0.0,0.0,52.0,37.0,0.0,1.0,0.0,1.0,0.0,0.0,0.0,0.0,34.0,2.0,1.0,10.0,1.0,1.0,0.0,1.0,4.0,1.0,1.0,1.0,1.0,43.0,0.06961600300207894,5.0,2.0,10.0,43.0,9.0,1.0,1280.0,800.0,4.0,0.0,1
68.0,1.0,0.0,1.0,0.0,1.0,0.0,15.0,3.0,0.7645754495569483,2.875544108897375,0.0,0.0,18.0,39.0,0.0,0.0,0.0,0.0,1.0,0.0,0.0,1.0,289.0,1.0,0.0,10.0,1.0,0.0,0.0,0.0,3.0,3.0,1.0,1.0,1.0,14.0,0.9876707516756984,6.0,5.0,10.0,68.0,6.0,1.0,1280.0,800.0,0.0,0.0,1
43.0,1.0,0.0,0.0,2.0,1.0,0.0,16.0,5.0,0.3125,3.558259844536019,0.0,0.0,38.0,34.0,0.0,0.0,0.0,0.0,1.0,0.0,0.0,1.0,45.0,1.0,0.0,10.0,1.0,1.0,0.0,0.0,3.0,3.0,0.0,1.0,1.0,38.0,0.8527492514557447,5.0,4.0,10.0,107.0,0.0,1.0,1280.0,800.0,9.0,0.0,1
51.0,1.0,2.0,0.0,3.0,3.0,1.0,18.0,8.0,0.4444444444444444,3.8590374383996995,0.0,0.0,39.0,1.0,0.0,0.0,0.0,0.0,1.0,0.0,0.0,1.0,245.0,1.0,0.0,4.0,1.0,0.0,0.0,0.0,0.0,2.0,0.0,0.0,1.0,24.0,0.9644413479212725,3.0,3.0,4.0,41.0,3.0,1.0,1280.0,800.0,8.0,1.0,1
48.0,1.0,3.0,0.0,3.0,4.0,1.0,23.0,0.0,0.0,3.0334583614776904,0.0,0.0,36.0,13.0,0.0,1.0,0.0,1.0,1.0,0.0,0.0,1.0,180.0,1.0,6.0,1.0,0.0,1.0,0.0,0.0,0.0,1.0,1.0,1.0,1.0,8.0,0.852122334830129,7.0,3.0,1.0,33.0,13.0,1.0,1280.0,800.0,10.0,0.0,1
66.0,1.0,0.0,1.0,0.0,1.0,0.0,15.0,3.0,0.7978635827760072,2.733719004278716,0.0,2.0,15.0,44.0,0.0,0.0,0.0,0.0,1.0,0.0,0.0,1.0,221.0,1.0,0.0,9.0,1.0,0.0,0.0,0.0,4.0,1.0,0.0,1.0,1.0,29.0,0.632117037836926,3.0,3.0,9.0,6.0,7.0,1.0,1280.0,800.0,6.0,0.0,1
37.0,1.0,3.0,0.0,3.0,4.0,1.0,10.0,5.0,0.5,3.423795908185346,0.0,0.0,47.0,1.0,0.0,1.0,0.0,1.0,0.0,1.0,0.0,0.0,53.0,1.0,0.0,9.0,1.0,0.0,0.0,1.0,3.0,2.0,0.0,1.0,1.0,22.0,0.8793843530011062,4.0,2.0,9.0,61.0,9.0,1.0,1280.0,800.0,11.0,0.0,1
90.0,1.0,2.0,0.0,4.0,3.0,0.0,14.0,0.0,0.0,3.062683808702336,0.0,0.0,19.0,14.0,0.0,1.0,0.0,1.0,1.0,0.0,0.0,1.0,135.0,1.0,0.0,7.0,0.0,1.0,0.0,0.0,2.0,1.0,1.0,1.0,1.0,18.0,0.6776503735154149,6.0,3.0,7.0,23.0,14.0,1.0,1280.0,800.0,13.0,1.0,1
74.0,1.0,0.0,1.0,0.0,1.0,0.0,15.0,3.0,0.7124087167126814,2.9316809974852056,0.0,0.0,11.0,41.0,0.0,0.0,0.0,0.0,1.0,0.0,0.0,1.0,179.0,2.0,0.0,2.0,1.0,1.0,0.0,0.0,1.0,3.0,0.0,1.0,1.0,34.0,0.9177252481064635,7.0,3.0,2.0,32.0,5.0,1.0,1280.0,800.0,12.0,0.0,1
64.0,1.0,0.0,0.0,4.0,1.0,0.0,13.0,0.0,0.0,2.9288092195623676,0.0,2.0,8.0,20.0,0.0,0.0,0.0,0.0,1.0,0.0,0.0,1.0,72.0,1.0,0.0,10.0,1.0,1.0,0.0,1.0,2.0,3.0,0.0,1.0,1.0,28.0,0.7291937482408759,6.0,3.0,10.0,56.0,5.0,0.0,1280.0,800.0,11.0,0.0,1
91.0,1.0,0.0,0.0,2.0,1.0,1.0,24.0,2.0,0.08333333333333333,3.1496996892353444,0.0,0.0,18.0,4.0,0.0,1.0,0.0,1.0,1.0,0.0,0.0,1.0,229.0,1.0,0.0,4.0,1.0,1.0,0.0,0.0,3.0,2.0,1.0,0.0,1.0,43.0,0.7941374746782528,7.0,3.0,4.0,106.0,9.0,1.0,1280.0,800.0,3.0,0.0,1
85.0,1.0,0.0,1.0,0.0,1.0,0.0,15.0,3.0,0.7084080130196287,2.7126925993778586,0.0,0.0,48.0,0.0,0.0,1.0,0.0,1.0,0.0,0.0,0.0,0.0,227.0,1.0,0.0,8.0,0.0,1.0,1.0,0.0,4.0,3.0,1.0,1.0,1.0,40.0,0.9945833259282396,2.0,3.0,8.0,52.0,8.0,1.0,1280.0,800.0,12.0,0.0,1
51.0,1.0,1.0,0.0,2.0,2.0,1.0,13.0,2.0,0.15384615384615385,3.2713893986393643,0.0,0.0,27.0,36.0,0.0,1.0,0.0,1.0,1.0,0.0,0.0,1.0,250.0,1.0,1.0,1.0,1.0,1.0,0.0,0.0,3.0,4.0,1.0,0.0,1.0,25.0,0.9105562942599924,5.0,3.0,1.0,97.0,10.0,1.0,1280.0,800.0,1.0,1.0,1
50.0,0.0,1.0,0.0,1.0,2.0,0.0,21.0,0.0,0.0,3.1350630663528993,1.0,1.0,30.0,37.0,0.0,1.0,0.0,1.0,0.0,0.0,0.0,0.0,29.0,2.0,0.0,3.0,1.0,1.0,0.0,1.0,1.0,2.0,0.0,0.0,1.0,12.0,0.14681926347247157,6.0,4.0,3.0,95.0,11.0,1.0,1280.0,800.0,12.0,1.0,1
76.0,1.0,1.0,0.0,4.0,2.0,1.0,24.0,5.0,0.20833333333333334,3.3959238911954435,0.0,1.0,15.0,9.0,0.0,1.0,0.0,1.0,1.0,0.0,0.0,1.0,104.0,1.0,0.0,8.0,1.0,0.0,1.0,2.0,0.0,3.0,0.0,1.0,1.0,26.0,0.9303312764057137,6.0,1.0,8.0,73.0,9.0,1.0,1280.0,800.0,1.0,0.0,1
52.0,1.0,1.0,0.0,1.0,2.0,0.0,15.0,10.0,0.6666666666666666,3.5713280459172907,0.0,0.0,7.0,2.0,0.0,1.0,0.0,1.0,1.0,0.0,0.0,1.0,94.0,1.0,0.0,8.0,1.0,1.0,0.0,1.0,1.0,3.0,1.0,0.0,1.0,38.0,0.8057872118760243,7.0,2.0,8.0,114.0,6.0,1.0,1280.0,800.0,13.0,1.0,1
59.0,1.0,1.0,0.0,1.0,2.0,1.0,19.0,7.0,0.495923376972519,3.3818637295444915,0.0,0.0,22.0,35.0,0.0,0.0,0.0,0.0,1.0,0.0,0.0,1.0,345.0,2.0,6.0,7.0,0.0,1.0,0.0,0.0,3.0,2.0,1.0,0.0,1.0,38.0,0.8144972733542486,4.0,4.0,7.0,3.0,6.0,1.0,1280.0,800.0,14.0,1.0,1
52.0,1.0,1.0,0.0,1.0,2.0,1.0,15.0,8.0,0.5333333333333333,3.7432422982918827,0.0,0.0,17.0,22.0,0.0,0.0,0.0,0.0,0.0,1.0,1.0,0.0,55.0,1.0,1.0,8.0,1.0,1.0,1.0,0.0,13.0,3.0,0.0,0.0,1.0,26.0,0.8220238819356308,5.0,2.0,8.0,13.0,7.0,1.0,1280.0,800.0,4.0,1.0,1
54.0,1.0,1.0,0.0,1.0,2.0,0.0,19.0,5.0,0.2631578947368421,3.3156668376369423,0.0,1.0,55.0,4.0,0.0,1.0,0.0,1.0,0.0,0.0,0.0,0.0,160.0,1.0,0.0,9.0,1.0,1.0,1.0,0.0,3.0,2.0,1.0,0.0,1.0,8.0,0.6711876528598736,3.0,3.0,9.0,9.0,8.0,1.0,1280.0,800.0,1.0,0.0,1
71.0,1.0,2.0,0.0,1.0,3.0,1.0,15.0,10.0,0.6666666666666666,3.4612509078309173,0.0,1.0,57.0,44.0,0.0,1.0,0.0,1.0,1.0,0.0,0.0,1.0,340.0,1.0,0.0,4.0,1.0,1.0,1.0,0.0,1.0,4.0,1.0,1.0,1.0,10.0,0.8053849593725255,7.0,5.0,4.0,63.0,9.0,1.0,1280.0,800.0,11.0,0.0,1
71.0,1.0,1.0,0.0,4.0,2.0,1.0,13.0,2.0,0.15384615384615385,2.9674468703391246,0.0,0.0,23.0,30.0,0.0,1.0,0.0,1.0,1.0,0.0,0.0,1.0,247.0,1.0,0.0,5.0,1.0,1.0,0.0,0.0,3.0,1.0,0.0,0.0,1.0,30.0,0.7766800818181996,1.0,3.0,5.0,106.0,10.0,1.0,1280.0,800.0,0.0,0.0,1
53.0,1.0,1.0,0.0,3.0,2.0,1.0,11.0,5.0,0.45454545454545453,3.643925097486947,0.0,0.0,43.0,30.0,0.0,1.0,0.0,1.0,1.0,0.0,0.0,1.0,242.0,1.0,0.0,3.0,1.0,0.0,0.0,0.0,2.0,3.0,1.0,1.0,1.0,24.0,0.6907544535270164,2.0,3.0,3.0,88.0,12.0,1.0,1280.0,800.0,10.0,1.0,1
36.0,1.0,2.0,0.0,4.0,3.0,1.0,18.0,2.0,0.1111111111111111,3.4729466684673933,0.0,0.0,40.0,18.0,0.0,1.0,0.0,1.0,1.0,0.0,0.0,1.0,235.0,2.0,0.0,11.0,1.0,1.0,0.0,0.0,2.0,1.0,0.0,0.0,1.0,32.0,0.8731349197594164,2.0,3.0,11.0,50.0,2.0,1.0,1280.0,800.0,8.0,1.0,1
39.0,1.0,3.0,0.0,1.0,4.0,1.0,10.0,8.0,0.8,3.5760549283954357,0.0,0.0,39.0,4.0,0.0,1.0,0.0,1.0,1.0,0.0,0.0,1.0,246.0,2.0,0.0,7.0,0.0,1.0,0.0,0.0,2.0,2.0,0.0,0.0,1.0,8.0,0.9196026629761037,5.0,1.0,7.0,95.0,14.0,1.0,1280.0,800.0,6.0,0.0,1
60.0,1.0,2.0,0.0,1.0,3.0,0.0,17.0,0.0,0.0,3.2152925713854437,0.0,0.0,37.0,15.0,0.0,0.0,0.0,0.0,1.0,0.0,0.0,1.0,213.0,1.0,0.0,2.0,1.0,0.0,0.0,1.0,1.0,4.0,0.0,0.0,1.0,30.0,0.9641599472516543,5.0,2.0,2.0,54.0,12.0,1.0,1280.0,800.0,1.0,0.0,1
70.0,1.0,2.0,0.0,2.0,3.0,1.0,10.0,2.0,0.2,2.901298407943065,0.0,0.0,49.0,41.0,0.0,1.0,0.0,1.0,1.0,0.0,0.0,1.0,173.0,1.0,1.0,5.0,1.0,1.0,1.0,1.0,2.0,4.0,0.0,1.0,1.0,8.0,0.6760889640189922,5.0,4.0,5.0,36.0,1.0,1.0,1280.0,800.0,14.0,0.0,1
94.0,0.0,1.0,0.0,1.0,2.0,0.0,21.0,2.0,0.09523809523809523,3.5818934596507317,0.0,0.0,40.0,13.0,0.0,1.0,0.0,1.0,0.0,0.0,0.0,0.0,166.0,1.0,0.0,9.0,0.0,0.0,0.0,1.0,14.0,2.0,1.0,0.0,1.0,20.0,0.1816585821332919,2.0,5.0,9.0,91.0,0.0,1.0,1280.0,800.0,9.0,0.0,1
49.0,0.0,3.0,0.0,1.0,4.0,0.0,26.0,0.0,0.0,3.5725693741210076,0.0,1.0,58.0,14.0,0.0,1.0,0.0,1.0,0.0,0.0,0.0,0.0,200.0,1.0,6.0,1.0,1.0,1.0,0.0,0.0,3.0,1.0,0.0,0.0,1.0,20.0,0.24282793986410478,4.0,4.0,1.0,107.0,9.0,1.0,1280.0,800.0,9.0,0.0,1
78.0,1.0,2.0,0.0,1.0,3.0,1.0,25.0,8.0,0.32,3.6982140005648305,0.0,0.0,41.0,3.0,0.0,1.0,0.0,1.0,1.0,0.0,0.0,1.0,208.0,1.0,0.0,5.0,1.0,1.0,0.0,1.0,0.0,3.0,0.0,0.0,1.0,14.0,0.601811905803941,3.0,1.0,5.0,53.0,7.0,1.0,1280.0,800.0,13.0,0.0,1
41.0,1.0,0.0,0.0,4.0,1.0,0.0,11.0,5.0,0.45454545454545453,3.773607954537733,0.0,0.0,23.0,26.0,0.0,1.0,0.0,1.0,1.0,0.0,0.0,1.0,245.0,1.0,1.0,6.0,1.0,0.0,0.0,0.0,2.0,3.0,1.0,0.0,1.0,12.0,0.9166541630184697,1.0,5.0,6.0,44.0,14.0,1.0,1280.0,800.0,6.0,0.0,1
75.0,0.0,0.0,0.0,2.0,1.0,1.0,15.0,10.0,0.3507615473790744,3.8865383137756435,0.0,0.0,59.0,29.0,1.0,0.0,0.0,0.0,0.0,0.0,0.0,0.0,259.0,1.0,1.0,4.0,0.0,1.0,0.0,0.0,4.0,1.0,0.0,1.0,1.0,44.0,0.030414117602169177,2.0,2.0,4.0,76.0,1.0,1.0,1280.0,800.0,2.0,0.0,1
66.0,1.0,1.0,0.0,4.0,2.0,1.0,24.0,2.0,0.08333333333333333,3.6232755279253253,0.0,0.0,5.0,38.0,0.0,0.0,0.0,0.0,1.0,0.0,0.0,1.0,21.0,1.0,0.0,9.0,1.0,1.0,0.0,1.0,1.0,4.0,0.0,1.0,1.0,14.0,0.7184447000117321,6.0,2.0,9.0,33.0,6.0,1.0,1280.0,800.0,7.0,0.0,1
84.0,0.0,0.0,0.0,2.0,1.0,0.0,21.0,2.0,0.09523809523809523,3.553596074443318,0.0,0.0,39.0,15.0,0.0,1.0,0.0,1.0,0.0,0.0,0.0,0.0,227.0,1.0,6.0,7.0,1.0,1.0,1.0,1.0,4.0,5.0,0.0,0.0,1.0,25.0,0.14767609750877894,4.0,3.0,7.0,2.0,2.0,1.0,1280.0,800.0,12.0,1.0,1
36.0,1.0,3.0,0.0,1.0,4.0,0.0,13.0,12.0,0.9230769230769231,3.52309819756114,0.0,1.0,41.0,32.0,0.0,1.0,0.0,1.0,1.0,0.0,0.0,1.0,168.0,1.0,0.0,9.0,1.0,1.0,0.0,0.0,0.0,1.0,1.0,0.0,1.0,27.0,0.8636533218053832,2.0,5.0,9.0,94.0,5.0,1.0,1280.0,800.0,8.0,0.0,1
58.0,0.0,0.0,1.0,0.0,1.0,0.0,15.0,3.0,0.6768617543706138,2.9015843037502558,0.0,2.0,22.0,13.0,0.0,0.0,0.0,0.0,0.0,0.0,0.0,0.0,228.0,1.0,0.0,8.0,0.0,1.0,0.0,0.0,0.0,1.0,0.0,0.0,1.0,33.0,0.04856756521787246,4.0,2.0,8.0,59.0,3.0,1.0,1280.0,800.0,1.0,0.0,1
86.0,1.0,2.0,0.0,2.0,3.0,1.0,24.0,2.0,0.08333333333333333,3.424844586217914,0.0,0.0,31.0,42.0,0.0,0.0,0.0,0.0,0.0,0.0,0.0,0.0,110.0,1.0,1.0,7.0,0.0,0.0,1.0,0.0,13.0,3.0,0.0,1.0,1.0,8.0,0.757205754845705,7.0,5.0,7.0,83.0,7.0,1.0,1280.0,800.0,14.0,0.0,1
39.0,1.0,0.0,0.0,2.0,1.0,0.0,16.0,0.0,0.0,3.7935656656686816,1.0,2.0,41.0,9.0,0.0,1.0,0.0,1.0,1.0,0.0,0.0,1.0,281.0,1.0,0.0,2.0,1.0,1.0,0.0,0.0,3.0,1.0,0.0,0.0,1.0,43.0,0.838950461677293,1.0,3.0,2.0,95.0,9.0,1.0,1280.0,800.0,14.0,0.0,1
91.0,1.0,1.0,0.0,4.0,2.0,1.0,20.0,0.0,0.0,3.7955925977854617,0.0,0.0,20.0,4.0,0.0,1.0,0.0,1.0,0.0,1.0,0.0,0.0,177.0,1.0,0.0,5.0,1.0,1.0,0.0,0.0,3.0,4.0,1.0,0.0,1.0,23.0,0.7205575947166947,5.0,1.0,5.0,91.0,4.0,1.0,1280.0,800.0,4.0,1.0,1
60.0,1.0,3.0,0.0,3.0,4.0,1.0,16.0,0.0,0.0,3.4254900750672923,0.0,0.0,42.0,17.0,0.0,1.0,0.0,1.0,1.0,0.0,0.0,1.0,338.0,1.0,1.0,1.0,1.0,1.0,0.0,0.0,4.0,3.0,0.0,0.0,1.0,15.0,0.7701444415807994,4.0,4.0,1.0,95.0,9.0,1.0,1280.0,800.0,14.0,0.0,1
74.0,1.0,0.0,0.0,2.0,1.0,1.0,15.0,2.0,0.13333333333333333,3.2225739427981805,0.0,1.0,47.0,41.0,0.0,0.0,0.0,0.0,1.0,0.0,0.0,1.0,39.0,1.0,0.0,4.0,1.0,1.0,1.0,0.0,3.0,1.0,1.0,1.0,1.0,44.0,0.7295795900008769,7.0,3.0,4.0,4.0,3.0,1.0,1280.0,800.0,3.0,0.0,1
56.0,1.0,2.0,0.0,2.0,3.0,1.0,21.0,2.0,0.09523809523809523,3.815676588689249,0.0,2.0,18.0,7.0,0.0,0.0,0.0,0.0,1.0,0.0,0.0,1.0,80.0,1.0,1.0,11.0,1.0,0.0,0.0,1.0,4.0,2.0,0.0,0.0,1.0,42.0,0.7912527092653174,7.0,4.0,11.0,96.0,6.0,1.0,1280.0,800.0,5.0,0.0,1
66.0,0.0,0.0,0.0,2.0,1.0,0.0,13.0,0.0,0.0,3.2197596942378617,0.0,1.0,51.0,31.0,1.0,1.0,0.0,1.0,0.0,0.0,0.0,0.0,165.0,2.0,1.0,8.0,0.0,0.0,2.0,2.0,3.0,4.0,0.0,1.0,1.0,20.0,0.10931058772448406,4.0,4.0,8.0,30.0,8.0,1.0,1280.0,800.0,14.0,0.0,1
79.0,0.0,3.0,0.0,2.0,4.0,1.0,24.0,5.0,0.20833333333333334,3.2383054279632053,0.0,2.0,37.0,6.0,0.0,1.0,0.0,1.0,0.0,0.0,0.0,0.0,270.0,1.0,0.0,7.0,1.0,1.0,0.0,1.0,2.0,2.0,0.0,0.0,1.0,37.0,0.23820517340136124,6.0,4.0,7.0,64.0,0.0,1.0,1280.0,800.0,1.0,0.0,1
39.0,1.0,2.0,0.0,1.0,3.0,1.0,29.0,12.0,0.455744085918117,3.3030213828052806,0.0,0.0,27.0,22.0,0.0,1.0,0.0,1.0,1.0,0.0,0.0,1.0,173.0,1.0,0.0,6.0,0.0,1.0,0.0,0.0,0.0,2.0,0.0,0.0,1.0,26.0,0.9978918703674461,5.0,1.0,6.0,106.0,8.0,1.0,1280.0,800.0,0.0,0.0,1
53.0,1.0,3.0,0.0,0.0,4.0,1.0,19.0,12.0,0.631578947368421,3.7149677526490095,0.0,3.0,13.0,17.0,1.0,1.0,0.0,1.0,1.0,0.0,0.0,1.0,139.0,1.0,0.0,4.0,1.0,1.0,0.0,0.0,0.0,1.0,1.0,0.0,1.0,34.0,0.7464883331918774,6.0,1.0,4.0,108.0,11.0,1.0,1280.0,800.0,4.0,1.0,1
64.0,1.0,1.0,0.0,1.0,2.0,1.0,13.0,0.0,0.0,3.7019996716983066,0.0,2.0,45.0,39.0,0.0,1.0,0.0,1.0,1.0,0.0,0.0,1.0,89.0,1.0,0.0,1.0,1.0,0.0,1.0,1.0,0.0,5.0,0.0,1.0,1.0,37.0,0.7218651740745399,6.0,2.0,1.0,12.0,6.0,1.0,1280.0,800.0,12.0,1.0,1
85.0,0.0,2.0,0.0,1.0,3.0,0.0,13.0,2.0,0.15384615384615385,2.9662128110444486,0.0,1.0,51.0,24.0,0.0,1.0,0.0,1.0,0.0,0.0,0.0,0.0,333.0,1.0,1.0,4.0,1.0,1.0,0.0,0.0,3.0,1.0,0.0,0.0,1.0,39.0,0.26017272238517236,5.0,5.0,4.0,67.0,10.0,1.0,1280.0,800.0,6.0,0.0,1
84.0,1.0,0.0,0.0,2.0,1.0,0.0,18.0,11.0,0.6223456097775069,3.6487920567895338,0.0,1.0,33.0,23.0,0.0,1.0,0.0,1.0,1.0,0.0,0.0,1.0,321.0,1.0,0.0,10.0,1.0,0.0,1.0,1.0,3.0,2.0,0.0,0.0,1.0,17.0,0.9282017623512193,6.0,2.0,10.0,109.0,12.0,1.0,1280.0,800.0,10.0,0.0,1
75.0,1.0,0.0,1.0,0.0,1.0,0.0,15.0,3.0,0.7280014485819736,2.870815154127327,0.0,0.0,36.0,33.0,0.0,0.0,0.0,0.0,1.0,0.0,0.0,1.0,180.0,1.0,6.0,4.0,0.0,1.0,0.0,0.0,2.0,3.0,0.0,0.0,1.0,12.0,0.8691218851295237,5.0,2.0,4.0,5.0,11.0,1.0,1280.0,800.0,9.0,0.0,1
78.0,1.0,2.0,0.0,2.0,3.0,0.0,17.0,2.0,0.11764705882352941,3.5082302566512866,0.0,1.0,9.0,16.0,0.0,0.0,0.0,0.0,1.0,0.0,0.0,1.0,212.0,1.0,1.0,2.0,1.0,0.0,0.0,0.0,3.0,3.0,0.0,1.0,1.0,32.0,0.7491284911568171,7.0,4.0,2.0,63.0,0.0,1.0,1280.0,800.0,2.0,0.0,1
73.0,1.0,0.0,1.0,0.0,1.0,0.0,15.0,3.0,0.669312896383729,2.763326745393706,0.0,1.0,5.0,38.0,1.0,1.0,0.0,1.0,1.0,0.0,0.0,1.0,93.0,1.0,1.0,6.0,0.0,0.0,0.0,0.0,3.0,2.0,0.0,0.0,0.0,33.0,0.6834643566813708,3.0,3.0,6.0,49.0,4.0,1.0,1280.0,800.0,7.0,0.0,1
44.0,1.0,1.0,0.0,2.0,2.0,1.0,15.0,8.0,0.5409274666995358,3.6767686772048886,0.0,1.0,39.0,38.0,0.0,1.0,0.0,1.0,1.0,0.0,0.0,1.0,179.0,1.0,0.0,5.0,1.0,0.0,0.0,0.0,4.0,3.0,0.0,0.0,1.0,22.0,0.8651067676887765,7.0,3.0,5.0,22.0,5.0,1.0,1280.0,800.0,0.0,0.0,1
72.0,0.0,3.0,0.0,3.0,4.0,0.0,12.0,5.0,0.4166666666666667,2.9087128423606146,0.0,1.0,9.0,42.0,0.0,0.0,0.0,0.0,0.0,0.0,0.0,0.0,96.0,1.0,0.0,1.0,1.0,1.0,0.0,0.0,12.0,3.0,1.0,1.0,1.0,38.0,0.10548839766146281,4.0,2.0,1.0,8.0,4.0,1.0,1280.0,800.0,6.0,0.0,1
66.0,1.0,3.0,0.0,2.0,4.0,1.0,24.0,2.0,0.08333333333333333,3.287903967397946,0.0,0.0,15.0,39.0,0.0,1.0,0.0,1.0,1.0,0.0,0.0,1.0,129.0,1.0,0.0,9.0,1.0,1.0,0.0,0.0,4.0,2.0,1.0,0.0,1.0,11.0,0.6418670460188223,2.0,3.0,9.0,93.0,9.0,1.0,1280.0,800.0,11.0,1.0,1
80.0,1.0,1.0,0.0,3.0,2.0,1.0,22.0,5.0,0.22727272727272727,3.5878108100735893,0.0,2.0,34.0,2.0,0.0,1.0,0.0,1.0,1.0,0.0,0.0,1.0,283.0,2.0,0.0,4.0,0.0,0.0,1.0,0.0,8.0,1.0,0.0,1.0,1.0,21.0,0.8099301326963544,5.0,5.0,4.0,4.0,3.0,1.0,1280.0,800.0,13.0,0.0,1
75.0,1.0,0.0,0.0,2.0,1.0,0.0,12.0,0.0,0.0,3.7836127132397723,1.0,0.0,47.0,36.0,0.0,1.0,0.0,1.0,1.0,0.0,0.0,1.0,23.0,1.0,0.0,8.0,1.0,0.0,0.0,0.0,4.0,3.0,0.0,1.0,1.0,26.0,0.7771228272201467,2.0,1.0,8.0,79.0,5.0,1.0,1280.0,800.0,5.0,0.0,1
56.0,0.0,0.0,0.0,4.0,1.0,1.0,20.0,2.0,0.1,2.817857471539639,0.0,1.0,59.0,23.0,0.0,0.0,0.0,0.0,0.0,0.0,0.0,0.0,295.0,1.0,0.0,6.0,1.0,1.0,0.0,0.0,1.0,1.0,0.0,1.0,1.0,28.0,0.16520552894768634,3.0,2.0,6.0,45.0,2.0,1.0,1280.0,800.0,10.0,0.0,1
76.0,1.0,1.0,0.0,3.0,2.0,0.0,15.0,8.0,0.5333333333333333,3.661399811767243,0.0,0.0,36.0,3.0,0.0,0.0,0.0,0.0,1.0,0.0,0.0,1.0,270.0,1.0,0.0,7.0,1.0,1.0,0.0,0.0,1.0,1.0,0.0,1.0,1.0,23.0,0.6301815028983647,1.0,3.0,7.0,23.0,7.0,1.0,1280.0,800.0,13.0,0.0,1
86.0,1.0,1.0,0.0,3.0,2.0,1.0,19.0,14.0,0.5478145139052024,3.393639373243472,0.0,2.0,9.0,30.0,1.0,0.0,0.0,0.0,1.0,0.0,0.0,1.0,287.0,1.0,0.0,9.0,1.0,1.0,0.0,0.0,1.0,2.0,1.0,0.0,1.0,21.0,0.8665733197804266,2.0,5.0,9.0,88.0,7.0,1.0,1280.0,800.0,0.0,1.0,1
59.0,1.0,2.0,0.0,3.0,3.0,1.0,25.0,14.0,0.6561799143232923,3.2897517912854974,0.0,0.0,53.0,19.0,0.0,0.0,0.0,0.0,1.0,0.0,0.0,1.0,241.0,1.0,0.0,3.0,1.0,0.0,0.0,0.0,0.0,3.0,1.0,1.0,1.0,32.0,0.8875288067362861,4.0,5.0,3.0,80.0,9.0,1.0,1280.0,800.0,10.0,0.0,1
53.0,1.0,1.0,0.0,2.0,2.0,0.0,20.0,0.0,0.0,3.545247295754807,1.0,1.0,30.0,30.0,0.0,1.0,0.0,1.0,1.0,0.0,0.0,1.0,61.0,1.0,0.0,2.0,1.0,0.0,0.0,0.0,1.0,2.0,0.0,1.0,1.0,18.0,0.825697053175028,6.0,4.0,2.0,118.0,2.0,1.0,1280.0,800.0,9.0,0.0,1
84.0,0.0,1.0,0.0,0.0,2.0,0.0,19.0,12.0,0.631578947368421,3.034554320097077,0.0,3.0,51.0,38.0,1.0,1.0,0.0,1.0,0.0,0.0,0.0,0.0,189.0,1.0,1.0,5.0,1.0,1.0,0.0,0.0,4.0,3.0,1.0,0.0,1.0,22.0,0.05738422153304224,4.0,1.0,5.0,80.0,11.0,1.0,1280.0,800.0,13.0,0.0,1
70.0,0.0,2.0,0.0,1.0,3.0,1.0,13.0,5.0,0.38461538461538464,3.4694233721066228,0.0,0.0,53.0,25.0,0.0,0.0,0.0,0.0,0.0,0.0,0.0,0.0,316.0,1.0,1.0,3.0,1.0,1.0,0.0,0.0,2.0,2.0,0.0,0.0,1.0,19.0,0.0038930785597287797,7.0,1.0,3.0,40.0,13.0,1.0,1280.0,800.0,4.0,0.0,1
65.0,1.0,0.0,0.0,4.0,1.0,0.0,10.0,2.0,0.2,3.2697769518940833,0.0,0.0,26.0,5.0,0.0,1.0,0.0,1.0,1.0,0.0,0.0,1.0,196.0,1.0,1.0,7.0,1.0,1.0,0.0,0.0,2.0,4.0,0.0,1.0,1.0,7.0,0.946070013904735,5.0,1.0,7.0,87.0,6.0,1.0,1280.0,800.0,10.0,0.0,1
42.0,1.0,0.0,1.0,0.0,1.0,0.0,15.0,3.0,0.7295802116743542,2.861963305992415,0.0,0.0,18.0,38.0,0.0,1.0,0.0,1.0,1.0,0.0,0.0,1.0,318.0,1.0,0.0,1.0,0.0,0.0,1.0,0.0,2.0,2.0,0.0,0.0,1.0,21.0,0.6775115555402996,3.0,1.0,1.0,56.0,2.0,1.0,1280.0,800.0,13.0,0.0,1
68.0,0.0,0.0,1.0,0.0,1.0,0.0,15.0,3.0,0.7842339816415086,2.709258403911033,0.0,0.0,16.0,13.0,0.0,0.0,0.0,0.0,0.0,0.0,0.0,0.0,314.0,1.0,0.0,11.0,1.0,0.0,1.0,0.0,1.0,3.0,0.0,0.0,1.0,15.0,0.023890989161082277,4.0,5.0,11.0,45.0,12.0,0.0,1280.0,800.0,5.0,0.0,1
84.0,1.0,3.0,0.0,0.0,4.0,1.0,23.0,10.0,0.43478260869565216,3.0296514360543254,0.0,0.0,55.0,2.0,0.0,1.0,0.0,1.0,1.0,0.0,0.0,1.0,44.0,1.0,0.0,4.0,1.0,1.0,0.0,0.0,1.0,4.0,0.0,1.0,1.0,19.0,0.831835961778855,1.0,3.0,4.0,115.0,7.0,1.0,1280.0,800.0,4.0,1.0,1
87.0,1.0,0.0,1.0,0.0,1.0,0.0,15.0,3.0,0.7786334971729899,2.844854763132588,0.0,1.0,51.0,26.0,0.0,0.0,0.0,0.0,1.0,0.0,0.0,1.0,152.0,1.0,0.0,3.0,1.0,0.0,0.0,0.0,2.0,2.0,0.0,1.0,1.0,33.0,0.9312342687757003,3.0,1.0,3.0,44.0,8.0,0.0,1280.0,800.0,13.0,1.0,1
70.0,0.0,1.0,0.0,2.0,2.0,1.0,22.0,0.0,0.0,3.8615362475184654,0.0,1.0,30.0,10.0,0.0,1.0,0.0,1.0,0.0,0.0,0.0,0.0,329.0,1.0,1.0,9.0,1.0,1.0,0.0,0.0,1.0,2.0,1.0,0.0,1.0,24.0,0.11751777486491852,4.0,5.0,9.0,51.0,14.0,1.0,1280.0,800.0,4.0,1.0,1
88.0,1.0,1.0,0.0,3.0,2.0,0.0,10.0,5.0,0.5,3.1850908388515005,0.0,1.0,16.0,0.0,0.0,0.0,0.0,0.0,1.0,0.0,0.0,1.0,79.0,1.0,1.0,9.0,1.0,1.0,1.0,0.0,0.0,2.0,1.0,1.0,1.0,26.0,0.9568283339224027,5.0,1.0,9.0,95.0,3.0,1.0,1280.0,800.0,3.0,0.0,1
72.0,1.0,2.0,0.0,4.0,3.0,0.0,12.0,2.0,0.16666666666666666,3.2907855516966125,0.0,0.0,53.0,31.0,0.0,1.0,0.0,1.0,1.0,0.0,0.0,1.0,66.0,1.0,0.0,7.0,1.0,0.0,0.0,0.0,1.0,1.0,0.0,0.0,1.0,43.0,0.9503675878852457,3.0,2.0,7.0,103.0,12.0,1.0,1280.0,800.0,7.0,0.0,1
66.0,1.0,0.0,0.0,1.0,1.0,1.0,18.0,0.0,0.0,3.388528442341426,0.0,2.0,49.0,25.0,0.0,1.0,0.0,1.0,1.0,0.0,0.0,1.0,342.0,1.0,1.0,2.0,1.0,0.0,1.0,0.0,0.0,3.0,1.0,0.0,1.0,32.0,0.9849145486103507,6.0,4.0,2.0,70.0,14.0,1.0,1280.0,800.0,12.0,0.0,1
90.0,0.0,0.0,0.0,4.0,1.0,0.0,20.0,8.0,0.4,3.745294572674931,0.0,0.0,46.0,43.0,0.0,1.0,0.0,1.0,0.0,0.0,0.0,0.0,81.0,1.0,0.0,3.0,0.0,0.0,0.0,0.0,1.0,2.0,0.0,1.0,0.0,19.0,0.29983230799464144,6.0,5.0,3.0,110.0,12.0,1.0,1280.0,800.0,11.0,1.0,1
74.0,1.0,2.0,0.0,4.0,3.0,0.0,22.0,8.0,0.36363636363636365,2.9132756331760827,0.0,0.0,35.0,18.0,0.0,1.0,0.0,1.0,0.0,1.0,0.0,0.0,107.0,1.0,0.0,4.0,1.0,1.0,0.0,0.0,4.0,1.0,0.0,0.0,1.0,9.0,0.9392005159197023,3.0,4.0,4.0,102.0,9.0,1.0,1280.0,800.0,3.0,0.0,1
50.0,1.0,0.0,1.0,0.0,1.0,0.0,15.0,3.0,0.6652881563407792,2.7889323312700967,0.0,1.0,23.0,8.0,0.0,1.0,0.0,1.0,1.0,0.0,0.0,1.0,168.0,1.0,1.0,3.0,0.0,0.0,0.0,0.0,4.0,3.0,0.0,1.0,0.0,19.0,0.6441981097620205,2.0,4.0,3.0,82.0,13.0,1.0,1280.0,800.0,8.0,0.0,1
43.0,1.0,2.0,0.0,2.0,3.0,0.0,19.0,6.0,0.35460008931313336,3.712701747046396,0.0,0.0,14.0,32.0,0.0,1.0,0.0,1.0,0.0,1.0,0.0,0.0,198.0,1.0,0.0,7.0,0.0,1.0,0.0,0.0,2.0,1.0,0.0,1.0,1.0,18.0,0.9156140550057441,2.0,5.0,7.0,87.0,4.0,1.0,1280.0,800.0,2.0,0.0,1
50.0,1.0,0.0,1.0,0.0,1.0,0.0,15.0,3.0,0.7087410336072817,2.633108710460508,0.0,0.0,36.0,42.0,0.0,0.0,0.0,0.0,0.0,1.0,0.0,0.0,231.0,1.0,0.0,3.0,0.0,1.0,0.0,0.0,3.0,1.0,0.0,1.0,1.0,13.0,0.6385954739157073,2.0,1.0,3.0,69.0,3.0,1.0,1280.0,800.0,5.0,0.0,1
91.0,1.0,2.0,0.0,2.0,3.0,1.0,21.0,8.0,0.38095238095238093,3.156843013420273,0.0,2.0,39.0,39.0,0.0,1.0,0.0,1.0,0.0,1.0,1.0,0.0,285.0,1.0,1.0,1.0,1.0,1.0,0.0,0.0,0.0,2.0,0.0,0.0,1.0,43.0,0.7505339040843892,3.0,3.0,1.0,92.0,10.0,0.0,1280.0,800.0,8.0,0.0,1
67.0,1.0,0.0,0.0,3.0,1.0,0.0,23.0,5.0,0.21739130434782608,3.3079569592101064,0.0,0.0,46.0,29.0,0.0,0.0,0.0,0.0,1.0,0.0,0.0,1.0,348.0,1.0,1.0,6.0,1.0,1.0,0.0,0.0,4.0,2.0,0.0,1.0,1.0,10.0,0.766433579418005,3.0,5.0,6.0,39.0,1.0,1.0,1280.0,800.0,14.0,0.0,1
52.0,1.0,3.0,0.0,2.0,4.0,1.0,12.0,5.0,0.4166666666666667,2.8375507480462603,0.0,1.0,20.0,35.0,0.0,0.0,0.0,0.0,1.0,0.0,0.0,1.0,79.0,2.0,1.0,7.0,1.0,1.0,0.0,0.0,4.0,3.0,1.0,1.0,1.0,38.0,0.7493290911495598,7.0,4.0,7.0,30.0,11.0,1.0,1280.0,800.0,14.0,0.0,1
38.0,1.0,1.0,0.0,1.0,2.0,1.0,21.0,2.0,0.09523809523809523,3.637978975016002,0.0,2.0,19.0,18.0,0.0,0.0,0.0,0.0,1.0,0.0,0.0,1.0,45.0,1.0,0.0,4.0,0.0,0.0,2.0,2.0,3.0,2.0,1.0,0.0,1.0,44.0,0.8010149420071503,3.0,3.0,4.0,40.0,5.0,1.0,1280.0,800.0,12.0,1.0,1
75.0,1.0,1.0,0.0,4.0,2.0,1.0,22.0,5.0,0.22727272727272727,3.611431042468255,0.0,1.0,55.0,6.0,0.0,1.0,0.0,1.0,1.0,0.0,0.0,1.0,192.0,1.0,6.0,5.0,1.0,1.0,0.0,0.0,14.0,2.0,1.0,0.0,1.0,11.0,0.9054754224531496,7.0,2.0,5.0,43.0,13.0,1.0,1280.0,800.0,9.0,0.0,1
57.0,1.0,2.0,0.0,1.0,3.0,0.0,24.0,0.0,0.0,3.6009876714875335,0.0,0.0,26.0,4.0,0.0,1.0,0.0,1.0,1.0,0.0,0.0,1.0,324.0,1.0,0.0,9.0,1.0,0.0,0.0,0.0,1.0,3.0,0.0,1.0,1.0,42.0,0.6314834638013503,2.0,3.0,9.0,17.0,3.0,1.0,1280.0,800.0,13.0,0.0,1
36.0,1.0,0.0,0.0,3.0,1.0,1.0,18.0,5.0,0.2777777777777778,2.8301001281873606,0.0,1.0,7.0,29.0,0.0,1.0,0.0,1.0,1.0,0.0,0.0,1.0,282.0,1.0,0.0,5.0,1.0,0.0,0.0,0.0,3.0,3.0,1.0,1.0,1.0,7.0,0.8028498748104069,2.0,2.0,5.0,115.0,6.0,1.0,1280.0,800.0,4.0,1.0,1
38.0,1.0,1.0,0.0,3.0,2.0,0.0,25.0,2.0,0.08,3.3417687242598246,0.0,1.0,10.0,34.0,0.0,1.0,0.0,1.0,1.0,0.0,0.0,1.0,149.0,1.0,0.0,7.0,1.0,1.0,1.0,2.0,0.0,5.0,0.0,1.0,1.0,41.0,0.8797136329059361,7.0,4.0,7.0,15.0,5.0,1.0,1280.0,800.0,12.0,0.0,1
67.0,1.0,1.0,0.0,1.0,2.0,0.0,17.0,0.0,0.0,3.757729197266515,1.0,2.0,34.0,19.0,0.0,1.0,0.0,1.0,1.0,0.0,0.0,1.0,289.0,1.0,0.0,7.0,0.0,1.0,0.0,0.0,0.0,2.0,1.0,1.0,1.0,33.0,0.9580949354600548,4.0,2.0,7.0,100.0,10.0,1.0,1280.0,800.0,10.0,0.0,1
72.0,0.0,3.0,0.0,1.0,4.0,1.0,20.0,5.0,0.25,3.3821110111365815,0.0,3.0,22.0,34.0,0.0,0.0,0.0,0.0,0.0,0.0,0.0,0.0,278.0,1.0,0.0,3.0,0.0,1.0,0.0,0.0,1.0,1.0,1.0,1.0,1.0,38.0,0.056753745835360365,1.0,4.0,3.0,105.0,9.0,1.0,1280.0,800.0,1.0,0.0,1
80.0,1.0,1.0,0.0,2.0,2.0,1.0,26.0,11.0,0.6100266035176352,4.174452752881098,0.0,1.0,51.0,3.0,0.0,1.0,0.0,1.0,1.0,0.0,0.0,1.0,184.0,1.0,1.0,10.0,1.0,1.0,0.0,1.0,1.0,3.0,1.0,0.0,1.0,12.0,0.9245294252220286,5.0,3.0,10.0,11.0,12.0,0.0,1280.0,800.0,14.0,0.0,1
38.0,1.0,0.0,1.0,0.0,1.0,0.0,15.0,3.0,0.6260326093696237,2.8372674537659948,0.0,0.0,42.0,30.0,0.0,0.0,0.0,0.0,1.0,0.0,0.0,1.0,268.0,2.0,1.0,3.0,0.0,1.0,0.0,0.0,0.0,1.0,0.0,0.0,1.0,27.0,0.8853258096173207,5.0,3.0,3.0,79.0,7.0,1.0,1280.0,800.0,5.0,0.0,1
67.0,1.0,0.0,0.0,1.0,1.0,0.0,18.0,10.0,0.45001634839082394,3.8385335675655896,0.0,2.0,30.0,41.0,0.0,0.0,0.0,0.0,1.0,0.0,0.0,1.0,115.0,2.0,6.0,1.0,1.0,1.0,0.0,0.0,2.0,1.0,0.0,0.0,1.0,14.0,0.8278950423114453,1.0,3.0,1.0,100.0,11.0,1.0,1280.0,800.0,4.0,0.0,1
44.0,1.0,1.0,0.0,4.0,2.0,1.0,22.0,5.0,0.22727272727272727,3.334889988666342,0.0,3.0,56.0,18.0,0.0,1.0,0.0,1.0,1.0,0.0,0.0,1.0,306.0,1.0,1.0,4.0,1.0,0.0,0.0,0.0,3.0,2.0,0.0,0.0,1.0,44.0,0.9413692433420432,5.0,4.0,4.0,99.0,13.0,1.0,1280.0,800.0,2.0,0.0,1
59.0,1.0,3.0,0.0,2.0,4.0,0.0,17.0,10.0,0.5882352941176471,3.7239925528748943,0.0,0.0,31.0,8.0,1.0,1.0,0.0,1.0,1.0,0.0,0.0,1.0,142.0,1.0,1.0,4.0,1.0,1.0,0.0,0.0,1.0,4.0,1.0,0.0,1.0,19.0,0.9084832829207423,2.0,3.0,4.0,31.0,11.0,1.0,1280.0,800.0,9.0,0.0,1
48.0,1.0,0.0,0.0,2.0,1.0,1.0,25.0,5.0,0.2,3.2346390484821845,0.0,0.0,28.0,44.0,0.0,1.0,0.0,1.0,1.0,0.0,0.0,1.0,174.0,1.0,6.0,7.0,1.0,0.0,0.0,0.0,4.0,3.0,0.0,0.0,1.0,44.0,0.9848745762537301,2.0,3.0,7.0,22.0,10.0,0.0,1280.0,800.0,10.0,0.0,1
56.0,1.0,3.0,0.0,1.0,4.0,1.0,25.0,10.0,0.4,3.7266132978099744,0.0,1.0,35.0,11.0,0.0,1.0,0.0,1.0,1.0,0.0,0.0,1.0,60.0,2.0,1.0,8.0,1.0,0.0,0.0,1.0,2.0,3.0,0.0,0.0,1.0,38.0,0.7125090609308763,4.0,3.0,8.0,33.0,1.0,1.0,1280.0,800.0,4.0,0.0,1
61.0,1.0,2.0,0.0,3.0,3.0,1.0,18.0,0.0,0.0,3.6072217628665317,0.0,2.0,29.0,31.0,0.0,1.0,0.0,1.0,1.0,0.0,0.0,1.0,259.0,1.0,1.0,7.0,0.0,1.0,2.0,1.0,4.0,4.0,0.0,0.0,1.0,28.0,0.6868392834533714,5.0,3.0,7.0,115.0,3.0,1.0,1280.0,800.0,6.0,1.0,1
61.0,1.0,1.0,0.0,3.0,2.0,0.0,11.0,2.0,0.18181818181818182,3.7567231277801763,0.0,1.0,42.0,42.0,0.0,0.0,0.0,0.0,1.0,0.0,0.0,1.0,221.0,1.0,0.0,10.0,1.0,1.0,0.0,0.0,0.0,3.0,0.0,0.0,1.0,16.0,0.7900865651218798,4.0,1.0,10.0,47.0,3.0,1.0,1280.0,800.0,12.0,0.0,1
84.0,1.0,1.0,0.0,1.0,2.0,1.0,17.0,12.0,0.6461627838986937,3.4078479470021725,0.0,0.0,31.0,0.0,0.0,0.0,0.0,0.0,1.0,0.0,0.0,1.0,187.0,1.0,0.0,2.0,1.0,1.0,0.0,1.0,1.0,2.0,1.0,0.0,1.0,13.0,0.8110004507389065,7.0,5.0,2.0,109.0,2.0,1.0,1280.0,800.0,11.0,0.0,1
48.0,1.0,0.0,1.0,0.0,1.0,0.0,15.0,3.0,0.6765416335158018,2.55163861115211,0.0,0.0,37.0,2.0,0.0,0.0,0.0,0.0,1.0,0.0,0.0,1.0,38.0,1.0,1.0,1.0,0.0,1.0,1.0,0.0,0.0,2.0,1.0,0.0,1.0,14.0,0.8539172722862405,2.0,1.0,1.0,61.0,7.0,1.0,1280.0,800.0,0.0,0.0,1
48.0,1.0,3.0,0.0,2.0,4.0,0.0,15.0,8.0,0.5333333333333333,3.0014998894037763,0.0,2.0,59.0,41.0,0.0,1.0,0.0,1.0,1.0,0.0,0.0,1.0,201.0,1.0,0.0,7.0,1.0,1.0,1.0,0.0,1.0,1.0,0.0,1.0,1.0,9.0,0.8526895539676989,6.0,4.0,7.0,52.0,9.0,1.0,1280.0,800.0,3.0,1.0,1
58.0,0.0,1.0,0.0,1.0,2.0,1.0,24.0,5.0,0.20833333333333334,3.2358117826510555,0.0,1.0,36.0,27.0,0.0,1.0,0.0,1.0,0.0,0.0,0.0,0.0,207.0,1.0,0.0,5.0,0.0,0.0,0.0,0.0,4.0,3.0,1.0,1.0,0.0,36.0,0.29217736710316905,1.0,4.0,5.0,90.0,13.0,0.0,1280.0,800.0,0.0,0.0,1
93.0,1.0,0.0,1.0,0.0,1.0,0.0,15.0,3.0,0.7507055707328217,2.8182133686317314,0.0,2.0,44.0,41.0,0.0,0.0,0.0,0.0,1.0,0.0,0.0,1.0,175.0,1.0,6.0,10.0,0.0,1.0,0.0,0.0,0.0,2.0,0.0,1.0,1.0,22.0,0.7709428389634567,3.0,5.0,10.0,56.0,10.0,1.0,1280.0,800.0,3.0,0.0,1
87.0,1.0,1.0,0.0,2.0,2.0,0.0,23.0,0.0,0.0,3.619936009575368,0.0,3.0,58.0,31.0,0.0,1.0,0.0,1.0,1.0,0.0,0.0,1.0,192.0,1.0,0.0,6.0,0.0,1.0,0.0,0.0,7.0,2.0,0.0,0.0,1.0,17.0,0.8931339482435074,3.0,4.0,6.0,33.0,5.0,1.0,1280.0,800.0,4.0,0.0,1
39.0,1.0,2.0,0.0,1.0,3.0,0.0,19.0,0.0,0.0,3.1248347431558754,0.0,0.0,31.0,8.0,0.0,1.0,0.0,1.0,1.0,0.0,0.0,1.0,128.0,1.0,0.0,7.0,1.0,1.0,0.0,0.0,2.0,1.0,1.0,0.0,1.0,10.0,0.7263764857625306,2.0,2.0,7.0,115.0,5.0,1.0,1280.0,800.0,9.0,0.0,1
66.0,1.0,0.0,0.0,3.0,1.0,1.0,23.0,0.0,0.0,3.7450361859886043,0.0,0.0,8.0,37.0,0.0,1.0,0.0,1.0,1.0,0.0,0.0,1.0,307.0,1.0,0.0,6.0,1.0,1.0,2.0,2.0,1.0,5.0,1.0,1.0,1.0,42.0,0.6647917549114155,2.0,5.0,6.0,45.0,2.0,1.0,1280.0,800.0,6.0,0.0,1
67.0,1.0,1.0,0.0,2.0,2.0,0.0,10.0,5.0,0.5,3.1057422726966,0.0,2.0,22.0,7.0,0.0,1.0,0.0,1.0,1.0,0.0,0.0,1.0,204.0,2.0,0.0,9.0,1.0,1.0,0.0,1.0,2.0,1.0,0.0,0.0,1.0,29.0,0.7951635368669605,7.0,2.0,9.0,64.0,5.0,1.0,1280.0,800.0,3.0,0.0,1
77.0,1.0,1.0,0.0,2.0,2.0,0.0,19.0,0.0,0.0,3.4111744218168627,1.0,1.0,54.0,0.0,0.0,1.0,0.0,1.0,0.0,1.0,0.0,0.0,339.0,1.0,1.0,8.0,0.0,0.0,0.0,0.0,3.0,1.0,0.0,1.0,0.0,24.0,0.8410420839783345,6.0,1.0,8.0,76.0,9.0,1.0,1280.0,800.0,3.0,0.0,1
78.0,1.0,2.0,0.0,1.0,3.0,1.0,23.0,8.0,0.34782608695652173,2.83032259230864,0.0,0.0,50.0,29.0,0.0,0.0,0.0,0.0,1.0,0.0,0.0,1.0,270.0,1.0,1.0,3.0,1.0,0.0,0.0,1.0,4.0,1.0,1.0,1.0,1.0,34.0,0.7034309926630555,3.0,2.0,3.0,51.0,2.0,1.0,1280.0,800.0,13.0,0.0,1
92.0,1.0,1.0,0.0,3.0,2.0,0.0,20.0,5.0,0.25,3.3457755685570554,0.0,1.0,7.0,24.0,0.0,1.0,0.0,1.0,1.0,0.0,0.0,1.0,347.0,1.0,0.0,9.0,1.0,1.0,1.0,0.0,2.0,2.0,0.0,0.0,1.0,31.0,0.9446713327841851,3.0,1.0,9.0,62.0,2.0,1.0,1280.0,800.0,10.0,1.0,1
70.0,1.0,1.0,0.0,2.0,2.0,0.0,17.0,8.0,0.47058823529411764,3.4257051754696386,0.0,0.0,21.0,19.0,0.0,1.0,0.0,1.0,1.0,0.0,0.0,1.0,175.0,1.0,0.0,1.0,1.0,1.0,0.0,0.0,0.0,4.0,1.0,0.0,1.0,32.0,0.9647553714522712,3.0,2.0,1.0,59.0,1.0,1.0,1280.0,800.0,1.0,1.0,1
54.0,0.0,1.0,0.0,1.0,2.0,0.0,19.0,0.0,0.0,3.861066468088639,1.0,0.0,11.0,26.0,0.0,1.0,0.0,1.0,0.0,0.0,0.0,0.0,116.0,1.0,0.0,7.0,0.0,0.0,0.0,0.0,4.0,3.0,1.0,1.0,0.0,30.0,0.12362205796952586,1.0,5.0,7.0,77.0,14.0,1.0,1280.0,800.0,7.0,0.0,1
87.0,1.0,0.0,0.0,3.0,1.0,1.0,10.0,8.0,0.8,3.412047848954616,0.0,0.0,23.0,31.0,0.0,1.0,0.0,1.0,0.0,1.0,1.0,0.0,187.0,1.0,0.0,2.0,1.0,1.0,0.0,0.0,4.0,3.0,0.0,1.0,1.0,17.0,0.8567914710210394,3.0,5.0,2.0,12.0,12.0,1.0,1280.0,800.0,9.0,1.0,1
62.0,1.0,1.0,0.0,2.0,2.0,0.0,21.0,0.0,0.0,3.2241747080831233,1.0,0.0,13.0,37.0,1.0,1.0,0.0,1.0,1.0,0.0,0.0,1.0,299.0,1.0,0.0,1.0,1.0,0.0,0.0,0.0,3.0,3.0,0.0,0.0,1.0,12.0,0.8961493769514979,7.0,4.0,1.0,116.0,0.0,1.0,1280.0,800.0,5.0,1.0,1
93.0,1.0,1.0,0.0,1.0,2.0,0.0,13.0,5.0,0.38461538461538464,3.2044166614126492,0.0,0.0,58.0,34.0,0.0,1.0,0.0,1.0,1.0,0.0,0.0,1.0,52.0,1.0,1.0,8.0,1.0,1.0,0.0,0.0,4.0,3.0,0.0,0.0,1.0,23.0,0.81382844674826,4.0,4.0,8.0,66.0,3.0,1.0,1280.0,800.0,5.0,0.0,1
89.0,1.0,1.0,0.0,2.0,2.0,0.0,13.0,0.0,0.0,3.817701377386318,0.0,0.0,45.0,14.0,0.0,1.0,0.0,1.0,0.0,0.0,0.0,0.0,93.0,1.0,0.0,2.0,1.0,0.0,0.0,0.0,2.0,3.0,1.0,0.0,1.0,7.0,0.9353210724486466,1.0,5.0,2.0,33.0,1.0,1.0,1280.0,800.0,0.0,0.0,1
44.0,1.0,0.0,0.0,3.0,1.0,1.0,26.0,7.0,0.6456674418928781,3.2329210775518975,0.0,2.0,24.0,35.0,0.0,1.0,0.0,1.0,1.0,0.0,0.0,1.0,36.0,1.0,0.0,3.0,0.0,1.0,0.0,0.0,4.0,3.0,1.0,0.0,1.0,30.0,0.8020446478817254,7.0,1.0,3.0,11.0,4.0,1.0,1280.0,800.0,11.0,0.0,1
37.0,0.0,0.0,0.0,2.0,1.0,1.0,10.0,5.0,0.5,3.1178255967729838,0.0,0.0,16.0,40.0,1.0,1.0,0.0,1.0,0.0,0.0,0.0,0.0,56.0,1.0,1.0,9.0,1.0,0.0,2.0,1.0,0.0,3.0,0.0,0.0,1.0,36.0,0.2637029441218886,7.0,4.0,9.0,24.0,8.0,1.0,1280.0,800.0,12.0,0.0,1
71.0,1.0,0.0,1.0,0.0,1.0,0.0,15.0,3.0,0.6161711792021312,3.099903328140331,0.0,0.0,46.0,4.0,0.0,0.0,0.0,0.0,1.0,0.0,0.0,1.0,333.0,1.0,0.0,1.0,1.0,1.0,0.0,0.0,2.0,2.0,1.0,0.0,1.0,24.0,0.9263444664955348,3.0,4.0,1.0,95.0,14.0,1.0,1280.0,800.0,9.0,0.0,1
52.0,0.0,2.0,0.0,1.0,3.0,1.0,25.0,0.0,0.0,3.782970973961886,0.0,3.0,21.0,44.0,0.0,0.0,0.0,0.0,0.0,0.0,0.0,0.0,326.0,1.0,0.0,8.0,0.0,0.0,0.0,0.0,8.0,2.0,1.0,1.0,0.0,38.0,0.15866393531730819,6.0,5.0,8.0,109.0,12.0,1.0,1280.0,800.0,12.0,0.0,1
88.0,1.0,1.0,0.0,1.0,2.0,0.0,12.0,12.0,1.0,3.1138811765883516,0.0,0.0,6.0,1.0,0.0,1.0,0.0,1.0,0.0,1.0,0.0,0.0,67.0,1.0,1.0,6.0,1.0,1.0,0.0,0.0,4.0,4.0,0.0,0.0,1.0,21.0,0.8361279683111018,5.0,4.0,6.0,80.0,2.0,1.0,1280.0,800.0,9.0,1.0,1
93.0,1.0,3.0,0.0,2.0,4.0,0.0,16.0,5.0,0.3125,2.9941789113956956,0.0,2.0,45.0,24.0,0.0,1.0,0.0,1.0,1.0,0.0,0.0,1.0,268.0,1.0,0.0,4.0,1.0,1.0,1.0,0.0,3.0,1.0,0.0,1.0,1.0,31.0,0.848849103423787,2.0,2.0,4.0,113.0,9.0,1.0,1280.0,800.0,7.0,0.0,1
35.0,1.0,3.0,0.0,3.0,4.0,1.0,19.0,0.0,0.0,3.281541758315533,0.0,2.0,21.0,44.0,0.0,0.0,0.0,0.0,1.0,0.0,0.0,1.0,139.0,1.0,0.0,7.0,0.0,0.0,0.0,1.0,4.0,2.0,0.0,0.0,1.0,23.0,0.980902286360807,3.0,5.0,7.0,31.0,4.0,1.0,1280.0,800.0,0.0,0.0,1
67.0,1.0,1.0,0.0,2.0,2.0,0.0,12.0,5.0,0.4166666666666667,3.811064905307476,0.0,0.0,53.0,4.0,0.0,1.0,0.0,1.0,1.0,0.0,0.0,1.0,123.0,1.0,0.0,7.0,1.0,0.0,0.0,0.0,0.0,3.0,1.0,0.0,1.0,42.0,0.8626212786697891,6.0,1.0,7.0,62.0,9.0,1.0,1280.0,800.0,5.0,0.0,1
72.0,1.0,0.0,0.0,2.0,1.0,1.0,18.0,0.0,0.0,3.622302163062523,0.0,0.0,19.0,22.0,0.0,0.0,0.0,0.0,0.0,1.0,1.0,0.0,137.0,2.0,0.0,5.0,1.0,1.0,0.0,1.0,11.0,1.0,1.0,0.0,1.0,35.0,0.8698461422296141,3.0,5.0,5.0,77.0,3.0,1.0,1280.0,800.0,6.0,0.0,1
73.0,1.0,0.0,1.0,0.0,1.0,0.0,15.0,3.0,0.6539844481714,2.626408709587873,0.0,1.0,28.0,12.0,0.0,1.0,0.0,1.0,1.0,0.0,0.0,1.0,159.0,1.0,0.0,1.0,1.0,1.0,0.0,0.0,2.0,2.0,0.0,0.0,1.0,21.0,0.9232325913318555,4.0,5.0,1.0,79.0,4.0,1.0,1280.0,800.0,13.0,0.0,1
54.0,1.0,1.0,0.0,1.0,2.0,0.0,19.0,0.0,0.0,3.6536888878218345,1.0,2.0,25.0,42.0,0.0,1.0,0.0,1.0,1.0,0.0,0.0,1.0,57.0,2.0,1.0,7.0,1.0,1.0,0.0,0.0,4.0,2.0,0.0,0.0,1.0,10.0,0.7869550705037429,3.0,3.0,7.0,10.0,3.0,1.0,1280.0,800.0,7.0,0.0,1
88.0,0.0,2.0,0.0,1.0,3.0,0.0,18.0,10.0,0.5555555555555556,3.4154469580938196,0.0,2.0,37.0,8.0,0.0,1.0,0.0,1.0,0.0,0.0,0.0,0.0,331.0,1.0,0.0,1.0,1.0,1.0,0.0,0.0,1.0,3.0,0.0,0.0,1.0,25.0,0.20610655727276492,6.0,4.0,1.0,59.0,6.0,1.0,1280.0,800.0,13.0,0.0,1
39.0,1.0,1.0,0.0,2.0,2.0,0.0,19.0,5.0,0.2631578947368421,3.499286511799298,0.0,0.0,28.0,15.0,0.0,0.0,0.0,0.0,1.0,0.0,0.0,1.0,243.0,1.0,1.0,2.0,1.0,1.0,0.0,0.0,2.0,1.0,1.0,1.0,1.0,18.0,0.6702879977364286,6.0,3.0,2.0,11.0,11.0,1.0,1280.0,800.0,2.0,0.0,1
94.0,1.0,0.0,1.0,0.0,1.0,0.0,15.0,3.0,0.7848589853114111,2.506093446392203,0.0,1.0,50.0,7.0,0.0,0.0,0.0,0.0,0.0,0.0,1.0,0.0,108.0,1.0,6.0,4.0,1.0,1.0,0.0,0.0,0.0,2.0,1.0,0.0,1.0,6.0,0.9773247949109543,4.0,1.0,4.0,50.0,9.0,1.0,1280.0,800.0,14.0,0.0,1
46.0,0.0,1.0,0.0,2.0,2.0,0.0,21.0,12.0,0.5087299642116102,4.149735523493065,0.0,2.0,25.0,9.0,0.0,0.0,0.0,0.0,0.0,0.0,0.0,0.0,128.0,1.0,6.0,4.0,1.0,0.0,0.0,0.0,4.0,2.0,1.0,0.0,1.0,42.0,0.04722443451339159,2.0,2.0,4.0,3.0,2.0,1.0,1280.0,800.0,6.0,1.0,1
94.0,0.0,3.0,0.0,3.0,4.0,0.0,15.0,5.0,0.3333333333333333,3.278029528854796,0.0,0.0,37.0,39.0,0.0,1.0,0.0,1.0,0.0,0.0,0.0,0.0,128.0,1.0,1.0,11.0,1.0,1.0,0.0,0.0,0.0,2.0,0.0,0.0,1.0,37.0,0.00017394364810152663,7.0,1.0,11.0,114.0,14.0,1.0,1280.0,800.0,11.0,0.0,1
67.0,0.0,0.0,0.0,1.0,1.0,1.0,25.0,0.0,0.0,2.8760371995765546,0.0,2.0,15.0,28.0,0.0,1.0,0.0,1.0,0.0,0.0,0.0,0.0,109.0,1.0,1.0,6.0,0.0,0.0,0.0,0.0,1.0,2.0,1.0,1.0,0.0,31.0,0.05942687938305882,6.0,4.0,6.0,119.0,1.0,1.0,1280.0,800.0,3.0,0.0,1
54.0,0.0,0.0,0.0,3.0,1.0,1.0,23.0,2.0,0.08695652173913043,3.228225572897222,0.0,1.0,32.0,1.0,0.0,0.0,0.0,0.0,0.0,0.0,0.0,0.0,61.0,1.0,0.0,7.0,1.0,1.0,0.0,1.0,13.0,2.0,1.0,0.0,1.0,20.0,0.14799977845387843,4.0,3.0,7.0,62.0,12.0,1.0,1280.0,800.0,0.0,0.0,1
90.0,1.0,0.0,0.0,2.0,1.0,0.0,17.0,0.0,0.0,3.6535665779821374,1.0,1.0,55.0,27.0,0.0,1.0,0.0,1.0,1.0,0.0,0.0,1.0,58.0,1.0,0.0,11.0,1.0,0.0,0.0,0.0,2.0,3.0,1.0,0.0,1.0,31.0,0.701359702216672,3.0,1.0,11.0,18.0,9.0,1.0,1280.0,800.0,7.0,0.0,1
46.0,1.0,0.0,0.0,1.0,1.0,0.0,16.0,5.0,0.3125,2.8442282089792967,0.0,2.0,31.0,44.0,0.0,0.0,0.0,0.0,1.0,0.0,0.0,1.0,59.0,2.0,1.0,5.0,0.0,0.0,0.0,0.0,2.0,2.0,1.0,1.0,0.0,11.0,0.9904426039621306,5.0,2.0,5.0,6.0,0.0,1.0,1280.0,800.0,3.0,1.0,1
68.0,1.0,0.0,0.0,1.0,1.0,0.0,25.0,0.0,0.0,3.8732123688711146,0.0,0.0,57.0,29.0,0.0,0.0,0.0,0.0,1.0,0.0,0.0,1.0,145.0,1.0,0.0,11.0,1.0,0.0,0.0,0.0,1.0,3.0,1.0,1.0,1.0,22.0,0.9740325139265261,1.0,2.0,11.0,107.0,5.0,1.0,1280.0,800.0,8.0,1.0,1
78.0,1.0,1.0,0.0,2.0,2.0,0.0,15.0,7.0,0.7143930869750251,3.700122347903273,0.0,1.0,48.0,7.0,1.0,1.0,0.0,1.0,1.0,0.0,0.0,1.0,52.0,1.0,0.0,8.0,1.0,1.0,0.0,1.0,4.0,2.0,1.0,0.0,1.0,35.0,0.9126545929098385,7.0,4.0,8.0,95.0,4.0,1.0,1280.0,800.0,14.0,0.0,1
68.0,1.0,2.0,0.0,3.0,3.0,1.0,25.0,0.0,0.0,3.425991464080833,0.0,1.0,13.0,20.0,0.0,1.0,0.0,1.0,1.0,0.0,0.0,1.0,74.0,1.0,6.0,2.0,0.0,1.0,0.0,0.0,2.0,2.0,0.0,0.0,1.0,15.0,0.7419110916313043,3.0,4.0,2.0,60.0,9.0,1.0,1280.0,800.0,10.0,0.0,1
54.0,1.0,2.0,0.0,2.0,3.0,1.0,24.0,8.0,0.5007964984133495,3.5326505395213412,0.0,3.0,16.0,10.0,0.0,1.0,0.0,1.0,0.0,0.0,1.0,0.0,286.0,2.0,0.0,6.0,1.0,0.0,0.0,0.0,1.0,1.0,0.0,1.0,1.0,19.0,0.6546563322607376,6.0,4.0,6.0,8.0,5.0,1.0,1280.0,800.0,10.0,0.0,1
71.0,0.0,2.0,0.0,3.0,3.0,1.0,17.0,8.0,0.47058823529411764,3.830187954731783,0.0,0.0,22.0,44.0,0.0,0.0,0.0,0.0,0.0,0.0,0.0,0.0,337.0,1.0,0.0,4.0,1.0,1.0,0.0,0.0,2.0,1.0,1.0,1.0,1.0,32.0,0.1903828771601757,7.0,2.0,4.0,57.0,6.0,1.0,1280.0,800.0,0.0,0.0,1
43.0,1.0,3.0,0.0,2.0,4.0,1.0,19.0,0.0,0.0,3.1096396019059194,0.0,1.0,11.0,42.0,0.0,1.0,0.0,1.0,1.0,0.0,0.0,1.0,253.0,1.0,6.0,6.0,1.0,1.0,0.0,0.0,4.0,2.0,1.0,0.0,1.0,8.0,0.9794697358878494,1.0,2.0,6.0,36.0,11.0,1.0,1280.0,800.0,5.0,0.0,1
88.0,1.0,0.0,0.0,2.0,1.0,1.0,21.0,5.0,0.23809523809523808,2.939778642403484,0.0,2.0,29.0,24.0,1.0,0.0,0.0,0.0,0.0,0.0,0.0,0.0,161.0,2.0,0.0,11.0,1.0,1.0,0.0,1.0,8.0,3.0,0.0,0.0,1.0,33.0,0.9924289145712833,3.0,2.0,11.0,87.0,5.0,1.0,1280.0,800.0,10.0,0.0,1
43.0,1.0,1.0,0.0,4.0,2.0,0.0,17.0,5.0,0.29411764705882354,3.0723779529544517,0.0,0.0,26.0,16.0,0.0,1.0,0.0,1.0,1.0,0.0,0.0,1.0,82.0,1.0,0.0,4.0,1.0,1.0,0.0,0.0,0.0,3.0,0.0,0.0,1.0,15.0,0.6984884515245465,3.0,1.0,4.0,30.0,6.0,1.0,1280.0,800.0,11.0,0.0,1
72.0,1.0,0.0,0.0,4.0,1.0,0.0,14.0,8.0,0.5714285714285714,3.750999182394826,0.0,0.0,42.0,22.0,0.0,1.0,0.0,1.0,1.0,0.0,0.0,1.0,179.0,1.0,0.0,5.0,0.0,1.0,0.0,0.0,3.0,2.0,0.0,0.0,1.0,23.0,0.7214297470272153,3.0,2.0,5.0,106.0,12.0,1.0,1280.0,800.0,2.0,0.0,1
66.0,1.0,0.0,1.0,0.0,1.0,0.0,15.0,3.0,0.6233828516556986,2.785978335977869,0.0,1.0,50.0,44.0,1.0,1.0,0.0,1.0,1.0,0.0,0.0,1.0,28.0,1.0,1.0,3.0,1.0,0.0,0.0,0.0,3.0,2.0,1.0,1.0,1.0,12.0,0.7471979562428984,1.0,2.0,3.0,10.0,1.0,1.0,1280.0,800.0,5.0,0.0,1
76.0,0.0,0.0,0.0,1.0,1.0,0.0,15.0,0.0,0.0,2.902783925281877,0.0,1.0,20.0,38.0,0.0,0.0,0.0,0.0,0.0,0.0,0.0,0.0,138.0,1.0,0.0,6.0,1.0,1.0,0.0,1.0,10.0,2.0,1.0,1.0,1.0,14.0,0.13500789796190396,6.0,1.0,6.0,76.0,12.0,0.0,1280.0,800.0,0.0,0.0,1
54.0,1.0,0.0,0.0,1.0,1.0,0.0,15.0,0.0,0.0,3.3742338243050947,1.0,1.0,52.0,14.0,0.0,1.0,0.0,1.0,0.0,1.0,1.0,0.0,264.0,1.0,0.0,5.0,0.0,1.0,0.0,0.0,2.0,2.0,1.0,1.0,1.0,42.0,0.967577700470584,6.0,5.0,5.0,72.0,13.0,0.0,1280.0,800.0,6.0,0.0,1
40.0,0.0,0.0,0.0,2.0,1.0,0.0,28.0,12.0,0.6137469157921212,3.439030851138064,0.0,1.0,48.0,40.0,0.0,1.0,0.0,1.0,0.0,0.0,0.0,0.0,218.0,1.0,1.0,10.0,0.0,1.0,0.0,0.0,4.0,2.0,1.0,0.0,1.0,41.0,0.159197568123499,5.0,2.0,10.0,63.0,13.0,1.0,1280.0,800.0,6.0,0.0,1
70.0,1.0,1.0,0.0,1.0,2.0,0.0,19.0,0.0,0.0,3.1140168643401425,0.0,1.0,10.0,23.0,0.0,1.0,0.0,1.0,0.0,1.0,1.0,0.0,339.0,1.0,1.0,10.0,1.0,1.0,0.0,0.0,4.0,3.0,0.0,1.0,1.0,11.0,0.7740532490016081,4.0,2.0,10.0,68.0,4.0,1.0,1280.0,800.0,4.0,0.0,1
61.0,1.0,0.0,0.0,4.0,1.0,1.0,13.0,5.0,0.38461538461538464,3.0807004707550645,0.0,1.0,9.0,42.0,0.0,1.0,0.0,1.0,1.0,0.0,0.0,1.0,347.0,1.0,0.0,8.0,1.0,0.0,0.0,0.0,2.0,2.0,1.0,1.0,1.0,22.0,0.6174256920338174,7.0,5.0,8.0,15.0,5.0,1.0,1280.0,800.0,12.0,0.0,1
65.0,1.0,3.0,0.0,3.0,4.0,1.0,19.0,5.0,0.2631578947368421,3.599541233133452,0.0,0.0,47.0,30.0,1.0,1.0,0.0,1.0,1.0,0.0,0.0,1.0,111.0,1.0,0.0,8.0,1.0,1.0,0.0,1.0,10.0,1.0,1.0,0.0,1.0,44.0,0.8424048560616478,6.0,5.0,8.0,42.0,2.0,1.0,1280.0,800.0,4.0,0.0,1
77.0,1.0,0.0,0.0,2.0,1.0,1.0,24.0,5.0,0.20833333333333334,3.306015571702242,0.0,1.0,51.0,30.0,0.0,1.0,0.0,1.0,1.0,0.0,0.0,1.0,49.0,2.0,1.0,6.0,0.0,0.0,1.0,0.0,4.0,1.0,1.0,1.0,1.0,10.0,0.8652065861177622,3.0,2.0,6.0,16.0,6.0,1.0,1280.0,800.0,0.0,0.0,1
78.0,0.0,1.0,0.0,0.0,2.0,1.0,23.0,8.0,0.34782608695652173,3.1885832994846153,0.0,0.0,28.0,22.0,1.0,1.0,0.0,1.0,0.0,0.0,0.0,0.0,182.0,1.0,1.0,4.0,1.0,1.0,0.0,0.0,4.0,3.0,0.0,1.0,1.0,20.0,0.1273814813896338,5.0,2.0,4.0,79.0,3.0,1.0,1280.0,800.0,14.0,0.0,1
51.0,1.0,0.0,1.0,0.0,1.0,0.0,15.0,3.0,0.6175895782558252,2.7070381271703763,0.0,1.0,12.0,23.0,0.0,0.0,0.0,0.0,1.0,0.0,0.0,1.0,178.0,2.0,1.0,1.0,0.0,1.0,0.0,0.0,1.0,1.0,1.0,1.0,1.0,37.0,0.68956075667348,4.0,5.0,1.0,72.0,14.0,1.0,1280.0,800.0,14.0,0.0,1
57.0,1.0,1.0,0.0,1.0,2.0,0.0,14.0,2.0,0.14285714285714285,2.918770579494376,0.0,0.0,27.0,43.0,0.0,1.0,0.0,1.0,1.0,0.0,0.0,1.0,163.0,1.0,0.0,1.0,1.0,1.0,0.0,0.0,3.0,1.0,1.0,1.0,1.0,20.0,0.7969495085842624,4.0,5.0,1.0,54.0,7.0,1.0,1280.0,800.0,4.0,1.0,1
56.0,1.0,2.0,0.0,2.0,3.0,1.0,15.0,5.0,0.3333333333333333,3.8839144472018465,0.0,3.0,48.0,8.0,0.0,1.0,0.0,1.0,1.0,0.0,0.0,1.0,311.0,1.0,0.0,4.0,1.0,1.0,0.0,0.0,2.0,3.0,0.0,1.0,1.0,26.0,0.6662108102956749,3.0,3.0,4.0,3.0,10.0,1.0,1280.0,800.0,12.0,0.0,1
59.0,1.0,0.0,0.0,1.0,1.0,1.0,22.0,5.0,0.22727272727272727,3.44560131569997,0.0,1.0,32.0,23.0,0.0,1.0,0.0,1.0,1.0,0.0,0.0,1.0,183.0,1.0,1.0,4.0,1.0,0.0,0.0,0.0,14.0,2.0,0.0,0.0,1.0,12.0,0.7677730599166552,2.0,3.0,4.0,99.0,13.0,1.0,1280.0,800.0,9.0,0.0,1
58.0,0.0,2.0,0.0,4.0,3.0,0.0,24.0,0.0,0.0,3.7934277516852757,0.0,0.0,5.0,34.0,0.0,0.0,0.0,0.0,0.0,0.0,0.0,0.0,23.0,1.0,1.0,11.0,1.0,0.0,0.0,0.0,3.0,4.0,0.0,0.0,1.0,38.0,0.10181435558986209,2.0,4.0,11.0,51.0,4.0,1.0,1280.0,800.0,11.0,1.0,1
36.0,1.0,0.0,0.0,1.0,1.0,1.0,25.0,5.0,0.2,3.1006855394224204,0.0,0.0,44.0,30.0,0.0,1.0,0.0,1.0,1.0,0.0,0.0,1.0,27.0,1.0,0.0,11.0,0.0,0.0,0.0,0.0,4.0,2.0,1.0,0.0,0.0,40.0,0.6505154001517809,1.0,1.0,11.0,8.0,10.0,1.0,1280.0,800.0,8.0,0.0,1
85.0,0.0,1.0,0.0,2.0,2.0,0.0,12.0,10.0,0.8333333333333334,3.7968205763884066,0.0,0.0,54.0,44.0,0.0,1.0,0.0,1.0,0.0,0.0,0.0,0.0,67.0,1.0,1.0,6.0,1.0,1.0,0.0,0.0,3.0,1.0,0.0,0.0,1.0,36.0,0.1838212624650204,1.0,3.0,6.0,103.0,4.0,0.0,1280.0,800.0,7.0,1.0,1
81.0,1.0,1.0,0.0,0.0,2.0,0.0,23.0,8.0,0.34782608695652173,3.649138531334585,0.0,2.0,5.0,38.0,0.0,1.0,0.0,1.0,1.0,0.0,0.0,1.0,40.0,1.0,0.0,11.0,1.0,1.0,0.0,0.0,0.0,3.0,0.0,1.0,1.0,23.0,0.9902814750739997,7.0,2.0,11.0,11.0,4.0,1.0,1280.0,800.0,10.0,0.0,1
52.0,1.0,2.0,0.0,1.0,3.0,1.0,16.0,12.0,0.45913481365892506,3.868643899891673,0.0,3.0,49.0,17.0,0.0,1.0,0.0,1.0,1.0,0.0,0.0,1.0,17.0,1.0,0.0,10.0,1.0,1.0,0.0,1.0,0.0,3.0,0.0,0.0,1.0,35.0,0.8969359535781698,4.0,5.0,10.0,31.0,9.0,1.0,1280.0,800.0,9.0,0.0,1
35.0,1.0,0.0,0.0,3.0,1.0,1.0,15.0,12.0,0.4123836667165542,3.4018852152271677,0.0,2.0,21.0,29.0,0.0,0.0,0.0,0.0,1.0,0.0,0.0,1.0,66.0,1.0,0.0,2.0,1.0,0.0,0.0,0.0,0.0,1.0,0.0,0.0,1.0,10.0,0.684590361494888,7.0,5.0,2.0,90.0,10.0,1.0,1280.0,800.0,7.0,0.0,1
85.0,1.0,0.0,1.0,0.0,1.0,0.0,15.0,3.0,0.6848369969158986,2.925741198667681,0.0,0.0,6.0,37.0,0.0,1.0,0.0,1.0,1.0,0.0,0.0,1.0,63.0,1.0,0.0,1.0,1.0,1.0,0.0,0.0,1.0,2.0,0.0,1.0,1.0,8.0,0.8461224663188908,5.0,4.0,1.0,45.0,13.0,1.0,1280.0,800.0,14.0,0.0,1
48.0,1.0,1.0,0.0,1.0,2.0,0.0,19.0,0.0,0.0,3.3479871725343933,1.0,0.0,12.0,25.0,0.0,1.0,0.0,1.0,1.0,0.0,0.0,1.0,336.0,2.0,1.0,10.0,1.0,0.0,0.0,0.0,3.0,3.0,1.0,1.0,1.0,30.0,0.7345907118933179,2.0,1.0,10.0,54.0,7.0,1.0,1280.0,800.0,0.0,0.0,1
45.0,1.0,1.0,0.0,1.0,2.0,1.0,11.0,0.0,0.0,3.1418485003812417,0.0,0.0,5.0,32.0,0.0,1.0,0.0,1.0,1.0,0.0,0.0,1.0,100.0,1.0,1.0,2.0,1.0,1.0,1.0,0.0,4.0,3.0,1.0,1.0,1.0,12.0,0.8018262676136052,2.0,4.0,2.0,110.0,10.0,1.0,1280.0,800.0,1.0,0.0,1
81.0,0.0,1.0,0.0,3.0,2.0,0.0,13.0,2.0,0.15384615384615385,3.2330076076002907,0.0,0.0,20.0,17.0,0.0,1.0,0.0,1.0,0.0,0.0,0.0,0.0,119.0,1.0,0.0,7.0,1.0,1.0,0.0,0.0,2.0,2.0,0.0,0.0,1.0,43.0,0.1498366606658499,7.0,4.0,7.0,73.0,6.0,1.0,1280.0,800.0,6.0,0.0,1
39.0,1.0,0.0,1.0,0.0,1.0,0.0,15.0,3.0,0.7971576112716486,2.9426292175792086,0.0,0.0,30.0,39.0,0.0,0.0,0.0,0.0,1.0,0.0,0.0,1.0,218.0,1.0,0.0,7.0,1.0,1.0,0.0,0.0,4.0,3.0,0.0,0.0,1.0,14.0,0.8981568585907754,5.0,4.0,7.0,89.0,13.0,1.0,1280.0,800.0,3.0,1.0,1
78.0,1.0,3.0,0.0,2.0,4.0,0.0,13.0,2.0,0.15384615384615385,3.0525729202374587,0.0,3.0,5.0,34.0,0.0,1.0,0.0,1.0,1.0,0.0,0.0,1.0,349.0,1.0,0.0,9.0,1.0,1.0,1.0,0.0,1.0,2.0,0.0,1.0,1.0,15.0,0.9523701242601224,3.0,2.0,9.0,24.0,6.0,1.0,1280.0,800.0,6.0,0.0,1
39.0,1.0,2.0,0.0,4.0,3.0,0.0,17.0,2.0,0.11764705882352941,3.150766134296321,0.0,1.0,47.0,31.0,0.0,1.0,0.0,1.0,1.0,0.0,0.0,1.0,104.0,1.0,0.0,4.0,1.0,0.0,1.0,1.0,3.0,2.0,0.0,0.0,1.0,12.0,0.8512086647583391,5.0,2.0,4.0,96.0,4.0,1.0,1280.0,800.0,5.0,0.0,1
68.0,0.0,3.0,0.0,2.0,4.0,1.0,22.0,5.0,0.22727272727272727,2.9288835006200897,0.0,1.0,58.0,2.0,1.0,1.0,0.0,1.0,0.0,0.0,0.0,0.0,295.0,1.0,0.0,3.0,1.0,1.0,0.0,1.0,3.0,1.0,0.0,0.0,1.0,22.0,0.21509285304974216,6.0,3.0,3.0,106.0,12.0,1.0,1280.0,800.0,0.0,0.0,1
74.0,1.0,2.0,0.0,1.0,3.0,0.0,10.0,5.0,0.5,2.9901145131175535,0.0,0.0,56.0,44.0,0.0,1.0,0.0,1.0,1.0,0.0,0.0,1.0,318.0,1.0,6.0,5.0,0.0,1.0,0.0,0.0,10.0,1.0,0.0,0.0,1.0,26.0,0.9814549792475119,4.0,3.0,5.0,55.0,14.0,1.0,1280.0,800.0,1.0,0.0,1
75.0,0.0,0.0,0.0,2.0,1.0,0.0,18.0,0.0,0.0,3.7036860597764694,1.0,0.0,6.0,22.0,0.0,1.0,0.0,1.0,0.0,0.0,0.0,0.0,330.0,1.0,0.0,4.0,1.0,0.0,0.0,0.0,3.0,2.0,0.0,1.0,1.0,20.0,0.19098826257815255,2.0,4.0,4.0,95.0,13.0,0.0,1280.0,800.0,0.0,0.0,1
45.0,1.0,1.0,0.0,2.0,2.0,0.0,18.0,0.0,0.0,3.417728820244091,1.0,0.0,41.0,24.0,0.0,1.0,0.0,1.0,1.0,0.0,0.0,1.0,36.0,1.0,1.0,6.0,1.0,0.0,0.0,0.0,0.0,2.0,1.0,0.0,1.0,14.0,0.7058548045586922,2.0,4.0,6.0,75.0,9.0,1.0,1280.0,800.0,7.0,1.0,1
61.0,1.0,2.0,0.0,1.0,3.0,0.0,25.0,0.0,0.0,2.9303005922187815,0.0,1.0,50.0,0.0,0.0,0.0,0.0,0.0,0.0,0.0,1.0,0.0,277.0,1.0,0.0,3.0,1.0,1.0,0.0,0.0,3.0,1.0,0.0,0.0,1.0,25.0,0.8952668954982222,3.0,2.0,3.0,4.0,8.0,1.0,1280.0,800.0,5.0,1.0,1
94.0,0.0,1.0,0.0,1.0,2.0,0.0,14.0,0.0,0.0,3.777690135380129,1.0,0.0,23.0,29.0,0.0,1.0,0.0,1.0,0.0,0.0,0.0,0.0,25.0,1.0,1.0,3.0,1.0,1.0,0.0,0.0,0.0,3.0,0.0,1.0,1.0,22.0,0.12641048699802052,5.0,5.0,3.0,8.0,13.0,1.0,1280.0,800.0,10.0,0.0,1
92.0,1.0,0.0,1.0,0.0,1.0,0.0,15.0,3.0,0.6255628147387536,2.971795786294673,0.0,0.0,39.0,1.0,1.0,1.0,0.0,1.0,1.0,0.0,0.0,1.0,130.0,1.0,0.0,7.0,0.0,1.0,1.0,0.0,3.0,1.0,1.0,0.0,1.0,41.0,0.7888200312663916,6.0,5.0,7.0,119.0,3.0,1.0,1280.0,800.0,4.0,0.0,1
36.0,1.0,3.0,0.0,2.0,4.0,1.0,16.0,5.0,0.3125,3.0890887871628196,0.0,0.0,11.0,6.0,0.0,1.0,0.0,1.0,1.0,0.0,0.0,1.0,178.0,1.0,1.0,6.0,1.0,1.0,1.0,0.0,4.0,3.0,0.0,0.0,1.0,26.0,0.6647016202510273,3.0,3.0,6.0,20.0,8.0,1.0,1280.0,800.0,11.0,0.0,1
85.0,1.0,1.0,0.0,3.0,2.0,0.0,22.0,8.0,0.36363636363636365,2.883540426095214,0.0,0.0,9.0,38.0,0.0,1.0,0.0,1.0,1.0,0.0,0.0,1.0,339.0,2.0,0.0,11.0,1.0,1.0,0.0,0.0,3.0,4.0,0.0,1.0,1.0,10.0,0.7970009835597743,2.0,2.0,11.0,46.0,14.0,1.0,1280.0,800.0,8.0,0.0,1
37.0,0.0,2.0,0.0,2.0,3.0,0.0,19.0,8.0,0.42105263157894735,3.7931636500457735,0.0,0.0,42.0,18.0,0.0,1.0,0.0,1.0,0.0,0.0,0.0,0.0,69.0,1.0,6.0,4.0,1.0,1.0,0.0,1.0,11.0,2.0,1.0,0.0,1.0,35.0,0.2786392250603883,4.0,5.0,4.0,31.0,3.0,1.0,1280.0,800.0,14.0,0.0,1
80.0,1.0,2.0,0.0,2.0,3.0,1.0,28.0,10.0,0.3538795002512804,3.8815401793380833,0.0,0.0,52.0,41.0,0.0,1.0,0.0,1.0,0.0,1.0,0.0,0.0,249.0,1.0,1.0,7.0,1.0,1.0,0.0,0.0,0.0,3.0,0.0,1.0,1.0,21.0,0.9061602709384647,6.0,3.0,7.0,77.0,0.0,1.0,1280.0,800.0,12.0,0.0,1
69.0,1.0,2.0,0.0,1.0,3.0,0.0,20.0,2.0,0.1,2.803063694134822,0.0,0.0,17.0,43.0,1.0,1.0,0.0,1.0,1.0,0.0,0.0,1.0,88.0,1.0,1.0,9.0,0.0,1.0,0.0,0.0,14.0,3.0,0.0,0.0,1.0,43.0,0.9589161171853049,3.0,5.0,9.0,54.0,5.0,1.0,1280.0,800.0,4.0,1.0,1
49.0,0.0,0.0,1.0,0.0,1.0,0.0,15.0,3.0,0.7111103731750944,2.504544809203581,0.0,0.0,45.0,28.0,0.0,0.0,0.0,0.0,0.0,0.0,0.0,0.0,260.0,1.0,0.0,4.0,1.0,0.0,0.0,0.0,1.0,3.0,0.0,0.0,1.0,25.0,0.24341093188350676,1.0,4.0,4.0,60.0,8.0,1.0,1280.0,800.0,7.0,0.0,1
87.0,0.0,2.0,0.0,2.0,3.0,1.0,25.0,5.0,0.2,3.8341654396959646,0.0,2.0,7.0,34.0,1.0,0.0,0.0,0.0,0.0,0.0,0.0,0.0,185.0,1.0,0.0,4.0,1.0,0.0,0.0,1.0,2.0,1.0,0.0,1.0,1.0,13.0,0.1829809763609311,6.0,4.0,4.0,63.0,6.0,1.0,1280.0,800.0,7.0,0.0,1
50.0,1.0,1.0,0.0,2.0,2.0,1.0,11.0,2.0,0.18181818181818182,3.844200872365068,0.0,2.0,24.0,29.0,0.0,1.0,0.0,1.0,1.0,0.0,0.0,1.0,157.0,1.0,1.0,1.0,1.0,1.0,0.0,0.0,3.0,2.0,1.0,1.0,1.0,10.0,0.9037395145216328,4.0,3.0,1.0,16.0,3.0,1.0,1280.0,800.0,5.0,0.0,1
40.0,1.0,2.0,0.0,2.0,3.0,1.0,20.0,2.0,0.1,3.0136106746429245,0.0,0.0,39.0,34.0,0.0,1.0,0.0,1.0,1.0,0.0,0.0,1.0,344.0,1.0,0.0,2.0,1.0,0.0,0.0,0.0,3.0,1.0,1.0,1.0,1.0,31.0,0.7469778383005966,1.0,5.0,2.0,110.0,13.0,1.0,1280.0,800.0,1.0,0.0,1
36.0,1.0,0.0,1.0,0.0,1.0,0.0,15.0,3.0,0.6428180172909821,3.0442962632136554,0.0,0.0,29.0,35.0,0.0,0.0,0.0,0.0,1.0,0.0,0.0,1.0,47.0,1.0,0.0,6.0,1.0,0.0,1.0,0.0,1.0,2.0,0.0,1.0,1.0,44.0,0.6872270260937334,7.0,3.0,6.0,36.0,7.0,1.0,1280.0,800.0,3.0,1.0,1
55.0,1.0,1.0,0.0,1.0,2.0,0.0,20.0,5.0,0.25,3.724556927934081,0.0,1.0,54.0,15.0,0.0,0.0,0.0,0.0,1.0,0.0,0.0,1.0,199.0,1.0,1.0,7.0,0.0,1.0,0.0,0.0,1.0,2.0,0.0,1.0,1.0,7.0,0.7322805963591705,4.0,5.0,7.0,7.0,9.0,1.0,1280.0,800.0,4.0,0.0,1
77.0,0.0,3.0,0.0,3.0,4.0,0.0,10.0,0.0,0.0,2.861863631527685,0.0,0.0,42.0,14.0,0.0,1.0,0.0,1.0,0.0,0.0,0.0,0.0,300.0,1.0,1.0,7.0,0.0,1.0,0.0,1.0,12.0,1.0,1.0,0.0,1.0,40.0,0.2616305951418939,3.0,1.0,7.0,9.0,2.0,1.0,1280.0,800.0,4.0,0.0,1
69.0,1.0,0.0,0.0,1.0,1.0,1.0,10.0,2.0,0.2,3.8043937478748706,0.0,1.0,35.0,37.0,0.0,1.0,0.0,1.0,1.0,0.0,0.0,1.0,102.0,1.0,0.0,9.0,1.0,1.0,0.0,1.0,3.0,3.0,1.0,1.0,1.0,31.0,0.7899763253253259,2.0,2.0,9.0,0.0,9.0,1.0,1280.0,800.0,2.0,0.0,1
44.0,1.0,0.0,0.0,3.0,1.0,0.0,25.0,2.0,0.08,2.8300048442289216,0.0,0.0,36.0,20.0,0.0,0.0,0.0,0.0,1.0,0.0,0.0,1.0,182.0,1.0,0.0,4.0,0.0,1.0,0.0,0.0,1.0,3.0,0.0,0.0,1.0,30.0,0.8433580066077079,7.0,2.0,4.0,86.0,4.0,1.0,1280.0,800.0,13.0,0.0,1
43.0,1.0,0.0,0.0,4.0,1.0,0.0,20.0,2.0,0.1,2.9315158303792526,0.0,0.0,11.0,22.0,0.0,1.0,0.0,1.0,1.0,0.0,0.0,1.0,263.0,2.0,0.0,1.0,1.0,1.0,1.0,0.0,1.0,2.0,1.0,0.0,1.0,40.0,0.9690909986845702,5.0,1.0,1.0,97.0,3.0,1.0,1280.0,800.0,7.0,1.0,1
68.0,1.0,3.0,0.0,1.0,4.0,0.0,16.0,0.0,0.0,3.432544898703072,0.0,1.0,52.0,0.0,0.0,1.0,0.0,1.0,1.0,0.0,0.0,1.0,216.0,1.0,0.0,5.0,1.0,1.0,0.0,0.0,3.0,4.0,1.0,0.0,1.0,32.0,0.6576071217513563,4.0,1.0,5.0,116.0,14.0,1.0,1280.0,800.0,1.0,0.0,1
80.0,1.0,0.0,0.0,1.0,1.0,1.0,22.0,14.0,0.737069438593564,3.4793003310398913,0.0,2.0,8.0,42.0,0.0,0.0,0.0,0.0,1.0,0.0,0.0,1.0,32.0,1.0,0.0,10.0,0.0,1.0,0.0,0.0,0.0,2.0,0.0,1.0,1.0,16.0,0.8447621475660534,4.0,2.0,10.0,85.0,5.0,1.0,1280.0,800.0,6.0,0.0,1
49.0,0.0,2.0,0.0,3.0,3.0,1.0,22.0,8.0,0.36363636363636365,3.386980766251835,0.0,3.0,30.0,34.0,0.0,0.0,0.0,0.0,0.0,0.0,0.0,0.0,346.0,1.0,0.0,7.0,0.0,0.0,0.0,1.0,14.0,3.0,1.0,1.0,1.0,18.0,0.13746064177427114,5.0,5.0,7.0,41.0,11.0,1.0,1280.0,800.0,10.0,0.0,1
66.0,1.0,0.0,0.0,1.0,1.0,0.0,20.0,0.0,0.0,3.5570381157287194,0.0,0.0,8.0,26.0,0.0,1.0,0.0,1.0,1.0,0.0,0.0,1.0,266.0,2.0,1.0,7.0,1.0,1.0,0.0,0.0,0.0,3.0,0.0,0.0,1.0,35.0,0.817959030472379,7.0,2.0,7.0,116.0,4.0,1.0,1280.0,800.0,11.0,0.0,1
93.0,1.0,0.0,1.0,0.0,1.0,0.0,15.0,3.0,0.6971880052584094,3.0336084636484757,0.0,0.0,54.0,15.0,0.0,0.0,0.0,0.0,1.0,0.0,0.0,1.0,153.0,1.0,0.0,1.0,1.0,0.0,0.0,0.0,2.0,1.0,1.0,0.0,1.0,19.0,0.7203399867598056,3.0,2.0,1.0,6.0,6.0,1.0,1280.0,800.0,9.0,0.0,1
72.0,1.0,1.0,0.0,1.0,2.0,1.0,10.0,2.0,0.2,3.6573905776075764,0.0,1.0,43.0,15.0,1.0,1.0,0.0,1.0,0.0,1.0,0.0,0.0,54.0,1.0,0.0,2.0,1.0,1.0,0.0,0.0,2.0,3.0,1.0,1.0,1.0,6.0,0.687143018658716,5.0,3.0,2.0,40.0,3.0,1.0,1280.0,800.0,12.0,0.0,1
83.0,0.0,2.0,0.0,4.0,3.0,0.0,18.0,8.0,0.4444444444444444,3.0789302170199226,0.0,3.0,32.0,22.0,0.0,1.0,0.0,1.0,0.0,0.0,0.0,0.0,331.0,1.0,1.0,11.0,0.0,1.0,0.0,0.0,2.0,2.0,1.0,1.0,1.0,26.0,0.19387999258744448,5.0,1.0,11.0,95.0,8.0,1.0,1280.0,800.0,6.0,0.0,1
93.0,1.0,0.0,1.0,0.0,1.0,0.0,15.0,3.0,0.6943842025949869,2.5113710877775413,0.0,1.0,32.0,10.0,0.0,1.0,0.0,1.0,0.0,1.0,1.0,0.0,302.0,1.0,0.0,10.0,1.0,0.0,0.0,0.0,3.0,2.0,0.0,1.0,1.0,41.0,0.8557199207029571,7.0,1.0,10.0,33.0,3.0,1.0,1280.0,800.0,0.0,0.0,1
90.0,1.0,3.0,0.0,2.0,4.0,1.0,16.0,8.0,0.5,2.9924295197784154,0.0,1.0,55.0,39.0,0.0,1.0,0.0,1.0,1.0,0.0,0.0,1.0,250.0,1.0,1.0,1.0,1.0,1.0,1.0,0.0,0.0,1.0,0.0,1.0,1.0,5.0,0.9149128082340544,3.0,4.0,1.0,52.0,10.0,1.0,1280.0,800.0,13.0,0.0,1
93.0,1.0,1.0,0.0,0.0,2.0,1.0,26.0,8.0,0.3076923076923077,3.525769678769241,0.0,0.0,52.0,15.0,0.0,1.0,0.0,1.0,1.0,0.0,0.0,1.0,306.0,1.0,0.0,6.0,1.0,1.0,0.0,0.0,4.0,2.0,0.0,1.0,1.0,16.0,0.7462225179948594,4.0,3.0,6.0,105.0,2.0,1.0,1280.0,800.0,6.0,0.0,1
44.0,1.0,0.0,1.0,0.0,1.0,0.0,15.0,3.0,0.6824201931902484,3.029101568604559,0.0,1.0,29.0,2.0,0.0,0.0,0.0,0.0,1.0,0.0,0.0,1.0,118.0,1.0,0.0,5.0,0.0,0.0,0.0,0.0,2.0,2.0,0.0,0.0,0.0,41.0,0.6315420169889395,2.0,2.0,5.0,88.0,5.0,1.0,1280.0,800.0,10.0,0.0,1
58.0,0.0,3.0,0.0,1.0,4.0,0.0,13.0,8.0,0.6153846153846154,3.1327992931394144,0.0,0.0,14.0,5.0,1.0,1.0,0.0,1.0,0.0,0.0,0.0,0.0,204.0,1.0,0.0,10.0,1.0,1.0,0.0,0.0,0.0,1.0,0.0,0.0,1.0,5.0,0.21257591999293624,1.0,4.0,10.0,3.0,10.0,1.0,1280.0,800.0,3.0,0.0,1
69.0,1.0,1.0,0.0,1.0,2.0,0.0,25.0,5.0,0.2,3.220142970430904,0.0,0.0,28.0,38.0,0.0,1.0,0.0,1.0,1.0,0.0,0.0,1.0,72.0,1.0,1.0,11.0,0.0,0.0,0.0,0.0,8.0,2.0,0.0,1.0,0.0,13.0,0.9023071732935046,2.0,1.0,11.0,117.0,14.0,1.0,1280.0,800.0,0.0,0.0,1
86.0,1.0,1.0,0.0,1.0,2.0,0.0,18.0,0.0,0.0,3.8404893450099493,1.0,2.0,55.0,15.0,0.0,1.0,0.0,1.0,1.0,0.0,0.0,1.0,264.0,1.0,0.0,8.0,0.0,1.0,0.0,0.0,0.0,3.0,0.0,1.0,1.0,5.0,0.9355907428330116,5.0,1.0,8.0,59.0,14.0,1.0,1280.0,800.0,9.0,0.0,1
50.0,1.0,0.0,0.0,2.0,1.0,0.0,21.0,0.0,0.0,3.2129206244880173,1.0,3.0,50.0,41.0,0.0,1.0,0.0,1.0,0.0,1.0,1.0,0.0,112.0,1.0,1.0,8.0,0.0,1.0,1.0,0.0,1.0,1.0,1.0,1.0,1.0,31.0,0.6166654398696857,6.0,1.0,8.0,80.0,10.0,1.0,1280.0,800.0,4.0,0.0,1
90.0,0.0,1.0,0.0,2.0,2.0,0.0,19.0,0.0,0.0,3.3275202212196424,1.0,2.0,25.0,14.0,0.0,1.0,0.0,1.0,0.0,0.0,0.0,0.0,333.0,1.0,0.0,3.0,0.0,1.0,0.0,0.0,0.0,2.0,0.0,1.0,1.0,19.0,0.04057425172677737,2.0,5.0,3.0,94.0,12.0,1.0,1280.0,800.0,6.0,0.0,1
90.0,1.0,2.0,0.0,2.0,3.0,1.0,24.0,11.0,0.7074759548487259,3.3919301529870287,0.0,0.0,26.0,23.0,0.0,1.0,0.0,1.0,1.0,0.0,0.0,1.0,68.0,1.0,6.0,11.0,0.0,1.0,0.0,0.0,0.0,1.0,1.0,1.0,1.0,12.0,0.6160424016827272,5.0,3.0,11.0,25.0,1.0,1.0,1280.0,800.0,5.0,0.0,1
86.0,1.0,1.0,0.0,2.0,2.0,0.0,16.0,0.0,0.0,3.2436763260216748,1.0,0.0,53.0,5.0,0.0,1.0,0.0,1.0,1.0,0.0,0.0,1.0,66.0,1.0,1.0,1.0,0.0,1.0,1.0,0.0,4.0,1.0,0.0,1.0,1.0,36.0,0.9384660858639543,4.0,3.0,1.0,50.0,6.0,1.0,1280.0,800.0,6.0,1.0,1
36.0,0.0,1.0,0.0,2.0,2.0,0.0,13.0,0.0,0.0,3.837084012199554,1.0,0.0,54.0,14.0,0.0,1.0,0.0,1.0,0.0,0.0,0.0,0.0,334.0,1.0,1.0,6.0,1.0,1.0,0.0,0.0,3.0,2.0,1.0,1.0,1.0,31.0,0.04301572067728641,7.0,2.0,6.0,61.0,5.0,1.0,1280.0,800.0,14.0,0.0,1
51.0,1.0,0.0,0.0,3.0,1.0,1.0,23.0,0.0,0.0,3.355672882552335,0.0,0.0,59.0,28.0,0.0,1.0,0.0,1.0,1.0,0.0,0.0,1.0,345.0,1.0,6.0,8.0,0.0,0.0,0.0,0.0,10.0,2.0,0.0,1.0,0.0,40.0,0.9926328513169869,3.0,4.0,8.0,50.0,13.0,1.0,1280.0,800.0,3.0,0.0,1
85.0,1.0,2.0,0.0,0.0,3.0,0.0,22.0,8.0,0.36363636363636365,3.6333077085206167,0.0,2.0,10.0,26.0,1.0,1.0,0.0,1.0,0.0,1.0,0.0,0.0,163.0,2.0,1.0,8.0,1.0,1.0,1.0,0.0,3.0,2.0,1.0,0.0,1.0,29.0,0.8442465570132662,2.0,1.0,8.0,114.0,7.0,1.0,1280.0,800.0,10.0,0.0,1
48.0,1.0,1.0,0.0,2.0,2.0,1.0,16.0,0.0,0.0,2.8098151655793964,0.0,1.0,50.0,38.0,0.0,1.0,0.0,1.0,1.0,0.0,0.0,1.0,323.0,1.0,0.0,3.0,1.0,0.0,0.0,0.0,11.0,2.0,0.0,0.0,1.0,31.0,0.8858361389487632,4.0,5.0,3.0,109.0,12.0,1.0,1280.0,800.0,12.0,0.0,1
51.0,1.0,2.0,0.0,2.0,3.0,0.0,15.0,5.0,0.3333333333333333,3.0328969583468455,0.0,1.0,15.0,23.0,1.0,0.0,0.0,0.0,1.0,0.0,0.0,1.0,223.0,2.0,0.0,5.0,1.0,1.0,0.0,1.0,2.0,2.0,0.0,1.0,1.0,8.0,0.7216324974417073,2.0,2.0,5.0,97.0,13.0,1.0,1280.0,800.0,1.0,0.0,1
38.0,1.0,1.0,0.0,3.0,2.0,0.0,19.0,10.0,0.5773709956947708,3.8205774777123866,0.0,1.0,56.0,16.0,0.0,0.0,0.0,0.0,1.0,0.0,0.0,1.0,125.0,2.0,0.0,3.0,1.0,1.0,0.0,1.0,2.0,3.0,0.0,0.0,1.0,26.0,0.9065777053892128,5.0,1.0,3.0,56.0,5.0,1.0,1280.0,800.0,6.0,0.0,1
45.0,1.0,0.0,0.0,2.0,1.0,0.0,24.0,12.0,0.41637706481079056,3.474933817378276,0.0,2.0,39.0,8.0,1.0,0.0,0.0,0.0,1.0,0.0,0.0,1.0,177.0,1.0,1.0,9.0,1.0,1.0,0.0,1.0,0.0,2.0,0.0,0.0,1.0,42.0,0.7765024198590396,2.0,3.0,9.0,48.0,3.0,1.0,1280.0,800.0,4.0,0.0,1
35.0,0.0,0.0,0.0,1.0,1.0,1.0,19.0,0.0,0.0,2.9325787197399507,0.0,0.0,34.0,34.0,0.0,1.0,0.0,1.0,0.0,0.0,0.0,0.0,220.0,1.0,1.0,6.0,0.0,1.0,0.0,0.0,1.0,2.0,1.0,1.0,1.0,13.0,0.26880185656204014,2.0,2.0,6.0,6.0,8.0,1.0,1280.0,800.0,5.0,0.0,1
94.0,1.0,1.0,0.0,1.0,2.0,0.0,22.0,5.0,0.22727272727272727,3.4957314834624844,0.0,2.0,49.0,18.0,0.0,0.0,0.0,0.0,0.0,0.0,0.0,0.0,126.0,1.0,6.0,11.0,1.0,0.0,2.0,2.0,3.0,4.0,0.0,0.0,1.0,13.0,0.7275225354586312,1.0,5.0,11.0,64.0,11.0,1.0,1280.0,800.0,5.0,0.0,1
44.0,1.0,0.0,1.0,0.0,1.0,0.0,15.0,3.0,0.6108240140709188,2.7162216202789375,0.0,2.0,18.0,31.0,0.0,0.0,0.0,0.0,1.0,0.0,0.0,1.0,105.0,1.0,0.0,8.0,0.0,1.0,0.0,0.0,0.0,1.0,0.0,0.0,1.0,8.0,0.7551318376699211,3.0,4.0,8.0,105.0,11.0,1.0,1280.0,800.0,9.0,0.0,1
63.0,1.0,2.0,0.0,1.0,3.0,0.0,23.0,5.0,0.21739130434782608,3.283346153465426,0.0,2.0,40.0,36.0,0.0,1.0,0.0,1.0,0.0,1.0,1.0,0.0,339.0,1.0,0.0,10.0,1.0,1.0,0.0,1.0,4.0,2.0,0.0,0.0,1.0,7.0,0.7994459711194388,6.0,1.0,10.0,79.0,10.0,1.0,1280.0,800.0,9.0,0.0,1
90.0,1.0,2.0,0.0,4.0,3.0,0.0,17.0,8.0,0.47058823529411764,3.0486442679442556,0.0,0.0,50.0,7.0,0.0,1.0,0.0,1.0,1.0,0.0,0.0,1.0,203.0,1.0,0.0,9.0,1.0,1.0,0.0,0.0,0.0,3.0,1.0,1.0,1.0,44.0,0.8483922613785643,6.0,4.0,9.0,54.0,3.0,1.0,1280.0,800.0,12.0,0.0,1
70.0,1.0,2.0,0.0,3.0,3.0,0.0,18.0,8.0,0.4444444444444444,3.5319790462298712,0.0,0.0,17.0,37.0,0.0,1.0,0.0,1.0,1.0,0.0,0.0,1.0,204.0,1.0,6.0,11.0,0.0,1.0,1.0,0.0,2.0,3.0,1.0,1.0,1.0,11.0,0.8355010518459164,5.0,1.0,11.0,94.0,14.0,1.0,1280.0,800.0,0.0,0.0,1
39.0,1.0,2.0,0.0,2.0,3.0,0.0,16.0,10.0,0.625,2.942091272897355,0.0,1.0,40.0,40.0,0.0,1.0,0.0,1.0,0.0,0.0,1.0,0.0,306.0,1.0,0.0,3.0,1.0,1.0,0.0,0.0,0.0,3.0,0.0,0.0,1.0,18.0,0.9978862541074565,7.0,2.0,3.0,72.0,13.0,1.0,1280.0,800.0,3.0,0.0,1
76.0,1.0,2.0,0.0,1.0,3.0,1.0,12.0,2.0,0.16666666666666666,3.304467225353725,0.0,0.0,48.0,26.0,0.0,0.0,0.0,0.0,1.0,0.0,0.0,1.0,235.0,1.0,1.0,1.0,1.0,1.0,1.0,0.0,2.0,1.0,1.0,1.0,1.0,26.0,0.9867805984494579,7.0,3.0,1.0,17.0,2.0,1.0,1280.0,800.0,7.0,0.0,1
47.0,0.0,1.0,0.0,3.0,2.0,0.0,23.0,5.0,0.21739130434782608,3.8386571802663267,0.0,2.0,13.0,23.0,0.0,1.0,0.0,1.0,0.0,0.0,0.0,0.0,334.0,1.0,0.0,11.0,1.0,0.0,2.0,1.0,0.0,5.0,0.0,1.0,1.0,14.0,0.26638464492551717,4.0,5.0,11.0,71.0,3.0,1.0,1280.0,800.0,13.0,0.0,1
91.0,1.0,1.0,0.0,2.0,2.0,1.0,16.0,0.0,0.0,3.570373506576351,0.0,1.0,33.0,25.0,0.0,1.0,0.0,1.0,1.0,0.0,0.0,1.0,283.0,2.0,1.0,4.0,1.0,1.0,0.0,0.0,1.0,1.0,0.0,0.0,1.0,18.0,0.7193051714191007,1.0,2.0,4.0,36.0,14.0,1.0,1280.0,800.0,13.0,0.0,1
68.0,0.0,1.0,0.0,4.0,2.0,1.0,17.0,5.0,0.29411764705882354,3.81411589188861,0.0,0.0,24.0,30.0,0.0,0.0,0.0,0.0,0.0,0.0,0.0,0.0,340.0,2.0,1.0,6.0,1.0,0.0,0.0,0.0,1.0,1.0,1.0,1.0,1.0,34.0,0.26081014535951896,6.0,3.0,6.0,29.0,14.0,1.0,1280.0,800.0,13.0,0.0,1
46.0,1.0,0.0,1.0,0.0,1.0,0.0,15.0,3.0,0.7016344477388294,2.993457907778528,0.0,1.0,41.0,38.0,0.0,0.0,0.0,0.0,1.0,0.0,0.0,1.0,337.0,1.0,0.0,3.0,1.0,1.0,0.0,0.0,1.0,2.0,1.0,0.0,1.0,13.0,0.8089031434153834,2.0,5.0,3.0,40.0,10.0,1.0,1280.0,800.0,3.0,1.0,1
77.0,1.0,1.0,0.0,3.0,2.0,1.0,20.0,8.0,0.4,2.9989885673546626,0.0,1.0,11.0,34.0,0.0,1.0,0.0,1.0,1.0,0.0,0.0,1.0,270.0,1.0,0.0,3.0,0.0,1.0,0.0,0.0,9.0,2.0,1.0,0.0,1.0,11.0,0.9535716659170946,1.0,5.0,3.0,21.0,1.0,1.0,1280.0,800.0,13.0,0.0,1
58.0,1.0,2.0,0.0,1.0,3.0,0.0,12.0,0.0,0.0,3.6587962460379493,0.0,2.0,31.0,27.0,1.0,1.0,0.0,1.0,1.0,0.0,0.0,1.0,236.0,1.0,0.0,4.0,1.0,1.0,0.0,0.0,2.0,4.0,0.0,0.0,1.0,19.0,0.8286509632443981,3.0,4.0,4.0,93.0,12.0,1.0,1280.0,800.0,7.0,1.0,1
53.0,1.0,1.0,0.0,3.0,2.0,1.0,15.0,8.0,0.5333333333333333,3.316648058512391,0.0,0.0,19.0,21.0,0.0,1.0,0.0,1.0,1.0,0.0,0.0,1.0,173.0,1.0,0.0,2.0,1.0,1.0,0.0,0.0,3.0,2.0,0.0,0.0,1.0,28.0,0.65798661940649,5.0,5.0,2.0,73.0,6.0,1.0,1280.0,800.0,1.0,0.0,1
38.0,1.0,2.0,0.0,1.0,3.0,1.0,20.0,0.0,0.0,3.6748714952694965,0.0,0.0,6.0,38.0,0.0,1.0,0.0,1.0,1.0,0.0,0.0,1.0,117.0,1.0,0.0,2.0,1.0,1.0,0.0,0.0,1.0,1.0,1.0,0.0,1.0,30.0,0.7901126773507484,1.0,3.0,2.0,23.0,4.0,1.0,1280.0,800.0,5.0,1.0,1
60.0,0.0,1.0,0.0,1.0,2.0,1.0,16.0,2.0,0.125,3.4297820794764324,0.0,2.0,59.0,21.0,0.0,0.0,0.0,0.0,0.0,0.0,0.0,0.0,289.0,1.0,0.0,1.0,1.0,1.0,0.0,0.0,0.0,1.0,0.0,0.0,1.0,8.0,0.014113067274490375,7.0,3.0,1.0,99.0,5.0,1.0,1280.0,800.0,11.0,0.0,1
77.0,1.0,2.0,0.0,2.0,3.0,0.0,15.0,2.0,0.13333333333333333,2.847574519172597,0.0,2.0,28.0,35.0,0.0,0.0,0.0,0.0,1.0,0.0,0.0,1.0,239.0,1.0,0.0,3.0,0.0,1.0,0.0,0.0,2.0,1.0,1.0,1.0,1.0,31.0,0.6339923083446634,1.0,2.0,3.0,5.0,1.0,1.0,1280.0,800.0,2.0,0.0,1
89.0,1.0,0.0,0.0,1.0,1.0,1.0,20.0,8.0,0.4,3.052061506819018,0.0,1.0,31.0,5.0,0.0,0.0,0.0,0.0,1.0,0.0,0.0,1.0,264.0,1.0,6.0,5.0,0.0,0.0,1.0,1.0,3.0,3.0,0.0,0.0,1.0,38.0,0.7021992836955302,1.0,3.0,5.0,61.0,6.0,1.0,1280.0,800.0,10.0,0.0,1
74.0,0.0,1.0,0.0,1.0,2.0,1.0,12.0,5.0,0.4166666666666667,3.063602718646352,0.0,0.0,6.0,15.0,0.0,1.0,0.0,1.0,0.0,0.0,0.0,0.0,321.0,1.0,0.0,11.0,1.0,0.0,0.0,0.0,9.0,3.0,0.0,0.0,1.0,11.0,0.03718727805496833,2.0,5.0,11.0,63.0,9.0,1.0,1280.0,800.0,3.0,0.0,1
39.0,1.0,2.0,0.0,0.0,3.0,1.0,15.0,0.0,0.0,3.026855530398333,0.0,1.0,46.0,21.0,0.0,1.0,0.0,1.0,1.0,0.0,0.0,1.0,227.0,1.0,0.0,10.0,1.0,1.0,0.0,0.0,0.0,2.0,0.0,1.0,1.0,39.0,0.6668766221989132,3.0,1.0,10.0,42.0,1.0,1.0,1280.0,800.0,4.0,0.0,1
71.0,0.0,1.0,0.0,3.0,2.0,1.0,26.0,9.0,0.5776678751434035,3.631127092252478,0.0,1.0,27.0,31.0,0.0,0.0,0.0,0.0,0.0,0.0,0.0,0.0,103.0,2.0,1.0,5.0,1.0,1.0,0.0,1.0,0.0,2.0,1.0,0.0,1.0,13.0,0.15016197992321487,5.0,5.0,5.0,6.0,5.0,1.0,1280.0,800.0,3.0,0.0,1
44.0,1.0,3.0,0.0,1.0,4.0,1.0,25.0,8.0,0.32,3.48610023968445,0.0,0.0,8.0,25.0,0.0,0.0,0.0,0.0,1.0,0.0,0.0,1.0,56.0,1.0,1.0,9.0,1.0,1.0,0.0,0.0,0.0,1.0,1.0,1.0,1.0,20.0,0.6844997818059575,3.0,4.0,9.0,36.0,6.0,1.0,1280.0,800.0,5.0,0.0,1
89.0,0.0,2.0,0.0,2.0,3.0,0.0,19.0,5.0,0.2631578947368421,3.1091694696694465,0.0,0.0,41.0,10.0,0.0,0.0,0.0,0.0,0.0,0.0,0.0,0.0,28.0,1.0,0.0,7.0,1.0,1.0,0.0,0.0,4.0,2.0,1.0,0.0,1.0,35.0,0.23717162584368534,6.0,1.0,7.0,117.0,10.0,1.0,1280.0,800.0,12.0,0.0,1
73.0,1.0,1.0,0.0,1.0,2.0,0.0,19.0,5.0,0.2631578947368421,3.0890010286455167,0.0,0.0,20.0,2.0,0.0,0.0,0.0,0.0,1.0,0.0,0.0,1.0,92.0,1.0,0.0,4.0,1.0,1.0,0.0,0.0,3.0,2.0,1.0,0.0,1.0,35.0,0.7146170481680774,7.0,5.0,4.0,109.0,13.0,1.0,1280.0,800.0,2.0,0.0,1
41.0,0.0,0.0,0.0,2.0,1.0,1.0,23.0,0.0,0.0,2.833780683461823,0.0,3.0,37.0,15.0,0.0,1.0,0.0,1.0,0.0,0.0,0.0,0.0,189.0,1.0,1.0,1.0,1.0,0.0,0.0,1.0,8.0,2.0,0.0,0.0,1.0,44.0,0.08626731251598249,1.0,1.0,1.0,33.0,8.0,1.0,1280.0,800.0,5.0,0.0,1
86.0,0.0,0.0,0.0,1.0,1.0,0.0,25.0,0.0,0.0,2.852775595703412,0.0,0.0,59.0,33.0,0.0,0.0,0.0,0.0,0.0,0.0,0.0,0.0,201.0,1.0,1.0,2.0,0.0,1.0,0.0,0.0,15.0,2.0,1.0,0.0,1.0,8.0,0.20946705588231587,7.0,1.0,2.0,106.0,13.0,1.0,1280.0,800.0,1.0,0.0,1
93.0,0.0,1.0,0.0,4.0,2.0,0.0,10.0,8.0,0.8,3.727428459676618,0.0,0.0,16.0,18.0,1.0,0.0,0.0,0.0,0.0,0.0,0.0,0.0,52.0,1.0,0.0,5.0,1.0,0.0,0.0,1.0,3.0,3.0,0.0,1.0,1.0,18.0,0.12203284140321385,7.0,1.0,5.0,47.0,14.0,1.0,1280.0,800.0,12.0,0.0,1
81.0,1.0,3.0,0.0,1.0,4.0,0.0,21.0,2.0,0.09523809523809523,2.9840853738789392,0.0,2.0,5.0,29.0,0.0,1.0,0.0,1.0,1.0,0.0,0.0,1.0,97.0,2.0,0.0,6.0,0.0,0.0,1.0,2.0,4.0,4.0,1.0,0.0,1.0,40.0,0.831703940764891,6.0,3.0,6.0,20.0,0.0,1.0,1280.0,800.0,12.0,0.0,1
64.0,1.0,0.0,0.0,2.0,1.0,0.0,19.0,0.0,0.0,3.7075830096584035,1.0,1.0,59.0,13.0,0.0,1.0,0.0,1.0,1.0,0.0,0.0,1.0,204.0,1.0,1.0,9.0,1.0,1.0,0.0,0.0,0.0,3.0,0.0,0.0,1.0,20.0,0.6168397320969995,7.0,3.0,9.0,25.0,10.0,1.0,1280.0,800.0,9.0,1.0,1
41.0,1.0,2.0,0.0,3.0,3.0,0.0,19.0,5.0,0.2631578947368421,3.571787008763348,0.0,1.0,5.0,12.0,0.0,1.0,0.0,1.0,1.0,0.0,0.0,1.0,198.0,1.0,1.0,3.0,0.0,1.0,1.0,2.0,3.0,2.0,0.0,0.0,1.0,7.0,0.8699483668757941,4.0,4.0,3.0,27.0,9.0,1.0,1280.0,800.0,9.0,1.0,1
91.0,1.0,2.0,0.0,3.0,3.0,0.0,18.0,2.0,0.1111111111111111,3.271550176487944,0.0,0.0,14.0,3.0,0.0,0.0,0.0,0.0,1.0,0.0,0.0,1.0,35.0,1.0,0.0,8.0,0.0,1.0,0.0,0.0,1.0,1.0,1.0,0.0,1.0,37.0,0.7623626400637682,5.0,5.0,8.0,62.0,2.0,1.0,1280.0,800.0,8.0,1.0,1
79.0,1.0,2.0,0.0,2.0,3.0,0.0,19.0,8.0,0.42105263157894735,3.2597859141272556,0.0,0.0,10.0,1.0,0.0,1.0,0.0,1.0,1.0,0.0,0.0,1.0,204.0,1.0,0.0,7.0,1.0,1.0,0.0,0.0,4.0,2.0,0.0,1.0,1.0,12.0,0.9706924046680034,6.0,3.0,7.0,37.0,1.0,1.0,1280.0,800.0,0.0,0.0,1
58.0,1.0,1.0,0.0,3.0,2.0,0.0,25.0,0.0,0.0,3.655189690838693,0.0,0.0,40.0,40.0,1.0,0.0,0.0,0.0,1.0,0.0,0.0,1.0,138.0,1.0,0.0,6.0,1.0,0.0,2.0,2.0,4.0,5.0,0.0,1.0,1.0,23.0,0.7564571049552622,7.0,2.0,6.0,89.0,9.0,1.0,1280.0,800.0,9.0,1.0,1
64.0,1.0,2.0,0.0,2.0,3.0,1.0,16.0,8.0,0.5,3.5970714466980143,0.0,0.0,11.0,16.0,0.0,1.0,0.0,1.0,0.0,1.0,1.0,0.0,144.0,1.0,0.0,4.0,1.0,1.0,0.0,0.0,0.0,4.0,0.0,0.0,1.0,9.0,0.8752776239881184,2.0,2.0,4.0,8.0,14.0,1.0,1280.0,800.0,11.0,0.0,1
37.0,0.0,3.0,0.0,1.0,4.0,0.0,12.0,10.0,0.8333333333333334,3.2855474686544612,0.0,2.0,58.0,0.0,0.0,1.0,0.0,1.0,0.0,0.0,0.0,0.0,199.0,1.0,0.0,4.0,1.0,1.0,0.0,0.0,2.0,2.0,1.0,0.0,1.0,14.0,0.27733385312702596,2.0,4.0,4.0,75.0,0.0,0.0,1280.0,800.0,1.0,0.0,1
49.0,1.0,1.0,0.0,2.0,2.0,0.0,19.0,0.0,0.0,3.2998651052079446,1.0,3.0,56.0,22.0,0.0,1.0,0.0,1.0,1.0,0.0,0.0,1.0,33.0,1.0,0.0,8.0,1.0,0.0,1.0,0.0,3.0,2.0,0.0,0.0,1.0,38.0,0.7849971199950332,4.0,2.0,8.0,24.0,0.0,1.0,1280.0,800.0,13.0,0.0,1
65.0,1.0,2.0,0.0,3.0,3.0,0.0,15.0,0.0,0.0,3.8728620832241956,0.0,0.0,28.0,43.0,0.0,0.0,0.0,0.0,0.0,1.0,1.0,0.0,120.0,1.0,1.0,2.0,1.0,1.0,0.0,0.0,4.0,3.0,1.0,0.0,1.0,32.0,0.6300146942857757,7.0,4.0,2.0,16.0,13.0,1.0,1280.0,800.0,8.0,0.0,1
61.0,1.0,1.0,0.0,1.0,2.0,1.0,12.0,2.0,0.16666666666666666,3.775994672693597,0.0,0.0,18.0,20.0,0.0,1.0,0.0,1.0,1.0,0.0,0.0,1.0,190.0,1.0,0.0,4.0,1.0,0.0,0.0,1.0,2.0,1.0,1.0,1.0,1.0,23.0,0.8244925572534807,4.0,2.0,4.0,63.0,4.0,1.0,1280.0,800.0,10.0,0.0,1
54.0,0.0,1.0,0.0,4.0,2.0,1.0,13.0,2.0,0.15384615384615385,3.0876199633790398,0.0,2.0,55.0,29.0,0.0,0.0,0.0,0.0,0.0,0.0,0.0,0.0,42.0,1.0,0.0,10.0,1.0,1.0,0.0,0.0,0.0,1.0,1.0,1.0,1.0,18.0,0.0881082207502775,6.0,3.0,10.0,15.0,1.0,1.0,1280.0,800.0,11.0,1.0,1
40.0,1.0,2.0,0.0,2.0,3.0,0.0,27.0,10.0,0.37037037037037035,3.6513963066013475,0.0,1.0,18.0,8.0,0.0,1.0,0.0,1.0,0.0,1.0,1.0,0.0,119.0,1.0,0.0,5.0,1.0,1.0,0.0,0.0,1.0,2.0,0.0,0.0,1.0,10.0,0.9993300006976665,5.0,5.0,5.0,97.0,7.0,1.0,1280.0,800.0,3.0,0.0,1
88.0,1.0,1.0,0.0,4.0,2.0,1.0,25.0,2.0,0.08,3.4261563867320977,0.0,1.0,56.0,1.0,0.0,1.0,0.0,1.0,1.0,0.0,0.0,1.0,17.0,1.0,0.0,3.0,1.0,0.0,0.0,0.0,1.0,3.0,1.0,1.0,1.0,41.0,0.6438677499689472,3.0,5.0,3.0,110.0,1.0,1.0,1280.0,800.0,6.0,1.0,1
41.0,0.0,3.0,0.0,3.0,4.0,1.0,22.0,5.0,0.22727272727272727,3.7478613502815863,0.0,2.0,47.0,0.0,1.0,1.0,0.0,1.0,0.0,0.0,0.0,0.0,338.0,1.0,1.0,2.0,1.0,1.0,2.0,2.0,1.0,2.0,1.0,0.0,1.0,37.0,0.26689966510247487,5.0,2.0,2.0,52.0,2.0,1.0,1280.0,800.0,10.0,0.0,1
43.0,0.0,0.0,1.0,0.0,1.0,0.0,15.0,3.0,0.6058173437771822,2.7353015721394893,0.0,1.0,22.0,33.0,0.0,0.0,0.0,0.0,0.0,0.0,0.0,0.0,180.0,1.0,0.0,10.0,0.0,1.0,0.0,0.0,3.0,2.0,0.0,0.0,1.0,20.0,0.22241951743232163,7.0,2.0,10.0,94.0,3.0,1.0,1280.0,800.0,11.0,0.0,1
55.0,1.0,0.0,1.0,0.0,1.0,0.0,15.0,3.0,0.703254489154076,2.9045973064166306,0.0,2.0,13.0,22.0,0.0,1.0,0.0,1.0,1.0,0.0,0.0,1.0,110.0,2.0,1.0,4.0,1.0,1.0,0.0,0.0,3.0,1.0,0.0,0.0,1.0,36.0,0.6969532492325095,1.0,4.0,4.0,52.0,0.0,1.0,1280.0,800.0,9.0,1.0,1
43.0,1.0,1.0,0.0,4.0,2.0,1.0,18.0,2.0,0.1111111111111111,3.6906895144114635,0.0,1.0,58.0,10.0,0.0,0.0,0.0,0.0,1.0,0.0,0.0,1.0,77.0,1.0,6.0,6.0,1.0,1.0,0.0,0.0,3.0,2.0,1.0,0.0,1.0,41.0,0.6841949059912069,6.0,2.0,6.0,67.0,11.0,1.0,1280.0,800.0,9.0,0.0,1
80.0,1.0,0.0,0.0,4.0,1.0,1.0,24.0,5.0,0.20833333333333334,3.231721636676815,0.0,0.0,23.0,13.0,0.0,1.0,0.0,1.0,0.0,0.0,1.0,0.0,251.0,2.0,0.0,6.0,1.0,1.0,0.0,0.0,3.0,3.0,0.0,0.0,1.0,31.0,0.7558567092258834,5.0,4.0,6.0,39.0,3.0,1.0,1280.0,800.0,14.0,1.0,1
70.0,1.0,2.0,0.0,3.0,3.0,1.0,21.0,5.0,0.23809523809523808,3.8966811318892023,0.0,0.0,10.0,7.0,0.0,0.0,0.0,0.0,1.0,0.0,0.0,1.0,234.0,1.0,1.0,10.0,1.0,1.0,0.0,1.0,2.0,1.0,1.0,0.0,1.0,42.0,0.6779427578056987,7.0,5.0,10.0,59.0,10.0,1.0,1280.0,800.0,7.0,0.0,1
93.0,1.0,3.0,0.0,2.0,4.0,1.0,12.0,2.0,0.16666666666666666,3.6004011044909796,0.0,0.0,6.0,27.0,0.0,0.0,0.0,0.0,0.0,1.0,1.0,0.0,185.0,1.0,1.0,7.0,1.0,0.0,0.0,0.0,1.0,2.0,0.0,0.0,1.0,32.0,0.7771093149171572,3.0,3.0,7.0,90.0,12.0,0.0,1280.0,800.0,8.0,0.0,1
39.0,1.0,2.0,0.0,4.0,3.0,1.0,12.0,5.0,0.4166666666666667,3.6861331116893616,0.0,0.0,39.0,31.0,0.0,1.0,0.0,1.0,1.0,0.0,0.0,1.0,230.0,2.0,1.0,11.0,1.0,1.0,0.0,1.0,1.0,1.0,1.0,1.0,1.0,41.0,0.8026237658271554,2.0,1.0,11.0,33.0,9.0,1.0,1280.0,800.0,4.0,0.0,1
41.0,1.0,2.0,0.0,3.0,3.0,1.0,22.0,12.0,0.49815518101758705,3.8065591655766595,0.0,0.0,30.0,24.0,0.0,1.0,0.0,1.0,1.0,0.0,0.0,1.0,90.0,2.0,6.0,10.0,1.0,0.0,0.0,0.0,2.0,2.0,0.0,1.0,1.0,37.0,0.8017391228565381,2.0,1.0,10.0,105.0,10.0,1.0,1280.0,800.0,8.0,0.0,1
71.0,1.0,0.0,0.0,1.0,1.0,1.0,10.0,0.0,0.0,3.50048424223716,0.0,3.0,18.0,10.0,1.0,1.0,0.0,1.0,1.0,0.0,0.0,1.0,227.0,1.0,1.0,10.0,1.0,1.0,1.0,2.0,1.0,3.0,1.0,0.0,1.0,39.0,0.8240427027491607,7.0,5.0,10.0,59.0,0.0,1.0,1280.0,800.0,13.0,0.0,1
92.0,0.0,0.0,1.0,0.0,1.0,0.0,15.0,3.0,0.618524095688268,3.069018020644891,0.0,0.0,27.0,0.0,1.0,0.0,0.0,0.0,0.0,0.0,0.0,0.0,198.0,1.0,0.0,5.0,0.0,1.0,0.0,0.0,4.0,1.0,1.0,0.0,1.0,7.0,0.1851395519179628,3.0,1.0,5.0,92.0,10.0,1.0,1280.0,800.0,8.0,0.0,1
71.0,1.0,0.0,0.0,2.0,1.0,0.0,10.0,2.0,0.2,3.00621617196115,0.0,0.0,11.0,12.0,0.0,1.0,0.0,1.0,1.0,0.0,0.0,1.0,76.0,1.0,0.0,5.0,1.0,1.0,0.0,0.0,1.0,3.0,1.0,0.0,1.0,38.0,0.9966570305599376,5.0,5.0,5.0,16.0,4.0,1.0,1280.0,800.0,14.0,1.0,1
35.0,1.0,0.0,0.0,2.0,1.0,0.0,14.0,0.0,0.0,3.7612393748247177,1.0,2.0,32.0,34.0,1.0,1.0,0.0,1.0,1.0,0.0,0.0,1.0,36.0,1.0,0.0,5.0,1.0,1.0,0.0,0.0,1.0,3.0,0.0,1.0,1.0,36.0,0.9960428334773446,3.0,2.0,5.0,5.0,12.0,1.0,1280.0,800.0,12.0,1.0,1
53.0,1.0,2.0,0.0,2.0,3.0,0.0,24.0,8.0,0.3333333333333333,3.252183002038008,0.0,0.0,11.0,8.0,0.0,1.0,0.0,1.0,1.0,0.0,0.0,1.0,320.0,1.0,0.0,11.0,1.0,1.0,0.0,1.0,1.0,3.0,1.0,1.0,1.0,36.0,0.9818560719698585,4.0,3.0,11.0,50.0,1.0,1.0,1280.0,800.0,4.0,0.0,1
76.0,1.0,2.0,0.0,1.0,3.0,0.0,22.0,0.0,0.0,3.57119515986621,0.0,0.0,33.0,3.0,0.0,0.0,0.0,0.0,1.0,0.0,0.0,1.0,92.0,1.0,1.0,2.0,0.0,1.0,0.0,0.0,3.0,3.0,0.0,0.0,1.0,18.0,0.7144818806146032,3.0,2.0,2.0,115.0,1.0,1.0,1280.0,800.0,2.0,0.0,1
69.0,1.0,1.0,0.0,1.0,2.0,1.0,24.0,2.0,0.08333333333333333,3.17514751134711,0.0,1.0,27.0,42.0,0.0,1.0,0.0,1.0,1.0,0.0,0.0,1.0,237.0,1.0,1.0,1.0,0.0,1.0,1.0,2.0,1.0,5.0,0.0,0.0,1.0,32.0,0.8564804733067664,4.0,1.0,1.0,81.0,7.0,1.0,1280.0,800.0,1.0,0.0,1
59.0,1.0,0.0,0.0,1.0,1.0,0.0,21.0,2.0,0.09523809523809523,3.567785641402332,0.0,0.0,40.0,40.0,0.0,0.0,0.0,0.0,1.0,0.0,0.0,1.0,119.0,1.0,1.0,7.0,1.0,1.0,0.0,1.0,3.0,3.0,0.0,0.0,1.0,40.0,0.6555505741386872,1.0,4.0,7.0,99.0,10.0,1.0,1280.0,800.0,12.0,1.0,1
38.0,0.0,0.0,0.0,1.0,1.0,1.0,19.0,5.0,0.2631578947368421,3.1881123004903293,0.0,1.0,26.0,5.0,0.0,1.0,0.0,1.0,0.0,0.0,0.0,0.0,294.0,2.0,6.0,8.0,0.0,0.0,0.0,0.0,4.0,1.0,1.0,1.0,0.0,30.0,0.16247673156033524,2.0,5.0,8.0,113.0,2.0,1.0,1280.0,800.0,12.0,0.0,1
75.0,1.0,3.0,0.0,4.0,4.0,0.0,17.0,2.0,0.11764705882352941,3.207253124356801,0.0,0.0,33.0,22.0,0.0,1.0,0.0,1.0,1.0,0.0,0.0,1.0,29.0,1.0,0.0,6.0,1.0,1.0,0.0,0.0,2.0,3.0,1.0,0.0,1.0,44.0,0.9604135617978041,3.0,3.0,6.0,64.0,7.0,1.0,1280.0,800.0,8.0,0.0,1
61.0,1.0,2.0,0.0,3.0,3.0,1.0,19.0,2.0,0.10526315789473684,3.230392813585723,0.0,2.0,33.0,0.0,0.0,1.0,0.0,1.0,1.0,0.0,0.0,1.0,269.0,1.0,1.0,2.0,1.0,1.0,1.0,0.0,0.0,2.0,1.0,1.0,1.0,14.0,0.9346500802826697,4.0,1.0,2.0,89.0,1.0,1.0,1280.0,800.0,9.0,0.0,1
67.0,1.0,3.0,0.0,3.0,4.0,1.0,21.0,2.0,0.09523809523809523,3.8828538829357755,0.0,0.0,44.0,34.0,0.0,1.0,0.0,1.0,0.0,1.0,0.0,0.0,150.0,1.0,1.0,11.0,0.0,1.0,2.0,1.0,2.0,3.0,0.0,0.0,1.0,33.0,0.9235215899565359,1.0,4.0,11.0,97.0,14.0,1.0,1280.0,800.0,1.0,0.0,1
36.0,0.0,1.0,0.0,2.0,2.0,0.0,13.0,5.0,0.38461538461538464,3.108379740965105,0.0,1.0,57.0,41.0,1.0,0.0,0.0,0.0,0.0,0.0,0.0,0.0,136.0,1.0,6.0,9.0,1.0,1.0,0.0,0.0,3.0,2.0,1.0,1.0,1.0,9.0,0.2581202813249609,1.0,3.0,9.0,59.0,4.0,0.0,1280.0,800.0,11.0,0.0,1
53.0,1.0,1.0,0.0,1.0,2.0,0.0,18.0,8.0,0.4444444444444444,3.2206418621288284,0.0,1.0,13.0,26.0,0.0,1.0,0.0,1.0,1.0,0.0,0.0,1.0,167.0,1.0,0.0,6.0,0.0,1.0,0.0,0.0,7.0,2.0,1.0,0.0,1.0,40.0,0.9336354486834394,3.0,3.0,6.0,25.0,0.0,1.0,1280.0,800.0,3.0,0.0,1
68.0,1.0,0.0,0.0,1.0,1.0,0.0,20.0,0.0,0.0,3.409002974408397,1.0,1.0,13.0,27.0,0.0,1.0,0.0,1.0,1.0,0.0,0.0,1.0,15.0,1.0,1.0,9.0,1.0,1.0,0.0,0.0,3.0,2.0,1.0,0.0,1.0,36.0,0.6037525866199808,1.0,5.0,9.0,77.0,11.0,1.0,1280.0,800.0,6.0,0.0,1
91.0,1.0,3.0,0.0,1.0,4.0,1.0,11.0,8.0,0.7272727272727273,3.511560993047569,0.0,0.0,11.0,32.0,1.0,0.0,0.0,0.0,1.0,0.0,0.0,1.0,92.0,1.0,0.0,5.0,1.0,1.0,0.0,0.0,3.0,1.0,0.0,0.0,1.0,20.0,0.8246065733953313,2.0,4.0,5.0,6.0,8.0,1.0,1280.0,800.0,2.0,0.0,1
63.0,0.0,1.0,0.0,4.0,2.0,1.0,19.0,2.0,0.10526315789473684,3.890402638505405,0.0,1.0,49.0,16.0,0.0,0.0,0.0,0.0,0.0,0.0,0.0,0.0,267.0,1.0,1.0,6.0,1.0,1.0,1.0,0.0,0.0,2.0,0.0,1.0,1.0,43.0,0.039720316495625664,3.0,5.0,6.0,65.0,9.0,1.0,1280.0,800.0,10.0,0.0,1
36.0,0.0,2.0,0.0,3.0,3.0,0.0,24.0,8.0,0.3333333333333333,3.8709188492924502,0.0,1.0,18.0,43.0,0.0,0.0,0.0,0.0,0.0,0.0,0.0,0.0,21.0,1.0,0.0,2.0,1.0,0.0,0.0,0.0,3.0,1.0,1.0,1.0,1.0,41.0,0.16680141547653501,4.0,4.0,2.0,27.0,0.0,1.0,1280.0,800.0,2.0,0.0,1
66.0,1.0,2.0,0.0,2.0,3.0,0.0,23.0,0.0,0.0,3.83747370415917,0.0,1.0,27.0,44.0,1.0,1.0,0.0,1.0,0.0,1.0,1.0,0.0,168.0,1.0,1.0,9.0,0.0,0.0,0.0,0.0,0.0,1.0,1.0,1.0,0.0,8.0,0.7309694898623859,2.0,5.0,9.0,71.0,5.0,1.0,1280.0,800.0,14.0,1.0,1
91.0,1.0,1.0,0.0,3.0,2.0,0.0,23.0,0.0,0.0,3.1157922253070947,0.0,0.0,13.0,22.0,1.0,1.0,0.0,1.0,1.0,0.0,0.0,1.0,70.0,1.0,0.0,7.0,1.0,1.0,0.0,0.0,1.0,3.0,1.0,1.0,1.0,18.0,0.8841155699416707,5.0,2.0,7.0,110.0,7.0,1.0,1280.0,800.0,11.0,0.0,1
72.0,1.0,3.0,0.0,1.0,4.0,0.0,24.0,0.0,0.0,3.5847983411144932,0.0,0.0,25.0,36.0,1.0,0.0,0.0,0.0,1.0,0.0,0.0,1.0,231.0,1.0,1.0,11.0,0.0,0.0,0.0,0.0,3.0,2.0,1.0,1.0,0.0,19.0,0.9712490087079716,5.0,3.0,11.0,82.0,2.0,1.0,1280.0,800.0,7.0,0.0,1
79.0,0.0,1.0,0.0,3.0,2.0,0.0,22.0,5.0,0.22727272727272727,3.565228361069386,0.0,0.0,57.0,10.0,0.0,1.0,0.0,1.0,0.0,0.0,0.0,0.0,102.0,1.0,0.0,6.0,1.0,0.0,0.0,0.0,15.0,2.0,1.0,0.0,1.0,36.0,0.26638061195974405,4.0,1.0,6.0,87.0,0.0,1.0,1280.0,800.0,1.0,0.0,1
62.0,1.0,3.0,0.0,2.0,4.0,1.0,20.0,5.0,0.25,3.8389801698148633,0.0,0.0,11.0,15.0,1.0,1.0,0.0,1.0,1.0,0.0,0.0,1.0,71.0,1.0,0.0,6.0,1.0,0.0,0.0,1.0,3.0,1.0,1.0,0.0,1.0,24.0,0.9294800842794078,5.0,5.0,6.0,56.0,1.0,1.0,1280.0,800.0,11.0,0.0,1
62.0,0.0,2.0,0.0,2.0,3.0,0.0,21.0,8.0,0.38095238095238093,3.7542504770461758,0.0,0.0,42.0,21.0,0.0,0.0,0.0,0.0,0.0,0.0,0.0,0.0,259.0,1.0,0.0,8.0,1.0,0.0,1.0,0.0,4.0,1.0,1.0,0.0,1.0,19.0,0.17518446719366573,5.0,4.0,8.0,17.0,2.0,1.0,1280.0,800.0,7.0,0.0,1
82.0,1.0,2.0,0.0,2.0,3.0,0.0,10.0,2.0,0.2,3.4962526980041915,0.0,2.0,55.0,24.0,1.0,1.0,0.0,1.0,1.0,0.0,0.0,1.0,123.0,1.0,0.0,5.0,1.0,0.0,0.0,0.0,4.0,1.0,1.0,1.0,1.0,42.0,0.6752114466863909,6.0,1.0,5.0,8.0,4.0,1.0,1280.0,800.0,0.0,1.0,1
74.0,1.0,1.0,0.0,1.0,2.0,0.0,25.0,2.0,0.08,3.006596278319678,0.0,0.0,46.0,42.0,0.0,1.0,0.0,1.0,1.0,0.0,0.0,1.0,205.0,1.0,0.0,7.0,1.0,1.0,2.0,2.0,3.0,3.0,0.0,1.0,1.0,22.0,0.9006688482180678,5.0,5.0,7.0,10.0,5.0,1.0,1280.0,800.0,1.0,0.0,1
48.0,1.0,2.0,0.0,4.0,3.0,0.0,23.0,0.0,0.0,3.702705311696233,0.0,0.0,34.0,37.0,0.0,1.0,0.0,1.0,1.0,0.0,0.0,1.0,199.0,1.0,0.0,4.0,1.0,1.0,0.0,0.0,0.0,1.0,1.0,0.0,1.0,36.0,0.8957480817451033,7.0,1.0,4.0,1.0,9.0,1.0,1280.0,800.0,5.0,0.0,1
66.0,0.0,1.0,0.0,2.0,2.0,0.0,17.0,5.0,0.29411764705882354,3.023747781711519,0.0,0.0,14.0,16.0,0.0,0.0,0.0,0.0,0.0,0.0,0.0,0.0,113.0,1.0,0.0,1.0,1.0,0.0,0.0,1.0,3.0,2.0,1.0,1.0,1.0,17.0,0.08383810546079085,4.0,2.0,1.0,59.0,13.0,1.0,1280.0,800.0,9.0,0.0,1
81.0,1.0,2.0,0.0,2.0,3.0,0.0,13.0,5.0,0.38461538461538464,2.8236288738115793,0.0,0.0,31.0,19.0,1.0,1.0,0.0,1.0,1.0,0.0,0.0,1.0,45.0,2.0,0.0,1.0,1.0,1.0,0.0,1.0,1.0,2.0,1.0,1.0,1.0,23.0,0.7858911268752345,1.0,2.0,1.0,28.0,12.0,1.0,1280.0,800.0,12.0,0.0,1
54.0,1.0,2.0,0.0,1.0,3.0,1.0,20.0,5.0,0.25,3.1137706684051,0.0,0.0,20.0,10.0,0.0,1.0,0.0,1.0,1.0,0.0,0.0,1.0,28.0,1.0,0.0,8.0,0.0,0.0,1.0,1.0,11.0,3.0,0.0,0.0,1.0,39.0,0.7547566137819064,1.0,1.0,8.0,66.0,8.0,1.0,1280.0,800.0,4.0,0.0,1
85.0,1.0,3.0,0.0,1.0,4.0,0.0,26.0,12.0,0.46153846153846156,3.572722953152571,0.0,0.0,53.0,38.0,0.0,1.0,0.0,1.0,1.0,0.0,0.0,1.0,90.0,1.0,1.0,4.0,1.0,1.0,0.0,0.0,4.0,4.0,0.0,0.0,1.0,37.0,0.8740137668089238,7.0,5.0,4.0,110.0,8.0,1.0,1280.0,800.0,10.0,0.0,1
89.0,0.0,0.0,0.0,2.0,1.0,0.0,18.0,0.0,0.0,3.8433679211697327,1.0,2.0,6.0,24.0,0.0,1.0,0.0,1.0,0.0,0.0,0.0,0.0,312.0,1.0,1.0,2.0,1.0,1.0,0.0,0.0,4.0,1.0,0.0,1.0,1.0,25.0,0.10927118963182643,7.0,1.0,2.0,84.0,5.0,1.0,1280.0,800.0,11.0,0.0,1
66.0,1.0,3.0,0.0,1.0,4.0,1.0,18.0,0.0,0.0,3.3183942738490377,0.0,3.0,39.0,10.0,0.0,1.0,0.0,1.0,1.0,0.0,0.0,1.0,233.0,1.0,1.0,11.0,1.0,1.0,0.0,0.0,0.0,1.0,0.0,0.0,1.0,11.0,0.9560614859420424,6.0,1.0,11.0,119.0,7.0,1.0,1280.0,800.0,12.0,0.0,1
74.0,1.0,2.0,0.0,1.0,3.0,0.0,18.0,0.0,0.0,3.4842976615309245,0.0,0.0,32.0,25.0,0.0,1.0,0.0,1.0,1.0,0.0,0.0,1.0,283.0,1.0,1.0,2.0,1.0,1.0,0.0,1.0,1.0,1.0,0.0,0.0,1.0,32.0,0.9111294121383998,2.0,3.0,2.0,81.0,9.0,1.0,1280.0,800.0,12.0,0.0,1
57.0,1.0,3.0,0.0,2.0,4.0,1.0,15.0,2.0,0.13333333333333333,2.8882009685335905,0.0,0.0,23.0,4.0,0.0,0.0,0.0,0.0,1.0,0.0,0.0,1.0,51.0,1.0,1.0,7.0,1.0,0.0,0.0,0.0,6.0,3.0,0.0,1.0,1.0,31.0,0.9967661856787539,4.0,4.0,7.0,37.0,14.0,1.0,1280.0,800.0,11.0,0.0,1
59.0,1.0,1.0,0.0,3.0,2.0,0.0,14.0,0.0,0.0,3.4394663735775115,0.0,2.0,6.0,36.0,0.0,1.0,0.0,1.0,1.0,0.0,0.0,1.0,331.0,1.0,1.0,7.0,0.0,1.0,2.0,1.0,3.0,5.0,1.0,0.0,1.0,36.0,0.9003854026825582,7.0,5.0,7.0,52.0,4.0,0.0,1280.0,800.0,6.0,0.0,1
49.0,1.0,1.0,0.0,3.0,2.0,1.0,18.0,8.0,0.4444444444444444,3.534329824861252,0.0,1.0,43.0,38.0,0.0,0.0,0.0,0.0,1.0,0.0,0.0,1.0,82.0,1.0,1.0,7.0,1.0,1.0,0.0,0.0,1.0,4.0,0.0,1.0,1.0,18.0,0.6331594262275863,5.0,3.0,7.0,71.0,7.0,1.0,1280.0,800.0,9.0,0.0,1
68.0,0.0,0.0,0.0,4.0,1.0,0.0,10.0,0.0,0.0,3.570289848292439,0.0,2.0,45.0,6.0,0.0,0.0,0.0,0.0,0.0,0.0,0.0,0.0,308.0,2.0,1.0,7.0,1.0,1.0,0.0,0.0,4.0,2.0,0.0,0.0,1.0,41.0,0.12058270869466108,1.0,3.0,7.0,3.0,10.0,1.0,1280.0,800.0,11.0,0.0,1
36.0,0.0,2.0,0.0,3.0,3.0,1.0,23.0,5.0,0.21739130434782608,3.1521472083267055,0.0,2.0,52.0,3.0,0.0,1.0,0.0,1.0,0.0,0.0,0.0,0.0,17.0,1.0,0.0,8.0,1.0,1.0,0.0,1.0,1.0,2.0,1.0,0.0,1.0,17.0,0.05635565721570441,4.0,5.0,8.0,26.0,8.0,1.0,1280.0,800.0,7.0,1.0,1
87.0,1.0,0.0,0.0,1.0,1.0,0.0,14.0,0.0,0.0,3.1190813685205687,1.0,0.0,12.0,32.0,0.0,1.0,0.0,1.0,1.0,0.0,0.0,1.0,156.0,1.0,1.0,3.0,0.0,1.0,0.0,0.0,1.0,2.0,1.0,1.0,1.0,39.0,0.949337608572691,2.0,4.0,3.0,13.0,3.0,1.0,1280.0,800.0,2.0,1.0,1
38.0,1.0,0.0,1.0,0.0,1.0,0.0,15.0,3.0,0.7073416513039019,2.9522020272264475,0.0,2.0,55.0,13.0,0.0,0.0,0.0,0.0,1.0,0.0,0.0,1.0,165.0,1.0,6.0,3.0,1.0,1.0,0.0,0.0,0.0,2.0,1.0,1.0,1.0,19.0,0.7108155857922155,1.0,2.0,3.0,75.0,4.0,1.0,1280.0,800.0,12.0,0.0,1
74.0,1.0,0.0,0.0,4.0,1.0,0.0,12.0,5.0,0.4166666666666667,3.273734588480542,0.0,2.0,14.0,2.0,0.0,1.0,0.0,1.0,1.0,0.0,0.0,1.0,284.0,1.0,0.0,9.0,1.0,1.0,0.0,0.0,14.0,3.0,1.0,0.0,1.0,29.0,0.9964736860092671,5.0,3.0,9.0,98.0,10.0,1.0,1280.0,800.0,9.0,0.0,1
47.0,0.0,1.0,0.0,4.0,2.0,0.0,21.0,2.0,0.09523809523809523,3.8378585017909916,0.0,0.0,33.0,41.0,0.0,1.0,0.0,1.0,0.0,0.0,0.0,0.0,297.0,1.0,0.0,5.0,1.0,0.0,0.0,0.0,1.0,1.0,0.0,0.0,1.0,24.0,0.19172294276388124,3.0,1.0,5.0,6.0,6.0,1.0,1280.0,800.0,2.0,1.0,1
42.0,0.0,0.0,0.0,3.0,1.0,1.0,23.0,2.0,0.08695652173913043,3.3133901545195297,0.0,0.0,33.0,18.0,0.0,0.0,0.0,0.0,0.0,0.0,0.0,0.0,314.0,1.0,1.0,10.0,0.0,0.0,0.0,0.0,13.0,1.0,1.0,1.0,0.0,40.0,0.044731171276416355,5.0,3.0,10.0,107.0,4.0,1.0,1280.0,800.0,7.0,0.0,1
56.0,1.0,0.0,1.0,0.0,1.0,0.0,15.0,3.0,0.6837998056006493,2.828710458547031,0.0,0.0,48.0,18.0,0.0,0.0,0.0,0.0,1.0,0.0,0.0,1.0,161.0,1.0,0.0,11.0,1.0,0.0,0.0,0.0,3.0,2.0,0.0,1.0,1.0,32.0,0.6275620514901,4.0,3.0,11.0,63.0,12.0,1.0,1280.0,800.0,13.0,0.0,1
59.0,1.0,3.0,0.0,3.0,4.0,0.0,11.0,5.0,0.45454545454545453,3.2104198165279545,0.0,2.0,21.0,21.0,0.0,1.0,0.0,1.0,1.0,0.0,0.0,1.0,226.0,1.0,1.0,11.0,1.0,1.0,0.0,0.0,0.0,3.0,0.0,0.0,1.0,12.0,0.9641597575811174,7.0,3.0,11.0,90.0,1.0,1.0,1280.0,800.0,11.0,0.0,1
60.0,1.0,0.0,1.0,0.0,1.0,0.0,15.0,3.0,0.7754228637077942,2.5905466782230824,0.0,2.0,58.0,21.0,0.0,0.0,0.0,0.0,1.0,0.0,0.0,1.0,59.0,1.0,0.0,8.0,1.0,1.0,0.0,0.0,1.0,2.0,1.0,0.0,1.0,35.0,0.7787305151364146,2.0,4.0,8.0,68.0,11.0,1.0,1280.0,800.0,12.0,0.0,1
75.0,1.0,2.0,0.0,2.0,3.0,1.0,19.0,5.0,0.2631578947368421,3.846420911392813,0.0,3.0,13.0,3.0,1.0,1.0,0.0,1.0,1.0,0.0,0.0,1.0,19.0,1.0,6.0,5.0,1.0,0.0,0.0,0.0,4.0,1.0,1.0,1.0,1.0,37.0,0.8866392284815716,7.0,4.0,5.0,52.0,12.0,1.0,1280.0,800.0,13.0,0.0,1
56.0,0.0,2.0,0.0,2.0,3.0,0.0,20.0,0.0,0.0,3.3833557533319896,0.0,0.0,28.0,28.0,0.0,0.0,0.0,0.0,0.0,0.0,0.0,0.0,329.0,1.0,0.0,11.0,1.0,1.0,1.0,1.0,2.0,3.0,1.0,1.0,1.0,5.0,0.27189521468855304,5.0,2.0,11.0,3.0,8.0,1.0,1280.0,800.0,8.0,0.0,1
37.0,0.0,2.0,0.0,1.0,3.0,0.0,27.0,10.0,0.37037037037037035,3.6881477760451196,0.0,0.0,53.0,9.0,1.0,1.0,0.0,1.0,0.0,0.0,0.0,0.0,280.0,1.0,0.0,6.0,1.0,1.0,0.0,0.0,1.0,1.0,1.0,1.0,1.0,34.0,0.23732096422261642,5.0,2.0,6.0,17.0,3.0,1.0,1280.0,800.0,5.0,0.0,1
93.0,1.0,2.0,0.0,1.0,3.0,0.0,18.0,0.0,0.0,2.904349778376984,0.0,0.0,13.0,30.0,0.0,0.0,0.0,0.0,1.0,0.0,0.0,1.0,90.0,1.0,0.0,6.0,1.0,0.0,0.0,1.0,14.0,1.0,1.0,0.0,1.0,36.0,0.7271041767311067,5.0,2.0,6.0,36.0,12.0,1.0,1280.0,800.0,5.0,0.0,1
47.0,1.0,1.0,0.0,3.0,2.0,1.0,25.0,0.0,0.0,3.4832944700309705,0.0,0.0,25.0,16.0,0.0,1.0,0.0,1.0,0.0,0.0,1.0,0.0,51.0,1.0,0.0,7.0,1.0,1.0,0.0,0.0,0.0,3.0,0.0,0.0,1.0,8.0,0.6131272053847527,3.0,2.0,7.0,71.0,13.0,1.0,1280.0,800.0,11.0,0.0,1
76.0,1.0,0.0,0.0,1.0,1.0,0.0,15.0,8.0,0.5593032700192474,3.2799910680400335,0.0,0.0,27.0,3.0,0.0,0.0,0.0,0.0,1.0,0.0,0.0,1.0,191.0,1.0,6.0,9.0,1.0,1.0,0.0,0.0,4.0,1.0,0.0,0.0,1.0,11.0,0.602089175146863,2.0,4.0,9.0,31.0,12.0,1.0,1280.0,800.0,11.0,0.0,1
40.0,1.0,3.0,0.0,4.0,4.0,0.0,12.0,8.0,0.6666666666666666,3.785657146281123,0.0,1.0,36.0,11.0,1.0,0.0,0.0,0.0,1.0,0.0,0.0,1.0,100.0,2.0,1.0,7.0,0.0,0.0,1.0,1.0,2.0,2.0,0.0,0.0,1.0,33.0,0.8581109249123262,3.0,4.0,7.0,64.0,3.0,1.0,1280.0,800.0,10.0,0.0,1
44.0,1.0,0.0,0.0,3.0,1.0,0.0,12.0,5.0,0.4166666666666667,3.6640264824660465,0.0,0.0,55.0,16.0,0.0,1.0,0.0,1.0,1.0,0.0,0.0,1.0,167.0,1.0,1.0,1.0,1.0,1.0,0.0,0.0,3.0,2.0,0.0,1.0,1.0,10.0,0.9020586569564906,2.0,1.0,1.0,36.0,9.0,1.0,1280.0,800.0,4.0,0.0,1
67.0,0.0,3.0,0.0,1.0,4.0,0.0,21.0,0.0,0.0,3.5886291723070327,0.0,0.0,28.0,13.0,0.0,1.0,0.0,1.0,0.0,0.0,0.0,0.0,57.0,1.0,0.0,8.0,1.0,1.0,0.0,0.0,9.0,3.0,0.0,0.0,1.0,39.0,0.14183506654721553,5.0,4.0,8.0,110.0,14.0,0.0,1280.0,800.0,14.0,0.0,1
37.0,1.0,1.0,0.0,2.0,2.0,0.0,19.0,0.0,0.0,3.470326671191456,0.0,0.0,27.0,24.0,0.0,0.0,0.0,0.0,1.0,0.0,0.0,1.0,136.0,1.0,1.0,7.0,0.0,1.0,2.0,1.0,1.0,5.0,0.0,0.0,1.0,40.0,0.6780305711988915,2.0,2.0,7.0,114.0,13.0,1.0,1280.0,800.0,2.0,0.0,1
59.0,1.0,2.0,0.0,4.0,3.0,0.0,17.0,0.0,0.0,3.6759963462101712,0.0,3.0,24.0,25.0,0.0,0.0,0.0,0.0,1.0,0.0,0.0,1.0,175.0,1.0,1.0,11.0,1.0,1.0,0.0,0.0,3.0,3.0,1.0,1.0,1.0,26.0,0.6008669557091916,2.0,1.0,11.0,20.0,10.0,1.0,1280.0,800.0,12.0,1.0,1
41.0,1.0,1.0,0.0,2.0,2.0,0.0,19.0,5.0,0.2631578947368421,3.304414157384608,0.0,1.0,49.0,8.0,0.0,1.0,0.0,1.0,1.0,0.0,0.0,1.0,162.0,2.0,0.0,8.0,1.0,1.0,1.0,0.0,4.0,1.0,1.0,1.0,1.0,10.0,0.7861838601852071,6.0,1.0,8.0,106.0,11.0,1.0,1280.0,800.0,11.0,0.0,1
50.0,1.0,1.0,0.0,1.0,2.0,0.0,19.0,0.0,0.0,3.0553904663083538,0.0,0.0,43.0,0.0,1.0,0.0,0.0,0.0,1.0,0.0,0.0,1.0,50.0,1.0,0.0,5.0,0.0,1.0,0.0,0.0,6.0,2.0,1.0,0.0,1.0,27.0,0.9789138724743714,7.0,5.0,5.0,17.0,12.0,1.0,1280.0,800.0,13.0,0.0,1
51.0,1.0,1.0,0.0,1.0,2.0,1.0,17.0,2.0,0.11764705882352941,3.2925192495477154,0.0,0.0,16.0,27.0,0.0,0.0,0.0,0.0,0.0,1.0,1.0,0.0,91.0,2.0,1.0,8.0,1.0,1.0,0.0,0.0,1.0,4.0,0.0,0.0,1.0,27.0,0.7640150253718858,4.0,5.0,8.0,67.0,1.0,1.0,1280.0,800.0,11.0,0.0,1
68.0,0.0,0.0,1.0,0.0,1.0,0.0,15.0,3.0,0.7611322611752968,3.005677224133639,0.0,0.0,12.0,36.0,0.0,0.0,0.0,0.0,0.0,0.0,0.0,0.0,160.0,1.0,1.0,11.0,0.0,1.0,0.0,0.0,4.0,3.0,0.0,0.0,1.0,24.0,0.2784456640481214,1.0,1.0,11.0,58.0,7.0,1.0,1280.0,800.0,4.0,0.0,1
42.0,1.0,1.0,0.0,3.0,2.0,1.0,23.0,5.0,0.21739130434782608,3.8828970130695293,0.0,1.0,26.0,42.0,0.0,0.0,0.0,0.0,1.0,0.0,0.0,1.0,217.0,1.0,1.0,8.0,0.0,0.0,1.0,0.0,12.0,3.0,0.0,0.0,1.0,42.0,0.8903844080287107,6.0,4.0,8.0,100.0,9.0,1.0,1280.0,800.0,0.0,0.0,1
67.0,0.0,0.0,1.0,0.0,1.0,0.0,15.0,3.0,0.7572051251611475,2.933183449377724,0.0,1.0,23.0,14.0,1.0,1.0,0.0,1.0,0.0,0.0,0.0,0.0,248.0,2.0,6.0,7.0,0.0,1.0,0.0,0.0,0.0,1.0,0.0,0.0,1.0,20.0,0.047931157486866105,7.0,1.0,7.0,111.0,5.0,1.0,1280.0,800.0,10.0,0.0,1
48.0,1.0,1.0,0.0,4.0,2.0,0.0,18.0,2.0,0.1111111111111111,3.2983818088802677,0.0,0.0,10.0,19.0,0.0,1.0,0.0,1.0,1.0,0.0,0.0,1.0,84.0,1.0,0.0,1.0,1.0,1.0,0.0,0.0,9.0,3.0,0.0,0.0,1.0,16.0,0.8377412026715867,3.0,3.0,1.0,85.0,5.0,1.0,1280.0,800.0,6.0,0.0,1
88.0,1.0,0.0,1.0,0.0,1.0,0.0,15.0,3.0,0.6543972954326943,2.8582376223717434,0.0,0.0,10.0,25.0,1.0,0.0,0.0,0.0,1.0,0.0,0.0,1.0,76.0,1.0,0.0,1.0,0.0,0.0,0.0,0.0,0.0,1.0,0.0,0.0,0.0,22.0,0.8580352752004428,3.0,1.0,1.0,12.0,1.0,1.0,1280.0,800.0,0.0,0.0,1
72.0,1.0,1.0,0.0,1.0,2.0,0.0,23.0,5.0,0.21739130434782608,3.109429722641014,0.0,2.0,25.0,30.0,0.0,1.0,0.0,1.0,1.0,0.0,0.0,1.0,240.0,1.0,0.0,3.0,1.0,1.0,0.0,0.0,0.0,1.0,1.0,0.0,1.0,34.0,0.9197018360124717,3.0,5.0,3.0,117.0,6.0,1.0,1280.0,800.0,10.0,0.0,1
45.0,1.0,2.0,0.0,4.0,3.0,0.0,23.0,2.0,0.08695652173913043,3.684658149644778,0.0,3.0,56.0,31.0,1.0,1.0,0.0,1.0,0.0,0.0,0.0,0.0,57.0,2.0,1.0,1.0,1.0,0.0,0.0,0.0,4.0,1.0,0.0,0.0,1.0,28.0,0.741612217888496,6.0,2.0,1.0,75.0,10.0,1.0,1280.0,800.0,0.0,0.0,1
65.0,1.0,2.0,0.0,4.0,3.0,0.0,19.0,5.0,0.2631578947368421,3.0185799873771053,0.0,1.0,52.0,20.0,0.0,1.0,0.0,1.0,1.0,0.0,0.0,1.0,81.0,2.0,0.0,11.0,1.0,0.0,0.0,1.0,0.0,2.0,0.0,0.0,1.0,17.0,0.7866402794997025,3.0,2.0,11.0,113.0,4.0,1.0,1280.0,800.0,8.0,0.0,1
61.0,1.0,1.0,0.0,3.0,2.0,1.0,24.0,2.0,0.08333333333333333,3.153935765928537,0.0,2.0,23.0,21.0,0.0,0.0,0.0,0.0,1.0,0.0,0.0,1.0,218.0,1.0,0.0,9.0,0.0,0.0,0.0,0.0,4.0,3.0,1.0,1.0,0.0,8.0,0.8961516009483906,3.0,4.0,9.0,1.0,12.0,1.0,1280.0,800.0,7.0,0.0,1
68.0,1.0,2.0,0.0,3.0,3.0,0.0,25.0,0.0,0.0,3.4693386886438304,0.0,0.0,21.0,31.0,0.0,1.0,0.0,1.0,0.0,1.0,1.0,0.0,343.0,1.0,1.0,2.0,1.0,1.0,2.0,1.0,4.0,4.0,1.0,0.0,1.0,19.0,0.6751436694558074,2.0,4.0,2.0,49.0,10.0,1.0,1280.0,800.0,2.0,0.0,1
88.0,1.0,1.0,0.0,3.0,2.0,0.0,23.0,5.0,0.21739130434782608,3.1020919163760787,0.0,2.0,58.0,28.0,0.0,1.0,0.0,1.0,1.0,0.0,0.0,1.0,261.0,1.0,0.0,10.0,0.0,1.0,0.0,0.0,0.0,1.0,0.0,1.0,1.0,16.0,0.9692671326189192,5.0,5.0,10.0,70.0,9.0,1.0,1280.0,800.0,9.0,0.0,1
68.0,1.0,3.0,0.0,1.0,4.0,0.0,16.0,8.0,0.5,3.229500254005421,0.0,0.0,45.0,24.0,0.0,1.0,0.0,1.0,0.0,0.0,1.0,0.0,275.0,1.0,0.0,6.0,1.0,0.0,1.0,0.0,1.0,4.0,0.0,0.0,1.0,33.0,0.8971489135839432,3.0,1.0,6.0,8.0,7.0,1.0,1280.0,800.0,10.0,1.0,1
49.0,1.0,0.0,0.0,2.0,1.0,0.0,17.0,5.0,0.29411764705882354,3.2622708445163764,0.0,0.0,12.0,37.0,0.0,1.0,0.0,1.0,0.0,1.0,0.0,0.0,38.0,1.0,6.0,5.0,1.0,1.0,0.0,0.0,3.0,2.0,1.0,1.0,1.0,18.0,0.8225581980142084,3.0,5.0,5.0,66.0,0.0,1.0,1280.0,800.0,1.0,0.0,1
58.0,1.0,0.0,1.0,0.0,1.0,0.0,15.0,3.0,0.6752941609130966,2.80990529167243,0.0,0.0,8.0,14.0,0.0,1.0,0.0,1.0,1.0,0.0,0.0,1.0,57.0,1.0,0.0,4.0,1.0,1.0,0.0,0.0,2.0,1.0,0.0,1.0,1.0,19.0,0.6846430747201898,1.0,1.0,4.0,83.0,8.0,1.0,1280.0,800.0,0.0,1.0,1
64.0,1.0,1.0,0.0,2.0,2.0,0.0,26.0,5.0,0.19230769230769232,3.3921980218889676,0.0,0.0,44.0,6.0,0.0,1.0,0.0,1.0,0.0,0.0,0.0,0.0,80.0,1.0,1.0,1.0,1.0,1.0,0.0,0.0,0.0,2.0,0.0,0.0,1.0,36.0,0.9366668385438082,7.0,3.0,1.0,2.0,11.0,1.0,1280.0,800.0,4.0,1.0,1
91.0,1.0,1.0,0.0,2.0,2.0,1.0,26.0,14.0,0.6654435652033581,4.0801929349809205,0.0,1.0,20.0,32.0,1.0,1.0,0.0,1.0,1.0,0.0,0.0,1.0,156.0,1.0,1.0,10.0,0.0,1.0,1.0,0.0,1.0,3.0,1.0,1.0,1.0,26.0,0.7722913983677349,1.0,4.0,10.0,52.0,14.0,1.0,1280.0,800.0,4.0,0.0,1
87.0,1.0,1.0,0.0,4.0,2.0,0.0,18.0,0.0,0.0,3.8505299110981674,0.0,0.0,18.0,19.0,0.0,1.0,0.0,1.0,1.0,0.0,0.0,1.0,193.0,1.0,6.0,6.0,1.0,1.0,1.0,0.0,4.0,1.0,0.0,0.0,1.0,22.0,0.929545741197216,3.0,1.0,6.0,95.0,1.0,1.0,1280.0,800.0,13.0,0.0,1
60.0,1.0,1.0,0.0,2.0,2.0,0.0,13.0,0.0,0.0,3.380901523197903,1.0,1.0,16.0,39.0,0.0,1.0,0.0,1.0,1.0,0.0,0.0,1.0,23.0,1.0,6.0,4.0,1.0,1.0,0.0,1.0,2.0,3.0,0.0,0.0,1.0,34.0,0.9737635115315062,6.0,5.0,4.0,103.0,5.0,1.0,1280.0,800.0,0.0,0.0,1
91.0,1.0,0.0,1.0,0.0,1.0,0.0,15.0,3.0,0.6297988360956228,2.857781985288772,0.0,2.0,35.0,37.0,0.0,0.0,0.0,0.0,0.0,1.0,1.0,0.0,188.0,1.0,1.0,2.0,1.0,1.0,0.0,0.0,1.0,3.0,1.0,0.0,1.0,39.0,0.7771517363820346,4.0,2.0,2.0,6.0,12.0,1.0,1280.0,800.0,12.0,0.0,1
88.0,1.0,1.0,0.0,3.0,2.0,0.0,19.0,2.0,0.10526315789473684,3.6278175599067706,0.0,2.0,45.0,8.0,0.0,1.0,0.0,1.0,0.0,0.0,1.0,0.0,61.0,2.0,1.0,6.0,1.0,0.0,1.0,0.0,13.0,3.0,0.0,0.0,1.0,24.0,0.8333993822616798,7.0,4.0,6.0,87.0,8.0,1.0,1280.0,800.0,12.0,0.0,1
65.0,1.0,1.0,0.0,2.0,2.0,0.0,12.0,0.0,0.0,3.560572037517055,0.0,1.0,15.0,25.0,0.0,1.0,0.0,1.0,1.0,0.0,0.0,1.0,342.0,1.0,0.0,8.0,1.0,1.0,0.0,0.0,15.0,1.0,1.0,0.0,1.0,11.0,0.7114556730595066,4.0,5.0,8.0,102.0,1.0,1.0,1280.0,800.0,14.0,1.0,1
55.0,1.0,1.0,0.0,1.0,2.0,0.0,22.0,2.0,0.09090909090909091,3.6554524300880202,0.0,0.0,39.0,28.0,0.0,1.0,0.0,1.0,1.0,0.0,0.0,1.0,135.0,1.0,1.0,11.0,0.0,1.0,2.0,1.0,0.0,4.0,0.0,0.0,1.0,29.0,0.6706241835264432,2.0,4.0,11.0,108.0,6.0,1.0,1280.0,800.0,4.0,0.0,1
39.0,1.0,2.0,0.0,4.0,3.0,1.0,19.0,0.0,0.0,3.7665376826479484,0.0,0.0,12.0,25.0,0.0,1.0,0.0,1.0,1.0,0.0,0.0,1.0,116.0,1.0,0.0,6.0,1.0,1.0,1.0,2.0,1.0,3.0,0.0,1.0,1.0,31.0,0.9707811995994529,1.0,1.0,6.0,57.0,10.0,1.0,1280.0,800.0,14.0,0.0,1
94.0,0.0,1.0,0.0,3.0,2.0,0.0,25.0,2.0,0.08,3.6486958714523756,0.0,1.0,48.0,32.0,0.0,1.0,0.0,1.0,0.0,0.0,0.0,0.0,19.0,1.0,0.0,3.0,1.0,1.0,0.0,0.0,11.0,3.0,0.0,0.0,1.0,6.0,0.2315671809887485,2.0,1.0,3.0,65.0,3.0,1.0,1280.0,800.0,2.0,1.0,1
38.0,1.0,0.0,1.0,0.0,1.0,0.0,15.0,3.0,0.7835253828324398,2.6555445176356907,0.0,0.0,16.0,11.0,0.0,1.0,0.0,1.0,1.0,0.0,0.0,1.0,153.0,1.0,6.0,3.0,0.0,0.0,0.0,0.0,0.0,3.0,0.0,0.0,0.0,14.0,0.8151653054735231,3.0,3.0,3.0,30.0,12.0,1.0,1280.0,800.0,0.0,0.0,1
52.0,0.0,1.0,0.0,3.0,2.0,1.0,18.0,8.0,0.4444444444444444,3.0172148285718796,0.0,2.0,53.0,11.0,0.0,1.0,0.0,1.0,0.0,0.0,0.0,0.0,134.0,1.0,0.0,8.0,1.0,1.0,1.0,0.0,1.0,3.0,0.0,0.0,1.0,34.0,0.20877463317956582,5.0,2.0,8.0,3.0,8.0,1.0,1280.0,800.0,13.0,0.0,1
70.0,0.0,0.0,0.0,2.0,1.0,0.0,11.0,5.0,0.45454545454545453,3.784961391754443,0.0,0.0,24.0,34.0,0.0,1.0,0.0,1.0,0.0,0.0,0.0,0.0,124.0,1.0,0.0,7.0,1.0,1.0,0.0,0.0,3.0,1.0,1.0,1.0,1.0,14.0,0.18980611117837778,5.0,4.0,7.0,31.0,2.0,1.0,1280.0,800.0,13.0,1.0,1
81.0,1.0,2.0,0.0,2.0,3.0,0.0,27.0,8.0,0.2962962962962963,3.4288916659684587,0.0,1.0,15.0,26.0,0.0,1.0,0.0,1.0,1.0,0.0,0.0,1.0,224.0,1.0,1.0,9.0,1.0,0.0,0.0,0.0,0.0,4.0,1.0,1.0,1.0,41.0,0.6260368148384687,4.0,1.0,9.0,66.0,10.0,1.0,1280.0,800.0,5.0,0.0,1
90.0,1.0,0.0,1.0,0.0,1.0,0.0,15.0,3.0,0.6574803299886687,2.545643338129415,0.0,0.0,43.0,37.0,0.0,1.0,0.0,1.0,1.0,0.0,0.0,1.0,149.0,1.0,0.0,4.0,1.0,1.0,0.0,0.0,1.0,3.0,1.0,0.0,1.0,29.0,0.9579984802275546,5.0,3.0,4.0,85.0,9.0,1.0,1280.0,800.0,1.0,0.0,1
82.0,1.0,1.0,0.0,1.0,2.0,0.0,18.0,0.0,0.0,3.572866122857277,0.0,0.0,30.0,39.0,0.0,1.0,0.0,1.0,1.0,0.0,0.0,1.0,74.0,1.0,0.0,10.0,1.0,1.0,0.0,0.0,0.0,1.0,0.0,0.0,1.0,12.0,0.7383670152144854,4.0,1.0,10.0,30.0,8.0,1.0,1280.0,800.0,7.0,0.0,1
45.0,1.0,2.0,0.0,3.0,3.0,1.0,10.0,2.0,0.2,3.1206031424838683,0.0,0.0,7.0,8.0,0.0,0.0,0.0,0.0,1.0,0.0,0.0,1.0,156.0,1.0,0.0,10.0,1.0,1.0,0.0,0.0,0.0,3.0,1.0,0.0,1.0,31.0,0.7198277418482427,4.0,4.0,10.0,70.0,11.0,1.0,1280.0,800.0,8.0,0.0,1
40.0,1.0,1.0,0.0,1.0,2.0,1.0,27.0,10.0,0.37037037037037035,3.5900776640140624,0.0,1.0,41.0,37.0,0.0,1.0,0.0,1.0,1.0,0.0,0.0,1.0,44.0,1.0,1.0,1.0,1.0,1.0,0.0,0.0,2.0,3.0,0.0,1.0,1.0,35.0,0.7950512225672736,1.0,3.0,1.0,116.0,6.0,1.0,1280.0,800.0,2.0,1.0,1
58.0,1.0,0.0,0.0,1.0,1.0,0.0,16.0,0.0,0.0,3.17463939824738,1.0,2.0,15.0,9.0,0.0,1.0,0.0,1.0,1.0,0.0,0.0,1.0,103.0,1.0,0.0,6.0,1.0,0.0,0.0,0.0,3.0,2.0,1.0,0.0,1.0,35.0,0.6626055861516083,5.0,2.0,6.0,116.0,6.0,1.0,1280.0,800.0,14.0,0.0,1
59.0,1.0,0.0,0.0,1.0,1.0,1.0,21.0,8.0,0.38095238095238093,2.970438630188398,0.0,1.0,28.0,22.0,0.0,1.0,0.0,1.0,1.0,0.0,0.0,1.0,58.0,1.0,0.0,5.0,1.0,1.0,0.0,0.0,1.0,2.0,1.0,0.0,1.0,30.0,0.8147165959679681,6.0,5.0,5.0,11.0,8.0,1.0,1280.0,800.0,12.0,0.0,1
77.0,1.0,2.0,0.0,3.0,3.0,1.0,14.0,8.0,0.5051099775472983,3.601289052503047,0.0,0.0,43.0,34.0,0.0,1.0,0.0,1.0,1.0,0.0,0.0,1.0,201.0,1.0,0.0,9.0,0.0,1.0,0.0,0.0,3.0,2.0,0.0,0.0,1.0,37.0,0.6373754250022718,5.0,2.0,9.0,60.0,8.0,1.0,1280.0,800.0,10.0,0.0,1
58.0,1.0,1.0,0.0,1.0,2.0,0.0,12.0,0.0,0.0,3.7981866032151332,1.0,3.0,19.0,3.0,0.0,1.0,0.0,1.0,1.0,0.0,0.0,1.0,53.0,1.0,0.0,10.0,1.0,1.0,0.0,0.0,0.0,2.0,1.0,0.0,1.0,44.0,0.6493701878651844,6.0,1.0,10.0,103.0,2.0,1.0,1280.0,800.0,3.0,1.0,1
88.0,1.0,1.0,0.0,3.0,2.0,0.0,21.0,5.0,0.23809523809523808,3.0300214411762294,0.0,0.0,41.0,43.0,0.0,1.0,0.0,1.0,1.0,0.0,0.0,1.0,66.0,1.0,1.0,10.0,1.0,0.0,0.0,1.0,3.0,1.0,0.0,0.0,1.0,26.0,0.9950841053011736,3.0,2.0,10.0,75.0,14.0,1.0,1280.0,800.0,7.0,0.0,1
38.0,1.0,3.0,0.0,2.0,4.0,0.0,19.0,0.0,0.0,3.172626859603858,0.0,0.0,33.0,17.0,1.0,1.0,0.0,1.0,0.0,0.0,0.0,0.0,263.0,1.0,0.0,10.0,1.0,1.0,1.0,0.0,2.0,2.0,1.0,1.0,1.0,10.0,0.9750838535645499,4.0,3.0,10.0,68.0,5.0,1.0,1280.0,800.0,9.0,0.0,1
48.0,0.0,3.0,0.0,3.0,4.0,0.0,22.0,2.0,0.09090909090909091,3.6664683052726943,0.0,0.0,32.0,6.0,0.0,0.0,0.0,0.0,0.0,0.0,0.0,0.0,145.0,1.0,1.0,2.0,1.0,0.0,1.0,2.0,2.0,4.0,1.0,0.0,1.0,27.0,0.14702552653916037,2.0,5.0,2.0,75.0,11.0,1.0,1280.0,800.0,4.0,0.0,1
79.0,1.0,2.0,0.0,3.0,3.0,1.0,21.0,0.0,0.0,3.451865106964214,0.0,1.0,37.0,42.0,0.0,1.0,0.0,1.0,1.0,0.0,0.0,1.0,104.0,1.0,0.0,8.0,1.0,1.0,0.0,0.0,1.0,4.0,0.0,0.0,1.0,13.0,0.8156053396839253,2.0,5.0,8.0,35.0,9.0,1.0,1280.0,800.0,6.0,0.0,1
35.0,1.0,1.0,0.0,2.0,2.0,0.0,16.0,0.0,0.0,3.5719661427104423,1.0,0.0,31.0,13.0,0.0,1.0,0.0,1.0,0.0,1.0,0.0,0.0,144.0,1.0,0.0,6.0,0.0,0.0,1.0,0.0,4.0,2.0,0.0,0.0,1.0,7.0,0.8184853217382042,7.0,3.0,6.0,90.0,9.0,1.0,1280.0,800.0,10.0,0.0,1
50.0,1.0,1.0,0.0,1.0,2.0,0.0,12.0,0.0,0.0,3.6292652648139416,0.0,0.0,33.0,7.0,0.0,1.0,0.0,1.0,1.0,0.0,0.0,1.0,33.0,1.0,0.0,11.0,1.0,1.0,0.0,0.0,1.0,2.0,1.0,1.0,1.0,36.0,0.8025184340228702,6.0,4.0,11.0,19.0,6.0,1.0,1280.0,800.0,6.0,0.0,1
66.0,0.0,3.0,0.0,0.0,4.0,0.0,12.0,0.0,0.0,3.675035583175979,0.0,0.0,41.0,23.0,0.0,1.0,0.0,1.0,0.0,0.0,0.0,0.0,51.0,2.0,0.0,7.0,1.0,1.0,1.0,1.0,0.0,3.0,0.0,1.0,1.0,19.0,0.21780013670390272,4.0,4.0,7.0,14.0,3.0,1.0,1280.0,800.0,13.0,0.0,1
35.0,1.0,1.0,0.0,1.0,2.0,0.0,15.0,5.0,0.3333333333333333,2.964161958079005,0.0,3.0,39.0,43.0,0.0,0.0,0.0,0.0,1.0,0.0,0.0,1.0,97.0,1.0,0.0,10.0,0.0,0.0,0.0,0.0,2.0,3.0,1.0,1.0,0.0,5.0,0.7416747432361699,6.0,4.0,10.0,72.0,8.0,1.0,1280.0,800.0,14.0,0.0,1
55.0,1.0,2.0,0.0,2.0,3.0,1.0,18.0,0.0,0.0,2.952637829543307,0.0,0.0,19.0,38.0,0.0,1.0,0.0,1.0,1.0,0.0,0.0,1.0,139.0,1.0,1.0,4.0,0.0,1.0,0.0,0.0,3.0,3.0,1.0,0.0,1.0,5.0,0.9643887146016438,1.0,4.0,4.0,15.0,11.0,1.0,1280.0,800.0,11.0,0.0,1
62.0,1.0,1.0,0.0,4.0,2.0,0.0,21.0,5.0,0.23809523809523808,2.8831068331055487,0.0,2.0,43.0,3.0,1.0,1.0,0.0,1.0,1.0,0.0,0.0,1.0,158.0,1.0,1.0,2.0,1.0,1.0,0.0,0.0,8.0,1.0,1.0,0.0,1.0,29.0,0.8379546300517005,3.0,4.0,2.0,68.0,3.0,1.0,1280.0,800.0,1.0,0.0,1
91.0,1.0,1.0,0.0,1.0,2.0,0.0,14.0,5.0,0.35714285714285715,3.438420266815791,0.0,0.0,40.0,23.0,1.0,1.0,0.0,1.0,1.0,0.0,0.0,1.0,116.0,1.0,0.0,6.0,1.0,0.0,0.0,1.0,9.0,1.0,1.0,0.0,1.0,5.0,0.8843375419122367,2.0,5.0,6.0,51.0,4.0,1.0,1280.0,800.0,13.0,0.0,1
49.0,1.0,1.0,0.0,3.0,2.0,0.0,10.0,5.0,0.5,2.828895579230319,0.0,0.0,48.0,18.0,1.0,1.0,0.0,1.0,1.0,0.0,0.0,1.0,321.0,1.0,0.0,6.0,1.0,1.0,0.0,0.0,0.0,1.0,1.0,1.0,1.0,26.0,0.8395423714942355,1.0,3.0,6.0,9.0,4.0,1.0,1280.0,800.0,11.0,0.0,1
85.0,1.0,1.0,0.0,1.0,2.0,1.0,23.0,0.0,0.0,3.6611589969825156,0.0,2.0,49.0,2.0,1.0,1.0,0.0,1.0,0.0,0.0,0.0,0.0,29.0,1.0,0.0,10.0,1.0,0.0,0.0,0.0,2.0,1.0,1.0,1.0,1.0,10.0,0.7687320656869414,5.0,2.0,10.0,6.0,7.0,0.0,1280.0,800.0,12.0,0.0,1
62.0,1.0,1.0,0.0,2.0,2.0,0.0,17.0,0.0,0.0,3.247922835207917,0.0,2.0,22.0,23.0,0.0,0.0,0.0,0.0,1.0,0.0,0.0,1.0,258.0,1.0,0.0,5.0,1.0,1.0,0.0,0.0,0.0,1.0,1.0,1.0,1.0,10.0,0.8705995563947257,3.0,5.0,5.0,50.0,10.0,1.0,1280.0,800.0,2.0,0.0,1
48.0,1.0,0.0,0.0,1.0,1.0,1.0,25.0,8.0,0.532864073945773,3.8114243265010863,0.0,0.0,56.0,9.0,0.0,1.0,0.0,1.0,1.0,0.0,0.0,1.0,62.0,1.0,1.0,9.0,0.0,1.0,0.0,0.0,3.0,3.0,0.0,0.0,1.0,17.0,0.9441117351673,3.0,5.0,9.0,34.0,4.0,1.0,1280.0,800.0,10.0,0.0,1
63.0,1.0,2.0,0.0,3.0,3.0,1.0,20.0,2.0,0.1,3.541510632377074,0.0,0.0,39.0,34.0,0.0,0.0,0.0,0.0,1.0,0.0,0.0,1.0,97.0,1.0,0.0,5.0,1.0,0.0,0.0,0.0,12.0,2.0,0.0,0.0,1.0,39.0,0.6592330600753749,7.0,2.0,5.0,69.0,12.0,1.0,1280.0,800.0,3.0,0.0,1
84.0,1.0,3.0,0.0,3.0,4.0,0.0,11.0,8.0,0.7272727272727273,3.3288773909638785,0.0,0.0,12.0,16.0,1.0,1.0,0.0,1.0,1.0,0.0,0.0,1.0,270.0,1.0,0.0,7.0,1.0,1.0,0.0,0.0,2.0,3.0,1.0,1.0,1.0,26.0,0.6279107385083803,3.0,4.0,7.0,25.0,14.0,1.0,1280.0,800.0,9.0,1.0,1
36.0,1.0,1.0,0.0,4.0,2.0,1.0,13.0,0.0,0.0,3.4313297746713767,0.0,1.0,19.0,1.0,0.0,1.0,0.0,1.0,1.0,0.0,0.0,1.0,298.0,1.0,1.0,8.0,0.0,1.0,1.0,1.0,4.0,1.0,0.0,1.0,1.0,9.0,0.6734363289228548,7.0,2.0,8.0,81.0,4.0,1.0,1280.0,800.0,1.0,0.0,1
93.0,1.0,1.0,0.0,1.0,2.0,0.0,13.0,5.0,0.38461538461538464,3.715264997095416,0.0,0.0,52.0,16.0,0.0,1.0,0.0,1.0,1.0,0.0,0.0,1.0,191.0,1.0,1.0,9.0,0.0,1.0,0.0,0.0,3.0,1.0,1.0,0.0,1.0,23.0,0.8189158883502228,1.0,3.0,9.0,27.0,13.0,1.0,1280.0,800.0,7.0,0.0,1
36.0,1.0,0.0,0.0,1.0,1.0,0.0,19.0,0.0,0.0,3.320959183297862,1.0,0.0,57.0,38.0,0.0,1.0,0.0,1.0,1.0,0.0,0.0,1.0,30.0,1.0,0.0,10.0,0.0,1.0,0.0,0.0,2.0,2.0,0.0,0.0,1.0,5.0,0.8739639214376008,6.0,1.0,10.0,105.0,11.0,1.0,1280.0,800.0,13.0,0.0,1
50.0,0.0,1.0,0.0,4.0,2.0,0.0,13.0,5.0,0.38461538461538464,3.5683622627970397,0.0,3.0,22.0,35.0,0.0,1.0,0.0,1.0,0.0,0.0,0.0,0.0,244.0,1.0,1.0,6.0,1.0,1.0,1.0,0.0,0.0,1.0,0.0,0.0,1.0,27.0,0.008909331258374408,7.0,2.0,6.0,107.0,4.0,1.0,1280.0,800.0,8.0,0.0,1
76.0,1.0,1.0,0.0,2.0,2.0,0.0,10.0,0.0,0.0,3.085218245151121,0.0,0.0,19.0,42.0,0.0,0.0,0.0,0.0,1.0,0.0,0.0,1.0,60.0,1.0,1.0,9.0,1.0,0.0,2.0,1.0,3.0,5.0,1.0,0.0,1.0,36.0,0.6169433054730035,2.0,1.0,9.0,8.0,1.0,1.0,1280.0,800.0,7.0,0.0,1
64.0,0.0,1.0,0.0,3.0,2.0,0.0,22.0,2.0,0.09090909090909091,3.499291710359809,0.0,1.0,28.0,39.0,0.0,1.0,0.0,1.0,0.0,0.0,0.0,0.0,30.0,2.0,0.0,3.0,1.0,1.0,1.0,0.0,15.0,3.0,1.0,0.0,1.0,28.0,0.060162351868465844,6.0,3.0,3.0,60.0,9.0,1.0,1280.0,800.0,11.0,0.0,1
56.0,1.0,0.0,1.0,0.0,1.0,0.0,15.0,3.0,0.6123103025639082,2.528727453244063,0.0,0.0,54.0,16.0,0.0,0.0,0.0,0.0,0.0,1.0,1.0,0.0,196.0,1.0,1.0,10.0,0.0,1.0,0.0,0.0,3.0,3.0,0.0,0.0,1.0,40.0,0.6785038401412544,5.0,3.0,10.0,18.0,6.0,1.0,1280.0,800.0,10.0,0.0,1
90.0,1.0,3.0,0.0,4.0,4.0,0.0,14.0,0.0,0.0,3.88081968121755,0.0,3.0,22.0,25.0,0.0,1.0,0.0,1.0,1.0,0.0,0.0,1.0,34.0,1.0,1.0,9.0,1.0,1.0,0.0,0.0,6.0,1.0,0.0,0.0,1.0,30.0,0.9084894589591815,2.0,4.0,9.0,28.0,5.0,1.0,1280.0,800.0,6.0,0.0,1
44.0,1.0,2.0,0.0,2.0,3.0,0.0,12.0,2.0,0.16666666666666666,3.188842253847117,0.0,0.0,34.0,27.0,0.0,1.0,0.0,1.0,1.0,0.0,0.0,1.0,239.0,1.0,0.0,2.0,1.0,1.0,0.0,0.0,9.0,3.0,0.0,0.0,1.0,25.0,0.93504984318118,3.0,4.0,2.0,40.0,3.0,1.0,1280.0,800.0,2.0,0.0,1
35.0,1.0,1.0,0.0,2.0,2.0,0.0,25.0,0.0,0.0,3.616706679595903,0.0,0.0,9.0,3.0,1.0,0.0,0.0,0.0,1.0,0.0,0.0,1.0,97.0,1.0,0.0,11.0,1.0,0.0,2.0,1.0,3.0,2.0,1.0,1.0,1.0,19.0,0.6764627802871401,6.0,1.0,11.0,56.0,3.0,1.0,1280.0,800.0,10.0,0.0,1
55.0,1.0,1.0,0.0,1.0,2.0,0.0,20.0,10.0,0.5,3.747725672594808,0.0,1.0,47.0,16.0,0.0,1.0,0.0,1.0,1.0,0.0,0.0,1.0,253.0,2.0,1.0,10.0,1.0,1.0,0.0,1.0,4.0,2.0,0.0,0.0,1.0,12.0,0.9077503618986602,4.0,3.0,10.0,9.0,8.0,1.0,1280.0,800.0,13.0,0.0,1
42.0,0.0,0.0,1.0,0.0,1.0,0.0,15.0,3.0,0.7238081924446607,2.9019760151273735,0.0,0.0,48.0,21.0,0.0,0.0,0.0,0.0,0.0,0.0,0.0,0.0,117.0,2.0,0.0,11.0,0.0,0.0,0.0,0.0,0.0,3.0,1.0,0.0,0.0,30.0,0.059835005473139274,4.0,1.0,11.0,27.0,9.0,1.0,1280.0,800.0,7.0,0.0,1
35.0,1.0,0.0,0.0,3.0,1.0,1.0,24.0,6.0,0.617740806902005,3.90355845022503,0.0,1.0,53.0,0.0,1.0,0.0,0.0,0.0,1.0,0.0,0.0,1.0,47.0,1.0,0.0,11.0,1.0,1.0,0.0,0.0,3.0,2.0,0.0,0.0,1.0,14.0,0.8316296693294556,6.0,5.0,11.0,71.0,14.0,1.0,1280.0,800.0,12.0,0.0,1
68.0,1.0,0.0,0.0,1.0,1.0,0.0,21.0,0.0,0.0,3.6897197520347147,1.0,0.0,52.0,9.0,0.0,1.0,0.0,1.0,1.0,0.0,0.0,1.0,70.0,1.0,6.0,9.0,0.0,1.0,0.0,0.0,3.0,1.0,0.0,0.0,1.0,32.0,0.7830300137102615,1.0,1.0,9.0,6.0,7.0,1.0,1280.0,800.0,10.0,1.0,1
79.0,1.0,2.0,0.0,2.0,3.0,1.0,19.0,8.0,0.42105263157894735,3.6485806090169306,0.0,1.0,51.0,44.0,0.0,1.0,0.0,1.0,1.0,0.0,0.0,1.0,284.0,1.0,6.0,9.0,1.0,0.0,2.0,1.0,2.0,3.0,1.0,0.0,1.0,26.0,0.857558940436873,7.0,3.0,9.0,8.0,10.0,1.0,1280.0,800.0,4.0,0.0,1
93.0,1.0,1.0,0.0,1.0,2.0,0.0,24.0,0.0,0.0,2.8126030175909027,0.0,0.0,23.0,26.0,0.0,0.0,0.0,0.0,1.0,0.0,0.0,1.0,119.0,1.0,0.0,9.0,1.0,1.0,0.0,0.0,4.0,2.0,1.0,1.0,1.0,29.0,0.9898033434298843,2.0,2.0,9.0,3.0,10.0,1.0,1280.0,800.0,12.0,0.0,1
79.0,0.0,2.0,0.0,1.0,3.0,1.0,16.0,6.0,0.5062710740744518,4.076170201427769,0.0,0.0,18.0,41.0,0.0,0.0,0.0,0.0,0.0,0.0,0.0,0.0,23.0,1.0,6.0,5.0,1.0,1.0,1.0,0.0,2.0,3.0,0.0,1.0,1.0,34.0,0.043470535270972756,4.0,5.0,5.0,85.0,9.0,1.0,1280.0,800.0,14.0,0.0,1
85.0,1.0,1.0,0.0,4.0,2.0,1.0,11.0,8.0,0.7272727272727273,3.872972654915597,0.0,0.0,41.0,33.0,1.0,1.0,0.0,1.0,1.0,0.0,0.0,1.0,209.0,1.0,0.0,2.0,1.0,1.0,1.0,0.0,8.0,1.0,1.0,0.0,1.0,30.0,0.8539807441220704,7.0,5.0,2.0,9.0,2.0,1.0,1280.0,800.0,11.0,0.0,1
35.0,1.0,2.0,0.0,4.0,3.0,0.0,16.0,2.0,0.125,3.3847902585255847,0.0,0.0,56.0,4.0,0.0,1.0,0.0,1.0,1.0,0.0,0.0,1.0,34.0,1.0,0.0,1.0,1.0,1.0,0.0,1.0,0.0,3.0,1.0,1.0,1.0,40.0,0.7011581358587984,5.0,1.0,1.0,24.0,10.0,1.0,1280.0,800.0,4.0,0.0,1
51.0,1.0,3.0,0.0,1.0,4.0,1.0,19.0,8.0,0.42105263157894735,3.7596277907806632,0.0,0.0,54.0,5.0,0.0,1.0,0.0,1.0,1.0,0.0,0.0,1.0,282.0,1.0,1.0,11.0,0.0,0.0,1.0,2.0,2.0,3.0,0.0,0.0,1.0,34.0,0.8471463535796804,4.0,2.0,11.0,29.0,2.0,1.0,1280.0,800.0,2.0,1.0,1
37.0,1.0,2.0,0.0,2.0,3.0,1.0,17.0,2.0,0.11764705882352941,3.876117831833131,0.0,0.0,45.0,30.0,0.0,0.0,0.0,0.0,1.0,0.0,0.0,1.0,297.0,1.0,1.0,4.0,1.0,1.0,0.0,0.0,7.0,1.0,0.0,0.0,1.0,13.0,0.6135654634086649,6.0,5.0,4.0,39.0,11.0,1.0,1280.0,800.0,2.0,0.0,1
61.0,1.0,1.0,0.0,1.0,2.0,0.0,12.0,5.0,0.4166666666666667,3.1015509393961795,0.0,0.0,11.0,29.0,0.0,1.0,0.0,1.0,1.0,0.0,0.0,1.0,274.0,1.0,0.0,7.0,0.0,1.0,0.0,0.0,14.0,3.0,0.0,0.0,1.0,28.0,0.6985194108848214,6.0,3.0,7.0,30.0,13.0,1.0,1280.0,800.0,3.0,0.0,1
68.0,0.0,2.0,0.0,1.0,3.0,1.0,21.0,10.0,0.5431638002006653,3.642200858811081,0.0,0.0,53.0,23.0,0.0,1.0,0.0,1.0,0.0,0.0,0.0,0.0,178.0,1.0,1.0,5.0,1.0,1.0,0.0,0.0,2.0,2.0,0.0,0.0,1.0,26.0,0.1820719232898744,3.0,3.0,5.0,25.0,12.0,1.0,1280.0,800.0,4.0,0.0,1
37.0,1.0,0.0,1.0,0.0,1.0,0.0,15.0,3.0,0.657842212751026,2.9086162999228313,0.0,0.0,48.0,3.0,0.0,1.0,0.0,1.0,1.0,0.0,0.0,1.0,287.0,1.0,0.0,2.0,0.0,0.0,0.0,0.0,4.0,3.0,0.0,0.0,0.0,40.0,0.9751767573432657,2.0,3.0,2.0,72.0,0.0,1.0,1280.0,800.0,6.0,0.0,1
84.0,1.0,0.0,0.0,2.0,1.0,1.0,16.0,11.0,0.5502143809948591,3.666517112455115,0.0,0.0,46.0,2.0,0.0,1.0,0.0,1.0,1.0,0.0,0.0,1.0,248.0,2.0,0.0,2.0,1.0,1.0,0.0,0.0,3.0,1.0,0.0,1.0,1.0,28.0,0.7349139374846294,1.0,4.0,2.0,102.0,9.0,1.0,1280.0,800.0,4.0,0.0,1
72.0,0.0,1.0,0.0,2.0,2.0,1.0,21.0,5.0,0.23809523809523808,3.7409151463690087,0.0,0.0,24.0,38.0,0.0,1.0,0.0,1.0,0.0,0.0,0.0,0.0,154.0,1.0,0.0,4.0,1.0,0.0,1.0,0.0,12.0,1.0,0.0,1.0,1.0,41.0,0.10883796525462751,7.0,5.0,4.0,18.0,14.0,1.0,1280.0,800.0,3.0,0.0,1
42.0,1.0,0.0,0.0,1.0,1.0,0.0,11.0,0.0,0.0,3.4842619526561687,0.0,1.0,34.0,42.0,0.0,0.0,0.0,0.0,1.0,0.0,0.0,1.0,326.0,1.0,1.0,7.0,1.0,1.0,0.0,0.0,2.0,4.0,0.0,1.0,1.0,7.0,0.9729216549543527,7.0,1.0,7.0,109.0,7.0,1.0,1280.0,800.0,0.0,1.0,1
62.0,1.0,2.0,0.0,1.0,3.0,0.0,15.0,0.0,0.0,3.214519058046743,0.0,0.0,54.0,14.0,0.0,1.0,0.0,1.0,1.0,0.0,0.0,1.0,207.0,1.0,0.0,3.0,1.0,1.0,0.0,0.0,2.0,4.0,0.0,0.0,1.0,23.0,0.9487582530052598,3.0,4.0,3.0,24.0,8.0,1.0,1280.0,800.0,0.0,0.0,1
38.0,0.0,1.0,0.0,1.0,2.0,0.0,12.0,0.0,0.0,3.5663059394460133,0.0,0.0,18.0,4.0,0.0,1.0,0.0,1.0,0.0,0.0,0.0,0.0,277.0,1.0,0.0,11.0,1.0,1.0,0.0,0.0,1.0,1.0,0.0,0.0,1.0,26.0,0.15609130209507663,5.0,3.0,11.0,36.0,6.0,1.0,1280.0,800.0,12.0,0.0,1
64.0,0.0,1.0,0.0,2.0,2.0,0.0,17.0,0.0,0.0,3.536810895847553,0.0,1.0,23.0,36.0,0.0,1.0,0.0,1.0,0.0,0.0,0.0,0.0,251.0,2.0,0.0,5.0,1.0,1.0,0.0,0.0,3.0,3.0,1.0,1.0,1.0,40.0,0.10673219730607249,3.0,5.0,5.0,75.0,1.0,1.0,1280.0,800.0,4.0,0.0,1
57.0,1.0,1.0,0.0,2.0,2.0,0.0,14.0,0.0,0.0,3.445048119111903,1.0,1.0,36.0,5.0,0.0,1.0,0.0,1.0,0.0,0.0,0.0,0.0,227.0,1.0,1.0,2.0,1.0,1.0,0.0,0.0,4.0,1.0,0.0,0.0,1.0,34.0,0.9792056993996299,4.0,2.0,2.0,79.0,11.0,1.0,1280.0,800.0,2.0,0.0,1
43.0,0.0,3.0,0.0,1.0,4.0,0.0,12.0,8.0,0.6666666666666666,2.8361523054042337,0.0,3.0,10.0,44.0,0.0,1.0,0.0,1.0,0.0,0.0,0.0,0.0,129.0,1.0,1.0,1.0,0.0,0.0,1.0,2.0,0.0,5.0,1.0,0.0,1.0,43.0,0.11568918140339031,3.0,5.0,1.0,17.0,13.0,1.0,1280.0,800.0,8.0,0.0,1
77.0,1.0,2.0,0.0,2.0,3.0,1.0,22.0,2.0,0.09090909090909091,3.0696034987951104,0.0,2.0,58.0,15.0,0.0,0.0,0.0,0.0,1.0,0.0,0.0,1.0,229.0,1.0,0.0,8.0,1.0,1.0,2.0,2.0,4.0,5.0,1.0,1.0,1.0,41.0,0.6871580650704436,6.0,1.0,8.0,1.0,14.0,1.0,1280.0,800.0,2.0,1.0,1
71.0,0.0,1.0,0.0,2.0,2.0,1.0,16.0,0.0,0.0,2.9020751938632103,0.0,0.0,16.0,43.0,0.0,1.0,0.0,1.0,0.0,0.0,0.0,0.0,250.0,1.0,0.0,7.0,1.0,1.0,1.0,1.0,3.0,2.0,0.0,0.0,1.0,37.0,0.00035231684801776406,3.0,4.0,7.0,80.0,10.0,1.0,1280.0,800.0,4.0,1.0,1
80.0,1.0,3.0,0.0,0.0,4.0,1.0,24.0,0.0,0.0,3.299973576896016,0.0,1.0,59.0,35.0,0.0,1.0,0.0,1.0,1.0,0.0,0.0,1.0,68.0,1.0,0.0,2.0,1.0,1.0,0.0,0.0,0.0,2.0,0.0,1.0,1.0,31.0,0.6884943257062405,3.0,3.0,2.0,25.0,5.0,0.0,1280.0,800.0,10.0,1.0,1
77.0,1.0,0.0,0.0,1.0,1.0,0.0,25.0,7.0,0.6990769308800452,3.406412152320507,0.0,0.0,45.0,31.0,0.0,0.0,0.0,0.0,1.0,0.0,0.0,1.0,127.0,1.0,1.0,7.0,1.0,1.0,0.0,0.0,4.0,3.0,0.0,1.0,1.0,29.0,0.9801898279776888,7.0,3.0,7.0,39.0,2.0,0.0,1280.0,800.0,9.0,1.0,1
73.0,1.0,2.0,0.0,2.0,3.0,0.0,21.0,8.0,0.38095238095238093,3.6250599396870817,0.0,0.0,49.0,42.0,0.0,1.0,0.0,1.0,0.0,0.0,0.0,0.0,125.0,1.0,0.0,5.0,1.0,1.0,1.0,0.0,0.0,4.0,1.0,1.0,1.0,11.0,0.9464312553203025,3.0,2.0,5.0,73.0,6.0,1.0,1280.0,800.0,6.0,0.0,1
66.0,1.0,0.0,0.0,1.0,1.0,1.0,22.0,5.0,0.22727272727272727,3.2935841302918134,0.0,0.0,58.0,31.0,0.0,1.0,0.0,1.0,0.0,0.0,1.0,0.0,115.0,2.0,0.0,10.0,1.0,0.0,0.0,0.0,2.0,1.0,0.0,1.0,1.0,14.0,0.7599050754576405,1.0,4.0,10.0,55.0,1.0,1.0,1280.0,800.0,8.0,0.0,1
79.0,1.0,1.0,0.0,3.0,2.0,0.0,27.0,14.0,0.5408148031789655,3.758540231069287,0.0,0.0,39.0,36.0,0.0,1.0,0.0,1.0,1.0,0.0,0.0,1.0,161.0,2.0,6.0,10.0,0.0,1.0,0.0,0.0,3.0,3.0,1.0,1.0,1.0,30.0,0.8601400054091752,2.0,3.0,10.0,116.0,14.0,1.0,1280.0,800.0,14.0,0.0,1
62.0,0.0,2.0,0.0,1.0,3.0,1.0,16.0,10.0,0.625,3.2970839975041417,0.0,0.0,25.0,15.0,0.0,1.0,0.0,1.0,0.0,0.0,0.0,0.0,285.0,1.0,0.0,4.0,1.0,1.0,0.0,0.0,3.0,2.0,0.0,1.0,1.0,9.0,0.11505904791039412,7.0,4.0,4.0,31.0,2.0,1.0,1280.0,800.0,4.0,0.0,1
53.0,0.0,0.0,1.0,0.0,1.0,0.0,15.0,3.0,0.7566649887796101,2.81589350548769,0.0,0.0,13.0,0.0,0.0,0.0,0.0,0.0,0.0,0.0,0.0,0.0,333.0,1.0,0.0,9.0,1.0,1.0,0.0,0.0,0.0,2.0,1.0,0.0,1.0,31.0,0.09080311469160215,3.0,5.0,9.0,80.0,6.0,1.0,1280.0,800.0,8.0,0.0,1
86.0,1.0,2.0,0.0,2.0,3.0,0.0,26.0,10.0,0.6285478844125927,3.2301367711794042,0.0,1.0,54.0,33.0,0.0,0.0,0.0,0.0,1.0,0.0,0.0,1.0,97.0,1.0,0.0,9.0,1.0,0.0,0.0,0.0,1.0,1.0,1.0,0.0,1.0,18.0,0.7942083915039142,2.0,4.0,9.0,60.0,7.0,1.0,1280.0,800.0,9.0,0.0,1
44.0,1.0,1.0,0.0,4.0,2.0,0.0,13.0,8.0,0.6153846153846154,2.959893721132197,0.0,0.0,23.0,30.0,0.0,0.0,0.0,0.0,1.0,0.0,0.0,1.0,182.0,1.0,0.0,4.0,0.0,1.0,0.0,1.0,8.0,2.0,0.0,0.0,1.0,24.0,0.8620588073439643,3.0,3.0,4.0,48.0,2.0,1.0,1280.0,800.0,7.0,0.0,1
61.0,0.0,1.0,0.0,3.0,2.0,0.0,18.0,5.0,0.2777777777777778,3.5773608674067083,0.0,0.0,45.0,44.0,0.0,1.0,0.0,1.0,0.0,0.0,0.0,0.0,220.0,1.0,0.0,2.0,1.0,1.0,0.0,0.0,3.0,3.0,0.0,0.0,1.0,22.0,0.24992897068073602,3.0,1.0,2.0,92.0,2.0,1.0,1280.0,800.0,8.0,0.0,1
88.0,1.0,1.0,0.0,3.0,2.0,1.0,24.0,0.0,0.0,3.7876390207388226,0.0,0.0,26.0,37.0,0.0,0.0,0.0,0.0,1.0,0.0,0.0,1.0,147.0,1.0,0.0,5.0,1.0,1.0,0.0,0.0,4.0,2.0,1.0,0.0,1.0,32.0,0.7189520688237707,5.0,3.0,5.0,47.0,1.0,1.0,1280.0,800.0,3.0,0.0,1
79.0,1.0,1.0,0.0,3.0,2.0,1.0,25.0,5.0,0.2,3.19323326102276,0.0,1.0,22.0,24.0,0.0,1.0,0.0,1.0,1.0,0.0,0.0,1.0,133.0,1.0,0.0,2.0,1.0,0.0,0.0,0.0,1.0,2.0,0.0,0.0,1.0,20.0,0.7638667357187846,7.0,5.0,2.0,103.0,10.0,1.0,1280.0,800.0,10.0,0.0,1
46.0,1.0,1.0,0.0,1.0,2.0,0.0,18.0,0.0,0.0,3.0228535395858263,0.0,2.0,9.0,41.0,0.0,1.0,0.0,1.0,0.0,1.0,1.0,0.0,263.0,1.0,0.0,9.0,1.0,1.0,0.0,1.0,2.0,3.0,0.0,0.0,1.0,28.0,0.6999878291480455,1.0,4.0,9.0,33.0,7.0,1.0,1280.0,800.0,5.0,0.0,1
75.0,0.0,0.0,1.0,0.0,1.0,0.0,15.0,3.0,0.7200484141215687,3.0404487019250643,0.0,0.0,41.0,17.0,0.0,1.0,0.0,1.0,0.0,0.0,0.0,0.0,52.0,1.0,0.0,7.0,1.0,1.0,0.0,1.0,4.0,1.0,1.0,0.0,1.0,20.0,0.2205816390874807,7.0,5.0,7.0,113.0,10.0,1.0,1280.0,800.0,6.0,0.0,1
43.0,0.0,1.0,0.0,3.0,2.0,0.0,25.0,0.0,0.0,3.570181631523189,0.0,0.0,58.0,25.0,0.0,1.0,0.0,1.0,0.0,0.0,0.0,0.0,89.0,1.0,0.0,10.0,0.0,0.0,1.0,0.0,4.0,3.0,1.0,0.0,1.0,37.0,0.2200373199557195,2.0,1.0,10.0,0.0,2.0,1.0,1280.0,800.0,0.0,1.0,1
63.0,0.0,1.0,0.0,2.0,2.0,0.0,13.0,0.0,0.0,3.7892917772378665,1.0,0.0,45.0,2.0,0.0,1.0,0.0,1.0,0.0,0.0,0.0,0.0,70.0,1.0,0.0,5.0,0.0,1.0,0.0,0.0,4.0,1.0,0.0,0.0,1.0,33.0,0.04982683025860039,3.0,3.0,5.0,84.0,3.0,1.0,1280.0,800.0,13.0,1.0,1
63.0,0.0,2.0,0.0,3.0,3.0,0.0,16.0,2.0,0.125,3.4116830018302546,0.0,0.0,45.0,24.0,0.0,1.0,0.0,1.0,0.0,0.0,0.0,0.0,122.0,2.0,0.0,2.0,0.0,0.0,0.0,0.0,2.0,2.0,1.0,0.0,0.0,31.0,0.2774320440175696,5.0,5.0,2.0,10.0,14.0,0.0,1280.0,800.0,6.0,0.0,1
69.0,1.0,1.0,0.0,2.0,2.0,0.0,18.0,12.0,0.39040784105617293,3.544823207220851,0.0,0.0,16.0,21.0,0.0,0.0,0.0,0.0,0.0,1.0,1.0,0.0,203.0,1.0,0.0,9.0,1.0,1.0,0.0,0.0,0.0,1.0,0.0,0.0,1.0,13.0,0.8176205343544889,7.0,1.0,9.0,91.0,0.0,1.0,1280.0,800.0,7.0,0.0,1
93.0,1.0,0.0,1.0,0.0,1.0,0.0,15.0,3.0,0.6994827107630152,3.0172145382842106,0.0,0.0,31.0,10.0,0.0,0.0,0.0,0.0,1.0,0.0,0.0,1.0,86.0,2.0,0.0,10.0,0.0,0.0,0.0,0.0,1.0,2.0,1.0,0.0,0.0,43.0,0.8129785090008119,6.0,3.0,10.0,61.0,10.0,1.0,1280.0,800.0,13.0,0.0,1
75.0,1.0,1.0,0.0,1.0,2.0,1.0,25.0,8.0,0.32,3.7921688797267277,0.0,0.0,28.0,35.0,0.0,1.0,0.0,1.0,0.0,0.0,1.0,0.0,93.0,1.0,0.0,9.0,1.0,1.0,0.0,0.0,0.0,2.0,0.0,0.0,1.0,8.0,0.9477656171020962,2.0,3.0,9.0,43.0,7.0,1.0,1280.0,800.0,9.0,0.0,1
38.0,1.0,2.0,0.0,4.0,3.0,1.0,18.0,0.0,0.0,3.2271873571103864,0.0,0.0,55.0,37.0,0.0,1.0,0.0,1.0,1.0,0.0,0.0,1.0,130.0,1.0,0.0,4.0,1.0,1.0,0.0,0.0,0.0,2.0,1.0,1.0,1.0,35.0,0.9781761843075618,3.0,3.0,4.0,14.0,0.0,1.0,1280.0,800.0,6.0,0.0,1
89.0,1.0,2.0,0.0,3.0,3.0,0.0,24.0,2.0,0.08333333333333333,3.8261053039212567,0.0,2.0,37.0,19.0,0.0,1.0,0.0,1.0,1.0,0.0,0.0,1.0,42.0,1.0,0.0,11.0,1.0,0.0,0.0,0.0,1.0,2.0,1.0,1.0,1.0,26.0,0.7915352040092133,4.0,1.0,11.0,57.0,3.0,1.0,1280.0,800.0,8.0,0.0,1
81.0,1.0,0.0,0.0,1.0,1.0,1.0,15.0,5.0,0.3333333333333333,3.627769405384787,0.0,1.0,38.0,29.0,0.0,1.0,0.0,1.0,0.0,0.0,1.0,0.0,137.0,1.0,1.0,1.0,1.0,1.0,0.0,0.0,4.0,4.0,1.0,0.0,1.0,24.0,0.6882664403084208,2.0,1.0,1.0,85.0,9.0,1.0,1280.0,800.0,9.0,0.0,1
85.0,1.0,2.0,0.0,1.0,3.0,0.0,26.0,7.0,0.5700751306186863,4.180854708543444,0.0,2.0,46.0,32.0,0.0,1.0,0.0,1.0,1.0,0.0,0.0,1.0,292.0,2.0,0.0,5.0,1.0,1.0,1.0,0.0,3.0,1.0,0.0,0.0,1.0,30.0,0.7496638997232852,5.0,1.0,5.0,43.0,3.0,1.0,1280.0,800.0,4.0,0.0,1
61.0,1.0,2.0,0.0,3.0,3.0,1.0,13.0,0.0,0.0,3.6538734818458742,0.0,0.0,32.0,30.0,0.0,1.0,0.0,1.0,1.0,0.0,0.0,1.0,71.0,1.0,0.0,6.0,1.0,0.0,1.0,0.0,3.0,2.0,1.0,1.0,1.0,41.0,0.6091754277182911,7.0,5.0,6.0,108.0,10.0,1.0,1280.0,800.0,8.0,1.0,1
73.0,0.0,1.0,0.0,4.0,2.0,1.0,23.0,0.0,0.0,3.5381001508828067,0.0,2.0,30.0,13.0,0.0,1.0,0.0,1.0,0.0,0.0,0.0,0.0,219.0,1.0,0.0,8.0,1.0,0.0,0.0,0.0,3.0,2.0,0.0,0.0,1.0,43.0,0.03219498647381441,5.0,1.0,8.0,77.0,5.0,1.0,1280.0,800.0,9.0,0.0,1
91.0,1.0,0.0,0.0,1.0,1.0,1.0,15.0,0.0,0.0,3.2402081030756156,0.0,1.0,52.0,16.0,1.0,1.0,0.0,1.0,1.0,0.0,0.0,1.0,173.0,2.0,1.0,4.0,0.0,0.0,0.0,1.0,4.0,3.0,0.0,1.0,1.0,30.0,0.7974547512088066,5.0,2.0,4.0,49.0,1.0,1.0,1280.0,800.0,5.0,0.0,1
73.0,0.0,2.0,0.0,4.0,3.0,1.0,19.0,8.0,0.42105263157894735,2.93411156453209,0.0,0.0,55.0,34.0,0.0,0.0,0.0,0.0,0.0,0.0,0.0,0.0,113.0,1.0,1.0,4.0,1.0,1.0,0.0,0.0,3.0,1.0,0.0,1.0,1.0,42.0,0.003300937752995925,5.0,1.0,4.0,68.0,6.0,1.0,1280.0,800.0,0.0,0.0,1
46.0,1.0,1.0,0.0,1.0,2.0,0.0,18.0,8.0,0.5399913407417662,4.0071780575765095,0.0,0.0,40.0,22.0,0.0,1.0,0.0,1.0,1.0,0.0,0.0,1.0,218.0,1.0,1.0,9.0,0.0,1.0,0.0,1.0,1.0,3.0,1.0,0.0,1.0,43.0,0.782661500749549,2.0,4.0,9.0,7.0,3.0,1.0,1280.0,800.0,3.0,1.0,1
38.0,1.0,1.0,0.0,2.0,2.0,1.0,12.0,0.0,0.0,3.7739411163090084,0.0,0.0,21.0,35.0,0.0,1.0,0.0,1.0,1.0,0.0,0.0,1.0,21.0,1.0,0.0,10.0,1.0,0.0,0.0,0.0,4.0,1.0,0.0,1.0,1.0,23.0,0.8165725839508934,6.0,2.0,10.0,41.0,6.0,1.0,1280.0,800.0,6.0,0.0,1
88.0,0.0,0.0,0.0,4.0,1.0,0.0,17.0,0.0,0.0,3.505063969727789,0.0,1.0,21.0,5.0,0.0,1.0,0.0,1.0,0.0,0.0,0.0,0.0,143.0,1.0,6.0,9.0,1.0,1.0,1.0,1.0,4.0,2.0,0.0,1.0,1.0,15.0,0.2825550161296536,3.0,3.0,9.0,56.0,0.0,1.0,1280.0,800.0,14.0,0.0,1
69.0,1.0,0.0,0.0,3.0,1.0,0.0,14.0,5.0,0.35714285714285715,3.8863696709732864,0.0,1.0,29.0,12.0,0.0,1.0,0.0,1.0,1.0,0.0,0.0,1.0,19.0,1.0,0.0,5.0,1.0,0.0,0.0,0.0,1.0,1.0,1.0,1.0,1.0,24.0,0.9603524727061254,1.0,3.0,5.0,85.0,5.0,1.0,1280.0,800.0,1.0,0.0,1
54.0,0.0,1.0,0.0,4.0,2.0,0.0,14.0,0.0,0.0,3.600265306381047,0.0,0.0,13.0,24.0,0.0,0.0,0.0,0.0,0.0,0.0,0.0,0.0,157.0,1.0,0.0,7.0,0.0,1.0,1.0,1.0,3.0,2.0,1.0,1.0,1.0,18.0,0.13690562858482155,6.0,4.0,7.0,14.0,13.0,1.0,1280.0,800.0,14.0,0.0,1
63.0,0.0,0.0,0.0,2.0,1.0,1.0,14.0,9.0,0.46377011107550903,3.300882410626918,0.0,2.0,46.0,28.0,0.0,0.0,0.0,0.0,0.0,0.0,0.0,0.0,150.0,1.0,1.0,5.0,1.0,0.0,0.0,1.0,4.0,2.0,0.0,0.0,1.0,29.0,0.2175513770412831,5.0,4.0,5.0,81.0,12.0,1.0,1280.0,800.0,13.0,0.0,1
85.0,1.0,2.0,0.0,1.0,3.0,0.0,20.0,14.0,0.44895434735676776,4.098302940041739,0.0,0.0,37.0,27.0,1.0,0.0,0.0,0.0,1.0,0.0,0.0,1.0,54.0,1.0,6.0,10.0,0.0,0.0,0.0,0.0,4.0,1.0,0.0,0.0,0.0,37.0,0.7733297835453583,2.0,5.0,10.0,99.0,0.0,1.0,1280.0,800.0,6.0,1.0,1
56.0,0.0,1.0,0.0,1.0,2.0,0.0,16.0,5.0,0.3125,3.7205782255766238,0.0,1.0,43.0,6.0,0.0,1.0,0.0,1.0,0.0,0.0,0.0,0.0,162.0,1.0,1.0,2.0,1.0,1.0,0.0,1.0,11.0,3.0,0.0,1.0,1.0,43.0,0.11369050028917255,1.0,4.0,2.0,76.0,2.0,1.0,1280.0,800.0,2.0,0.0,1
87.0,1.0,1.0,0.0,2.0,2.0,0.0,23.0,12.0,0.7235989647457032,3.56925599123468,0.0,1.0,26.0,0.0,0.0,1.0,0.0,1.0,0.0,1.0,1.0,0.0,298.0,1.0,1.0,4.0,1.0,1.0,1.0,0.0,2.0,3.0,0.0,0.0,1.0,28.0,0.6364727202101227,5.0,3.0,4.0,17.0,14.0,1.0,1280.0,800.0,12.0,0.0,1
86.0,1.0,0.0,0.0,4.0,1.0,0.0,16.0,5.0,0.3125,2.8359692972333175,0.0,0.0,41.0,15.0,1.0,1.0,0.0,1.0,1.0,0.0,0.0,1.0,318.0,1.0,0.0,4.0,0.0,1.0,0.0,1.0,0.0,2.0,0.0,0.0,1.0,43.0,0.6091874750786664,6.0,5.0,4.0,54.0,0.0,1.0,1280.0,800.0,11.0,1.0,1
61.0,1.0,1.0,0.0,2.0,2.0,0.0,12.0,0.0,0.0,3.4906646233394736,1.0,1.0,26.0,18.0,0.0,1.0,0.0,1.0,1.0,0.0,0.0,1.0,96.0,1.0,0.0,4.0,1.0,0.0,0.0,0.0,2.0,2.0,1.0,1.0,1.0,24.0,0.7028095615123641,7.0,2.0,4.0,38.0,14.0,1.0,1280.0,800.0,5.0,0.0,1
64.0,1.0,1.0,0.0,3.0,2.0,0.0,18.0,8.0,0.4444444444444444,2.8270596103491346,0.0,1.0,24.0,30.0,0.0,0.0,0.0,0.0,1.0,0.0,0.0,1.0,299.0,1.0,1.0,8.0,1.0,1.0,0.0,0.0,3.0,2.0,1.0,1.0,1.0,37.0,0.8132675927247672,3.0,4.0,8.0,1.0,0.0,1.0,1280.0,800.0,2.0,0.0,1
45.0,0.0,3.0,0.0,0.0,4.0,0.0,25.0,12.0,0.48,3.058083047409356,0.0,0.0,28.0,12.0,0.0,1.0,0.0,1.0,0.0,0.0,0.0,0.0,59.0,1.0,1.0,2.0,1.0,1.0,0.0,0.0,3.0,4.0,1.0,0.0,1.0,32.0,0.18969183226186556,4.0,2.0,2.0,64.0,11.0,1.0,1280.0,800.0,4.0,0.0,1
36.0,0.0,0.0,0.0,2.0,1.0,0.0,16.0,0.0,0.0,3.523512600932589,1.0,0.0,17.0,8.0,0.0,1.0,0.0,1.0,0.0,0.0,0.0,0.0,106.0,1.0,0.0,5.0,0.0,1.0,0.0,0.0,4.0,1.0,1.0,1.0,1.0,15.0,0.18813658546986142,3.0,3.0,5.0,50.0,7.0,1.0,1280.0,800.0,5.0,0.0,1
35.0,1.0,2.0,0.0,3.0,3.0,0.0,25.0,0.0,0.0,2.8496449637960395,0.0,1.0,35.0,10.0,0.0,1.0,0.0,1.0,1.0,0.0,0.0,1.0,222.0,1.0,1.0,5.0,1.0,1.0,0.0,0.0,0.0,1.0,1.0,1.0,1.0,26.0,0.9217169729686132,5.0,1.0,5.0,8.0,9.0,1.0,1280.0,800.0,2.0,1.0,1
85.0,1.0,2.0,0.0,1.0,3.0,1.0,18.0,11.0,0.5460839251965285,3.962972148371029,0.0,0.0,32.0,44.0,0.0,1.0,0.0,1.0,1.0,0.0,0.0,1.0,200.0,1.0,6.0,11.0,1.0,0.0,0.0,0.0,1.0,2.0,1.0,0.0,1.0,39.0,0.9824165354030169,4.0,2.0,11.0,88.0,2.0,1.0,1280.0,800.0,10.0,0.0,1
89.0,1.0,0.0,1.0,0.0,1.0,0.0,15.0,3.0,0.692555242855086,2.5376842131963295,0.0,2.0,22.0,2.0,0.0,1.0,0.0,1.0,1.0,0.0,0.0,1.0,150.0,1.0,1.0,6.0,0.0,1.0,0.0,1.0,0.0,2.0,1.0,0.0,1.0,14.0,0.8264716821891119,7.0,3.0,6.0,24.0,6.0,1.0,1280.0,800.0,2.0,0.0,1
45.0,1.0,3.0,0.0,1.0,4.0,1.0,15.0,8.0,0.5333333333333333,3.1482749223005158,0.0,0.0,9.0,42.0,0.0,1.0,0.0,1.0,1.0,0.0,0.0,1.0,340.0,1.0,1.0,7.0,1.0,1.0,0.0,0.0,3.0,1.0,0.0,0.0,1.0,10.0,0.7615459427313395,5.0,3.0,7.0,33.0,2.0,1.0,1280.0,800.0,4.0,0.0,1
90.0,1.0,0.0,0.0,3.0,1.0,0.0,23.0,8.0,0.34782608695652173,3.204440931669106,0.0,0.0,15.0,4.0,1.0,1.0,0.0,1.0,1.0,0.0,0.0,1.0,254.0,1.0,0.0,8.0,0.0,1.0,0.0,0.0,10.0,1.0,0.0,1.0,1.0,6.0,0.7590302277837144,7.0,4.0,8.0,39.0,12.0,1.0,1280.0,800.0,12.0,1.0,1
40.0,1.0,1.0,0.0,2.0,2.0,0.0,20.0,0.0,0.0,3.2557917477720255,1.0,0.0,58.0,9.0,0.0,1.0,0.0,1.0,1.0,0.0,0.0,1.0,195.0,1.0,6.0,11.0,0.0,1.0,0.0,0.0,0.0,1.0,1.0,0.0,1.0,26.0,0.9791142878952418,7.0,5.0,11.0,17.0,11.0,1.0,1280.0,800.0,13.0,0.0,1
48.0,1.0,0.0,1.0,0.0,1.0,0.0,15.0,3.0,0.695670460532446,2.920501330978258,0.0,0.0,30.0,12.0,1.0,0.0,0.0,0.0,1.0,0.0,0.0,1.0,101.0,1.0,0.0,11.0,1.0,1.0,0.0,0.0,1.0,3.0,1.0,1.0,1.0,29.0,0.7046639330765914,4.0,5.0,11.0,118.0,13.0,1.0,1280.0,800.0,5.0,0.0,1
92.0,1.0,3.0,0.0,1.0,4.0,0.0,20.0,0.0,0.0,3.550083404095803,0.0,1.0,37.0,5.0,1.0,1.0,0.0,1.0,1.0,0.0,0.0,1.0,124.0,2.0,0.0,2.0,1.0,1.0,1.0,1.0,3.0,3.0,1.0,1.0,1.0,25.0,0.9475947279227204,1.0,4.0,2.0,43.0,2.0,1.0,1280.0,800.0,8.0,0.0,1
82.0,0.0,2.0,0.0,1.0,3.0,0.0,17.0,0.0,0.0,3.3718479685334803,0.0,0.0,41.0,37.0,0.0,0.0,0.0,0.0,0.0,0.0,0.0,0.0,241.0,1.0,0.0,11.0,1.0,1.0,2.0,2.0,2.0,2.0,0.0,0.0,1.0,18.0,0.16300952718894626,3.0,4.0,11.0,51.0,9.0,1.0,1280.0,800.0,3.0,0.0,1
66.0,1.0,1.0,0.0,3.0,2.0,0.0,19.0,5.0,0.2631578947368421,2.9696879358480457,0.0,2.0,32.0,19.0,0.0,0.0,0.0,0.0,1.0,0.0,0.0,1.0,109.0,1.0,0.0,8.0,1.0,1.0,0.0,0.0,3.0,1.0,0.0,0.0,1.0,37.0,0.8956618221675423,4.0,2.0,8.0,45.0,12.0,1.0,1280.0,800.0,12.0,0.0,1
39.0,1.0,2.0,0.0,4.0,3.0,0.0,15.0,5.0,0.3333333333333333,2.993637668084855,0.0,0.0,33.0,23.0,0.0,0.0,0.0,0.0,1.0,0.0,0.0,1.0,257.0,2.0,0.0,7.0,1.0,1.0,0.0,0.0,4.0,2.0,1.0,0.0,1.0,7.0,0.7797414773235938,4.0,5.0,7.0,39.0,0.0,1.0,1280.0,800.0,13.0,0.0,1
46.0,1.0,0.0,0.0,4.0,1.0,1.0,14.0,8.0,0.5714285714285714,3.607154190633266,0.0,1.0,29.0,21.0,0.0,1.0,0.0,1.0,1.0,0.0,0.0,1.0,296.0,1.0,0.0,3.0,1.0,0.0,1.0,1.0,2.0,3.0,0.0,0.0,1.0,26.0,0.7965843692093986,6.0,4.0,3.0,112.0,1.0,1.0,1280.0,800.0,4.0,0.0,1
76.0,1.0,2.0,0.0,2.0,3.0,0.0,26.0,8.0,0.3076923076923077,3.5204739100701774,0.0,0.0,22.0,17.0,0.0,1.0,0.0,1.0,1.0,0.0,0.0,1.0,190.0,1.0,0.0,7.0,1.0,1.0,0.0,0.0,4.0,2.0,0.0,1.0,1.0,31.0,0.8738815244918808,3.0,5.0,7.0,52.0,4.0,1.0,1280.0,800.0,2.0,0.0,1
63.0,0.0,2.0,0.0,4.0,3.0,1.0,12.0,2.0,0.16666666666666666,3.8721412230226626,0.0,0.0,35.0,6.0,0.0,1.0,0.0,1.0,0.0,0.0,0.0,0.0,65.0,2.0,0.0,5.0,1.0,0.0,0.0,0.0,3.0,1.0,1.0,1.0,1.0,11.0,0.21868584646505743,4.0,4.0,5.0,88.0,0.0,1.0,1280.0,800.0,5.0,0.0,1
53.0,0.0,2.0,0.0,1.0,3.0,1.0,17.0,8.0,0.47058823529411764,3.3043071556448913,0.0,2.0,12.0,6.0,0.0,1.0,0.0,1.0,0.0,0.0,0.0,0.0,41.0,1.0,1.0,6.0,1.0,0.0,0.0,1.0,4.0,1.0,0.0,0.0,1.0,15.0,0.02743477002215747,3.0,5.0,6.0,43.0,14.0,1.0,1280.0,800.0,4.0,1.0,1
83.0,1.0,1.0,0.0,2.0,2.0,1.0,24.0,2.0,0.08333333333333333,3.468161072951835,0.0,2.0,15.0,29.0,0.0,0.0,0.0,0.0,1.0,0.0,0.0,1.0,166.0,1.0,1.0,8.0,1.0,1.0,0.0,0.0,11.0,3.0,0.0,1.0,1.0,39.0,0.8739438765748241,6.0,1.0,8.0,24.0,12.0,1.0,1280.0,800.0,12.0,0.0,1
39.0,0.0,0.0,1.0,0.0,1.0,0.0,15.0,3.0,0.7944319619157367,2.7757024982415905,0.0,0.0,39.0,27.0,1.0,1.0,0.0,1.0,0.0,0.0,0.0,0.0,297.0,1.0,1.0,10.0,0.0,1.0,0.0,0.0,1.0,2.0,0.0,1.0,1.0,17.0,0.01315312311625253,2.0,2.0,10.0,15.0,8.0,1.0,1280.0,800.0,6.0,1.0,1
50.0,1.0,0.0,1.0,0.0,1.0,0.0,15.0,3.0,0.6518373314364132,2.5153270239688004,0.0,0.0,21.0,28.0,0.0,1.0,0.0,1.0,1.0,0.0,0.0,1.0,270.0,1.0,0.0,3.0,0.0,0.0,0.0,0.0,3.0,2.0,0.0,0.0,0.0,30.0,0.7219902959468572,7.0,1.0,3.0,88.0,5.0,1.0,1280.0,800.0,12.0,1.0,1
77.0,1.0,0.0,1.0,0.0,1.0,0.0,15.0,3.0,0.7683642531711539,2.5140777907860614,0.0,1.0,49.0,17.0,0.0,0.0,0.0,0.0,0.0,1.0,1.0,0.0,101.0,1.0,0.0,7.0,1.0,1.0,1.0,0.0,0.0,2.0,0.0,1.0,1.0,38.0,0.6727631568174196,2.0,4.0,7.0,110.0,2.0,1.0,1280.0,800.0,0.0,0.0,1
84.0,1.0,0.0,1.0,0.0,1.0,0.0,15.0,3.0,0.6174102639424462,2.5445566076875172,0.0,0.0,46.0,20.0,0.0,1.0,0.0,1.0,1.0,0.0,0.0,1.0,194.0,2.0,1.0,7.0,1.0,0.0,0.0,0.0,2.0,1.0,1.0,1.0,1.0,40.0,0.638726745082291,7.0,5.0,7.0,41.0,12.0,1.0,1280.0,800.0,14.0,0.0,1
77.0,1.0,1.0,0.0,3.0,2.0,1.0,19.0,8.0,0.42105263157894735,3.860736061162244,0.0,1.0,46.0,35.0,0.0,0.0,0.0,0.0,1.0,0.0,0.0,1.0,205.0,1.0,0.0,6.0,1.0,1.0,1.0,1.0,1.0,3.0,1.0,0.0,1.0,38.0,0.6610984939698915,1.0,3.0,6.0,30.0,9.0,1.0,1280.0,800.0,0.0,0.0,1
68.0,1.0,3.0,0.0,1.0,4.0,0.0,25.0,5.0,0.2,3.3311165608941615,0.0,2.0,34.0,18.0,0.0,1.0,0.0,1.0,1.0,0.0,0.0,1.0,143.0,1.0,0.0,1.0,1.0,1.0,0.0,1.0,2.0,1.0,0.0,0.0,1.0,28.0,0.6227159926418985,4.0,2.0,1.0,51.0,2.0,0.0,1280.0,800.0,7.0,0.0,1
41.0,1.0,2.0,0.0,0.0,3.0,1.0,23.0,5.0,0.21739130434782608,3.70196956132936,0.0,0.0,18.0,0.0,0.0,1.0,0.0,1.0,1.0,0.0,0.0,1.0,39.0,1.0,1.0,3.0,1.0,1.0,0.0,0.0,2.0,1.0,0.0,0.0,1.0,38.0,0.8419813820248632,3.0,2.0,3.0,104.0,9.0,1.0,1280.0,800.0,7.0,0.0,1
90.0,0.0,3.0,0.0,2.0,4.0,1.0,10.0,5.0,0.5,3.438067664337179,0.0,1.0,45.0,18.0,0.0,0.0,0.0,0.0,0.0,0.0,0.0,0.0,261.0,1.0,1.0,2.0,1.0,1.0,0.0,0.0,1.0,1.0,0.0,0.0,1.0,43.0,0.2799604692050605,6.0,4.0,2.0,92.0,13.0,1.0,1280.0,800.0,1.0,0.0,1
63.0,1.0,2.0,0.0,2.0,3.0,0.0,24.0,8.0,0.3333333333333333,3.6638373482104827,0.0,3.0,15.0,21.0,0.0,1.0,0.0,1.0,1.0,0.0,0.0,1.0,128.0,2.0,1.0,7.0,1.0,0.0,0.0,0.0,3.0,4.0,1.0,1.0,1.0,8.0,0.9962514311729326,2.0,2.0,7.0,91.0,1.0,1.0,1280.0,800.0,9.0,0.0,1
47.0,1.0,0.0,0.0,2.0,1.0,0.0,18.0,0.0,0.0,3.414918577756429,1.0,1.0,25.0,0.0,0.0,1.0,0.0,1.0,1.0,0.0,0.0,1.0,75.0,1.0,0.0,9.0,0.0,1.0,0.0,0.0,2.0,2.0,1.0,0.0,1.0,34.0,0.6749200920053979,1.0,5.0,9.0,13.0,14.0,1.0,1280.0,800.0,8.0,0.0,1
51.0,0.0,2.0,0.0,3.0,3.0,0.0,12.0,5.0,0.4166666666666667,3.8123420628562945,0.0,0.0,54.0,1.0,0.0,1.0,0.0,1.0,0.0,0.0,0.0,0.0,198.0,1.0,0.0,10.0,0.0,1.0,0.0,0.0,14.0,3.0,0.0,1.0,1.0,35.0,0.21820200251319624,2.0,3.0,10.0,57.0,12.0,1.0,1280.0,800.0,10.0,0.0,1
44.0,1.0,0.0,0.0,2.0,1.0,0.0,18.0,5.0,0.2777777777777778,3.281980581182245,0.0,0.0,14.0,3.0,0.0,0.0,0.0,0.0,1.0,0.0,0.0,1.0,314.0,1.0,0.0,3.0,0.0,0.0,0.0,0.0,2.0,1.0,1.0,1.0,0.0,35.0,0.6966787165158018,1.0,1.0,3.0,58.0,4.0,1.0,1280.0,800.0,4.0,0.0,1
68.0,1.0,2.0,0.0,1.0,3.0,1.0,13.0,10.0,0.7692307692307693,3.4881683504110192,0.0,2.0,47.0,42.0,0.0,1.0,0.0,1.0,0.0,0.0,1.0,0.0,131.0,1.0,1.0,1.0,1.0,1.0,0.0,0.0,2.0,3.0,0.0,1.0,1.0,40.0,0.9469174546808717,1.0,4.0,1.0,56.0,11.0,1.0,1280.0,800.0,10.0,0.0,1
79.0,0.0,0.0,1.0,0.0,1.0,0.0,15.0,3.0,0.7562477098544256,2.834347833885504,0.0,0.0,58.0,30.0,0.0,1.0,0.0,1.0,0.0,0.0,0.0,0.0,60.0,1.0,1.0,10.0,1.0,0.0,0.0,1.0,4.0,1.0,0.0,1.0,1.0,7.0,0.14885298704205185,5.0,1.0,10.0,109.0,7.0,1.0,1280.0,800.0,5.0,0.0,1
75.0,0.0,1.0,0.0,1.0,2.0,0.0,25.0,2.0,0.08,3.609964164702764,0.0,2.0,30.0,1.0,0.0,0.0,0.0,0.0,0.0,0.0,0.0,0.0,269.0,1.0,6.0,4.0,1.0,1.0,2.0,2.0,0.0,4.0,0.0,1.0,1.0,22.0,0.01150446567493254,2.0,2.0,4.0,59.0,5.0,1.0,1280.0,800.0,10.0,0.0,1
45.0,1.0,1.0,0.0,3.0,2.0,1.0,25.0,0.0,0.0,3.1068087661816914,0.0,1.0,48.0,23.0,0.0,1.0,0.0,1.0,1.0,0.0,0.0,1.0,252.0,1.0,1.0,8.0,1.0,1.0,1.0,1.0,3.0,3.0,0.0,0.0,1.0,32.0,0.752695451492101,5.0,1.0,8.0,82.0,4.0,1.0,1280.0,800.0,3.0,0.0,1
81.0,1.0,2.0,0.0,0.0,3.0,0.0,24.0,8.0,0.3333333333333333,3.787893057444666,0.0,0.0,59.0,29.0,0.0,1.0,0.0,1.0,1.0,0.0,0.0,1.0,319.0,1.0,0.0,2.0,1.0,0.0,0.0,0.0,1.0,4.0,1.0,0.0,1.0,18.0,0.7155233456203184,6.0,3.0,2.0,103.0,14.0,1.0,1280.0,800.0,4.0,1.0,1
66.0,0.0,3.0,0.0,2.0,4.0,0.0,21.0,2.0,0.09523809523809523,3.692527861526336,0.0,2.0,41.0,2.0,0.0,1.0,0.0,1.0,0.0,0.0,0.0,0.0,345.0,1.0,0.0,7.0,0.0,0.0,0.0,0.0,0.0,2.0,1.0,1.0,0.0,13.0,0.018120730166247732,5.0,3.0,7.0,99.0,4.0,1.0,1280.0,800.0,8.0,0.0,1
88.0,1.0,1.0,0.0,1.0,2.0,0.0,13.0,0.0,0.0,3.5768445403013396,1.0,0.0,5.0,42.0,0.0,1.0,0.0,1.0,1.0,0.0,0.0,1.0,307.0,1.0,0.0,8.0,0.0,1.0,1.0,0.0,2.0,2.0,0.0,0.0,1.0,41.0,0.8517418868417888,3.0,4.0,8.0,18.0,8.0,1.0,1280.0,800.0,1.0,0.0,1
81.0,1.0,2.0,0.0,2.0,3.0,0.0,11.0,0.0,0.0,2.8500742556766077,0.0,0.0,22.0,12.0,1.0,1.0,0.0,1.0,0.0,0.0,0.0,0.0,118.0,1.0,1.0,10.0,0.0,0.0,0.0,0.0,6.0,2.0,1.0,0.0,0.0,31.0,0.7710552802420731,3.0,3.0,10.0,113.0,11.0,1.0,1280.0,800.0,7.0,0.0,1
93.0,1.0,0.0,0.0,1.0,1.0,1.0,23.0,6.0,0.7480991328845944,3.3582373385944213,0.0,1.0,37.0,32.0,0.0,1.0,0.0,1.0,1.0,0.0,0.0,1.0,318.0,1.0,0.0,3.0,1.0,0.0,0.0,0.0,2.0,2.0,0.0,0.0,1.0,12.0,0.8430388227309281,1.0,1.0,3.0,31.0,9.0,1.0,1280.0,800.0,3.0,1.0,1
72.0,0.0,2.0,0.0,4.0,3.0,0.0,25.0,0.0,0.0,2.88576413482211,0.0,2.0,13.0,5.0,0.0,1.0,0.0,1.0,0.0,0.0,0.0,0.0,34.0,1.0,0.0,1.0,1.0,1.0,1.0,0.0,2.0,4.0,0.0,0.0,1.0,37.0,0.24215379611155946,4.0,4.0,1.0,74.0,10.0,1.0,1280.0,800.0,5.0,0.0,1
72.0,0.0,1.0,0.0,2.0,2.0,0.0,10.0,8.0,0.8,3.576049707002291,0.0,3.0,58.0,7.0,0.0,0.0,0.0,0.0,0.0,0.0,0.0,0.0,266.0,1.0,6.0,6.0,1.0,1.0,0.0,0.0,1.0,2.0,1.0,0.0,1.0,5.0,0.220099384030888,3.0,5.0,6.0,56.0,3.0,1.0,1280.0,800.0,3.0,0.0,1
88.0,1.0,0.0,0.0,1.0,1.0,1.0,20.0,5.0,0.25,3.3199513483626446,0.0,0.0,11.0,19.0,0.0,1.0,0.0,1.0,1.0,0.0,0.0,1.0,171.0,1.0,1.0,10.0,1.0,1.0,0.0,1.0,0.0,2.0,1.0,0.0,1.0,21.0,0.9458253505773018,4.0,2.0,10.0,18.0,11.0,1.0,1280.0,800.0,5.0,0.0,1
57.0,1.0,1.0,0.0,1.0,2.0,0.0,13.0,0.0,0.0,3.38900005211236,1.0,0.0,14.0,41.0,0.0,1.0,0.0,1.0,1.0,0.0,0.0,1.0,256.0,1.0,6.0,9.0,0.0,1.0,0.0,0.0,3.0,2.0,1.0,1.0,1.0,5.0,0.9661940129068307,3.0,1.0,9.0,51.0,10.0,1.0,1280.0,800.0,5.0,1.0,1
61.0,1.0,1.0,0.0,0.0,2.0,1.0,15.0,10.0,0.6666666666666666,2.9002156069025924,0.0,2.0,12.0,34.0,1.0,1.0,0.0,1.0,1.0,0.0,0.0,1.0,112.0,2.0,0.0,1.0,1.0,1.0,0.0,0.0,3.0,4.0,1.0,0.0,1.0,30.0,0.6664336104086455,4.0,5.0,1.0,114.0,8.0,1.0,1280.0,800.0,12.0,1.0,1
42.0,1.0,3.0,0.0,3.0,4.0,0.0,21.0,5.0,0.23809523809523808,3.187767422080994,0.0,2.0,45.0,43.0,0.0,1.0,0.0,1.0,1.0,0.0,0.0,1.0,288.0,1.0,0.0,5.0,1.0,1.0,0.0,0.0,0.0,2.0,1.0,0.0,1.0,10.0,0.7510974125561054,2.0,3.0,5.0,18.0,9.0,1.0,1280.0,800.0,4.0,0.0,1
94.0,1.0,1.0,0.0,1.0,2.0,1.0,14.0,0.0,0.0,2.989796713357384,0.0,0.0,37.0,40.0,0.0,1.0,0.0,1.0,1.0,0.0,0.0,1.0,294.0,1.0,6.0,9.0,0.0,1.0,0.0,0.0,6.0,2.0,0.0,0.0,1.0,31.0,0.918888304509031,5.0,3.0,9.0,4.0,1.0,1.0,1280.0,800.0,5.0,0.0,1
41.0,0.0,0.0,0.0,2.0,1.0,0.0,18.0,0.0,0.0,3.676566289446114,1.0,2.0,48.0,21.0,0.0,1.0,0.0,1.0,0.0,0.0,0.0,0.0,31.0,1.0,0.0,7.0,1.0,1.0,0.0,0.0,0.0,1.0,1.0,0.0,1.0,11.0,0.19115828086503944,6.0,5.0,7.0,100.0,11.0,1.0,1280.0,800.0,0.0,1.0,1
61.0,0.0,1.0,0.0,3.0,2.0,1.0,10.0,5.0,0.5,3.0579912156654645,0.0,0.0,56.0,21.0,0.0,1.0,0.0,1.0,0.0,0.0,0.0,0.0,239.0,1.0,0.0,5.0,1.0,1.0,0.0,1.0,1.0,2.0,1.0,1.0,1.0,33.0,0.1770718219051556,7.0,1.0,5.0,31.0,10.0,1.0,1280.0,800.0,5.0,0.0,1
51.0,1.0,3.0,0.0,3.0,4.0,0.0,10.0,5.0,0.5,3.708213254283533,0.0,1.0,40.0,28.0,0.0,1.0,0.0,1.0,0.0,0.0,1.0,0.0,175.0,1.0,0.0,5.0,1.0,1.0,0.0,0.0,3.0,4.0,0.0,1.0,1.0,24.0,0.6315285054593481,5.0,1.0,5.0,43.0,11.0,1.0,1280.0,800.0,7.0,1.0,1
67.0,1.0,3.0,0.0,1.0,4.0,1.0,18.0,5.0,0.2777777777777778,3.529869006030951,0.0,0.0,32.0,43.0,0.0,0.0,0.0,0.0,1.0,0.0,0.0,1.0,171.0,1.0,1.0,4.0,1.0,0.0,0.0,0.0,4.0,4.0,0.0,1.0,1.0,35.0,0.6570284901839614,5.0,2.0,4.0,92.0,0.0,1.0,1280.0,800.0,9.0,0.0,1
47.0,1.0,2.0,0.0,2.0,3.0,0.0,15.0,0.0,0.0,3.837487635862809,0.0,0.0,56.0,13.0,1.0,1.0,0.0,1.0,1.0,0.0,0.0,1.0,282.0,1.0,0.0,4.0,0.0,1.0,0.0,0.0,4.0,1.0,0.0,1.0,1.0,34.0,0.6149442622716471,1.0,3.0,4.0,8.0,10.0,1.0,1280.0,800.0,2.0,0.0,1
59.0,1.0,1.0,0.0,1.0,2.0,1.0,16.0,7.0,0.4882632326194438,3.8739730048653502,0.0,0.0,44.0,39.0,0.0,1.0,0.0,1.0,1.0,0.0,0.0,1.0,80.0,1.0,1.0,3.0,0.0,1.0,1.0,1.0,1.0,3.0,0.0,1.0,1.0,33.0,0.7529245029126639,7.0,1.0,3.0,52.0,4.0,0.0,1280.0,800.0,14.0,0.0,1
72.0,1.0,1.0,0.0,3.0,2.0,1.0,19.0,11.0,0.7071390432282051,3.4259817722600756,0.0,1.0,53.0,32.0,0.0,1.0,0.0,1.0,1.0,0.0,0.0,1.0,330.0,1.0,1.0,6.0,1.0,1.0,0.0,0.0,2.0,3.0,0.0,1.0,1.0,42.0,0.7656390861260755,7.0,4.0,6.0,101.0,5.0,1.0,1280.0,800.0,8.0,0.0,1
45.0,1.0,3.0,0.0,3.0,4.0,1.0,20.0,0.0,0.0,2.9242569953249284,0.0,0.0,18.0,37.0,0.0,1.0,0.0,1.0,1.0,0.0,0.0,1.0,221.0,1.0,0.0,6.0,0.0,1.0,1.0,2.0,2.0,5.0,0.0,0.0,1.0,19.0,0.8483929515824932,3.0,4.0,6.0,21.0,0.0,1.0,1280.0,800.0,2.0,1.0,1
89.0,1.0,1.0,0.0,3.0,2.0,0.0,19.0,2.0,0.10526315789473684,3.214273075538316,0.0,1.0,21.0,27.0,0.0,1.0,0.0,1.0,1.0,0.0,0.0,1.0,74.0,1.0,1.0,6.0,1.0,0.0,1.0,0.0,3.0,3.0,1.0,1.0,1.0,22.0,0.6438710802445027,1.0,4.0,6.0,79.0,0.0,1.0,1280.0,800.0,5.0,0.0,1
39.0,0.0,2.0,0.0,4.0,3.0,1.0,23.0,8.0,0.34782608695652173,2.8248105274818567,0.0,0.0,22.0,39.0,1.0,0.0,0.0,0.0,0.0,0.0,0.0,0.0,322.0,1.0,6.0,7.0,0.0,0.0,0.0,0.0,11.0,2.0,0.0,1.0,0.0,39.0,0.013636169202130377,2.0,1.0,7.0,9.0,8.0,1.0,1280.0,800.0,7.0,0.0,1
67.0,0.0,0.0,1.0,0.0,1.0,0.0,15.0,3.0,0.7099892077861861,2.8975928445339756,0.0,0.0,49.0,0.0,0.0,0.0,0.0,0.0,0.0,0.0,0.0,0.0,114.0,1.0,1.0,11.0,1.0,0.0,1.0,0.0,4.0,2.0,1.0,0.0,1.0,33.0,0.09115628557048325,6.0,3.0,11.0,28.0,4.0,1.0,1280.0,800.0,7.0,0.0,1
50.0,0.0,1.0,0.0,1.0,2.0,0.0,24.0,8.0,0.4211972646302994,3.8781517484364345,0.0,0.0,45.0,16.0,0.0,0.0,0.0,0.0,0.0,0.0,0.0,0.0,51.0,1.0,1.0,7.0,1.0,1.0,0.0,0.0,1.0,1.0,0.0,0.0,1.0,26.0,0.0731960433514435,3.0,1.0,7.0,112.0,8.0,1.0,1280.0,800.0,8.0,1.0,1
42.0,1.0,2.0,0.0,4.0,3.0,0.0,25.0,8.0,0.32,3.0633554612302616,0.0,3.0,57.0,32.0,0.0,1.0,0.0,1.0,1.0,0.0,0.0,1.0,26.0,1.0,0.0,2.0,1.0,1.0,0.0,0.0,3.0,4.0,0.0,0.0,1.0,20.0,0.784614725222444,6.0,5.0,2.0,74.0,12.0,1.0,1280.0,800.0,7.0,0.0,1
52.0,1.0,0.0,0.0,1.0,1.0,0.0,16.0,0.0,0.0,3.4147584387916856,0.0,2.0,34.0,10.0,0.0,0.0,0.0,0.0,1.0,0.0,0.0,1.0,143.0,2.0,1.0,1.0,0.0,1.0,0.0,0.0,11.0,3.0,1.0,1.0,1.0,25.0,0.9258218603823696,3.0,2.0,1.0,94.0,6.0,1.0,1280.0,800.0,5.0,0.0,1
69.0,1.0,0.0,0.0,3.0,1.0,0.0,23.0,0.0,0.0,3.550414220679967,0.0,0.0,19.0,34.0,0.0,0.0,0.0,0.0,1.0,0.0,0.0,1.0,136.0,1.0,0.0,1.0,1.0,1.0,0.0,0.0,1.0,3.0,1.0,0.0,1.0,23.0,0.6360742952609784,3.0,4.0,1.0,87.0,14.0,1.0,1280.0,800.0,8.0,0.0,1
35.0,0.0,0.0,1.0,0.0,1.0,0.0,15.0,3.0,0.756863757115015,2.575850926407978,0.0,3.0,20.0,1.0,0.0,0.0,0.0,0.0,0.0,0.0,0.0,0.0,29.0,1.0,0.0,8.0,1.0,0.0,0.0,0.0,4.0,2.0,1.0,0.0,1.0,23.0,0.034754209642295884,4.0,3.0,8.0,11.0,9.0,1.0,1280.0,800.0,0.0,0.0,1
48.0,1.0,0.0,0.0,1.0,1.0,0.0,17.0,0.0,0.0,3.452422652058045,1.0,0.0,30.0,0.0,0.0,1.0,0.0,1.0,1.0,0.0,0.0,1.0,62.0,1.0,0.0,10.0,0.0,1.0,0.0,0.0,1.0,2.0,0.0,0.0,1.0,13.0,0.7063616159539272,2.0,5.0,10.0,59.0,0.0,1.0,1280.0,800.0,13.0,1.0,1
77.0,0.0,1.0,0.0,1.0,2.0,0.0,21.0,13.0,0.7230915480921833,3.643794832494275,0.0,1.0,17.0,4.0,0.0,1.0,0.0,1.0,0.0,0.0,0.0,0.0,134.0,1.0,1.0,8.0,1.0,0.0,0.0,0.0,0.0,3.0,1.0,0.0,1.0,36.0,0.25091705549771515,5.0,1.0,8.0,80.0,1.0,1.0,1280.0,800.0,4.0,0.0,1
52.0,1.0,0.0,0.0,1.0,1.0,0.0,18.0,5.0,0.2777777777777778,3.0306481927931004,0.0,0.0,24.0,20.0,1.0,1.0,0.0,1.0,1.0,0.0,0.0,1.0,129.0,1.0,0.0,2.0,1.0,0.0,0.0,0.0,1.0,3.0,1.0,0.0,1.0,26.0,0.6299986760861956,5.0,5.0,2.0,2.0,11.0,1.0,1280.0,800.0,1.0,0.0,1
47.0,0.0,0.0,1.0,0.0,1.0,0.0,15.0,3.0,0.6953811024351528,2.6496634243076835,0.0,0.0,34.0,40.0,0.0,0.0,0.0,0.0,0.0,0.0,0.0,0.0,133.0,1.0,1.0,3.0,1.0,1.0,0.0,0.0,1.0,2.0,0.0,0.0,1.0,21.0,0.2921689678411121,1.0,1.0,3.0,10.0,10.0,1.0,1280.0,800.0,3.0,1.0,1
40.0,0.0,1.0,0.0,2.0,2.0,1.0,22.0,2.0,0.09090909090909091,2.892825957783586,0.0,0.0,56.0,36.0,0.0,1.0,0.0,1.0,0.0,0.0,0.0,0.0,115.0,1.0,0.0,10.0,1.0,0.0,1.0,2.0,2.0,4.0,1.0,1.0,1.0,21.0,0.03545778533333913,7.0,1.0,10.0,49.0,8.0,1.0,1280.0,800.0,11.0,0.0,1
93.0,1.0,1.0,0.0,2.0,2.0,1.0,18.0,5.0,0.2777777777777778,2.992332075373805,0.0,1.0,10.0,34.0,0.0,0.0,0.0,0.0,1.0,0.0,0.0,1.0,210.0,1.0,0.0,7.0,1.0,1.0,0.0,1.0,4.0,1.0,1.0,0.0,1.0,14.0,0.6658179603327207,6.0,5.0,7.0,50.0,8.0,1.0,1280.0,800.0,7.0,0.0,1
62.0,0.0,0.0,1.0,0.0,1.0,0.0,15.0,3.0,0.636423061713837,2.876781008610461,0.0,2.0,47.0,35.0,0.0,0.0,0.0,0.0,0.0,0.0,0.0,0.0,248.0,1.0,0.0,8.0,1.0,0.0,0.0,1.0,3.0,2.0,0.0,0.0,1.0,38.0,0.05619790885764293,2.0,3.0,8.0,52.0,1.0,1.0,1280.0,800.0,3.0,0.0,1
71.0,1.0,0.0,0.0,2.0,1.0,1.0,14.0,8.0,0.5714285714285714,2.9878903006110846,0.0,1.0,21.0,29.0,0.0,0.0,0.0,0.0,1.0,0.0,0.0,1.0,332.0,1.0,1.0,11.0,0.0,1.0,1.0,0.0,2.0,3.0,0.0,1.0,1.0,20.0,0.7223774891534279,3.0,2.0,11.0,55.0,11.0,1.0,1280.0,800.0,0.0,0.0,1
88.0,1.0,1.0,0.0,1.0,2.0,1.0,14.0,2.0,0.14285714285714285,3.2136988470048657,0.0,1.0,46.0,41.0,0.0,0.0,0.0,0.0,1.0,0.0,0.0,1.0,248.0,1.0,0.0,3.0,1.0,0.0,0.0,0.0,9.0,2.0,1.0,1.0,1.0,28.0,0.755934707474879,6.0,2.0,3.0,44.0,6.0,1.0,1280.0,800.0,2.0,1.0,1
57.0,1.0,1.0,0.0,4.0,2.0,1.0,10.0,2.0,0.2,3.7897197357270853,0.0,0.0,11.0,43.0,0.0,1.0,0.0,1.0,1.0,0.0,0.0,1.0,291.0,1.0,0.0,11.0,1.0,0.0,0.0,0.0,1.0,1.0,0.0,0.0,1.0,19.0,0.7129185527319488,5.0,1.0,11.0,84.0,9.0,1.0,1280.0,800.0,2.0,0.0,1
81.0,1.0,1.0,0.0,4.0,2.0,0.0,13.0,2.0,0.15384615384615385,3.277368379208749,0.0,0.0,25.0,23.0,0.0,1.0,0.0,1.0,1.0,0.0,0.0,1.0,293.0,2.0,0.0,5.0,1.0,1.0,0.0,1.0,0.0,2.0,0.0,1.0,1.0,29.0,0.8359522260816371,1.0,1.0,5.0,33.0,4.0,1.0,1280.0,800.0,7.0,0.0,1
59.0,0.0,2.0,0.0,2.0,3.0,1.0,15.0,5.0,0.3333333333333333,3.0916858194810755,0.0,2.0,54.0,12.0,0.0,1.0,0.0,1.0,0.0,0.0,0.0,0.0,93.0,1.0,1.0,1.0,1.0,1.0,0.0,0.0,4.0,2.0,1.0,0.0,1.0,37.0,0.041602767325412106,2.0,5.0,1.0,94.0,8.0,1.0,1280.0,800.0,13.0,0.0,1
84.0,1.0,1.0,0.0,4.0,2.0,0.0,16.0,5.0,0.3125,2.9399446093974304,0.0,0.0,22.0,10.0,0.0,1.0,0.0,1.0,1.0,0.0,0.0,1.0,137.0,1.0,0.0,1.0,1.0,1.0,0.0,0.0,4.0,1.0,1.0,1.0,1.0,34.0,0.9828990232982127,1.0,5.0,1.0,46.0,4.0,1.0,1280.0,800.0,4.0,0.0,1
74.0,1.0,1.0,0.0,1.0,2.0,0.0,20.0,2.0,0.1,3.6836879448961075,0.0,0.0,6.0,33.0,0.0,1.0,0.0,1.0,1.0,0.0,0.0,1.0,103.0,1.0,0.0,8.0,1.0,1.0,0.0,0.0,1.0,1.0,1.0,0.0,1.0,26.0,0.9646819115179961,1.0,1.0,8.0,53.0,5.0,1.0,1280.0,800.0,3.0,0.0,1
50.0,1.0,3.0,0.0,1.0,4.0,1.0,19.0,10.0,0.5263157894736842,3.0765589775360893,0.0,1.0,43.0,11.0,0.0,1.0,0.0,1.0,1.0,0.0,0.0,1.0,188.0,1.0,1.0,8.0,1.0,1.0,0.0,0.0,3.0,3.0,1.0,0.0,1.0,33.0,0.7745885948661987,5.0,2.0,8.0,39.0,2.0,1.0,1280.0,800.0,13.0,1.0,1
40.0,1.0,1.0,0.0,1.0,2.0,1.0,21.0,2.0,0.09523809523809523,3.8559927852187847,0.0,0.0,10.0,5.0,0.0,1.0,0.0,1.0,0.0,0.0,0.0,0.0,341.0,1.0,0.0,11.0,1.0,0.0,1.0,1.0,4.0,3.0,1.0,0.0,1.0,23.0,0.7371148514344508,7.0,1.0,11.0,97.0,13.0,1.0,1280.0,800.0,3.0,0.0,1
75.0,0.0,0.0,1.0,0.0,1.0,0.0,15.0,3.0,0.7130206118899294,2.7272622634682695,0.0,1.0,5.0,12.0,1.0,0.0,0.0,0.0,0.0,0.0,0.0,0.0,337.0,1.0,0.0,1.0,1.0,0.0,0.0,1.0,1.0,3.0,0.0,0.0,1.0,25.0,0.18388452853534668,7.0,5.0,1.0,105.0,2.0,1.0,1280.0,800.0,5.0,0.0,1
85.0,1.0,2.0,0.0,2.0,3.0,1.0,15.0,7.0,0.6361917657427014,3.669826923341977,0.0,0.0,33.0,22.0,0.0,0.0,0.0,0.0,1.0,0.0,0.0,1.0,285.0,2.0,0.0,9.0,1.0,0.0,0.0,0.0,3.0,3.0,0.0,1.0,1.0,31.0,0.6032249912884375,2.0,2.0,9.0,49.0,9.0,1.0,1280.0,800.0,4.0,0.0,1
70.0,1.0,3.0,0.0,2.0,4.0,0.0,19.0,5.0,0.2631578947368421,3.3237276493362726,0.0,0.0,17.0,22.0,0.0,0.0,0.0,0.0,1.0,0.0,0.0,1.0,183.0,1.0,0.0,9.0,1.0,1.0,0.0,0.0,0.0,4.0,1.0,1.0,1.0,34.0,0.7223325153765653,3.0,5.0,9.0,71.0,4.0,1.0,1280.0,800.0,6.0,0.0,1
54.0,1.0,3.0,0.0,4.0,4.0,1.0,14.0,5.0,0.35714285714285715,3.0911669830825814,0.0,0.0,56.0,34.0,1.0,1.0,0.0,1.0,1.0,0.0,0.0,1.0,199.0,1.0,0.0,2.0,0.0,1.0,1.0,1.0,4.0,3.0,0.0,0.0,1.0,42.0,0.6459474499117084,5.0,2.0,2.0,4.0,5.0,1.0,1280.0,800.0,2.0,0.0,1
73.0,1.0,2.0,0.0,4.0,3.0,0.0,13.0,0.0,0.0,3.4781635404244895,0.0,0.0,46.0,12.0,0.0,1.0,0.0,1.0,1.0,0.0,0.0,1.0,149.0,1.0,0.0,11.0,0.0,0.0,0.0,0.0,0.0,2.0,0.0,0.0,0.0,27.0,0.9056210259940668,1.0,1.0,11.0,13.0,4.0,1.0,1280.0,800.0,8.0,0.0,1
70.0,1.0,0.0,1.0,0.0,1.0,0.0,15.0,3.0,0.7327490337876076,2.894828766301877,0.0,1.0,30.0,38.0,1.0,1.0,0.0,1.0,0.0,1.0,0.0,0.0,270.0,1.0,1.0,9.0,1.0,0.0,1.0,0.0,0.0,2.0,0.0,0.0,1.0,24.0,0.9412333323431695,6.0,4.0,9.0,28.0,0.0,1.0,1280.0,800.0,7.0,0.0,1
70.0,1.0,1.0,0.0,3.0,2.0,1.0,14.0,5.0,0.35714285714285715,3.149815287052617,0.0,1.0,18.0,20.0,0.0,1.0,0.0,1.0,1.0,0.0,0.0,1.0,245.0,1.0,0.0,5.0,1.0,1.0,0.0,0.0,3.0,1.0,0.0,0.0,1.0,5.0,0.8870329372769653,2.0,5.0,5.0,32.0,8.0,1.0,1280.0,800.0,6.0,0.0,1
58.0,1.0,0.0,0.0,2.0,1.0,1.0,23.0,0.0,0.0,3.0719014534221003,0.0,1.0,43.0,34.0,0.0,1.0,0.0,1.0,1.0,0.0,0.0,1.0,179.0,1.0,1.0,4.0,0.0,0.0,0.0,0.0,2.0,3.0,1.0,1.0,0.0,31.0,0.6994867330991666,3.0,4.0,4.0,41.0,11.0,1.0,1280.0,800.0,3.0,1.0,1
35.0,1.0,2.0,0.0,3.0,3.0,0.0,17.0,2.0,0.11764705882352941,3.4254314318507055,0.0,2.0,31.0,44.0,1.0,0.0,0.0,0.0,1.0,0.0,0.0,1.0,107.0,1.0,0.0,6.0,1.0,1.0,0.0,1.0,0.0,2.0,1.0,0.0,1.0,41.0,0.8887151208653326,3.0,3.0,6.0,18.0,9.0,1.0,1280.0,800.0,4.0,0.0,1
90.0,0.0,0.0,1.0,0.0,1.0,0.0,15.0,3.0,0.6918062015224404,2.9380021722947873,0.0,1.0,52.0,24.0,0.0,1.0,0.0,1.0,0.0,0.0,0.0,0.0,21.0,1.0,0.0,10.0,0.0,1.0,0.0,1.0,1.0,3.0,0.0,0.0,1.0,33.0,0.16520470665395046,7.0,4.0,10.0,54.0,13.0,1.0,1280.0,800.0,14.0,0.0,1
82.0,1.0,2.0,0.0,3.0,3.0,0.0,25.0,0.0,0.0,2.885493187723989,0.0,0.0,12.0,43.0,0.0,0.0,0.0,0.0,1.0,0.0,0.0,1.0,37.0,1.0,0.0,4.0,1.0,0.0,0.0,0.0,13.0,3.0,0.0,1.0,1.0,28.0,0.8146979443599985,3.0,2.0,4.0,53.0,3.0,1.0,1280.0,800.0,12.0,1.0,1
53.0,1.0,0.0,1.0,0.0,1.0,0.0,15.0,3.0,0.6879791694804731,3.099798429542009,0.0,1.0,48.0,34.0,0.0,0.0,0.0,0.0,1.0,0.0,0.0,1.0,165.0,2.0,0.0,2.0,0.0,1.0,0.0,0.0,0.0,1.0,0.0,1.0,1.0,38.0,0.9965031270850156,3.0,1.0,2.0,74.0,13.0,1.0,1280.0,800.0,11.0,0.0,1
74.0,0.0,1.0,0.0,4.0,2.0,0.0,20.0,0.0,0.0,3.1123451727458042,0.0,1.0,33.0,44.0,0.0,0.0,0.0,0.0,0.0,0.0,0.0,0.0,75.0,1.0,1.0,1.0,1.0,1.0,0.0,0.0,1.0,2.0,1.0,0.0,1.0,30.0,0.26174826319862543,7.0,2.0,1.0,45.0,1.0,0.0,1280.0,800.0,14.0,0.0,1
39.0,1.0,2.0,0.0,3.0,3.0,1.0,22.0,2.0,0.09090909090909091,3.071989079162061,0.0,0.0,51.0,12.0,1.0,1.0,0.0,1.0,0.0,0.0,1.0,0.0,139.0,1.0,1.0,6.0,1.0,1.0,0.0,0.0,0.0,2.0,1.0,1.0,1.0,9.0,0.9907294746782296,7.0,1.0,6.0,50.0,8.0,1.0,1280.0,800.0,14.0,0.0,1
70.0,1.0,1.0,0.0,2.0,2.0,0.0,23.0,0.0,0.0,3.1105915700098388,0.0,0.0,15.0,4.0,0.0,1.0,0.0,1.0,1.0,0.0,0.0,1.0,106.0,1.0,0.0,10.0,1.0,1.0,0.0,0.0,3.0,1.0,0.0,0.0,1.0,36.0,0.6045282719964931,7.0,4.0,10.0,2.0,7.0,1.0,1280.0,800.0,3.0,0.0,1
72.0,1.0,1.0,0.0,2.0,2.0,0.0,17.0,9.0,0.5239298514193503,3.4186918134914213,0.0,0.0,47.0,10.0,0.0,0.0,0.0,0.0,0.0,1.0,0.0,0.0,59.0,1.0,6.0,5.0,0.0,0.0,0.0,1.0,2.0,2.0,1.0,0.0,1.0,12.0,0.9224938461397791,3.0,4.0,5.0,80.0,9.0,1.0,1280.0,800.0,3.0,0.0,1
66.0,0.0,1.0,0.0,2.0,2.0,0.0,24.0,10.0,0.4166666666666667,2.94480821829004,0.0,2.0,48.0,42.0,0.0,1.0,0.0,1.0,0.0,0.0,0.0,0.0,121.0,1.0,0.0,2.0,1.0,1.0,0.0,0.0,1.0,4.0,0.0,1.0,1.0,23.0,0.21422510035876421,4.0,1.0,2.0,28.0,2.0,1.0,1280.0,800.0,8.0,1.0,1
56.0,0.0,2.0,0.0,4.0,3.0,0.0,12.0,5.0,0.4166666666666667,2.8975909640254893,0.0,0.0,52.0,38.0,0.0,1.0,0.0,1.0,0.0,0.0,0.0,0.0,111.0,2.0,0.0,3.0,1.0,1.0,1.0,0.0,0.0,3.0,0.0,1.0,1.0,5.0,0.04616130033167931,7.0,4.0,3.0,28.0,0.0,1.0,1280.0,800.0,3.0,0.0,1
91.0,1.0,1.0,0.0,3.0,2.0,0.0,23.0,2.0,0.08695652173913043,2.9789267160239166,0.0,1.0,12.0,44.0,0.0,0.0,0.0,0.0,1.0,0.0,0.0,1.0,151.0,1.0,0.0,9.0,1.0,1.0,0.0,0.0,2.0,4.0,1.0,0.0,1.0,32.0,0.7831093684262531,4.0,4.0,9.0,29.0,7.0,1.0,1280.0,800.0,11.0,0.0,1
39.0,1.0,0.0,0.0,3.0,1.0,0.0,12.0,0.0,0.0,3.299061141923781,0.0,0.0,7.0,2.0,0.0,0.0,0.0,0.0,0.0,0.0,0.0,0.0,202.0,1.0,0.0,6.0,1.0,1.0,1.0,2.0,4.0,2.0,1.0,1.0,1.0,28.0,0.7756675874117132,6.0,2.0,6.0,19.0,0.0,1.0,1280.0,800.0,1.0,1.0,1
54.0,1.0,0.0,0.0,3.0,1.0,0.0,11.0,2.0,0.18181818181818182,3.287705667778321,0.0,1.0,35.0,9.0,1.0,1.0,0.0,1.0,0.0,0.0,0.0,0.0,242.0,1.0,0.0,8.0,1.0,1.0,1.0,1.0,1.0,4.0,1.0,0.0,1.0,40.0,0.9883533158972136,7.0,5.0,8.0,58.0,10.0,1.0,1280.0,800.0,5.0,0.0,1
82.0,0.0,2.0,0.0,2.0,3.0,1.0,24.0,12.0,0.6520612300086721,3.407310606557952,0.0,1.0,12.0,25.0,0.0,0.0,0.0,0.0,0.0,0.0,0.0,0.0,166.0,1.0,0.0,11.0,1.0,1.0,0.0,0.0,4.0,1.0,0.0,1.0,1.0,33.0,0.20004770995698298,2.0,1.0,11.0,70.0,6.0,1.0,1280.0,800.0,14.0,0.0,1
65.0,1.0,2.0,0.0,0.0,3.0,1.0,25.0,8.0,0.32,3.509239293372234,0.0,2.0,39.0,25.0,0.0,1.0,0.0,1.0,1.0,0.0,0.0,1.0,104.0,1.0,1.0,9.0,1.0,0.0,1.0,0.0,4.0,3.0,1.0,0.0,1.0,38.0,0.7857798038295076,1.0,1.0,9.0,36.0,4.0,1.0,1280.0,800.0,9.0,1.0,1
91.0,1.0,2.0,0.0,4.0,3.0,0.0,17.0,8.0,0.47058823529411764,2.875405083659571,0.0,0.0,11.0,0.0,0.0,1.0,0.0,1.0,1.0,0.0,0.0,1.0,272.0,1.0,0.0,10.0,1.0,1.0,1.0,0.0,2.0,1.0,0.0,0.0,1.0,11.0,0.9159483601192873,4.0,1.0,10.0,52.0,2.0,1.0,1280.0,800.0,0.0,0.0,1
79.0,0.0,1.0,0.0,0.0,2.0,0.0,25.0,8.0,0.32,3.5794324781606877,0.0,1.0,8.0,32.0,0.0,1.0,0.0,1.0,0.0,0.0,0.0,0.0,217.0,1.0,0.0,5.0,1.0,1.0,0.0,0.0,1.0,3.0,0.0,0.0,1.0,32.0,0.2678204802304826,2.0,2.0,5.0,62.0,13.0,1.0,1280.0,800.0,9.0,0.0,1
40.0,0.0,1.0,0.0,2.0,2.0,1.0,20.0,14.0,0.5864148726362113,3.835141042163803,0.0,2.0,59.0,10.0,0.0,0.0,0.0,0.0,0.0,0.0,0.0,0.0,29.0,1.0,6.0,11.0,1.0,1.0,0.0,1.0,0.0,1.0,1.0,0.0,1.0,29.0,0.23980526719898326,2.0,1.0,11.0,23.0,0.0,1.0,1280.0,800.0,7.0,0.0,1
45.0,1.0,2.0,0.0,1.0,3.0,1.0,10.0,0.0,0.0,3.3270785553102753,0.0,1.0,41.0,2.0,0.0,1.0,0.0,1.0,1.0,0.0,0.0,1.0,280.0,1.0,0.0,10.0,1.0,1.0,0.0,0.0,4.0,4.0,1.0,0.0,1.0,22.0,0.9751286195532903,1.0,3.0,10.0,87.0,9.0,1.0,1280.0,800.0,12.0,0.0,1
77.0,0.0,1.0,0.0,2.0,2.0,0.0,15.0,0.0,0.0,3.8578218940876274,1.0,1.0,31.0,24.0,0.0,1.0,0.0,1.0,0.0,0.0,0.0,0.0,239.0,1.0,1.0,11.0,0.0,1.0,0.0,0.0,4.0,3.0,0.0,1.0,1.0,35.0,0.10843356046239057,6.0,1.0,11.0,19.0,4.0,1.0,1280.0,800.0,7.0,0.0,1
82.0,1.0,1.0,0.0,1.0,2.0,0.0,22.0,0.0,0.0,2.9081065461377174,0.0,0.0,44.0,3.0,0.0,1.0,0.0,1.0,1.0,0.0,0.0,1.0,187.0,1.0,0.0,10.0,1.0,1.0,0.0,1.0,1.0,1.0,0.0,0.0,1.0,17.0,0.8547967082288068,3.0,3.0,10.0,34.0,12.0,1.0,1280.0,800.0,12.0,0.0,1
81.0,1.0,1.0,0.0,2.0,2.0,1.0,16.0,8.0,0.5,3.077805988089329,0.0,2.0,57.0,14.0,0.0,1.0,0.0,1.0,1.0,0.0,0.0,1.0,348.0,1.0,0.0,11.0,1.0,1.0,0.0,0.0,2.0,3.0,0.0,0.0,1.0,16.0,0.8591108443389173,7.0,3.0,11.0,94.0,4.0,1.0,1280.0,800.0,4.0,1.0,1
56.0,1.0,1.0,0.0,1.0,2.0,1.0,21.0,2.0,0.09523809523809523,3.076939547448987,0.0,1.0,43.0,1.0,0.0,1.0,0.0,1.0,1.0,0.0,0.0,1.0,143.0,1.0,0.0,9.0,1.0,1.0,0.0,0.0,4.0,3.0,1.0,0.0,1.0,44.0,0.7314343601949918,7.0,5.0,9.0,84.0,5.0,1.0,1280.0,800.0,10.0,0.0,1
87.0,1.0,0.0,0.0,2.0,1.0,1.0,29.0,13.0,0.7069707900845144,3.581433579106892,0.0,0.0,53.0,15.0,0.0,0.0,0.0,0.0,1.0,0.0,0.0,1.0,315.0,1.0,1.0,9.0,1.0,1.0,0.0,0.0,4.0,1.0,0.0,0.0,1.0,21.0,0.9780151192495437,4.0,2.0,9.0,84.0,6.0,1.0,1280.0,800.0,14.0,0.0,1
36.0,1.0,2.0,0.0,1.0,3.0,0.0,16.0,5.0,0.3125,3.318322476718532,0.0,1.0,23.0,35.0,0.0,1.0,0.0,1.0,1.0,0.0,0.0,1.0,229.0,2.0,0.0,4.0,0.0,0.0,2.0,1.0,2.0,3.0,1.0,0.0,1.0,32.0,0.7023453223370673,2.0,2.0,4.0,89.0,2.0,1.0,1280.0,800.0,3.0,1.0,1
58.0,1.0,2.0,0.0,3.0,3.0,0.0,24.0,6.0,0.6824073431126676,3.809601117944158,0.0,1.0,24.0,32.0,0.0,0.0,0.0,0.0,1.0,0.0,0.0,1.0,279.0,1.0,1.0,10.0,0.0,1.0,0.0,1.0,1.0,3.0,1.0,1.0,1.0,32.0,0.7663741549959738,7.0,2.0,10.0,119.0,3.0,1.0,1280.0,800.0,1.0,0.0,1
59.0,1.0,1.0,0.0,1.0,2.0,0.0,19.0,0.0,0.0,3.6298231264666296,1.0,0.0,33.0,28.0,0.0,1.0,0.0,1.0,1.0,0.0,0.0,1.0,345.0,1.0,0.0,8.0,1.0,1.0,0.0,0.0,3.0,1.0,0.0,1.0,1.0,22.0,0.6862296127367586,4.0,4.0,8.0,47.0,11.0,1.0,1280.0,800.0,1.0,0.0,1
50.0,0.0,0.0,0.0,2.0,1.0,0.0,12.0,0.0,0.0,3.182212690254889,1.0,1.0,35.0,16.0,0.0,1.0,0.0,1.0,0.0,0.0,0.0,0.0,98.0,1.0,0.0,6.0,1.0,0.0,0.0,0.0,0.0,2.0,1.0,0.0,1.0,12.0,0.25073216027446177,2.0,4.0,6.0,111.0,0.0,1.0,1280.0,800.0,9.0,0.0,1
46.0,1.0,1.0,0.0,2.0,2.0,1.0,22.0,14.0,0.5757488989474746,4.080277230050754,0.0,1.0,25.0,43.0,0.0,1.0,0.0,1.0,1.0,0.0,0.0,1.0,331.0,1.0,0.0,10.0,0.0,0.0,0.0,0.0,3.0,2.0,0.0,0.0,0.0,9.0,0.9389086272082232,3.0,4.0,10.0,86.0,3.0,1.0,1280.0,800.0,5.0,0.0,1
38.0,1.0,2.0,0.0,4.0,3.0,1.0,22.0,2.0,0.09090909090909091,3.129686288291416,0.0,0.0,18.0,2.0,0.0,1.0,0.0,1.0,1.0,0.0,0.0,1.0,66.0,1.0,1.0,5.0,1.0,1.0,0.0,0.0,0.0,4.0,1.0,1.0,1.0,10.0,0.6340565810318148,7.0,1.0,5.0,81.0,5.0,1.0,1280.0,800.0,14.0,1.0,1
79.0,1.0,0.0,1.0,0.0,1.0,0.0,15.0,3.0,0.6432283188559453,2.7574155746851106,0.0,1.0,29.0,34.0,1.0,1.0,0.0,1.0,1.0,0.0,0.0,1.0,348.0,1.0,0.0,2.0,1.0,0.0,0.0,0.0,1.0,2.0,0.0,0.0,1.0,15.0,0.9327246234264256,5.0,4.0,2.0,90.0,14.0,1.0,1280.0,800.0,5.0,1.0,1
39.0,0.0,2.0,0.0,2.0,3.0,1.0,26.0,7.0,0.3847346522871697,4.027617590220681,0.0,0.0,43.0,23.0,1.0,1.0,0.0,1.0,0.0,0.0,0.0,0.0,45.0,1.0,1.0,7.0,1.0,1.0,0.0,0.0,2.0,2.0,1.0,0.0,1.0,40.0,0.2879600726774698,2.0,1.0,7.0,91.0,5.0,1.0,1280.0,800.0,10.0,1.0,1
63.0,0.0,1.0,0.0,4.0,2.0,0.0,15.0,5.0,0.3333333333333333,3.7185508294290472,0.0,1.0,43.0,14.0,0.0,1.0,0.0,1.0,0.0,0.0,0.0,0.0,153.0,1.0,0.0,7.0,0.0,0.0,2.0,2.0,2.0,4.0,0.0,0.0,1.0,41.0,0.2860421670352127,7.0,5.0,7.0,63.0,4.0,1.0,1280.0,800.0,0.0,0.0,1
43.0,1.0,0.0,0.0,1.0,1.0,0.0,12.0,2.0,0.16666666666666666,3.598927261536743,0.0,1.0,31.0,26.0,1.0,1.0,0.0,1.0,0.0,0.0,0.0,0.0,218.0,1.0,0.0,8.0,1.0,1.0,0.0,0.0,8.0,3.0,1.0,1.0,1.0,42.0,0.7192401481008377,7.0,4.0,8.0,18.0,14.0,1.0,1280.0,800.0,8.0,1.0,1
78.0,0.0,2.0,0.0,3.0,3.0,0.0,16.0,8.0,0.5,3.6222711708439768,0.0,2.0,10.0,42.0,0.0,1.0,0.0,1.0,0.0,0.0,0.0,0.0,117.0,1.0,0.0,4.0,1.0,0.0,0.0,0.0,15.0,3.0,0.0,0.0,1.0,28.0,0.221178003836873,5.0,3.0,4.0,34.0,6.0,0.0,1280.0,800.0,11.0,0.0,1
46.0,1.0,0.0,0.0,1.0,1.0,0.0,21.0,0.0,0.0,3.761554423593561,1.0,0.0,7.0,5.0,0.0,1.0,0.0,1.0,1.0,0.0,0.0,1.0,142.0,1.0,0.0,3.0,0.0,0.0,0.0,0.0,0.0,2.0,1.0,0.0,0.0,9.0,0.9966882865370715,6.0,3.0,3.0,61.0,2.0,1.0,1280.0,800.0,6.0,0.0,1
64.0,1.0,1.0,0.0,1.0,2.0,0.0,25.0,13.0,0.5863164495198925,3.6034839270232495,0.0,2.0,27.0,31.0,0.0,1.0,0.0,1.0,1.0,0.0,0.0,1.0,290.0,1.0,0.0,5.0,0.0,0.0,0.0,0.0,4.0,1.0,0.0,1.0,0.0,8.0,0.8952790533165976,4.0,4.0,5.0,36.0,13.0,1.0,1280.0,800.0,14.0,1.0,1
63.0,1.0,2.0,0.0,0.0,3.0,0.0,19.0,10.0,0.5263157894736842,3.467004649525258,0.0,1.0,16.0,1.0,0.0,1.0,0.0,1.0,1.0,0.0,0.0,1.0,183.0,1.0,0.0,8.0,1.0,1.0,1.0,1.0,1.0,4.0,1.0,0.0,1.0,34.0,0.8151168283823585,6.0,4.0,8.0,96.0,12.0,1.0,1280.0,800.0,5.0,0.0,1
79.0,1.0,1.0,0.0,3.0,2.0,0.0,13.0,5.0,0.38461538461538464,2.9683211277625756,0.0,0.0,55.0,4.0,1.0,0.0,0.0,0.0,1.0,0.0,0.0,1.0,236.0,1.0,1.0,1.0,1.0,1.0,0.0,0.0,4.0,1.0,0.0,1.0,1.0,13.0,0.6646139210471526,6.0,4.0,1.0,18.0,5.0,1.0,1280.0,800.0,3.0,1.0,1
93.0,1.0,2.0,0.0,1.0,3.0,0.0,25.0,8.0,0.32,3.509903888425905,0.0,1.0,31.0,14.0,1.0,1.0,0.0,1.0,1.0,0.0,0.0,1.0,304.0,1.0,1.0,7.0,1.0,1.0,0.0,0.0,2.0,2.0,0.0,1.0,1.0,35.0,0.665309451798972,5.0,4.0,7.0,113.0,11.0,1.0,1280.0,800.0,8.0,1.0,1
84.0,1.0,1.0,0.0,2.0,2.0,1.0,15.0,9.0,0.5104260607359596,3.3439500242934406,0.0,1.0,49.0,30.0,0.0,1.0,0.0,1.0,1.0,0.0,0.0,1.0,181.0,2.0,0.0,6.0,1.0,0.0,0.0,0.0,2.0,3.0,0.0,0.0,1.0,24.0,0.8744636437064978,6.0,3.0,6.0,99.0,10.0,1.0,1280.0,800.0,10.0,0.0,1
61.0,0.0,2.0,0.0,3.0,3.0,1.0,25.0,11.0,0.6927631889480658,3.863891003332185,0.0,0.0,14.0,40.0,0.0,0.0,0.0,0.0,0.0,0.0,0.0,0.0,276.0,1.0,1.0,6.0,1.0,0.0,0.0,1.0,4.0,3.0,0.0,0.0,1.0,44.0,0.29555078742986524,7.0,4.0,6.0,1.0,14.0,1.0,1280.0,800.0,14.0,0.0,1
89.0,1.0,1.0,0.0,2.0,2.0,1.0,16.0,2.0,0.125,3.168171237219136,0.0,1.0,52.0,19.0,0.0,0.0,0.0,0.0,1.0,0.0,0.0,1.0,17.0,1.0,1.0,5.0,0.0,0.0,0.0,0.0,4.0,3.0,0.0,1.0,0.0,32.0,0.9589898347013777,2.0,4.0,5.0,80.0,4.0,1.0,1280.0,800.0,10.0,0.0,1
37.0,1.0,2.0,0.0,3.0,3.0,0.0,25.0,5.0,0.2,3.122672671784936,0.0,2.0,24.0,9.0,0.0,1.0,0.0,1.0,1.0,0.0,0.0,1.0,255.0,1.0,0.0,1.0,1.0,0.0,0.0,0.0,1.0,2.0,0.0,1.0,1.0,34.0,0.6784792106862065,6.0,5.0,1.0,112.0,0.0,1.0,1280.0,800.0,0.0,0.0,1
61.0,1.0,1.0,0.0,4.0,2.0,1.0,10.0,8.0,0.8,3.2125064965633188,0.0,0.0,31.0,18.0,0.0,1.0,0.0,1.0,1.0,0.0,0.0,1.0,255.0,1.0,1.0,5.0,0.0,1.0,2.0,1.0,0.0,3.0,0.0,0.0,1.0,16.0,0.907398525915421,6.0,2.0,5.0,24.0,13.0,1.0,1280.0,800.0,0.0,0.0,1
83.0,1.0,3.0,0.0,2.0,4.0,0.0,27.0,10.0,0.37037037037037035,3.045897601290716,0.0,0.0,57.0,42.0,0.0,1.0,0.0,1.0,1.0,0.0,0.0,1.0,218.0,1.0,6.0,4.0,1.0,0.0,0.0,0.0,4.0,2.0,0.0,0.0,1.0,14.0,0.8820104859693567,2.0,3.0,4.0,20.0,10.0,1.0,1280.0,800.0,9.0,0.0,1
49.0,1.0,3.0,0.0,1.0,4.0,0.0,26.0,10.0,0.38461538461538464,3.528097053529377,0.0,2.0,55.0,33.0,0.0,1.0,0.0,1.0,0.0,1.0,0.0,0.0,134.0,1.0,0.0,3.0,1.0,1.0,0.0,0.0,1.0,3.0,1.0,1.0,1.0,33.0,0.800502575600307,5.0,3.0,3.0,119.0,8.0,1.0,1280.0,800.0,10.0,0.0,1
89.0,1.0,1.0,0.0,3.0,2.0,1.0,20.0,2.0,0.1,2.9912269617930742,0.0,2.0,43.0,12.0,0.0,1.0,0.0,1.0,0.0,0.0,1.0,0.0,132.0,1.0,0.0,7.0,0.0,1.0,1.0,0.0,3.0,1.0,1.0,1.0,1.0,32.0,0.618538158137712,2.0,3.0,7.0,80.0,11.0,1.0,1280.0,800.0,7.0,1.0,1
65.0,0.0,2.0,0.0,0.0,3.0,1.0,13.0,0.0,0.0,3.220746564326409,0.0,1.0,23.0,23.0,0.0,1.0,0.0,1.0,0.0,0.0,0.0,0.0,210.0,2.0,0.0,5.0,1.0,1.0,1.0,0.0,4.0,3.0,1.0,1.0,1.0,39.0,0.01651459369599124,3.0,5.0,5.0,94.0,12.0,1.0,1280.0,800.0,2.0,0.0,1
50.0,1.0,1.0,0.0,2.0,2.0,1.0,18.0,11.0,0.5083263734976646,3.9196593160647435,0.0,0.0,11.0,13.0,1.0,1.0,0.0,1.0,1.0,0.0,0.0,1.0,308.0,1.0,1.0,7.0,1.0,1.0,1.0,0.0,2.0,1.0,0.0,0.0,1.0,32.0,0.6415667187391624,5.0,5.0,7.0,107.0,5.0,1.0,1280.0,800.0,3.0,1.0,1
35.0,1.0,0.0,0.0,2.0,1.0,0.0,18.0,5.0,0.2777777777777778,3.3189571890146277,0.0,2.0,6.0,9.0,0.0,1.0,0.0,1.0,1.0,0.0,0.0,1.0,301.0,2.0,0.0,6.0,0.0,1.0,0.0,0.0,3.0,3.0,0.0,0.0,1.0,21.0,0.7702831272039034,1.0,5.0,6.0,65.0,4.0,1.0,1280.0,800.0,3.0,0.0,1
94.0,1.0,1.0,0.0,2.0,2.0,0.0,18.0,0.0,0.0,3.249550094733998,1.0,0.0,6.0,35.0,0.0,1.0,0.0,1.0,1.0,0.0,0.0,1.0,166.0,2.0,1.0,10.0,0.0,1.0,0.0,0.0,4.0,2.0,0.0,0.0,1.0,13.0,0.827464088225598,6.0,1.0,10.0,21.0,2.0,1.0,1280.0,800.0,10.0,0.0,1
91.0,1.0,1.0,0.0,1.0,2.0,1.0,15.0,0.0,0.0,3.5041192575018703,0.0,0.0,44.0,33.0,0.0,1.0,0.0,1.0,1.0,0.0,0.0,1.0,86.0,1.0,0.0,11.0,0.0,1.0,2.0,2.0,4.0,5.0,0.0,0.0,1.0,38.0,0.8390078214515301,6.0,3.0,11.0,14.0,7.0,1.0,1280.0,800.0,1.0,0.0,1
52.0,0.0,0.0,1.0,0.0,1.0,0.0,15.0,3.0,0.6420004548011268,2.535186836685018,0.0,0.0,17.0,24.0,1.0,0.0,0.0,0.0,0.0,0.0,0.0,0.0,273.0,1.0,0.0,5.0,1.0,1.0,0.0,0.0,3.0,2.0,1.0,1.0,1.0,36.0,0.22619878829141682,5.0,2.0,5.0,39.0,3.0,0.0,1280.0,800.0,13.0,0.0,1
94.0,1.0,0.0,0.0,3.0,1.0,1.0,22.0,5.0,0.22727272727272727,3.6237263731323726,0.0,2.0,39.0,10.0,0.0,1.0,0.0,1.0,1.0,0.0,0.0,1.0,269.0,1.0,1.0,3.0,1.0,0.0,0.0,0.0,0.0,3.0,1.0,1.0,1.0,7.0,0.7540023028832561,6.0,3.0,3.0,99.0,11.0,1.0,1280.0,800.0,0.0,0.0,1
62.0,1.0,0.0,0.0,2.0,1.0,1.0,15.0,2.0,0.13333333333333333,3.4581878730441904,0.0,1.0,49.0,38.0,0.0,1.0,0.0,1.0,1.0,0.0,0.0,1.0,81.0,1.0,0.0,7.0,1.0,1.0,0.0,0.0,2.0,4.0,0.0,1.0,1.0,9.0,0.7683956793639365,7.0,3.0,7.0,57.0,10.0,1.0,1280.0,800.0,7.0,0.0,1
39.0,1.0,1.0,0.0,4.0,2.0,1.0,13.0,8.0,0.6153846153846154,3.1685239065305417,0.0,1.0,9.0,6.0,0.0,0.0,0.0,0.0,1.0,0.0,0.0,1.0,47.0,1.0,1.0,5.0,1.0,0.0,2.0,2.0,1.0,2.0,1.0,0.0,1.0,18.0,0.9502123651339965,2.0,5.0,5.0,87.0,0.0,1.0,1280.0,800.0,6.0,0.0,1
68.0,1.0,2.0,0.0,3.0,3.0,0.0,17.0,11.0,0.5916581163871718,3.9135403461870397,0.0,1.0,59.0,31.0,0.0,1.0,0.0,1.0,0.0,1.0,1.0,0.0,70.0,1.0,0.0,11.0,1.0,0.0,0.0,0.0,2.0,1.0,1.0,0.0,1.0,39.0,0.6152238573112893,5.0,5.0,11.0,111.0,1.0,1.0,1280.0,800.0,14.0,0.0,1
67.0,0.0,3.0,0.0,4.0,4.0,1.0,21.0,0.0,0.0,2.9788785353292435,0.0,0.0,38.0,41.0,0.0,1.0,0.0,1.0,0.0,0.0,0.0,0.0,22.0,1.0,0.0,3.0,1.0,0.0,0.0,0.0,4.0,1.0,1.0,1.0,1.0,5.0,0.19842548123959503,7.0,3.0,3.0,104.0,10.0,1.0,1280.0,800.0,6.0,0.0,1
58.0,1.0,0.0,0.0,4.0,1.0,1.0,15.0,0.0,0.0,3.4862438380111676,0.0,0.0,13.0,11.0,0.0,1.0,0.0,1.0,1.0,0.0,0.0,1.0,345.0,1.0,1.0,4.0,0.0,1.0,1.0,0.0,4.0,1.0,1.0,1.0,1.0,26.0,0.6704906611596685,4.0,3.0,4.0,81.0,3.0,1.0,1280.0,800.0,8.0,0.0,1
41.0,1.0,1.0,0.0,4.0,2.0,1.0,24.0,2.0,0.08333333333333333,3.302476483915644,0.0,0.0,57.0,32.0,0.0,1.0,0.0,1.0,1.0,0.0,0.0,1.0,337.0,1.0,1.0,2.0,1.0,1.0,0.0,0.0,0.0,2.0,1.0,0.0,1.0,25.0,0.7769366753571734,1.0,3.0,2.0,34.0,11.0,1.0,1280.0,800.0,10.0,0.0,1
82.0,1.0,0.0,0.0,1.0,1.0,1.0,25.0,12.0,0.6987583390093209,3.5055297898056605,0.0,2.0,40.0,22.0,0.0,0.0,0.0,0.0,1.0,0.0,0.0,1.0,54.0,1.0,0.0,11.0,1.0,1.0,0.0,0.0,4.0,3.0,0.0,0.0,1.0,44.0,0.600643659428222,3.0,1.0,11.0,59.0,0.0,1.0,1280.0,800.0,6.0,0.0,1
36.0,1.0,1.0,0.0,4.0,2.0,0.0,25.0,8.0,0.32,3.352056686172478,0.0,0.0,28.0,3.0,0.0,1.0,0.0,1.0,1.0,0.0,0.0,1.0,38.0,2.0,0.0,1.0,0.0,1.0,0.0,1.0,3.0,1.0,1.0,1.0,1.0,6.0,0.7766104851962901,2.0,2.0,1.0,94.0,13.0,0.0,1280.0,800.0,1.0,0.0,1
88.0,1.0,0.0,0.0,1.0,1.0,0.0,10.0,8.0,0.8,3.2567969573618494,0.0,3.0,6.0,25.0,0.0,1.0,0.0,1.0,0.0,1.0,1.0,0.0,124.0,1.0,0.0,2.0,1.0,0.0,1.0,0.0,0.0,2.0,1.0,1.0,1.0,39.0,0.7908404900054642,6.0,3.0,2.0,88.0,11.0,1.0,1280.0,800.0,8.0,0.0,1
78.0,1.0,0.0,0.0,1.0,1.0,0.0,20.0,0.0,0.0,3.532032252113423,0.0,0.0,5.0,40.0,0.0,0.0,0.0,0.0,1.0,0.0,0.0,1.0,170.0,1.0,0.0,11.0,1.0,1.0,0.0,0.0,2.0,3.0,1.0,1.0,1.0,41.0,0.6231179879612339,6.0,4.0,11.0,71.0,7.0,1.0,1280.0,800.0,5.0,0.0,1
87.0,0.0,3.0,0.0,4.0,4.0,1.0,21.0,2.0,0.09523809523809523,3.1899779145809637,0.0,2.0,48.0,2.0,0.0,1.0,0.0,1.0,0.0,0.0,0.0,0.0,156.0,1.0,0.0,9.0,0.0,1.0,1.0,2.0,0.0,3.0,1.0,0.0,1.0,28.0,0.12455045626123386,1.0,5.0,9.0,94.0,13.0,1.0,1280.0,800.0,14.0,0.0,1
78.0,1.0,0.0,0.0,1.0,1.0,0.0,19.0,0.0,0.0,3.7771152212274433,1.0,0.0,40.0,30.0,0.0,1.0,0.0,1.0,1.0,0.0,0.0,1.0,236.0,1.0,0.0,10.0,1.0,0.0,0.0,0.0,0.0,3.0,0.0,1.0,1.0,23.0,0.896978888665843,4.0,1.0,10.0,92.0,0.0,1.0,1280.0,800.0,6.0,0.0,1
92.0,1.0,1.0,0.0,1.0,2.0,1.0,25.0,8.0,0.32,3.4544966497452947,0.0,1.0,20.0,43.0,1.0,1.0,0.0,1.0,1.0,0.0,0.0,1.0,156.0,1.0,0.0,7.0,1.0,0.0,1.0,0.0,4.0,4.0,0.0,0.0,1.0,7.0,0.7043081271237221,7.0,5.0,7.0,109.0,11.0,1.0,1280.0,800.0,2.0,0.0,1
87.0,0.0,0.0,1.0,0.0,1.0,0.0,15.0,3.0,0.738505364162553,2.737385685835537,0.0,1.0,17.0,23.0,0.0,1.0,0.0,1.0,0.0,0.0,0.0,0.0,153.0,1.0,6.0,6.0,0.0,1.0,0.0,0.0,0.0,3.0,1.0,1.0,1.0,28.0,0.2243910991708341,5.0,1.0,6.0,6.0,2.0,1.0,1280.0,800.0,10.0,1.0,1
82.0,1.0,1.0,0.0,1.0,2.0,1.0,27.0,11.0,0.5973260694156962,3.4808069669115733,0.0,0.0,24.0,17.0,0.0,0.0,0.0,0.0,1.0,0.0,0.0,1.0,298.0,1.0,0.0,8.0,0.0,1.0,0.0,0.0,3.0,3.0,0.0,1.0,1.0,35.0,0.7563228785431193,3.0,1.0,8.0,109.0,9.0,1.0,1280.0,800.0,5.0,0.0,1
84.0,1.0,1.0,0.0,1.0,2.0,1.0,14.0,8.0,0.5714285714285714,3.3398991531153848,0.0,0.0,34.0,4.0,0.0,1.0,0.0,1.0,1.0,0.0,0.0,1.0,242.0,1.0,0.0,9.0,1.0,1.0,0.0,0.0,2.0,3.0,1.0,1.0,1.0,33.0,0.9020894961695353,6.0,4.0,9.0,85.0,4.0,1.0,1280.0,800.0,3.0,0.0,1
80.0,1.0,0.0,1.0,0.0,1.0,0.0,15.0,3.0,0.655826976058748,2.515740767776239,0.0,2.0,26.0,1.0,0.0,1.0,0.0,1.0,1.0,0.0,0.0,1.0,81.0,1.0,0.0,2.0,1.0,1.0,0.0,0.0,1.0,2.0,1.0,0.0,1.0,38.0,0.826308801470226,2.0,1.0,2.0,52.0,2.0,1.0,1280.0,800.0,14.0,0.0,1
71.0,0.0,1.0,0.0,2.0,2.0,0.0,24.0,12.0,0.5,2.9974214947420172,0.0,0.0,11.0,40.0,1.0,1.0,0.0,1.0,0.0,0.0,0.0,0.0,216.0,1.0,0.0,11.0,1.0,1.0,0.0,0.0,4.0,3.0,0.0,1.0,1.0,7.0,0.2116691271135357,1.0,5.0,11.0,48.0,14.0,1.0,1280.0,800.0,8.0,0.0,1
40.0,1.0,3.0,0.0,1.0,4.0,0.0,18.0,8.0,0.4444444444444444,2.990347225335566,0.0,2.0,35.0,24.0,0.0,1.0,0.0,1.0,0.0,0.0,1.0,0.0,226.0,1.0,0.0,6.0,1.0,1.0,0.0,0.0,3.0,4.0,0.0,0.0,1.0,7.0,0.7377498196744879,1.0,2.0,6.0,85.0,8.0,1.0,1280.0,800.0,11.0,0.0,1
55.0,1.0,1.0,0.0,2.0,2.0,1.0,19.0,8.0,0.42105263157894735,3.6954747783629394,0.0,1.0,41.0,15.0,0.0,0.0,0.0,0.0,1.0,0.0,0.0,1.0,195.0,1.0,0.0,9.0,1.0,1.0,1.0,0.0,1.0,3.0,1.0,1.0,1.0,9.0,0.857701056058217,1.0,4.0,9.0,110.0,7.0,1.0,1280.0,800.0,5.0,0.0,1
38.0,1.0,0.0,0.0,4.0,1.0,1.0,23.0,0.0,0.0,3.6037358544805937,0.0,0.0,40.0,42.0,0.0,1.0,0.0,1.0,1.0,0.0,0.0,1.0,186.0,1.0,0.0,6.0,1.0,0.0,0.0,0.0,0.0,4.0,1.0,0.0,1.0,20.0,0.8609232402897979,5.0,1.0,6.0,94.0,10.0,1.0,1280.0,800.0,9.0,0.0,1
80.0,0.0,1.0,0.0,1.0,2.0,1.0,11.0,0.0,0.0,3.5320553430265282,0.0,0.0,44.0,31.0,0.0,1.0,0.0,1.0,0.0,0.0,0.0,0.0,156.0,1.0,6.0,2.0,1.0,1.0,1.0,2.0,3.0,2.0,0.0,1.0,1.0,31.0,0.001872460687886479,5.0,3.0,2.0,108.0,7.0,1.0,1280.0,800.0,8.0,0.0,1
44.0,1.0,1.0,0.0,3.0,2.0,1.0,29.0,14.0,0.5940084067420429,3.8436721159240896,0.0,0.0,55.0,21.0,0.0,1.0,0.0,1.0,1.0,0.0,0.0,1.0,321.0,1.0,0.0,10.0,1.0,0.0,0.0,0.0,3.0,1.0,0.0,0.0,1.0,32.0,0.943293783516908,5.0,4.0,10.0,74.0,0.0,1.0,1280.0,800.0,12.0,0.0,1
37.0,0.0,1.0,0.0,3.0,2.0,1.0,22.0,2.0,0.09090909090909091,3.8482002271822506,0.0,1.0,14.0,41.0,0.0,0.0,0.0,0.0,0.0,0.0,0.0,0.0,133.0,1.0,0.0,1.0,1.0,1.0,0.0,0.0,2.0,1.0,1.0,1.0,1.0,7.0,0.247441136340132,7.0,3.0,1.0,33.0,11.0,1.0,1280.0,800.0,10.0,0.0,1
60.0,1.0,1.0,0.0,2.0,2.0,1.0,16.0,5.0,0.3125,3.4137700521616603,0.0,0.0,18.0,6.0,1.0,1.0,0.0,1.0,1.0,0.0,0.0,1.0,224.0,1.0,0.0,6.0,0.0,0.0,0.0,0.0,2.0,2.0,1.0,1.0,0.0,9.0,0.6755572270612797,1.0,5.0,6.0,35.0,7.0,1.0,1280.0,800.0,12.0,0.0,1
81.0,1.0,0.0,1.0,0.0,1.0,0.0,15.0,3.0,0.7061461040398878,2.9613911035203233,0.0,0.0,46.0,34.0,1.0,0.0,0.0,0.0,1.0,0.0,0.0,1.0,279.0,1.0,0.0,10.0,0.0,1.0,0.0,0.0,3.0,2.0,0.0,0.0,1.0,36.0,0.9873023271741397,2.0,5.0,10.0,20.0,6.0,1.0,1280.0,800.0,9.0,0.0,1
45.0,0.0,0.0,0.0,1.0,1.0,0.0,24.0,7.0,0.6287870576235033,3.2825351307445825,0.0,0.0,51.0,42.0,0.0,1.0,0.0,1.0,0.0,0.0,0.0,0.0,91.0,1.0,6.0,6.0,1.0,1.0,0.0,0.0,3.0,1.0,1.0,0.0,1.0,25.0,0.008721530971450852,2.0,4.0,6.0,43.0,12.0,1.0,1280.0,800.0,1.0,1.0,1
63.0,1.0,1.0,0.0,3.0,2.0,1.0,12.0,0.0,0.0,3.7238323206476114,0.0,0.0,5.0,17.0,0.0,1.0,0.0,1.0,1.0,0.0,0.0,1.0,302.0,2.0,0.0,5.0,1.0,0.0,1.0,0.0,4.0,4.0,1.0,0.0,1.0,5.0,0.9257794796374568,5.0,5.0,5.0,59.0,0.0,1.0,1280.0,800.0,11.0,0.0,1
76.0,1.0,1.0,0.0,1.0,2.0,0.0,16.0,0.0,0.0,3.3762980467079453,1.0,0.0,24.0,21.0,0.0,1.0,0.0,1.0,1.0,0.0,0.0,1.0,272.0,1.0,6.0,9.0,1.0,0.0,0.0,1.0,4.0,1.0,0.0,0.0,1.0,42.0,0.757873349848858,7.0,2.0,9.0,108.0,5.0,1.0,1280.0,800.0,5.0,0.0,1
40.0,1.0,1.0,0.0,2.0,2.0,0.0,16.0,0.0,0.0,3.2396343858821,1.0,0.0,51.0,4.0,0.0,1.0,0.0,1.0,1.0,0.0,0.0,1.0,134.0,1.0,6.0,7.0,1.0,1.0,0.0,1.0,4.0,2.0,0.0,0.0,1.0,38.0,0.6364322314662775,6.0,3.0,7.0,117.0,4.0,0.0,1280.0,800.0,6.0,0.0,1
56.0,0.0,2.0,0.0,4.0,3.0,0.0,11.0,0.0,0.0,3.6428596771173636,0.0,1.0,47.0,40.0,1.0,0.0,0.0,0.0,0.0,0.0,0.0,0.0,57.0,1.0,1.0,2.0,1.0,1.0,0.0,0.0,3.0,4.0,1.0,0.0,1.0,41.0,0.08599385398412086,3.0,4.0,2.0,49.0,13.0,1.0,1280.0,800.0,3.0,0.0,1
40.0,1.0,2.0,0.0,2.0,3.0,1.0,26.0,10.0,0.7128598895475181,3.3936602511281713,0.0,0.0,27.0,11.0,0.0,1.0,0.0,1.0,1.0,0.0,0.0,1.0,240.0,1.0,0.0,8.0,1.0,1.0,1.0,0.0,3.0,3.0,1.0,0.0,1.0,6.0,0.6498097507784216,3.0,1.0,8.0,68.0,13.0,1.0,1280.0,800.0,7.0,0.0,1
92.0,1.0,0.0,1.0,0.0,1.0,0.0,15.0,3.0,0.749201538291781,2.6683991154529463,0.0,3.0,59.0,38.0,0.0,0.0,0.0,0.0,1.0,0.0,0.0,1.0,218.0,1.0,1.0,11.0,1.0,0.0,0.0,0.0,1.0,2.0,1.0,0.0,1.0,24.0,0.7392666211284417,6.0,1.0,11.0,103.0,6.0,1.0,1280.0,800.0,2.0,0.0,1
85.0,1.0,0.0,0.0,3.0,1.0,0.0,17.0,12.0,0.7140336704914831,3.6048361400761064,0.0,0.0,9.0,21.0,0.0,0.0,0.0,0.0,1.0,0.0,0.0,1.0,298.0,1.0,0.0,3.0,1.0,1.0,0.0,0.0,1.0,3.0,1.0,0.0,1.0,5.0,0.8098005802691618,2.0,3.0,3.0,1.0,13.0,1.0,1280.0,800.0,12.0,0.0,1
59.0,0.0,2.0,0.0,1.0,3.0,0.0,23.0,0.0,0.0,2.9515298964476013,0.0,1.0,37.0,35.0,0.0,1.0,0.0,1.0,0.0,0.0,0.0,0.0,112.0,2.0,0.0,6.0,1.0,1.0,0.0,0.0,3.0,3.0,0.0,0.0,1.0,14.0,0.2854796548519861,7.0,4.0,6.0,24.0,4.0,1.0,1280.0,800.0,12.0,1.0,1
62.0,1.0,1.0,0.0,3.0,2.0,1.0,13.0,8.0,0.6153846153846154,3.3190894495666163,0.0,0.0,28.0,39.0,1.0,0.0,0.0,0.0,1.0,0.0,0.0,1.0,276.0,1.0,0.0,3.0,1.0,1.0,2.0,2.0,3.0,5.0,1.0,0.0,1.0,38.0,0.920457396061177,6.0,4.0,3.0,20.0,1.0,1.0,1280.0,800.0,11.0,0.0,1
39.0,1.0,2.0,0.0,2.0,3.0,0.0,14.0,8.0,0.5714285714285714,2.9459108602911313,0.0,2.0,47.0,20.0,0.0,1.0,0.0,1.0,1.0,0.0,0.0,1.0,334.0,1.0,0.0,9.0,1.0,0.0,1.0,0.0,0.0,4.0,0.0,0.0,1.0,24.0,0.6645783453101545,2.0,1.0,9.0,73.0,8.0,1.0,1280.0,800.0,4.0,0.0,1
86.0,1.0,0.0,1.0,0.0,1.0,0.0,15.0,3.0,0.7294391269273472,2.650863309573497,0.0,0.0,23.0,43.0,0.0,0.0,0.0,0.0,1.0,0.0,0.0,1.0,207.0,1.0,1.0,2.0,1.0,1.0,0.0,1.0,0.0,1.0,1.0,0.0,1.0,14.0,0.7599920721455125,5.0,5.0,2.0,7.0,0.0,1.0,1280.0,800.0,2.0,0.0,1
49.0,1.0,0.0,0.0,3.0,1.0,1.0,25.0,0.0,0.0,3.1730396131333594,0.0,0.0,39.0,1.0,0.0,1.0,0.0,1.0,1.0,0.0,0.0,1.0,288.0,1.0,1.0,6.0,1.0,1.0,0.0,1.0,3.0,3.0,1.0,0.0,1.0,26.0,0.8637627054004422,6.0,3.0,6.0,99.0,13.0,1.0,1280.0,800.0,5.0,0.0,1
92.0,1.0,2.0,0.0,1.0,3.0,1.0,17.0,5.0,0.29411764705882354,3.1774281797544246,0.0,0.0,11.0,2.0,0.0,0.0,0.0,0.0,1.0,0.0,0.0,1.0,338.0,1.0,0.0,6.0,1.0,1.0,0.0,1.0,1.0,3.0,0.0,0.0,1.0,21.0,0.71578745464191,6.0,5.0,6.0,36.0,3.0,1.0,1280.0,800.0,10.0,0.0,1
59.0,0.0,1.0,0.0,3.0,2.0,1.0,22.0,5.0,0.22727272727272727,3.705473813213305,0.0,3.0,44.0,12.0,1.0,1.0,0.0,1.0,0.0,0.0,0.0,0.0,304.0,1.0,1.0,7.0,1.0,0.0,0.0,1.0,4.0,2.0,1.0,0.0,1.0,10.0,0.020267870500790097,2.0,3.0,7.0,98.0,7.0,1.0,1280.0,800.0,0.0,0.0,1
68.0,0.0,0.0,0.0,4.0,1.0,0.0,15.0,5.0,0.3333333333333333,3.682597289582081,0.0,3.0,25.0,27.0,0.0,1.0,0.0,1.0,0.0,0.0,0.0,0.0,179.0,1.0,0.0,2.0,0.0,1.0,0.0,1.0,3.0,1.0,1.0,1.0,1.0,14.0,0.1479014889410515,2.0,2.0,2.0,119.0,7.0,1.0,1280.0,800.0,10.0,1.0,1
65.0,1.0,1.0,0.0,3.0,2.0,0.0,19.0,8.0,0.42105263157894735,2.8000959387307063,0.0,0.0,7.0,21.0,0.0,1.0,0.0,1.0,1.0,0.0,0.0,1.0,279.0,2.0,1.0,7.0,1.0,1.0,1.0,2.0,1.0,2.0,1.0,0.0,1.0,20.0,0.6829071640348996,1.0,2.0,7.0,93.0,1.0,1.0,1280.0,800.0,4.0,1.0,1
82.0,0.0,0.0,1.0,0.0,1.0,0.0,15.0,3.0,0.7715305576241019,3.078960133593932,0.0,1.0,55.0,27.0,0.0,0.0,0.0,0.0,0.0,0.0,0.0,0.0,305.0,1.0,0.0,4.0,0.0,1.0,0.0,0.0,0.0,3.0,1.0,0.0,1.0,28.0,0.06408834626424739,2.0,2.0,4.0,18.0,12.0,1.0,1280.0,800.0,4.0,0.0,1
54.0,0.0,1.0,0.0,2.0,2.0,0.0,19.0,8.0,0.42105263157894735,3.235159661255024,0.0,3.0,35.0,14.0,0.0,1.0,0.0,1.0,0.0,0.0,0.0,0.0,153.0,1.0,0.0,6.0,1.0,0.0,0.0,0.0,13.0,1.0,1.0,0.0,1.0,39.0,0.01815798776218962,4.0,2.0,6.0,82.0,7.0,1.0,1280.0,800.0,10.0,0.0,1
50.0,1.0,2.0,0.0,4.0,3.0,0.0,12.0,2.0,0.16666666666666666,3.193212024856593,0.0,1.0,49.0,32.0,1.0,1.0,0.0,1.0,1.0,0.0,0.0,1.0,244.0,1.0,0.0,7.0,1.0,1.0,0.0,0.0,1.0,2.0,0.0,0.0,1.0,9.0,0.8873741244533343,5.0,5.0,7.0,109.0,10.0,1.0,1280.0,800.0,8.0,0.0,1
93.0,1.0,2.0,0.0,0.0,3.0,0.0,26.0,10.0,0.38461538461538464,3.2317274284438167,0.0,1.0,31.0,35.0,0.0,1.0,0.0,1.0,1.0,0.0,0.0,1.0,220.0,1.0,1.0,4.0,1.0,0.0,0.0,1.0,3.0,2.0,0.0,0.0,1.0,36.0,0.7346548526070006,1.0,1.0,4.0,46.0,1.0,1.0,1280.0,800.0,5.0,1.0,1
74.0,0.0,1.0,0.0,1.0,2.0,0.0,19.0,0.0,0.0,2.8788984611411874,0.0,0.0,28.0,12.0,0.0,1.0,0.0,1.0,0.0,0.0,0.0,0.0,277.0,1.0,1.0,6.0,1.0,0.0,0.0,0.0,9.0,2.0,0.0,0.0,1.0,36.0,0.052105981109298025,5.0,5.0,6.0,45.0,11.0,1.0,1280.0,800.0,10.0,0.0,1
44.0,0.0,2.0,0.0,3.0,3.0,0.0,14.0,5.0,0.35714285714285715,3.7497548229542885,0.0,1.0,52.0,1.0,0.0,1.0,0.0,1.0,0.0,0.0,0.0,0.0,86.0,1.0,0.0,4.0,1.0,1.0,0.0,0.0,4.0,2.0,0.0,0.0,1.0,31.0,0.20252319915977357,4.0,1.0,4.0,45.0,13.0,1.0,1280.0,800.0,5.0,0.0,1
60.0,1.0,1.0,0.0,2.0,2.0,1.0,10.0,8.0,0.8,3.0096824762951266,0.0,1.0,38.0,35.0,0.0,1.0,0.0,1.0,1.0,0.0,0.0,1.0,197.0,1.0,1.0,9.0,1.0,1.0,1.0,2.0,1.0,4.0,1.0,0.0,1.0,5.0,0.8045806592768279,3.0,3.0,9.0,21.0,5.0,1.0,1280.0,800.0,14.0,0.0,1
56.0,1.0,2.0,0.0,2.0,3.0,0.0,22.0,8.0,0.36363636363636365,3.750605303978494,0.0,1.0,42.0,11.0,1.0,1.0,0.0,1.0,1.0,0.0,0.0,1.0,249.0,1.0,0.0,11.0,0.0,0.0,1.0,1.0,0.0,4.0,0.0,1.0,1.0,33.0,0.927147240665403,2.0,2.0,11.0,63.0,5.0,1.0,1280.0,800.0,6.0,1.0,1
61.0,1.0,1.0,0.0,2.0,2.0,0.0,15.0,8.0,0.5333333333333333,3.6633965199536576,0.0,0.0,26.0,35.0,0.0,1.0,0.0,1.0,1.0,0.0,0.0,1.0,99.0,1.0,0.0,3.0,1.0,1.0,0.0,0.0,1.0,4.0,1.0,0.0,1.0,16.0,0.6537027418089769,5.0,5.0,3.0,94.0,10.0,1.0,1280.0,800.0,2.0,0.0,1
90.0,1.0,2.0,0.0,3.0,3.0,1.0,12.0,5.0,0.4166666666666667,3.534159591623655,0.0,0.0,36.0,38.0,0.0,0.0,0.0,0.0,1.0,0.0,0.0,1.0,48.0,1.0,0.0,11.0,1.0,0.0,0.0,0.0,0.0,3.0,1.0,1.0,1.0,34.0,0.8500580736014915,5.0,2.0,11.0,107.0,5.0,1.0,1280.0,800.0,6.0,0.0,1
46.0,1.0,2.0,0.0,2.0,3.0,1.0,11.0,8.0,0.7272727272727273,3.0971504821652296,0.0,0.0,56.0,34.0,0.0,0.0,0.0,0.0,1.0,0.0,0.0,1.0,273.0,1.0,6.0,7.0,0.0,0.0,1.0,1.0,2.0,5.0,0.0,0.0,1.0,29.0,0.6650454809492187,1.0,1.0,7.0,57.0,0.0,1.0,1280.0,800.0,13.0,0.0,1
67.0,0.0,0.0,0.0,4.0,1.0,1.0,11.0,0.0,0.0,3.663933367035529,0.0,0.0,27.0,7.0,0.0,1.0,0.0,1.0,0.0,0.0,0.0,0.0,190.0,1.0,0.0,11.0,1.0,1.0,0.0,0.0,1.0,4.0,1.0,0.0,1.0,43.0,0.11343086027841054,3.0,3.0,11.0,6.0,13.0,1.0,1280.0,800.0,5.0,1.0,1
70.0,1.0,0.0,0.0,2.0,1.0,0.0,19.0,0.0,0.0,3.4615589705872107,1.0,0.0,9.0,25.0,0.0,1.0,0.0,1.0,1.0,0.0,0.0,1.0,318.0,1.0,1.0,5.0,1.0,1.0,0.0,0.0,1.0,2.0,1.0,0.0,1.0,14.0,0.978497904997752,5.0,3.0,5.0,22.0,5.0,1.0,1280.0,800.0,4.0,0.0,1
68.0,1.0,0.0,1.0,0.0,1.0,0.0,15.0,3.0,0.626410708712424,2.776369848688715,0.0,0.0,15.0,29.0,0.0,1.0,0.0,1.0,1.0,0.0,0.0,1.0,15.0,1.0,0.0,10.0,1.0,0.0,1.0,1.0,4.0,3.0,1.0,0.0,1.0,34.0,0.8709777813006029,1.0,2.0,10.0,113.0,6.0,1.0,1280.0,800.0,3.0,0.0,1
63.0,1.0,2.0,0.0,4.0,3.0,0.0,10.0,5.0,0.5,3.819222325030144,0.0,1.0,45.0,29.0,0.0,1.0,0.0,1.0,0.0,0.0,1.0,0.0,204.0,1.0,1.0,10.0,1.0,0.0,1.0,0.0,0.0,2.0,0.0,1.0,1.0,20.0,0.9337375740699897,6.0,3.0,10.0,116.0,4.0,1.0,1280.0,800.0,4.0,0.0,1
92.0,1.0,1.0,0.0,1.0,2.0,1.0,18.0,0.0,0.0,3.8326387539604103,0.0,0.0,21.0,43.0,0.0,0.0,0.0,0.0,1.0,0.0,0.0,1.0,94.0,2.0,0.0,6.0,1.0,1.0,0.0,0.0,2.0,2.0,1.0,1.0,1.0,20.0,0.9869666733643014,6.0,2.0,6.0,17.0,13.0,1.0,1280.0,800.0,10.0,0.0,1
62.0,1.0,3.0,0.0,1.0,4.0,0.0,22.0,8.0,0.36363636363636365,3.5421359459152835,0.0,0.0,26.0,38.0,0.0,1.0,0.0,1.0,1.0,0.0,0.0,1.0,67.0,1.0,1.0,3.0,1.0,1.0,1.0,0.0,4.0,3.0,1.0,0.0,1.0,26.0,0.7177773289597567,3.0,2.0,3.0,82.0,9.0,1.0,1280.0,800.0,14.0,1.0,1
56.0,1.0,1.0,0.0,2.0,2.0,0.0,16.0,2.0,0.125,3.8143495659859177,0.0,0.0,20.0,18.0,0.0,1.0,0.0,1.0,1.0,0.0,0.0,1.0,16.0,1.0,1.0,9.0,0.0,1.0,1.0,2.0,2.0,4.0,1.0,0.0,1.0,6.0,0.8510300027891531,2.0,4.0,9.0,33.0,3.0,1.0,1280.0,800.0,1.0,0.0,1
58.0,1.0,3.0,0.0,1.0,4.0,1.0,10.0,8.0,0.8,3.1292579495847983,0.0,1.0,36.0,17.0,0.0,0.0,0.0,0.0,1.0,0.0,0.0,1.0,290.0,1.0,6.0,10.0,0.0,1.0,0.0,0.0,4.0,2.0,0.0,0.0,1.0,9.0,0.6749488090837277,6.0,2.0,10.0,37.0,4.0,1.0,1280.0,800.0,4.0,0.0,1
74.0,1.0,2.0,0.0,1.0,3.0,0.0,18.0,0.0,0.0,3.361589764716647,0.0,1.0,20.0,2.0,0.0,1.0,0.0,1.0,1.0,0.0,0.0,1.0,109.0,1.0,0.0,11.0,1.0,1.0,0.0,0.0,1.0,1.0,0.0,0.0,1.0,14.0,0.6843257788447822,1.0,2.0,11.0,94.0,4.0,1.0,1280.0,800.0,12.0,0.0,1
92.0,1.0,2.0,0.0,4.0,3.0,0.0,12.0,0.0,0.0,2.9822361524436753,0.0,0.0,36.0,30.0,0.0,1.0,0.0,1.0,1.0,0.0,0.0,1.0,194.0,1.0,1.0,2.0,1.0,0.0,0.0,0.0,7.0,3.0,0.0,0.0,1.0,38.0,0.7149708335661265,5.0,5.0,2.0,81.0,5.0,1.0,1280.0,800.0,2.0,0.0,1
70.0,1.0,1.0,0.0,3.0,2.0,0.0,20.0,0.0,0.0,2.9210688244551357,0.0,1.0,48.0,3.0,0.0,0.0,0.0,0.0,1.0,0.0,0.0,1.0,326.0,1.0,0.0,8.0,1.0,1.0,0.0,0.0,1.0,1.0,1.0,0.0,1.0,21.0,0.7995677306937429,3.0,1.0,8.0,77.0,3.0,1.0,1280.0,800.0,6.0,0.0,1
56.0,1.0,0.0,1.0,0.0,1.0,0.0,15.0,3.0,0.7174721742206247,2.6260680986066864,0.0,1.0,29.0,7.0,0.0,1.0,0.0,1.0,1.0,0.0,0.0,1.0,128.0,1.0,0.0,3.0,0.0,1.0,0.0,0.0,1.0,2.0,0.0,0.0,1.0,43.0,0.8027004326698886,2.0,5.0,3.0,90.0,0.0,1.0,1280.0,800.0,0.0,0.0,1
56.0,0.0,0.0,1.0,0.0,1.0,0.0,15.0,3.0,0.6841509543839779,2.9747775269224412,0.0,0.0,6.0,28.0,0.0,1.0,0.0,1.0,0.0,0.0,0.0,0.0,85.0,1.0,0.0,6.0,1.0,0.0,0.0,0.0,4.0,3.0,1.0,1.0,1.0,28.0,0.12275986270057747,1.0,3.0,6.0,0.0,6.0,1.0,1280.0,800.0,5.0,1.0,1
84.0,1.0,1.0,0.0,2.0,2.0,0.0,20.0,0.0,0.0,3.5216857711194023,1.0,2.0,19.0,43.0,1.0,1.0,0.0,1.0,1.0,0.0,0.0,1.0,34.0,1.0,1.0,11.0,1.0,0.0,0.0,0.0,0.0,3.0,1.0,1.0,1.0,32.0,0.8875668072554168,1.0,2.0,11.0,116.0,4.0,1.0,1280.0,800.0,4.0,0.0,1
74.0,1.0,2.0,0.0,4.0,3.0,0.0,21.0,8.0,0.38095238095238093,2.9837688481704205,0.0,0.0,15.0,0.0,0.0,1.0,0.0,1.0,1.0,0.0,0.0,1.0,197.0,1.0,0.0,5.0,0.0,0.0,0.0,0.0,0.0,3.0,1.0,1.0,0.0,33.0,0.9042075338493114,1.0,5.0,5.0,89.0,9.0,1.0,1280.0,800.0,6.0,0.0,1
51.0,1.0,1.0,0.0,4.0,2.0,1.0,22.0,8.0,0.36363636363636365,3.254473948406856,0.0,2.0,20.0,30.0,0.0,1.0,0.0,1.0,1.0,0.0,0.0,1.0,43.0,1.0,0.0,8.0,1.0,1.0,1.0,1.0,2.0,2.0,0.0,0.0,1.0,16.0,0.9084561997775151,6.0,3.0,8.0,111.0,2.0,1.0,1280.0,800.0,12.0,0.0,1
40.0,1.0,1.0,0.0,4.0,2.0,1.0,16.0,2.0,0.125,3.116093192218522,0.0,0.0,36.0,10.0,1.0,1.0,0.0,1.0,1.0,0.0,0.0,1.0,150.0,1.0,0.0,7.0,1.0,1.0,0.0,0.0,0.0,1.0,1.0,1.0,1.0,39.0,0.704929656201329,6.0,5.0,7.0,84.0,0.0,1.0,1280.0,800.0,11.0,1.0,1
44.0,1.0,0.0,0.0,4.0,1.0,1.0,13.0,2.0,0.15384615384615385,3.149803803000432,0.0,1.0,29.0,11.0,1.0,1.0,0.0,1.0,1.0,0.0,0.0,1.0,159.0,1.0,0.0,7.0,0.0,1.0,1.0,0.0,15.0,3.0,0.0,0.0,1.0,22.0,0.6304493315308494,2.0,2.0,7.0,14.0,2.0,0.0,1280.0,800.0,9.0,1.0,1
76.0,0.0,2.0,0.0,1.0,3.0,1.0,16.0,2.0,0.125,3.1506139276282346,0.0,0.0,40.0,29.0,0.0,0.0,0.0,0.0,0.0,0.0,0.0,0.0,330.0,1.0,0.0,3.0,1.0,1.0,0.0,0.0,3.0,1.0,0.0,1.0,1.0,33.0,0.2070581218495523,1.0,4.0,3.0,36.0,4.0,1.0,1280.0,800.0,10.0,0.0,1
35.0,1.0,2.0,0.0,3.0,3.0,0.0,18.0,0.0,0.0,3.8637734272512105,0.0,1.0,49.0,31.0,0.0,0.0,0.0,0.0,1.0,0.0,0.0,1.0,91.0,1.0,6.0,11.0,1.0,1.0,0.0,1.0,1.0,1.0,1.0,0.0,1.0,6.0,0.6743982869100695,5.0,1.0,11.0,80.0,9.0,1.0,1280.0,800.0,3.0,0.0,1
67.0,0.0,0.0,0.0,2.0,1.0,0.0,21.0,0.0,0.0,3.572902124132727,1.0,0.0,30.0,36.0,0.0,1.0,0.0,1.0,0.0,0.0,0.0,0.0,276.0,1.0,0.0,5.0,1.0,0.0,0.0,0.0,0.0,2.0,0.0,1.0,1.0,16.0,0.15040087461321203,7.0,2.0,5.0,105.0,13.0,1.0,1280.0,800.0,11.0,0.0,1
55.0,1.0,2.0,0.0,2.0,3.0,0.0,10.0,2.0,0.2,2.887209057702018,0.0,2.0,10.0,10.0,0.0,0.0,0.0,0.0,1.0,0.0,0.0,1.0,159.0,1.0,1.0,3.0,1.0,1.0,0.0,0.0,4.0,1.0,0.0,0.0,1.0,19.0,0.8970348066123963,1.0,5.0,3.0,53.0,7.0,0.0,1280.0,800.0,2.0,1.0,1
51.0,0.0,0.0,0.0,2.0,1.0,1.0,10.0,8.0,0.8,3.86404397455434,0.0,1.0,12.0,33.0,0.0,0.0,0.0,0.0,0.0,0.0,0.0,0.0,82.0,1.0,0.0,3.0,1.0,0.0,0.0,0.0,1.0,3.0,0.0,0.0,1.0,35.0,0.23171532576679632,4.0,4.0,3.0,93.0,14.0,1.0,1280.0,800.0,3.0,0.0,1
73.0,1.0,2.0,0.0,1.0,3.0,1.0,14.0,0.0,0.0,3.77102325531708,0.0,2.0,22.0,19.0,0.0,1.0,0.0,1.0,1.0,0.0,0.0,1.0,79.0,1.0,0.0,8.0,1.0,1.0,0.0,0.0,1.0,1.0,1.0,0.0,1.0,5.0,0.8380154541418705,5.0,4.0,8.0,43.0,3.0,1.0,1280.0,800.0,5.0,0.0,1
58.0,1.0,2.0,0.0,1.0,3.0,1.0,22.0,0.0,0.0,3.0883371497911796,0.0,0.0,58.0,9.0,0.0,1.0,0.0,1.0,1.0,0.0,0.0,1.0,274.0,1.0,0.0,2.0,1.0,1.0,0.0,0.0,1.0,3.0,1.0,0.0,1.0,28.0,0.8868468926913087,1.0,5.0,2.0,40.0,13.0,1.0,1280.0,800.0,3.0,0.0,1
53.0,0.0,2.0,0.0,2.0,3.0,1.0,17.0,10.0,0.5882352941176471,3.5813042038847875,0.0,0.0,36.0,16.0,0.0,1.0,0.0,1.0,0.0,0.0,0.0,0.0,32.0,1.0,1.0,3.0,1.0,1.0,0.0,0.0,3.0,4.0,0.0,1.0,1.0,7.0,0.05390864720823398,6.0,1.0,3.0,71.0,5.0,1.0,1280.0,800.0,9.0,1.0,1
73.0,1.0,3.0,0.0,2.0,4.0,1.0,24.0,5.0,0.20833333333333334,3.204907626812047,0.0,1.0,25.0,15.0,0.0,1.0,0.0,1.0,1.0,0.0,0.0,1.0,100.0,1.0,1.0,10.0,0.0,0.0,2.0,1.0,4.0,5.0,0.0,0.0,1.0,28.0,0.6342410966277173,1.0,3.0,10.0,107.0,3.0,1.0,1280.0,800.0,8.0,0.0,1
59.0,0.0,1.0,0.0,1.0,2.0,1.0,12.0,5.0,0.4166666666666667,3.537858961032684,0.0,3.0,57.0,44.0,0.0,0.0,0.0,0.0,0.0,0.0,0.0,0.0,179.0,1.0,1.0,8.0,1.0,1.0,0.0,0.0,4.0,3.0,1.0,0.0,1.0,23.0,0.12856920160456717,3.0,5.0,8.0,97.0,2.0,1.0,1280.0,800.0,9.0,0.0,1
69.0,1.0,1.0,0.0,1.0,2.0,1.0,16.0,12.0,0.75,3.6155884718965665,0.0,3.0,24.0,20.0,1.0,1.0,0.0,1.0,1.0,0.0,0.0,1.0,76.0,1.0,1.0,8.0,1.0,1.0,0.0,0.0,1.0,1.0,0.0,1.0,1.0,23.0,0.7103711087596035,6.0,3.0,8.0,78.0,12.0,1.0,1280.0,800.0,1.0,0.0,1
49.0,0.0,1.0,0.0,2.0,2.0,0.0,22.0,8.0,0.6158035210228108,3.4527611540709566,0.0,0.0,18.0,1.0,0.0,1.0,0.0,1.0,0.0,0.0,0.0,0.0,195.0,1.0,1.0,10.0,1.0,0.0,0.0,0.0,2.0,2.0,0.0,0.0,1.0,19.0,0.17657726332850437,7.0,1.0,10.0,54.0,14.0,1.0,1280.0,800.0,9.0,0.0,1
59.0,0.0,3.0,0.0,2.0,4.0,1.0,14.0,0.0,0.0,2.9924160321494218,0.0,0.0,13.0,1.0,0.0,1.0,0.0,1.0,0.0,0.0,0.0,0.0,249.0,1.0,1.0,5.0,1.0,1.0,0.0,0.0,2.0,3.0,1.0,0.0,1.0,22.0,0.003591497096578744,3.0,2.0,5.0,76.0,6.0,1.0,1280.0,800.0,4.0,0.0,1
65.0,1.0,0.0,0.0,3.0,1.0,1.0,11.0,5.0,0.45454545454545453,2.8132372556152636,0.0,3.0,23.0,44.0,0.0,0.0,0.0,0.0,1.0,0.0,0.0,1.0,283.0,1.0,1.0,8.0,1.0,1.0,0.0,0.0,1.0,2.0,1.0,0.0,1.0,41.0,0.6991589747813178,6.0,2.0,8.0,96.0,7.0,1.0,1280.0,800.0,8.0,0.0,1
81.0,0.0,2.0,0.0,1.0,3.0,0.0,26.0,5.0,0.19230769230769232,3.7862943945406213,0.0,1.0,33.0,27.0,0.0,1.0,0.0,1.0,0.0,0.0,0.0,0.0,148.0,1.0,0.0,4.0,1.0,1.0,1.0,0.0,2.0,1.0,0.0,0.0,1.0,36.0,0.2181726977317168,5.0,2.0,4.0,42.0,8.0,0.0,1280.0,800.0,14.0,0.0,1
78.0,1.0,2.0,0.0,2.0,3.0,0.0,24.0,8.0,0.586059115513411,3.3836358769637696,0.0,1.0,47.0,20.0,0.0,1.0,0.0,1.0,1.0,0.0,0.0,1.0,51.0,1.0,1.0,8.0,1.0,1.0,0.0,0.0,4.0,3.0,0.0,0.0,1.0,10.0,0.6778968403962133,7.0,4.0,8.0,80.0,13.0,1.0,1280.0,800.0,6.0,0.0,1
75.0,1.0,1.0,0.0,4.0,2.0,1.0,12.0,0.0,0.0,3.827978696955186,0.0,0.0,7.0,26.0,0.0,0.0,0.0,0.0,1.0,0.0,0.0,1.0,197.0,1.0,0.0,4.0,1.0,1.0,0.0,1.0,2.0,1.0,1.0,1.0,1.0,5.0,0.7474305406965569,3.0,1.0,4.0,19.0,1.0,1.0,1280.0,800.0,14.0,1.0,1
45.0,0.0,2.0,0.0,2.0,3.0,1.0,17.0,2.0,0.11764705882352941,3.0299026962757027,0.0,1.0,8.0,24.0,0.0,1.0,0.0,1.0,0.0,0.0,0.0,0.0,129.0,1.0,0.0,4.0,1.0,0.0,0.0,0.0,3.0,2.0,1.0,1.0,1.0,7.0,0.024921718344548604,4.0,2.0,4.0,76.0,4.0,1.0,1280.0,800.0,13.0,0.0,1
69.0,1.0,0.0,0.0,3.0,1.0,1.0,21.0,8.0,0.38095238095238093,3.889419541944599,0.0,0.0,48.0,14.0,0.0,1.0,0.0,1.0,1.0,0.0,0.0,1.0,314.0,2.0,0.0,11.0,1.0,0.0,0.0,0.0,9.0,2.0,1.0,0.0,1.0,35.0,0.7557341411787076,3.0,4.0,11.0,69.0,2.0,1.0,1280.0,800.0,14.0,0.0,1
78.0,1.0,0.0,1.0,0.0,1.0,0.0,15.0,3.0,0.646453500959825,2.5261636494388195,0.0,0.0,40.0,2.0,0.0,1.0,0.0,1.0,0.0,1.0,0.0,0.0,306.0,1.0,1.0,3.0,1.0,0.0,0.0,0.0,3.0,2.0,0.0,0.0,1.0,13.0,0.6037595081199881,4.0,1.0,3.0,115.0,13.0,1.0,1280.0,800.0,3.0,0.0,1
70.0,1.0,1.0,0.0,4.0,2.0,1.0,16.0,0.0,0.0,2.9971058859888178,0.0,0.0,8.0,33.0,0.0,1.0,0.0,1.0,0.0,0.0,1.0,0.0,82.0,1.0,0.0,10.0,1.0,1.0,0.0,0.0,4.0,4.0,1.0,0.0,1.0,44.0,0.8739667924470558,7.0,3.0,10.0,24.0,5.0,1.0,1280.0,800.0,14.0,0.0,1
65.0,1.0,1.0,0.0,2.0,2.0,1.0,14.0,0.0,0.0,2.979502410842583,0.0,0.0,9.0,43.0,0.0,0.0,0.0,0.0,1.0,0.0,0.0,1.0,139.0,1.0,0.0,6.0,1.0,1.0,0.0,0.0,2.0,3.0,0.0,0.0,1.0,40.0,0.8420026762442324,6.0,4.0,6.0,86.0,14.0,1.0,1280.0,800.0,5.0,1.0,1
88.0,0.0,2.0,0.0,2.0,3.0,1.0,12.0,2.0,0.16666666666666666,3.19649732514922,0.0,0.0,47.0,15.0,0.0,1.0,0.0,1.0,0.0,0.0,0.0,0.0,322.0,2.0,0.0,8.0,1.0,1.0,0.0,0.0,3.0,3.0,0.0,0.0,1.0,19.0,0.2537484851425212,1.0,2.0,8.0,66.0,9.0,1.0,1280.0,800.0,13.0,0.0,1
93.0,0.0,0.0,0.0,2.0,1.0,0.0,16.0,0.0,0.0,3.667027278443437,1.0,1.0,21.0,9.0,0.0,1.0,0.0,1.0,0.0,0.0,0.0,0.0,210.0,2.0,0.0,7.0,0.0,1.0,0.0,0.0,1.0,3.0,0.0,0.0,1.0,6.0,0.1319036551812158,3.0,5.0,7.0,103.0,0.0,1.0,1280.0,800.0,14.0,0.0,1
59.0,0.0,0.0,0.0,2.0,1.0,1.0,21.0,10.0,0.7249066040074919,3.7067438376194546,0.0,0.0,38.0,15.0,0.0,1.0,0.0,1.0,0.0,0.0,0.0,0.0,67.0,1.0,1.0,4.0,1.0,0.0,0.0,0.0,4.0,2.0,0.0,0.0,1.0,24.0,0.12860032242339098,1.0,3.0,4.0,92.0,7.0,1.0,1280.0,800.0,7.0,0.0,1
44.0,0.0,0.0,0.0,2.0,1.0,0.0,14.0,0.0,0.0,3.7892700543979307,1.0,2.0,44.0,27.0,0.0,1.0,0.0,1.0,0.0,0.0,0.0,0.0,78.0,1.0,0.0,7.0,1.0,1.0,0.0,0.0,3.0,3.0,0.0,0.0,1.0,35.0,0.014876544802139301,4.0,2.0,7.0,99.0,7.0,1.0,1280.0,800.0,11.0,0.0,1
41.0,1.0,0.0,0.0,1.0,1.0,0.0,23.0,5.0,0.21739130434782608,3.14353943019096,0.0,0.0,39.0,33.0,0.0,1.0,0.0,1.0,1.0,0.0,0.0,1.0,257.0,1.0,0.0,11.0,1.0,1.0,0.0,1.0,0.0,1.0,0.0,0.0,1.0,31.0,0.8187791477618179,4.0,1.0,11.0,84.0,8.0,1.0,1280.0,800.0,8.0,0.0,1
44.0,1.0,1.0,0.0,1.0,2.0,0.0,19.0,0.0,0.0,3.3943466918224208,1.0,0.0,34.0,43.0,0.0,1.0,0.0,1.0,0.0,1.0,0.0,0.0,48.0,1.0,0.0,8.0,0.0,1.0,1.0,0.0,0.0,2.0,0.0,0.0,1.0,5.0,0.7315457036916226,7.0,3.0,8.0,81.0,5.0,1.0,1280.0,800.0,1.0,0.0,1
53.0,1.0,0.0,0.0,1.0,1.0,0.0,29.0,12.0,0.5386435605103168,3.795920526411964,0.0,2.0,12.0,43.0,0.0,0.0,0.0,0.0,0.0,0.0,1.0,0.0,93.0,1.0,0.0,7.0,1.0,0.0,0.0,0.0,4.0,2.0,0.0,0.0,1.0,25.0,0.9581219445098834,4.0,3.0,7.0,14.0,10.0,1.0,1280.0,800.0,2.0,1.0,1
46.0,1.0,2.0,0.0,2.0,3.0,1.0,23.0,0.0,0.0,3.7125486210370435,0.0,2.0,25.0,28.0,0.0,0.0,0.0,0.0,1.0,0.0,0.0,1.0,109.0,1.0,0.0,6.0,0.0,1.0,1.0,0.0,4.0,2.0,1.0,1.0,1.0,33.0,0.9077912145898589,2.0,3.0,6.0,11.0,10.0,1.0,1280.0,800.0,10.0,0.0,1
76.0,1.0,1.0,0.0,1.0,2.0,1.0,25.0,2.0,0.08,2.8201342672695757,0.0,0.0,21.0,32.0,0.0,1.0,0.0,1.0,1.0,0.0,0.0,1.0,164.0,2.0,1.0,1.0,1.0,1.0,0.0,0.0,4.0,3.0,0.0,0.0,1.0,20.0,0.6578117073593256,1.0,3.0,1.0,97.0,5.0,1.0,1280.0,800.0,6.0,0.0,1
41.0,1.0,0.0,0.0,1.0,1.0,0.0,19.0,8.0,0.42105263157894735,3.7866889961222663,0.0,0.0,14.0,6.0,1.0,1.0,0.0,1.0,1.0,0.0,0.0,1.0,68.0,1.0,0.0,6.0,0.0,0.0,0.0,0.0,15.0,1.0,1.0,0.0,0.0,37.0,0.7108939856658323,6.0,5.0,6.0,95.0,11.0,1.0,1280.0,800.0,6.0,0.0,1
94.0,0.0,1.0,0.0,3.0,2.0,1.0,13.0,2.0,0.15384615384615385,3.1602739493631584,0.0,2.0,12.0,24.0,0.0,0.0,0.0,0.0,0.0,0.0,0.0,0.0,239.0,1.0,0.0,5.0,1.0,1.0,1.0,0.0,3.0,3.0,0.0,0.0,1.0,12.0,0.1272595850014962,7.0,4.0,5.0,59.0,14.0,1.0,1280.0,800.0,10.0,0.0,1
82.0,1.0,2.0,0.0,3.0,3.0,0.0,22.0,2.0,0.09090909090909091,2.844788989369036,0.0,0.0,29.0,16.0,1.0,0.0,0.0,0.0,1.0,0.0,0.0,1.0,29.0,1.0,0.0,4.0,0.0,1.0,0.0,0.0,0.0,1.0,1.0,1.0,1.0,42.0,0.8696709631349142,2.0,1.0,4.0,32.0,6.0,1.0,1280.0,800.0,2.0,1.0,1
82.0,1.0,0.0,0.0,3.0,1.0,1.0,19.0,9.0,0.6651512977308115,3.6733738497079154,0.0,2.0,38.0,3.0,1.0,0.0,0.0,0.0,1.0,0.0,0.0,1.0,237.0,1.0,0.0,9.0,0.0,1.0,0.0,0.0,4.0,3.0,1.0,0.0,1.0,5.0,0.7025636019765173,5.0,5.0,9.0,82.0,6.0,1.0,1280.0,800.0,10.0,0.0,1
77.0,1.0,2.0,0.0,1.0,3.0,1.0,18.0,0.0,0.0,3.762364444275087,0.0,0.0,10.0,26.0,1.0,0.0,0.0,0.0,1.0,0.0,0.0,1.0,340.0,1.0,0.0,11.0,0.0,1.0,0.0,0.0,4.0,3.0,1.0,1.0,1.0,17.0,0.8895198727289628,7.0,2.0,11.0,14.0,10.0,1.0,1280.0,800.0,13.0,0.0,1
41.0,1.0,3.0,0.0,4.0,4.0,0.0,15.0,0.0,0.0,3.8944456535052407,0.0,0.0,57.0,26.0,1.0,1.0,0.0,1.0,1.0,0.0,0.0,1.0,76.0,1.0,1.0,1.0,1.0,1.0,0.0,0.0,4.0,2.0,0.0,0.0,1.0,42.0,0.8675833014449283,1.0,4.0,1.0,78.0,9.0,1.0,1280.0,800.0,7.0,0.0,1
49.0,0.0,0.0,0.0,2.0,1.0,0.0,19.0,0.0,0.0,3.841763382823107,1.0,1.0,34.0,1.0,0.0,1.0,0.0,1.0,0.0,0.0,0.0,0.0,59.0,1.0,1.0,8.0,1.0,0.0,0.0,0.0,4.0,1.0,1.0,1.0,1.0,23.0,0.15844798822985548,5.0,5.0,8.0,97.0,0.0,1.0,1280.0,800.0,10.0,0.0,1
45.0,0.0,1.0,0.0,3.0,2.0,1.0,26.0,10.0,0.5313327611925536,3.448206997061183,0.0,1.0,37.0,36.0,0.0,0.0,0.0,0.0,0.0,0.0,0.0,0.0,234.0,2.0,0.0,2.0,1.0,1.0,0.0,0.0,4.0,2.0,0.0,1.0,1.0,35.0,0.08569485347978856,2.0,2.0,2.0,24.0,3.0,1.0,1280.0,800.0,13.0,0.0,1
65.0,1.0,1.0,0.0,1.0,2.0,0.0,15.0,0.0,0.0,3.6697757125762975,1.0,2.0,56.0,32.0,0.0,1.0,0.0,1.0,1.0,0.0,0.0,1.0,102.0,1.0,0.0,11.0,0.0,1.0,0.0,0.0,0.0,3.0,0.0,0.0,1.0,5.0,0.8139388263959517,3.0,1.0,11.0,103.0,10.0,1.0,1280.0,800.0,10.0,0.0,1
61.0,1.0,2.0,0.0,1.0,3.0,1.0,16.0,11.0,0.4929744769121729,4.101444738768714,0.0,0.0,51.0,13.0,0.0,0.0,0.0,0.0,1.0,0.0,0.0,1.0,216.0,1.0,0.0,4.0,1.0,1.0,0.0,0.0,0.0,3.0,0.0,1.0,1.0,36.0,0.794361624761123,7.0,1.0,4.0,52.0,12.0,1.0,1280.0,800.0,12.0,1.0,1
72.0,0.0,0.0,0.0,3.0,1.0,1.0,24.0,2.0,0.08333333333333333,3.025812665039215,0.0,0.0,50.0,16.0,0.0,1.0,0.0,1.0,0.0,0.0,0.0,0.0,266.0,1.0,1.0,4.0,0.0,1.0,0.0,0.0,15.0,1.0,0.0,1.0,1.0,31.0,0.09450990919793664,2.0,1.0,4.0,77.0,11.0,1.0,1280.0,800.0,4.0,1.0,1
61.0,1.0,2.0,0.0,1.0,3.0,1.0,18.0,12.0,0.6666666666666666,3.429303016010526,0.0,1.0,52.0,23.0,0.0,1.0,0.0,1.0,1.0,0.0,0.0,1.0,242.0,1.0,1.0,10.0,1.0,1.0,1.0,0.0,1.0,1.0,0.0,0.0,1.0,14.0,0.9420672631560594,1.0,5.0,10.0,82.0,4.0,1.0,1280.0,800.0,9.0,0.0,1
79.0,0.0,1.0,0.0,1.0,2.0,0.0,21.0,0.0,0.0,3.396481202154124,0.0,0.0,53.0,3.0,1.0,1.0,0.0,1.0,0.0,0.0,0.0,0.0,308.0,1.0,1.0,1.0,1.0,1.0,1.0,0.0,3.0,4.0,1.0,1.0,1.0,31.0,0.2604593066469071,1.0,1.0,1.0,61.0,4.0,1.0,1280.0,800.0,10.0,1.0,1
35.0,0.0,1.0,0.0,0.0,2.0,1.0,16.0,5.0,0.3125,3.7661789911753276,0.0,0.0,33.0,1.0,0.0,1.0,0.0,1.0,0.0,0.0,0.0,0.0,115.0,1.0,1.0,9.0,1.0,0.0,0.0,0.0,1.0,2.0,0.0,0.0,1.0,6.0,0.24955739556138354,6.0,3.0,9.0,1.0,5.0,1.0,1280.0,800.0,0.0,0.0,1
38.0,1.0,0.0,0.0,1.0,1.0,1.0,17.0,0.0,0.0,3.7315000924713466,0.0,0.0,8.0,42.0,0.0,0.0,0.0,0.0,1.0,0.0,0.0,1.0,326.0,1.0,1.0,6.0,1.0,0.0,1.0,0.0,10.0,1.0,0.0,1.0,1.0,25.0,0.7399952142794425,3.0,1.0,6.0,19.0,3.0,1.0,1280.0,800.0,11.0,0.0,1
56.0,0.0,2.0,0.0,1.0,3.0,0.0,13.0,10.0,0.7692307692307693,3.15855404032359,0.0,0.0,17.0,22.0,0.0,1.0,0.0,1.0,0.0,0.0,0.0,0.0,167.0,1.0,0.0,9.0,1.0,1.0,0.0,0.0,2.0,3.0,0.0,0.0,1.0,8.0,0.06604009218746056,1.0,3.0,9.0,12.0,11.0,1.0,1280.0,800.0,5.0,0.0,1
80.0,1.0,1.0,0.0,1.0,2.0,0.0,20.0,5.0,0.25,3.505913150194485,0.0,0.0,59.0,31.0,0.0,0.0,0.0,0.0,1.0,0.0,0.0,1.0,43.0,1.0,0.0,1.0,1.0,0.0,0.0,0.0,0.0,1.0,0.0,1.0,1.0,12.0,0.9712764263890405,3.0,4.0,1.0,18.0,11.0,1.0,1280.0,800.0,4.0,0.0,1
82.0,1.0,0.0,0.0,3.0,1.0,0.0,25.0,0.0,0.0,2.99827803733754,0.0,3.0,38.0,24.0,0.0,1.0,0.0,1.0,1.0,0.0,0.0,1.0,47.0,2.0,1.0,8.0,1.0,1.0,0.0,1.0,3.0,2.0,1.0,1.0,1.0,7.0,0.9560526050898415,2.0,5.0,8.0,82.0,8.0,1.0,1280.0,800.0,3.0,0.0,1
37.0,1.0,2.0,0.0,2.0,3.0,1.0,15.0,5.0,0.3333333333333333,2.803454653710219,0.0,1.0,19.0,38.0,0.0,0.0,0.0,0.0,1.0,0.0,0.0,1.0,35.0,1.0,0.0,3.0,1.0,1.0,0.0,0.0,0.0,1.0,1.0,1.0,1.0,11.0,0.7516957798244333,4.0,2.0,3.0,10.0,12.0,1.0,1280.0,800.0,8.0,0.0,1
45.0,1.0,3.0,0.0,2.0,4.0,0.0,18.0,8.0,0.4444444444444444,3.2183831943406367,0.0,1.0,15.0,14.0,0.0,1.0,0.0,1.0,1.0,0.0,0.0,1.0,122.0,1.0,1.0,10.0,1.0,1.0,0.0,1.0,2.0,3.0,1.0,0.0,1.0,18.0,0.6385484751232657,4.0,1.0,10.0,35.0,8.0,1.0,1280.0,800.0,5.0,0.0,1
46.0,1.0,2.0,0.0,1.0,3.0,0.0,12.0,8.0,0.6666666666666666,2.9940143239926122,0.0,0.0,25.0,28.0,0.0,1.0,0.0,1.0,1.0,0.0,0.0,1.0,99.0,1.0,0.0,1.0,1.0,1.0,0.0,1.0,1.0,1.0,1.0,1.0,1.0,35.0,0.8999501044485627,7.0,4.0,1.0,55.0,1.0,1.0,1280.0,800.0,4.0,0.0,1
58.0,1.0,0.0,0.0,3.0,1.0,0.0,11.0,5.0,0.45454545454545453,3.235559098991637,0.0,0.0,40.0,22.0,1.0,0.0,0.0,0.0,1.0,0.0,0.0,1.0,199.0,1.0,0.0,4.0,1.0,1.0,0.0,1.0,3.0,1.0,0.0,0.0,1.0,24.0,0.7975612458039232,5.0,4.0,4.0,93.0,9.0,1.0,1280.0,800.0,0.0,1.0,1
75.0,0.0,2.0,0.0,2.0,3.0,1.0,25.0,8.0,0.4699041906137639,3.273909200359491,0.0,0.0,28.0,41.0,0.0,0.0,0.0,0.0,0.0,0.0,0.0,0.0,218.0,1.0,1.0,7.0,1.0,1.0,0.0,0.0,4.0,1.0,0.0,1.0,1.0,23.0,0.22163146208792403,1.0,3.0,7.0,87.0,4.0,1.0,1280.0,800.0,4.0,0.0,1
84.0,0.0,2.0,0.0,4.0,3.0,0.0,15.0,0.0,0.0,2.828511813719714,0.0,0.0,36.0,28.0,0.0,1.0,0.0,1.0,0.0,0.0,0.0,0.0,37.0,1.0,1.0,5.0,1.0,0.0,2.0,2.0,2.0,4.0,1.0,0.0,1.0,23.0,0.29341605024242073,1.0,3.0,5.0,39.0,8.0,1.0,1280.0,800.0,14.0,0.0,1
58.0,1.0,1.0,0.0,3.0,2.0,0.0,16.0,0.0,0.0,3.387600982869562,0.0,0.0,31.0,32.0,0.0,0.0,0.0,0.0,1.0,0.0,0.0,1.0,65.0,2.0,1.0,11.0,1.0,0.0,0.0,0.0,2.0,3.0,1.0,1.0,1.0,34.0,0.6748840280556443,2.0,2.0,11.0,21.0,13.0,1.0,1280.0,800.0,0.0,1.0,1
91.0,0.0,1.0,0.0,2.0,2.0,0.0,18.0,0.0,0.0,3.6216370545595096,0.0,1.0,30.0,7.0,0.0,1.0,0.0,1.0,0.0,0.0,0.0,0.0,278.0,1.0,0.0,7.0,1.0,1.0,0.0,0.0,4.0,2.0,1.0,1.0,1.0,26.0,0.07870939433752415,5.0,5.0,7.0,31.0,9.0,1.0,1280.0,800.0,11.0,0.0,1
90.0,1.0,0.0,1.0,0.0,1.0,0.0,15.0,3.0,0.6563944090710858,2.8239270980594435,0.0,0.0,9.0,39.0,0.0,0.0,0.0,0.0,1.0,0.0,0.0,1.0,349.0,2.0,0.0,1.0,1.0,1.0,0.0,0.0,1.0,2.0,0.0,0.0,1.0,44.0,0.645704911999237,6.0,1.0,1.0,84.0,0.0,1.0,1280.0,800.0,5.0,0.0,1
85.0,1.0,0.0,0.0,2.0,1.0,0.0,13.0,5.0,0.38461538461538464,3.48812847703587,0.0,0.0,23.0,16.0,1.0,1.0,0.0,1.0,1.0,0.0,0.0,1.0,80.0,1.0,0.0,6.0,0.0,1.0,0.0,0.0,2.0,3.0,1.0,1.0,1.0,39.0,0.7207498191909759,4.0,2.0,6.0,26.0,6.0,1.0,1280.0,800.0,12.0,0.0,1
35.0,1.0,1.0,0.0,3.0,2.0,1.0,14.0,2.0,0.14285714285714285,3.7107054216430657,0.0,0.0,43.0,40.0,0.0,1.0,0.0,1.0,0.0,0.0,1.0,0.0,65.0,2.0,0.0,3.0,0.0,0.0,0.0,1.0,4.0,3.0,1.0,0.0,1.0,22.0,0.7236730044430041,7.0,3.0,3.0,62.0,4.0,1.0,1280.0,800.0,2.0,0.0,1
79.0,1.0,2.0,0.0,3.0,3.0,1.0,19.0,9.0,0.4819928706137484,3.2146825635435334,0.0,1.0,44.0,8.0,0.0,1.0,0.0,1.0,1.0,0.0,0.0,1.0,103.0,1.0,0.0,3.0,1.0,1.0,0.0,0.0,4.0,2.0,0.0,1.0,1.0,39.0,0.770145835375681,2.0,2.0,3.0,17.0,6.0,1.0,1280.0,800.0,0.0,0.0,1
80.0,1.0,0.0,1.0,0.0,1.0,0.0,15.0,3.0,0.7082211723131695,2.5630289037699736,0.0,1.0,34.0,21.0,0.0,0.0,0.0,0.0,1.0,0.0,0.0,1.0,210.0,1.0,6.0,7.0,1.0,1.0,1.0,0.0,1.0,1.0,1.0,0.0,1.0,40.0,0.6043994781982142,2.0,1.0,7.0,71.0,5.0,1.0,1280.0,800.0,9.0,0.0,1
45.0,0.0,2.0,0.0,2.0,3.0,1.0,20.0,2.0,0.1,3.5098518044072993,0.0,1.0,15.0,22.0,0.0,0.0,0.0,0.0,0.0,0.0,0.0,0.0,191.0,1.0,0.0,1.0,1.0,1.0,1.0,0.0,0.0,3.0,1.0,1.0,1.0,30.0,0.16072056849105104,1.0,1.0,1.0,18.0,12.0,1.0,1280.0,800.0,8.0,0.0,1
85.0,1.0,2.0,0.0,4.0,3.0,0.0,11.0,2.0,0.18181818181818182,3.474628277302,0.0,1.0,21.0,41.0,0.0,0.0,0.0,0.0,1.0,0.0,0.0,1.0,51.0,1.0,0.0,8.0,0.0,0.0,0.0,0.0,6.0,2.0,1.0,0.0,0.0,29.0,0.9764800359447937,2.0,2.0,8.0,92.0,12.0,1.0,1280.0,800.0,13.0,0.0,1
37.0,1.0,2.0,0.0,3.0,3.0,0.0,11.0,5.0,0.45454545454545453,2.931474241583506,0.0,2.0,38.0,10.0,0.0,1.0,0.0,1.0,0.0,1.0,1.0,0.0,96.0,1.0,1.0,10.0,1.0,1.0,0.0,0.0,2.0,1.0,0.0,0.0,1.0,40.0,0.8944039746112449,5.0,4.0,10.0,61.0,1.0,1.0,1280.0,800.0,5.0,0.0,1
58.0,1.0,2.0,0.0,2.0,3.0,1.0,12.0,0.0,0.0,3.38891423547283,0.0,0.0,16.0,1.0,0.0,0.0,0.0,0.0,1.0,0.0,0.0,1.0,329.0,1.0,0.0,7.0,1.0,0.0,1.0,1.0,0.0,2.0,0.0,0.0,1.0,18.0,0.940747865793141,6.0,2.0,7.0,5.0,14.0,1.0,1280.0,800.0,2.0,0.0,1
55.0,1.0,2.0,0.0,4.0,3.0,0.0,20.0,0.0,0.0,3.2677944847961626,0.0,1.0,20.0,21.0,0.0,0.0,0.0,0.0,1.0,0.0,0.0,1.0,85.0,1.0,0.0,7.0,1.0,0.0,1.0,2.0,4.0,3.0,0.0,0.0,1.0,41.0,0.7350402610528027,2.0,4.0,7.0,38.0,2.0,1.0,1280.0,800.0,7.0,0.0,1
69.0,1.0,2.0,0.0,2.0,3.0,1.0,20.0,2.0,0.1,3.503019221796276,0.0,0.0,46.0,12.0,0.0,0.0,0.0,0.0,1.0,0.0,0.0,1.0,263.0,2.0,0.0,10.0,1.0,1.0,0.0,0.0,4.0,2.0,1.0,0.0,1.0,21.0,0.888088742169121,7.0,2.0,10.0,2.0,12.0,1.0,1280.0,800.0,3.0,1.0,1
52.0,1.0,0.0,0.0,2.0,1.0,1.0,24.0,6.0,0.35969310963284107,3.599288022645526,0.0,0.0,5.0,36.0,0.0,1.0,0.0,1.0,0.0,0.0,0.0,0.0,80.0,2.0,0.0,5.0,1.0,0.0,1.0,0.0,2.0,3.0,1.0,0.0,1.0,27.0,0.6394601078430687,7.0,2.0,5.0,76.0,14.0,1.0,1280.0,800.0,11.0,0.0,1
65.0,1.0,1.0,0.0,2.0,2.0,1.0,11.0,0.0,0.0,3.761183047846006,0.0,0.0,49.0,12.0,0.0,0.0,0.0,0.0,0.0,1.0,0.0,0.0,220.0,1.0,0.0,6.0,0.0,1.0,2.0,2.0,2.0,2.0,1.0,1.0,1.0,29.0,0.6349261336530141,7.0,5.0,6.0,78.0,5.0,1.0,1280.0,800.0,3.0,0.0,1
91.0,1.0,1.0,0.0,3.0,2.0,0.0,29.0,7.0,0.624062979158442,3.906743158917263,0.0,0.0,22.0,3.0,0.0,1.0,0.0,1.0,1.0,0.0,0.0,1.0,225.0,1.0,1.0,6.0,1.0,1.0,0.0,0.0,2.0,2.0,1.0,0.0,1.0,36.0,0.7770014963349139,5.0,4.0,6.0,97.0,8.0,1.0,1280.0,800.0,1.0,0.0,1
77.0,1.0,1.0,0.0,1.0,2.0,0.0,19.0,0.0,0.0,3.658430025926343,1.0,0.0,27.0,21.0,0.0,1.0,0.0,1.0,0.0,1.0,0.0,0.0,343.0,1.0,0.0,11.0,1.0,0.0,0.0,0.0,4.0,3.0,1.0,0.0,1.0,42.0,0.6892597671198262,7.0,5.0,11.0,67.0,1.0,1.0,1280.0,800.0,6.0,0.0,1
47.0,1.0,2.0,0.0,2.0,3.0,1.0,21.0,0.0,0.0,2.906023739894509,0.0,1.0,26.0,8.0,0.0,1.0,0.0,1.0,1.0,0.0,0.0,1.0,349.0,1.0,0.0,8.0,1.0,1.0,1.0,0.0,4.0,3.0,1.0,0.0,1.0,15.0,0.80140987657009,2.0,5.0,8.0,41.0,3.0,1.0,1280.0,800.0,8.0,0.0,1
64.0,1.0,2.0,0.0,1.0,3.0,1.0,11.0,5.0,0.45454545454545453,2.8684403787639914,0.0,0.0,16.0,35.0,0.0,1.0,0.0,1.0,1.0,0.0,0.0,1.0,226.0,1.0,1.0,11.0,1.0,1.0,2.0,1.0,4.0,3.0,0.0,0.0,1.0,17.0,0.8286370288847028,6.0,3.0,11.0,93.0,9.0,1.0,1280.0,800.0,11.0,0.0,1
36.0,0.0,3.0,0.0,1.0,4.0,0.0,13.0,8.0,0.6153846153846154,3.453641290039939,0.0,1.0,34.0,4.0,0.0,0.0,0.0,0.0,0.0,0.0,0.0,0.0,324.0,1.0,1.0,3.0,1.0,1.0,1.0,1.0,2.0,3.0,1.0,0.0,1.0,12.0,0.015544564272883598,6.0,2.0,3.0,50.0,13.0,1.0,1280.0,800.0,8.0,0.0,1
69.0,1.0,2.0,0.0,1.0,3.0,0.0,18.0,0.0,0.0,3.2285459306011757,0.0,1.0,43.0,15.0,1.0,1.0,0.0,1.0,1.0,0.0,0.0,1.0,299.0,1.0,0.0,9.0,1.0,1.0,0.0,0.0,0.0,3.0,0.0,0.0,1.0,30.0,0.8369687125239178,1.0,2.0,9.0,85.0,12.0,1.0,1280.0,800.0,2.0,1.0,1
57.0,0.0,3.0,0.0,4.0,4.0,1.0,22.0,0.0,0.0,3.3643468308806144,0.0,0.0,40.0,26.0,0.0,0.0,0.0,0.0,0.0,0.0,0.0,0.0,116.0,1.0,6.0,6.0,1.0,1.0,0.0,1.0,4.0,3.0,0.0,0.0,1.0,18.0,0.17041969766461879,6.0,3.0,6.0,14.0,4.0,1.0,1280.0,800.0,6.0,0.0,1
41.0,1.0,0.0,1.0,0.0,1.0,0.0,15.0,3.0,0.7543866763649841,2.866145098130199,0.0,1.0,56.0,14.0,1.0,0.0,0.0,0.0,1.0,0.0,0.0,1.0,249.0,1.0,1.0,9.0,0.0,0.0,1.0,0.0,4.0,2.0,0.0,0.0,1.0,24.0,0.8692554674627558,4.0,3.0,9.0,96.0,5.0,1.0,1280.0,800.0,7.0,0.0,1
49.0,0.0,1.0,0.0,4.0,2.0,0.0,20.0,2.0,0.1,3.236022796032027,0.0,3.0,23.0,12.0,0.0,1.0,0.0,1.0,0.0,0.0,0.0,0.0,142.0,1.0,0.0,8.0,1.0,1.0,0.0,1.0,0.0,3.0,0.0,0.0,1.0,29.0,0.254140442229949,2.0,3.0,8.0,82.0,12.0,1.0,1280.0,800.0,1.0,0.0,1
53.0,1.0,0.0,0.0,3.0,1.0,0.0,15.0,9.0,0.6206424846400316,4.183739174435984,0.0,0.0,56.0,14.0,0.0,1.0,0.0,1.0,1.0,0.0,0.0,1.0,63.0,1.0,0.0,9.0,1.0,1.0,0.0,0.0,3.0,2.0,0.0,1.0,1.0,14.0,0.6034031340637228,7.0,5.0,9.0,96.0,0.0,1.0,1280.0,800.0,1.0,0.0,1
58.0,1.0,3.0,0.0,1.0,4.0,1.0,10.0,2.0,0.2,2.9625267969928673,0.0,0.0,7.0,37.0,1.0,0.0,0.0,0.0,1.0,0.0,0.0,1.0,17.0,1.0,0.0,9.0,1.0,1.0,0.0,1.0,12.0,2.0,1.0,1.0,1.0,39.0,0.7472911894498917,4.0,3.0,9.0,104.0,12.0,1.0,1280.0,800.0,2.0,0.0,1
39.0,1.0,0.0,1.0,0.0,1.0,0.0,15.0,3.0,0.7061080222227741,2.8525923806693694,0.0,0.0,15.0,2.0,1.0,0.0,0.0,0.0,0.0,0.0,0.0,0.0,349.0,1.0,1.0,5.0,0.0,0.0,0.0,0.0,4.0,3.0,1.0,0.0,0.0,12.0,0.8217910321997216,2.0,5.0,5.0,65.0,7.0,1.0,1280.0,800.0,3.0,1.0,1
92.0,0.0,1.0,0.0,2.0,2.0,0.0,17.0,2.0,0.11764705882352941,3.4714067886914943,0.0,2.0,30.0,19.0,0.0,1.0,0.0,1.0,0.0,0.0,0.0,0.0,166.0,1.0,0.0,2.0,1.0,0.0,1.0,0.0,4.0,1.0,1.0,1.0,1.0,43.0,0.12119876957979281,1.0,4.0,2.0,119.0,1.0,1.0,1280.0,800.0,0.0,0.0,1
90.0,1.0,1.0,0.0,3.0,2.0,1.0,14.0,8.0,0.5714285714285714,3.3657188261594735,0.0,0.0,50.0,42.0,1.0,0.0,0.0,0.0,1.0,0.0,0.0,1.0,173.0,1.0,0.0,7.0,1.0,0.0,0.0,0.0,2.0,1.0,0.0,1.0,1.0,33.0,0.7845111562279435,2.0,2.0,7.0,49.0,14.0,1.0,1280.0,800.0,9.0,0.0,1
70.0,0.0,2.0,0.0,3.0,3.0,1.0,16.0,5.0,0.3125,3.7742791607698587,0.0,0.0,34.0,26.0,0.0,1.0,0.0,1.0,0.0,0.0,0.0,0.0,35.0,1.0,0.0,8.0,1.0,1.0,0.0,0.0,8.0,1.0,1.0,0.0,1.0,10.0,0.0005922756434613375,2.0,3.0,8.0,65.0,5.0,1.0,1280.0,800.0,7.0,0.0,1
60.0,0.0,0.0,0.0,3.0,1.0,1.0,16.0,5.0,0.3125,3.8008755992071412,0.0,0.0,6.0,33.0,0.0,1.0,0.0,1.0,0.0,0.0,0.0,0.0,249.0,1.0,1.0,8.0,1.0,1.0,0.0,0.0,2.0,2.0,1.0,0.0,1.0,27.0,0.01821603668996693,7.0,2.0,8.0,106.0,12.0,1.0,1280.0,800.0,9.0,0.0,1
85.0,1.0,3.0,0.0,1.0,4.0,1.0,13.0,0.0,0.0,3.006303395360707,0.0,2.0,18.0,18.0,0.0,1.0,0.0,1.0,1.0,0.0,0.0,1.0,173.0,2.0,0.0,5.0,0.0,1.0,1.0,0.0,2.0,2.0,1.0,1.0,1.0,14.0,0.8667521233600507,7.0,5.0,5.0,91.0,4.0,1.0,1280.0,800.0,7.0,0.0,1
59.0,1.0,2.0,0.0,2.0,3.0,1.0,21.0,2.0,0.09523809523809523,3.3511078374353964,0.0,2.0,49.0,7.0,0.0,1.0,0.0,1.0,1.0,0.0,0.0,1.0,321.0,1.0,0.0,11.0,0.0,1.0,1.0,0.0,4.0,3.0,1.0,1.0,1.0,15.0,0.6882069734245944,2.0,5.0,11.0,113.0,3.0,1.0,1280.0,800.0,6.0,0.0,1
55.0,0.0,1.0,0.0,4.0,2.0,1.0,24.0,8.0,0.3333333333333333,3.424460833822538,0.0,0.0,57.0,5.0,0.0,1.0,0.0,1.0,0.0,0.0,0.0,0.0,213.0,1.0,0.0,8.0,1.0,1.0,0.0,0.0,1.0,2.0,1.0,0.0,1.0,17.0,0.043376341892619706,7.0,5.0,8.0,86.0,11.0,1.0,1280.0,800.0,11.0,0.0,1
82.0,0.0,1.0,0.0,2.0,2.0,1.0,25.0,6.0,0.5997657600453883,3.2385950308411275,0.0,1.0,31.0,37.0,0.0,0.0,0.0,0.0,0.0,0.0,0.0,0.0,236.0,1.0,1.0,2.0,1.0,1.0,0.0,0.0,2.0,2.0,1.0,1.0,1.0,26.0,0.08009077272397278,5.0,4.0,2.0,32.0,2.0,1.0,1280.0,800.0,5.0,0.0,1
64.0,0.0,0.0,1.0,0.0,1.0,0.0,15.0,3.0,0.6009615102797985,2.5356243881609424,0.0,0.0,19.0,7.0,0.0,0.0,0.0,0.0,0.0,0.0,0.0,0.0,152.0,1.0,6.0,10.0,1.0,1.0,0.0,0.0,1.0,1.0,1.0,0.0,1.0,12.0,0.06389090165758152,6.0,5.0,10.0,1.0,13.0,1.0,1280.0,800.0,5.0,0.0,1
39.0,0.0,2.0,0.0,3.0,3.0,0.0,14.0,5.0,0.35714285714285715,3.295388823839599,0.0,0.0,9.0,9.0,0.0,1.0,0.0,1.0,0.0,0.0,0.0,0.0,336.0,1.0,0.0,1.0,0.0,1.0,1.0,1.0,1.0,5.0,0.0,0.0,1.0,8.0,0.05111151087408341,5.0,2.0,1.0,32.0,14.0,1.0,1280.0,800.0,3.0,0.0,1
73.0,1.0,0.0,1.0,0.0,1.0,0.0,15.0,3.0,0.6981980360947053,2.8794813832073167,0.0,1.0,54.0,4.0,0.0,1.0,0.0,1.0,0.0,0.0,1.0,0.0,173.0,1.0,6.0,10.0,1.0,0.0,0.0,0.0,1.0,3.0,1.0,0.0,1.0,38.0,0.6563967465229288,1.0,3.0,10.0,84.0,7.0,1.0,1280.0,800.0,14.0,0.0,1
85.0,1.0,1.0,0.0,3.0,2.0,1.0,23.0,2.0,0.08695652173913043,3.4660727595984406,0.0,1.0,49.0,5.0,0.0,0.0,0.0,0.0,1.0,0.0,0.0,1.0,70.0,1.0,0.0,10.0,1.0,1.0,0.0,1.0,4.0,1.0,0.0,0.0,1.0,16.0,0.8023846399124851,3.0,4.0,10.0,116.0,8.0,1.0,1280.0,800.0,3.0,0.0,1
79.0,1.0,1.0,0.0,2.0,2.0,0.0,24.0,0.0,0.0,3.0437675823249775,0.0,0.0,48.0,12.0,0.0,1.0,0.0,1.0,1.0,0.0,0.0,1.0,234.0,1.0,6.0,8.0,1.0,1.0,1.0,1.0,4.0,3.0,0.0,0.0,1.0,40.0,0.6141654421689968,6.0,5.0,8.0,7.0,3.0,1.0,1280.0,800.0,0.0,0.0,1
46.0,1.0,0.0,1.0,0.0,1.0,0.0,15.0,3.0,0.7107335397392325,2.5359452184498017,0.0,0.0,5.0,8.0,0.0,0.0,0.0,0.0,1.0,0.0,0.0,1.0,319.0,1.0,0.0,10.0,1.0,1.0,0.0,0.0,4.0,3.0,1.0,0.0,1.0,33.0,0.9378965461707427,6.0,5.0,10.0,88.0,14.0,1.0,1280.0,800.0,11.0,1.0,1
80.0,1.0,3.0,0.0,2.0,4.0,0.0,13.0,0.0,0.0,3.7215457887579433,0.0,0.0,50.0,38.0,0.0,1.0,0.0,1.0,1.0,0.0,0.0,1.0,189.0,1.0,0.0,8.0,1.0,1.0,0.0,0.0,2.0,2.0,0.0,0.0,1.0,43.0,0.9585834947672456,1.0,4.0,8.0,114.0,8.0,1.0,1280.0,800.0,5.0,0.0,1
66.0,1.0,0.0,0.0,3.0,1.0,1.0,16.0,8.0,0.5,3.399776638888044,0.0,1.0,44.0,2.0,0.0,1.0,0.0,1.0,0.0,0.0,1.0,0.0,20.0,1.0,0.0,11.0,1.0,1.0,2.0,2.0,0.0,5.0,1.0,0.0,1.0,12.0,0.9167559557270981,2.0,2.0,11.0,67.0,13.0,1.0,1280.0,800.0,6.0,0.0,1
60.0,0.0,2.0,0.0,3.0,3.0,0.0,21.0,2.0,0.09523809523809523,3.048233743523724,0.0,0.0,22.0,2.0,0.0,1.0,0.0,1.0,0.0,0.0,0.0,0.0,80.0,1.0,0.0,8.0,0.0,1.0,0.0,0.0,0.0,2.0,1.0,1.0,1.0,36.0,0.13727139083889256,4.0,2.0,8.0,42.0,12.0,1.0,1280.0,800.0,7.0,0.0,1
74.0,1.0,0.0,1.0,0.0,1.0,0.0,15.0,3.0,0.6246827592422161,3.090443928652282,0.0,0.0,11.0,4.0,0.0,1.0,0.0,1.0,1.0,0.0,0.0,1.0,67.0,1.0,1.0,6.0,1.0,1.0,1.0,0.0,4.0,3.0,0.0,1.0,1.0,29.0,0.9560242951548752,1.0,3.0,6.0,82.0,7.0,1.0,1280.0,800.0,2.0,0.0,1
92.0,1.0,1.0,0.0,2.0,2.0,0.0,14.0,12.0,0.6367295082638453,3.770041169528593,0.0,0.0,17.0,40.0,0.0,0.0,0.0,0.0,1.0,0.0,0.0,1.0,236.0,1.0,0.0,7.0,1.0,1.0,0.0,0.0,0.0,1.0,0.0,0.0,1.0,10.0,0.7107890175192753,4.0,2.0,7.0,4.0,10.0,1.0,1280.0,800.0,4.0,0.0,1
55.0,1.0,0.0,0.0,1.0,1.0,1.0,25.0,2.0,0.08,3.328095497368779,0.0,0.0,53.0,9.0,1.0,0.0,0.0,0.0,1.0,0.0,0.0,1.0,301.0,1.0,0.0,10.0,1.0,1.0,0.0,0.0,4.0,1.0,1.0,0.0,1.0,20.0,0.6336914919130882,6.0,5.0,10.0,91.0,8.0,1.0,1280.0,800.0,13.0,0.0,1
57.0,0.0,0.0,0.0,3.0,1.0,1.0,21.0,0.0,0.0,3.2740887460513353,0.0,1.0,41.0,12.0,0.0,1.0,0.0,1.0,0.0,0.0,0.0,0.0,26.0,1.0,0.0,7.0,1.0,1.0,1.0,0.0,3.0,2.0,0.0,0.0,1.0,23.0,0.12811789246592595,4.0,2.0,7.0,92.0,3.0,1.0,1280.0,800.0,5.0,0.0,1
93.0,1.0,0.0,1.0,0.0,1.0,0.0,15.0,3.0,0.722713662671986,2.9390520302892584,0.0,3.0,28.0,24.0,0.0,1.0,0.0,1.0,1.0,0.0,0.0,1.0,205.0,1.0,0.0,11.0,0.0,1.0,1.0,0.0,0.0,3.0,1.0,1.0,1.0,44.0,0.8502728360372251,3.0,4.0,11.0,79.0,0.0,1.0,1280.0,800.0,5.0,0.0,1
85.0,1.0,0.0,0.0,4.0,1.0,1.0,25.0,5.0,0.2,3.526227028024647,0.0,0.0,40.0,24.0,0.0,0.0,0.0,0.0,1.0,0.0,0.0,1.0,318.0,2.0,1.0,4.0,1.0,1.0,0.0,0.0,4.0,1.0,0.0,0.0,1.0,12.0,0.601134057335605,4.0,4.0,4.0,5.0,0.0,1.0,1280.0,800.0,2.0,0.0,1
41.0,0.0,3.0,0.0,1.0,4.0,1.0,22.0,2.0,0.09090909090909091,3.7326217621458118,0.0,0.0,36.0,18.0,0.0,1.0,0.0,1.0,0.0,0.0,0.0,0.0,140.0,1.0,0.0,6.0,1.0,1.0,1.0,1.0,4.0,3.0,1.0,1.0,1.0,33.0,0.12890830054832123,3.0,5.0,6.0,68.0,6.0,1.0,1280.0,800.0,0.0,1.0,1
82.0,1.0,2.0,0.0,2.0,3.0,1.0,21.0,0.0,0.0,3.2741288119580405,0.0,1.0,13.0,9.0,0.0,1.0,0.0,1.0,1.0,0.0,0.0,1.0,167.0,1.0,0.0,6.0,0.0,1.0,0.0,0.0,3.0,3.0,1.0,1.0,1.0,19.0,0.740428940546114,6.0,5.0,6.0,27.0,13.0,1.0,1280.0,800.0,14.0,1.0,1
65.0,1.0,0.0,1.0,0.0,1.0,0.0,15.0,3.0,0.6884857147740505,2.831691563895978,0.0,2.0,18.0,10.0,0.0,0.0,0.0,0.0,1.0,0.0,0.0,1.0,168.0,1.0,0.0,10.0,1.0,0.0,1.0,0.0,0.0,2.0,1.0,0.0,1.0,20.0,0.9514770475045132,1.0,2.0,10.0,89.0,8.0,1.0,1280.0,800.0,9.0,0.0,1
45.0,1.0,0.0,1.0,0.0,1.0,0.0,15.0,3.0,0.6067227814401227,2.785969220707205,0.0,3.0,52.0,19.0,0.0,1.0,0.0,1.0,1.0,0.0,0.0,1.0,241.0,2.0,0.0,8.0,1.0,1.0,0.0,0.0,2.0,3.0,0.0,0.0,1.0,25.0,0.7195357834606786,4.0,5.0,8.0,35.0,8.0,1.0,1280.0,800.0,13.0,0.0,1
60.0,1.0,0.0,0.0,3.0,1.0,0.0,23.0,8.0,0.34782608695652173,2.8231121412500007,0.0,1.0,8.0,27.0,1.0,0.0,0.0,0.0,1.0,0.0,0.0,1.0,312.0,1.0,6.0,7.0,1.0,1.0,1.0,0.0,8.0,2.0,0.0,1.0,1.0,19.0,0.7366801254084706,2.0,3.0,7.0,85.0,4.0,1.0,1280.0,800.0,6.0,0.0,1
53.0,1.0,2.0,0.0,2.0,3.0,1.0,29.0,13.0,0.5485920693689466,4.062024698588152,0.0,0.0,40.0,37.0,0.0,1.0,0.0,1.0,1.0,0.0,0.0,1.0,155.0,1.0,0.0,4.0,0.0,0.0,0.0,0.0,4.0,1.0,1.0,0.0,0.0,21.0,0.7109748516621257,5.0,1.0,4.0,115.0,8.0,1.0,1280.0,800.0,10.0,0.0,1
81.0,1.0,1.0,0.0,2.0,2.0,1.0,16.0,13.0,0.4068462613235094,3.289628726261081,0.0,0.0,46.0,18.0,0.0,0.0,0.0,0.0,0.0,1.0,1.0,0.0,36.0,1.0,0.0,5.0,0.0,1.0,0.0,0.0,4.0,3.0,1.0,0.0,1.0,8.0,0.9067849959386213,7.0,5.0,5.0,82.0,2.0,1.0,1280.0,800.0,8.0,1.0,1
75.0,0.0,0.0,0.0,1.0,1.0,0.0,19.0,0.0,0.0,3.243490517100832,1.0,0.0,43.0,35.0,0.0,1.0,0.0,1.0,0.0,0.0,0.0,0.0,200.0,1.0,1.0,3.0,1.0,0.0,0.0,0.0,2.0,1.0,1.0,1.0,1.0,28.0,0.0738022316848641,3.0,4.0,3.0,96.0,14.0,1.0,1280.0,800.0,1.0,0.0,1
63.0,1.0,1.0,0.0,3.0,2.0,0.0,10.0,5.0,0.5,3.377195467904201,0.0,1.0,31.0,23.0,0.0,1.0,0.0,1.0,1.0,0.0,0.0,1.0,214.0,1.0,1.0,7.0,1.0,1.0,0.0,0.0,2.0,2.0,0.0,1.0,1.0,29.0,0.6399740480505908,6.0,4.0,7.0,100.0,13.0,1.0,1280.0,800.0,4.0,0.0,1
36.0,1.0,1.0,0.0,3.0,2.0,1.0,11.0,0.0,0.0,3.4192371084747517,0.0,1.0,21.0,25.0,0.0,0.0,0.0,0.0,1.0,0.0,0.0,1.0,67.0,1.0,0.0,8.0,1.0,1.0,0.0,0.0,3.0,3.0,1.0,1.0,1.0,31.0,0.6175041474695384,2.0,1.0,8.0,28.0,0.0,1.0,1280.0,800.0,4.0,0.0,1
35.0,1.0,1.0,0.0,3.0,2.0,1.0,12.0,0.0,0.0,3.184207382733097,0.0,1.0,11.0,44.0,0.0,1.0,0.0,1.0,1.0,0.0,0.0,1.0,44.0,1.0,0.0,3.0,1.0,0.0,0.0,0.0,2.0,1.0,1.0,1.0,1.0,34.0,0.8803013801139932,7.0,4.0,3.0,49.0,1.0,1.0,1280.0,800.0,3.0,0.0,1
54.0,1.0,1.0,0.0,1.0,2.0,1.0,11.0,2.0,0.18181818181818182,3.28102585492114,0.0,0.0,33.0,16.0,0.0,1.0,0.0,1.0,1.0,0.0,0.0,1.0,71.0,1.0,0.0,8.0,0.0,0.0,0.0,0.0,0.0,1.0,0.0,0.0,0.0,15.0,0.7626049769732068,7.0,3.0,8.0,55.0,13.0,1.0,1280.0,800.0,2.0,0.0,1
41.0,1.0,1.0,0.0,4.0,2.0,1.0,16.0,0.0,0.0,3.8021592835543796,0.0,0.0,47.0,8.0,0.0,0.0,0.0,0.0,0.0,1.0,1.0,0.0,219.0,1.0,1.0,11.0,1.0,0.0,1.0,0.0,3.0,2.0,0.0,0.0,1.0,9.0,0.6202277339647855,7.0,1.0,11.0,72.0,5.0,1.0,1280.0,800.0,11.0,0.0,1
54.0,1.0,0.0,0.0,4.0,1.0,0.0,16.0,2.0,0.125,3.3989838463463355,0.0,3.0,20.0,36.0,0.0,1.0,0.0,1.0,1.0,0.0,0.0,1.0,25.0,1.0,0.0,6.0,1.0,0.0,0.0,0.0,13.0,1.0,0.0,1.0,1.0,18.0,0.8643904552088609,5.0,3.0,6.0,90.0,13.0,1.0,1280.0,800.0,7.0,0.0,1
45.0,1.0,0.0,1.0,0.0,1.0,0.0,15.0,3.0,0.7354008662070678,2.6005181716389507,0.0,0.0,45.0,31.0,0.0,0.0,0.0,0.0,1.0,0.0,0.0,1.0,264.0,1.0,0.0,1.0,0.0,1.0,0.0,1.0,1.0,1.0,0.0,0.0,1.0,22.0,0.9707103257810568,4.0,2.0,1.0,63.0,0.0,1.0,1280.0,800.0,4.0,0.0,1
38.0,1.0,2.0,0.0,1.0,3.0,0.0,19.0,5.0,0.2631578947368421,3.2107360253837895,0.0,0.0,32.0,30.0,0.0,1.0,0.0,1.0,0.0,1.0,0.0,0.0,278.0,1.0,0.0,11.0,1.0,1.0,0.0,0.0,4.0,2.0,1.0,0.0,1.0,36.0,0.8088104274332245,4.0,2.0,11.0,51.0,7.0,1.0,1280.0,800.0,1.0,0.0,1
60.0,1.0,3.0,0.0,4.0,4.0,0.0,17.0,8.0,0.47058823529411764,3.7326178809889337,0.0,2.0,8.0,44.0,0.0,1.0,0.0,1.0,1.0,0.0,0.0,1.0,244.0,1.0,6.0,8.0,1.0,1.0,0.0,1.0,3.0,1.0,0.0,1.0,1.0,36.0,0.9913395032475292,2.0,3.0,8.0,62.0,4.0,1.0,1280.0,800.0,2.0,1.0,1
46.0,1.0,0.0,1.0,0.0,1.0,0.0,15.0,3.0,0.779192397256399,3.0409483553051317,0.0,1.0,48.0,24.0,0.0,0.0,0.0,0.0,1.0,0.0,0.0,1.0,345.0,1.0,0.0,1.0,1.0,1.0,0.0,0.0,0.0,3.0,0.0,0.0,1.0,22.0,0.9197326439823424,3.0,3.0,1.0,57.0,7.0,1.0,1280.0,800.0,2.0,0.0,1
81.0,1.0,3.0,0.0,1.0,4.0,1.0,18.0,0.0,0.0,3.116180684473992,0.0,1.0,30.0,43.0,1.0,1.0,0.0,1.0,1.0,0.0,0.0,1.0,15.0,1.0,0.0,11.0,0.0,1.0,1.0,0.0,11.0,3.0,0.0,0.0,1.0,36.0,0.8860629607461201,5.0,2.0,11.0,75.0,1.0,1.0,1280.0,800.0,7.0,0.0,1
73.0,1.0,0.0,1.0,0.0,1.0,0.0,15.0,3.0,0.7749708197571556,2.6198106486713977,0.0,1.0,31.0,18.0,0.0,0.0,0.0,0.0,0.0,0.0,1.0,0.0,319.0,1.0,0.0,9.0,1.0,1.0,0.0,0.0,4.0,1.0,1.0,1.0,1.0,37.0,0.8789625225605184,4.0,5.0,9.0,101.0,7.0,1.0,1280.0,800.0,5.0,0.0,1
61.0,0.0,2.0,0.0,4.0,3.0,1.0,23.0,0.0,0.0,3.026736601050137,0.0,0.0,41.0,15.0,1.0,0.0,0.0,0.0,0.0,0.0,0.0,0.0,80.0,1.0,0.0,11.0,1.0,0.0,0.0,0.0,15.0,3.0,0.0,0.0,1.0,13.0,0.1893136650380316,6.0,2.0,11.0,75.0,0.0,1.0,1280.0,800.0,9.0,0.0,1
62.0,0.0,2.0,0.0,4.0,3.0,1.0,21.0,0.0,0.0,3.5056040499927237,0.0,0.0,59.0,5.0,0.0,0.0,0.0,0.0,0.0,0.0,0.0,0.0,88.0,1.0,0.0,8.0,0.0,1.0,1.0,1.0,1.0,5.0,1.0,1.0,1.0,8.0,0.21968411490961368,2.0,2.0,8.0,101.0,8.0,1.0,1280.0,800.0,9.0,0.0,1
94.0,1.0,2.0,0.0,3.0,3.0,1.0,25.0,8.0,0.32,3.004866055262525,0.0,1.0,48.0,9.0,0.0,1.0,0.0,1.0,1.0,0.0,0.0,1.0,224.0,1.0,0.0,9.0,1.0,0.0,0.0,0.0,9.0,2.0,1.0,1.0,1.0,35.0,0.8057773792538343,5.0,3.0,9.0,6.0,12.0,0.0,1280.0,800.0,8.0,0.0,1
73.0,1.0,3.0,0.0,1.0,4.0,0.0,10.0,0.0,0.0,3.5126276100024496,0.0,2.0,13.0,21.0,0.0,0.0,0.0,0.0,1.0,0.0,0.0,1.0,256.0,1.0,0.0,8.0,1.0,1.0,0.0,0.0,2.0,1.0,0.0,0.0,1.0,40.0,0.9394741607068514,1.0,1.0,8.0,23.0,11.0,1.0,1280.0,800.0,10.0,0.0,1
80.0,1.0,2.0,0.0,3.0,3.0,1.0,27.0,11.0,0.7410040128196494,3.3438279247617113,0.0,1.0,48.0,30.0,0.0,0.0,0.0,0.0,1.0,0.0,0.0,1.0,117.0,1.0,0.0,11.0,0.0,0.0,1.0,0.0,0.0,1.0,1.0,0.0,1.0,34.0,0.671841649842464,3.0,4.0,11.0,19.0,11.0,1.0,1280.0,800.0,1.0,0.0,1
87.0,1.0,1.0,0.0,2.0,2.0,0.0,21.0,2.0,0.09523809523809523,2.8446857457815202,0.0,0.0,7.0,32.0,0.0,0.0,0.0,0.0,1.0,0.0,0.0,1.0,43.0,2.0,1.0,3.0,1.0,0.0,0.0,0.0,1.0,3.0,1.0,1.0,1.0,7.0,0.6845969094780346,3.0,2.0,3.0,3.0,12.0,1.0,1280.0,800.0,14.0,0.0,1
93.0,0.0,1.0,0.0,2.0,2.0,1.0,19.0,12.0,0.6326418038344179,3.816379632338995,0.0,0.0,59.0,34.0,0.0,1.0,0.0,1.0,0.0,0.0,0.0,0.0,63.0,1.0,0.0,3.0,0.0,1.0,0.0,0.0,1.0,2.0,0.0,0.0,1.0,6.0,0.23516153984968718,1.0,1.0,3.0,25.0,6.0,1.0,1280.0,800.0,7.0,0.0,1
89.0,1.0,1.0,0.0,3.0,2.0,0.0,22.0,5.0,0.22727272727272727,3.119540535174919,0.0,0.0,48.0,28.0,0.0,0.0,0.0,0.0,1.0,0.0,0.0,1.0,66.0,1.0,0.0,9.0,1.0,1.0,0.0,0.0,2.0,2.0,1.0,1.0,1.0,19.0,0.7805912057471786,4.0,5.0,9.0,93.0,2.0,1.0,1280.0,800.0,1.0,0.0,1
80.0,1.0,2.0,0.0,1.0,3.0,1.0,20.0,0.0,0.0,3.0536898262616647,0.0,2.0,5.0,24.0,0.0,0.0,0.0,0.0,1.0,0.0,0.0,1.0,20.0,1.0,0.0,11.0,1.0,1.0,0.0,0.0,1.0,1.0,0.0,0.0,1.0,42.0,0.8516087360469002,4.0,3.0,11.0,69.0,9.0,1.0,1280.0,800.0,8.0,0.0,1
76.0,1.0,1.0,0.0,1.0,2.0,0.0,21.0,0.0,0.0,3.75954623858189,1.0,0.0,13.0,34.0,0.0,1.0,0.0,1.0,1.0,0.0,0.0,1.0,324.0,1.0,1.0,9.0,0.0,1.0,0.0,1.0,2.0,1.0,0.0,0.0,1.0,37.0,0.6372665926473494,1.0,4.0,9.0,100.0,6.0,1.0,1280.0,800.0,10.0,1.0,1
76.0,0.0,2.0,0.0,3.0,3.0,0.0,19.0,8.0,0.42105263157894735,3.0335253181092385,0.0,0.0,25.0,17.0,0.0,1.0,0.0,1.0,0.0,0.0,0.0,0.0,260.0,1.0,1.0,3.0,1.0,1.0,0.0,0.0,3.0,3.0,0.0,0.0,1.0,20.0,0.005425444083423436,4.0,5.0,3.0,111.0,1.0,1.0,1280.0,800.0,4.0,0.0,1
75.0,1.0,0.0,0.0,2.0,1.0,0.0,15.0,0.0,0.0,3.418006007036136,1.0,0.0,23.0,44.0,0.0,1.0,0.0,1.0,1.0,0.0,0.0,1.0,316.0,1.0,0.0,2.0,1.0,1.0,0.0,0.0,4.0,2.0,1.0,0.0,1.0,21.0,0.6041573326650886,4.0,2.0,2.0,101.0,2.0,1.0,1280.0,800.0,11.0,0.0,1
47.0,0.0,0.0,0.0,4.0,1.0,1.0,12.0,5.0,0.4166666666666667,3.3655409569578127,0.0,0.0,15.0,7.0,0.0,0.0,0.0,0.0,0.0,0.0,0.0,0.0,105.0,1.0,1.0,8.0,1.0,1.0,0.0,0.0,2.0,1.0,0.0,0.0,1.0,14.0,0.05270485878920533,2.0,4.0,8.0,69.0,8.0,1.0,1280.0,800.0,5.0,0.0,1
64.0,0.0,1.0,0.0,2.0,2.0,1.0,28.0,11.0,0.4985350159555244,3.650931230758582,0.0,0.0,32.0,28.0,0.0,0.0,0.0,0.0,0.0,0.0,0.0,0.0,78.0,1.0,0.0,1.0,1.0,1.0,0.0,0.0,2.0,2.0,0.0,0.0,1.0,9.0,0.27851453777555124,6.0,3.0,1.0,109.0,9.0,1.0,1280.0,800.0,13.0,0.0,1
68.0,1.0,2.0,0.0,4.0,3.0,0.0,14.0,2.0,0.14285714285714285,2.835398075373243,0.0,0.0,45.0,30.0,0.0,0.0,0.0,0.0,1.0,0.0,0.0,1.0,294.0,1.0,0.0,8.0,1.0,1.0,0.0,0.0,2.0,2.0,0.0,0.0,1.0,33.0,0.7122720994080932,1.0,5.0,8.0,4.0,0.0,1.0,1280.0,800.0,14.0,0.0,1
94.0,1.0,0.0,1.0,0.0,1.0,0.0,15.0,3.0,0.6187449531117514,2.52481633838912,0.0,2.0,28.0,5.0,0.0,0.0,0.0,0.0,1.0,0.0,0.0,1.0,296.0,1.0,6.0,5.0,1.0,0.0,0.0,0.0,4.0,1.0,0.0,1.0,1.0,9.0,0.9888427614134806,3.0,2.0,5.0,77.0,13.0,1.0,1280.0,800.0,10.0,0.0,1
78.0,1.0,1.0,0.0,4.0,2.0,1.0,13.0,0.0,0.0,3.6768504378370697,0.0,1.0,20.0,12.0,0.0,1.0,0.0,1.0,1.0,0.0,0.0,1.0,215.0,1.0,0.0,10.0,0.0,0.0,0.0,0.0,3.0,1.0,1.0,1.0,0.0,40.0,0.9616606762781317,3.0,3.0,10.0,36.0,8.0,1.0,1280.0,800.0,7.0,0.0,1
42.0,0.0,1.0,0.0,2.0,2.0,0.0,14.0,0.0,0.0,3.412217918263466,1.0,0.0,49.0,29.0,1.0,1.0,0.0,1.0,0.0,0.0,0.0,0.0,257.0,1.0,1.0,10.0,1.0,1.0,0.0,0.0,3.0,3.0,0.0,0.0,1.0,22.0,0.13904319901546316,6.0,3.0,10.0,28.0,14.0,0.0,1280.0,800.0,5.0,0.0,1
78.0,1.0,0.0,1.0,0.0,1.0,0.0,15.0,3.0,0.7252884993686687,2.809275433837599,0.0,1.0,57.0,21.0,0.0,0.0,0.0,0.0,1.0,0.0,0.0,1.0,209.0,1.0,1.0,4.0,0.0,0.0,0.0,0.0,0.0,1.0,0.0,1.0,0.0,22.0,0.9731553160513485,4.0,2.0,4.0,30.0,1.0,1.0,1280.0,800.0,11.0,0.0,1
87.0,1.0,0.0,1.0,0.0,1.0,0.0,15.0,3.0,0.6159355083328144,3.08047459520506,0.0,0.0,24.0,8.0,0.0,0.0,0.0,0.0,1.0,0.0,0.0,1.0,84.0,2.0,1.0,5.0,1.0,0.0,0.0,0.0,2.0,2.0,1.0,0.0,1.0,27.0,0.7308149570564708,1.0,3.0,5.0,9.0,7.0,1.0,1280.0,800.0,1.0,0.0,1
40.0,1.0,1.0,0.0,1.0,2.0,0.0,18.0,0.0,0.0,3.2713849391818406,1.0,1.0,37.0,23.0,0.0,1.0,0.0,1.0,0.0,0.0,1.0,0.0,45.0,2.0,0.0,6.0,0.0,1.0,0.0,0.0,0.0,1.0,0.0,0.0,1.0,10.0,0.7090559614121226,3.0,3.0,6.0,9.0,4.0,1.0,1280.0,800.0,2.0,0.0,1
74.0,0.0,0.0,1.0,0.0,1.0,0.0,15.0,3.0,0.6564443236420755,3.090077265785889,0.0,3.0,51.0,0.0,0.0,0.0,0.0,0.0,0.0,0.0,0.0,0.0,38.0,1.0,6.0,8.0,1.0,1.0,0.0,0.0,3.0,3.0,0.0,0.0,1.0,29.0,0.23405791893492245,6.0,2.0,8.0,89.0,6.0,1.0,1280.0,800.0,11.0,0.0,1
35.0,1.0,1.0,0.0,4.0,2.0,1.0,17.0,0.0,0.0,3.589570663001881,0.0,1.0,54.0,3.0,0.0,1.0,0.0,1.0,1.0,0.0,0.0,1.0,97.0,1.0,0.0,5.0,1.0,1.0,0.0,0.0,3.0,3.0,0.0,0.0,1.0,37.0,0.6482081224713196,2.0,3.0,5.0,22.0,5.0,1.0,1280.0,800.0,13.0,0.0,1
80.0,1.0,2.0,0.0,4.0,3.0,0.0,13.0,2.0,0.15384615384615385,2.915686041677768,0.0,1.0,5.0,4.0,1.0,0.0,0.0,0.0,1.0,0.0,0.0,1.0,323.0,1.0,0.0,10.0,1.0,0.0,2.0,1.0,2.0,4.0,0.0,1.0,1.0,8.0,0.87709305810511,1.0,5.0,10.0,52.0,6.0,1.0,1280.0,800.0,7.0,1.0,1
69.0,0.0,1.0,0.0,3.0,2.0,0.0,14.0,2.0,0.14285714285714285,3.52317047035871,0.0,0.0,39.0,19.0,0.0,0.0,0.0,0.0,0.0,0.0,0.0,0.0,264.0,2.0,1.0,9.0,1.0,1.0,0.0,0.0,1.0,4.0,1.0,0.0,1.0,12.0,0.21306968551463845,6.0,1.0,9.0,2.0,2.0,1.0,1280.0,800.0,1.0,0.0,1
37.0,1.0,1.0,0.0,1.0,2.0,0.0,18.0,0.0,0.0,3.410283144434766,1.0,0.0,44.0,24.0,0.0,1.0,0.0,1.0,1.0,0.0,0.0,1.0,34.0,1.0,1.0,9.0,1.0,1.0,0.0,0.0,0.0,2.0,1.0,1.0,1.0,8.0,0.9590806755075431,6.0,2.0,9.0,29.0,14.0,0.0,1280.0,800.0,10.0,1.0,1
89.0,1.0,0.0,0.0,1.0,1.0,0.0,22.0,2.0,0.09090909090909091,3.2507145444261663,0.0,0.0,16.0,15.0,0.0,1.0,0.0,1.0,1.0,0.0,0.0,1.0,150.0,1.0,0.0,4.0,1.0,1.0,0.0,0.0,1.0,1.0,1.0,1.0,1.0,30.0,0.8140650061271504,1.0,3.0,4.0,91.0,9.0,1.0,1280.0,800.0,5.0,0.0,1
53.0,1.0,2.0,0.0,3.0,3.0,0.0,11.0,8.0,0.7272727272727273,3.1078385180919694,0.0,3.0,48.0,20.0,0.0,0.0,0.0,0.0,0.0,1.0,1.0,0.0,191.0,1.0,1.0,5.0,1.0,1.0,0.0,0.0,8.0,2.0,0.0,0.0,1.0,22.0,0.6183329725217095,3.0,4.0,5.0,16.0,6.0,1.0,1280.0,800.0,11.0,0.0,1
72.0,1.0,1.0,0.0,4.0,2.0,0.0,22.0,0.0,0.0,2.8230932171597707,0.0,0.0,26.0,14.0,1.0,0.0,0.0,0.0,1.0,0.0,0.0,1.0,345.0,1.0,0.0,8.0,1.0,0.0,1.0,1.0,3.0,2.0,0.0,1.0,1.0,41.0,0.7878790868119785,7.0,3.0,8.0,12.0,0.0,1.0,1280.0,800.0,7.0,0.0,1
59.0,0.0,2.0,0.0,1.0,3.0,0.0,13.0,8.0,0.6153846153846154,3.7788518600867333,0.0,2.0,29.0,37.0,0.0,1.0,0.0,1.0,0.0,0.0,0.0,0.0,238.0,1.0,1.0,11.0,0.0,1.0,0.0,0.0,4.0,1.0,0.0,1.0,1.0,10.0,0.13314319583470968,4.0,1.0,11.0,112.0,10.0,1.0,1280.0,800.0,13.0,1.0,1
93.0,1.0,0.0,1.0,0.0,1.0,0.0,15.0,3.0,0.6021175868801407,2.964206210048271,0.0,0.0,34.0,23.0,1.0,0.0,0.0,0.0,0.0,0.0,1.0,0.0,236.0,1.0,1.0,6.0,1.0,1.0,0.0,0.0,2.0,1.0,0.0,0.0,1.0,36.0,0.8975019306251459,5.0,1.0,6.0,90.0,14.0,1.0,1280.0,800.0,4.0,1.0,1
38.0,1.0,0.0,0.0,1.0,1.0,1.0,12.0,5.0,0.4166666666666667,3.443048820298951,0.0,0.0,46.0,1.0,0.0,1.0,0.0,1.0,1.0,0.0,0.0,1.0,346.0,1.0,0.0,5.0,0.0,1.0,1.0,1.0,0.0,2.0,1.0,0.0,1.0,40.0,0.7370974829033018,4.0,3.0,5.0,73.0,12.0,1.0,1280.0,800.0,7.0,0.0,1
58.0,1.0,1.0,0.0,2.0,2.0,1.0,14.0,2.0,0.14285714285714285,3.66561216565656,0.0,0.0,42.0,17.0,0.0,0.0,0.0,0.0,1.0,0.0,0.0,1.0,209.0,1.0,1.0,3.0,0.0,1.0,0.0,0.0,3.0,1.0,1.0,0.0,1.0,7.0,0.8018479433268034,1.0,4.0,3.0,35.0,2.0,1.0,1280.0,800.0,3.0,0.0,1
81.0,1.0,0.0,1.0,0.0,1.0,0.0,15.0,3.0,0.6012852242026886,2.7615011824857727,0.0,2.0,22.0,40.0,0.0,0.0,0.0,0.0,1.0,0.0,0.0,1.0,287.0,1.0,0.0,4.0,0.0,0.0,0.0,0.0,0.0,2.0,0.0,0.0,0.0,33.0,0.9115193176226489,4.0,1.0,4.0,49.0,5.0,1.0,1280.0,800.0,6.0,0.0,1
61.0,1.0,1.0,0.0,1.0,2.0,0.0,15.0,0.0,0.0,3.2948281820725995,1.0,2.0,24.0,44.0,0.0,1.0,0.0,1.0,1.0,0.0,0.0,1.0,338.0,1.0,0.0,4.0,0.0,1.0,0.0,0.0,1.0,3.0,1.0,1.0,1.0,26.0,0.9360610501519723,6.0,5.0,4.0,24.0,1.0,1.0,1280.0,800.0,3.0,1.0,1
46.0,1.0,2.0,0.0,1.0,3.0,1.0,14.0,5.0,0.35714285714285715,3.006316165455821,0.0,0.0,9.0,14.0,0.0,1.0,0.0,1.0,0.0,0.0,0.0,0.0,100.0,1.0,1.0,11.0,0.0,1.0,1.0,2.0,3.0,4.0,0.0,0.0,1.0,9.0,0.7570065836824733,5.0,3.0,11.0,63.0,3.0,1.0,1280.0,800.0,13.0,0.0,1
90.0,1.0,1.0,0.0,4.0,2.0,1.0,19.0,0.0,0.0,3.76100104290768,0.0,0.0,55.0,41.0,0.0,1.0,0.0,1.0,1.0,0.0,0.0,1.0,307.0,1.0,0.0,9.0,1.0,1.0,1.0,1.0,4.0,4.0,0.0,1.0,1.0,29.0,0.8708653089359923,3.0,4.0,9.0,8.0,14.0,1.0,1280.0,800.0,13.0,0.0,1
43.0,0.0,1.0,0.0,4.0,2.0,1.0,15.0,2.0,0.13333333333333333,3.2022143560511394,0.0,1.0,26.0,0.0,0.0,1.0,0.0,1.0,0.0,0.0,0.0,0.0,309.0,1.0,0.0,5.0,1.0,1.0,0.0,1.0,1.0,3.0,0.0,0.0,1.0,6.0,0.23170589459376076,7.0,2.0,5.0,9.0,12.0,1.0,1280.0,800.0,14.0,0.0,1
49.0,1.0,1.0,0.0,2.0,2.0,1.0,11.0,0.0,0.0,3.0605278726631076,0.0,1.0,58.0,41.0,0.0,0.0,0.0,0.0,1.0,0.0,0.0,1.0,252.0,1.0,0.0,11.0,1.0,1.0,0.0,0.0,2.0,1.0,0.0,0.0,1.0,35.0,0.8102652040434026,4.0,5.0,11.0,63.0,0.0,1.0,1280.0,800.0,1.0,1.0,1
79.0,0.0,3.0,0.0,2.0,4.0,1.0,12.0,8.0,0.6666666666666666,2.8135469205079127,0.0,0.0,54.0,9.0,0.0,1.0,0.0,1.0,0.0,0.0,0.0,0.0,148.0,1.0,0.0,11.0,1.0,1.0,0.0,1.0,2.0,4.0,1.0,1.0,1.0,22.0,0.11186719449763957,6.0,2.0,11.0,30.0,8.0,1.0,1280.0,800.0,9.0,0.0,1
89.0,1.0,0.0,1.0,0.0,1.0,0.0,15.0,3.0,0.7885228300272897,2.815892007799688,0.0,0.0,26.0,16.0,0.0,1.0,0.0,1.0,0.0,1.0,1.0,0.0,56.0,1.0,0.0,7.0,0.0,1.0,1.0,0.0,2.0,1.0,0.0,1.0,1.0,5.0,0.8770652416152735,2.0,1.0,7.0,11.0,6.0,1.0,1280.0,800.0,13.0,0.0,1
93.0,1.0,0.0,1.0,0.0,1.0,0.0,15.0,3.0,0.7638283382852891,3.0272706626484833,0.0,0.0,22.0,39.0,1.0,1.0,0.0,1.0,1.0,0.0,0.0,1.0,238.0,1.0,1.0,10.0,1.0,0.0,0.0,0.0,0.0,2.0,1.0,0.0,1.0,38.0,0.6480679129835878,3.0,1.0,10.0,5.0,12.0,1.0,1280.0,800.0,2.0,0.0,1
82.0,1.0,2.0,0.0,2.0,3.0,0.0,16.0,0.0,0.0,3.804247991440464,0.0,0.0,39.0,30.0,0.0,1.0,0.0,1.0,1.0,0.0,0.0,1.0,157.0,1.0,0.0,3.0,0.0,0.0,1.0,1.0,1.0,3.0,0.0,0.0,1.0,7.0,0.764528843009582,2.0,1.0,3.0,105.0,11.0,1.0,1280.0,800.0,10.0,0.0,1
85.0,0.0,2.0,0.0,2.0,3.0,1.0,20.0,5.0,0.25,3.116714581488389,0.0,0.0,35.0,18.0,0.0,1.0,0.0,1.0,0.0,0.0,0.0,0.0,76.0,1.0,0.0,6.0,1.0,1.0,1.0,0.0,4.0,4.0,0.0,1.0,1.0,22.0,0.06008750265917501,6.0,3.0,6.0,84.0,0.0,1.0,1280.0,800.0,7.0,0.0,1
62.0,0.0,1.0,0.0,4.0,2.0,0.0,12.0,2.0,0.16666666666666666,3.8932800927584124,0.0,1.0,28.0,34.0,0.0,1.0,0.0,1.0,0.0,0.0,0.0,0.0,293.0,1.0,0.0,2.0,1.0,1.0,1.0,1.0,4.0,4.0,1.0,0.0,1.0,10.0,0.16465367302200104,1.0,2.0,2.0,40.0,14.0,1.0,1280.0,800.0,9.0,0.0,1
55.0,1.0,0.0,0.0,4.0,1.0,1.0,19.0,8.0,0.42105263157894735,2.894942440814736,0.0,0.0,17.0,43.0,0.0,1.0,0.0,1.0,1.0,0.0,0.0,1.0,121.0,1.0,0.0,6.0,1.0,0.0,0.0,0.0,1.0,1.0,0.0,1.0,1.0,30.0,0.8974984747396154,5.0,5.0,6.0,104.0,8.0,1.0,1280.0,800.0,14.0,0.0,1
79.0,1.0,1.0,0.0,0.0,2.0,0.0,27.0,8.0,0.2962962962962963,3.2720852371650166,0.0,3.0,9.0,11.0,0.0,1.0,0.0,1.0,1.0,0.0,0.0,1.0,23.0,1.0,0.0,7.0,1.0,1.0,0.0,0.0,2.0,2.0,0.0,0.0,1.0,5.0,0.6294614715084742,2.0,2.0,7.0,113.0,12.0,1.0,1280.0,800.0,13.0,0.0,1
85.0,0.0,1.0,0.0,1.0,2.0,0.0,19.0,0.0,0.0,3.255077702661771,0.0,1.0,30.0,16.0,0.0,1.0,0.0,1.0,0.0,0.0,0.0,0.0,54.0,1.0,0.0,7.0,1.0,1.0,0.0,1.0,0.0,4.0,0.0,0.0,1.0,38.0,0.18600319641199928,3.0,3.0,7.0,47.0,4.0,1.0,1280.0,800.0,8.0,1.0,1
83.0,1.0,1.0,0.0,4.0,2.0,0.0,10.0,8.0,0.8,3.7430480208740997,0.0,0.0,47.0,2.0,0.0,1.0,0.0,1.0,0.0,1.0,0.0,0.0,177.0,2.0,0.0,7.0,0.0,0.0,1.0,0.0,0.0,3.0,1.0,1.0,1.0,34.0,0.7189473572442024,4.0,4.0,7.0,47.0,1.0,1.0,1280.0,800.0,14.0,0.0,1
54.0,1.0,0.0,0.0,4.0,1.0,1.0,24.0,2.0,0.08333333333333333,3.1858131530909315,0.0,1.0,28.0,27.0,0.0,0.0,0.0,0.0,1.0,0.0,0.0,1.0,284.0,1.0,6.0,7.0,1.0,0.0,2.0,2.0,1.0,2.0,1.0,1.0,1.0,9.0,0.688072490804415,1.0,5.0,7.0,25.0,3.0,1.0,1280.0,800.0,12.0,1.0,1
74.0,0.0,0.0,1.0,0.0,1.0,0.0,15.0,3.0,0.7924054272232599,2.513826906098721,0.0,1.0,7.0,28.0,0.0,0.0,0.0,0.0,0.0,0.0,0.0,0.0,20.0,1.0,1.0,2.0,0.0,1.0,0.0,0.0,0.0,2.0,0.0,0.0,1.0,20.0,0.09490810311895873,5.0,3.0,2.0,102.0,11.0,1.0,1280.0,800.0,3.0,0.0,1
47.0,1.0,0.0,1.0,0.0,1.0,0.0,15.0,3.0,0.6523277824162773,3.092158815518185,0.0,2.0,17.0,3.0,0.0,0.0,0.0,0.0,0.0,1.0,1.0,0.0,75.0,1.0,1.0,3.0,1.0,1.0,0.0,0.0,3.0,2.0,1.0,0.0,1.0,18.0,0.7178412272949193,5.0,2.0,3.0,15.0,0.0,1.0,1280.0,800.0,13.0,1.0,1
53.0,1.0,2.0,0.0,4.0,3.0,1.0,12.0,0.0,0.0,3.521415778372893,0.0,1.0,18.0,38.0,0.0,1.0,0.0,1.0,1.0,0.0,0.0,1.0,340.0,2.0,0.0,9.0,1.0,1.0,0.0,0.0,4.0,3.0,1.0,1.0,1.0,13.0,0.8940846883822211,6.0,1.0,9.0,73.0,11.0,1.0,1280.0,800.0,9.0,0.0,1
92.0,1.0,1.0,0.0,2.0,2.0,1.0,11.0,2.0,0.18181818181818182,3.0132685204601177,0.0,0.0,44.0,33.0,0.0,0.0,0.0,0.0,1.0,0.0,0.0,1.0,119.0,1.0,0.0,2.0,0.0,0.0,0.0,0.0,14.0,2.0,1.0,0.0,0.0,16.0,0.7646879811159712,2.0,3.0,2.0,98.0,11.0,1.0,1280.0,800.0,4.0,0.0,1
46.0,1.0,3.0,0.0,2.0,4.0,0.0,19.0,2.0,0.10526315789473684,3.74932297417844,0.0,0.0,27.0,11.0,1.0,1.0,0.0,1.0,1.0,0.0,0.0,1.0,121.0,1.0,0.0,8.0,1.0,0.0,1.0,0.0,1.0,2.0,1.0,1.0,1.0,32.0,0.6044891463334049,3.0,4.0,8.0,110.0,12.0,1.0,1280.0,800.0,3.0,1.0,1
50.0,1.0,2.0,0.0,2.0,3.0,0.0,20.0,8.0,0.42091265350745966,3.6814866361061283,0.0,0.0,53.0,33.0,0.0,0.0,0.0,0.0,1.0,0.0,0.0,1.0,17.0,1.0,0.0,3.0,0.0,0.0,0.0,0.0,0.0,1.0,1.0,0.0,0.0,12.0,0.806320479669583,7.0,3.0,3.0,50.0,2.0,1.0,1280.0,800.0,9.0,0.0,1
62.0,1.0,1.0,0.0,3.0,2.0,0.0,14.0,5.0,0.35714285714285715,3.4492593217192544,0.0,0.0,43.0,38.0,0.0,1.0,0.0,1.0,1.0,0.0,0.0,1.0,147.0,1.0,0.0,9.0,1.0,1.0,0.0,0.0,2.0,2.0,0.0,0.0,1.0,14.0,0.7671061778755994,7.0,1.0,9.0,88.0,1.0,1.0,1280.0,800.0,0.0,0.0,1
89.0,1.0,0.0,1.0,0.0,1.0,0.0,15.0,3.0,0.6288800696257213,2.5008510365137844,0.0,0.0,36.0,0.0,1.0,0.0,0.0,0.0,1.0,0.0,0.0,1.0,64.0,1.0,0.0,2.0,1.0,1.0,0.0,0.0,3.0,3.0,0.0,0.0,1.0,24.0,0.923107964197908,1.0,4.0,2.0,15.0,13.0,1.0,1280.0,800.0,8.0,0.0,1
73.0,1.0,0.0,0.0,2.0,1.0,0.0,20.0,0.0,0.0,3.249119648098004,1.0,0.0,16.0,27.0,0.0,1.0,0.0,1.0,0.0,1.0,0.0,0.0,217.0,1.0,0.0,11.0,1.0,1.0,1.0,0.0,1.0,2.0,0.0,0.0,1.0,42.0,0.6449644111589149,3.0,3.0,11.0,91.0,6.0,1.0,1280.0,800.0,4.0,0.0,1
72.0,1.0,0.0,0.0,1.0,1.0,1.0,13.0,2.0,0.15384615384615385,3.708137264939042,0.0,0.0,50.0,16.0,0.0,1.0,0.0,1.0,1.0,0.0,0.0,1.0,51.0,2.0,0.0,7.0,0.0,1.0,2.0,1.0,1.0,4.0,1.0,1.0,1.0,41.0,0.6496228965588573,4.0,2.0,7.0,9.0,14.0,1.0,1280.0,800.0,9.0,0.0,1
79.0,1.0,0.0,0.0,3.0,1.0,1.0,18.0,2.0,0.1111111111111111,3.2781184714326757,0.0,0.0,45.0,17.0,0.0,0.0,0.0,0.0,1.0,0.0,0.0,1.0,81.0,2.0,0.0,6.0,1.0,1.0,1.0,0.0,1.0,3.0,0.0,0.0,1.0,10.0,0.8279248077401191,2.0,5.0,6.0,97.0,4.0,1.0,1280.0,800.0,13.0,0.0,1
50.0,1.0,3.0,0.0,0.0,4.0,1.0,21.0,10.0,0.47619047619047616,3.3000915799185537,0.0,0.0,23.0,21.0,0.0,1.0,0.0,1.0,1.0,0.0,0.0,1.0,105.0,1.0,1.0,5.0,1.0,0.0,0.0,1.0,3.0,4.0,0.0,1.0,1.0,37.0,0.86818025917813,3.0,3.0,5.0,101.0,1.0,1.0,1280.0,800.0,3.0,0.0,1
78.0,1.0,2.0,0.0,2.0,3.0,1.0,17.0,0.0,0.0,3.149957678653247,0.0,0.0,17.0,39.0,0.0,1.0,0.0,1.0,1.0,0.0,0.0,1.0,15.0,1.0,0.0,4.0,1.0,1.0,0.0,0.0,1.0,3.0,0.0,0.0,1.0,10.0,0.9742578334381675,7.0,2.0,4.0,51.0,14.0,1.0,1280.0,800.0,13.0,0.0,1
80.0,1.0,1.0,0.0,4.0,2.0,1.0,22.0,8.0,0.36363636363636365,3.1674481683592415,0.0,2.0,49.0,40.0,0.0,0.0,0.0,0.0,1.0,0.0,0.0,1.0,324.0,1.0,0.0,9.0,1.0,0.0,2.0,2.0,3.0,5.0,0.0,1.0,1.0,31.0,0.774942783255772,4.0,2.0,9.0,39.0,6.0,1.0,1280.0,800.0,3.0,0.0,1
79.0,1.0,1.0,0.0,2.0,2.0,0.0,16.0,5.0,0.3125,3.2079022589411204,0.0,0.0,52.0,13.0,0.0,1.0,0.0,1.0,1.0,0.0,0.0,1.0,222.0,1.0,0.0,3.0,1.0,1.0,0.0,0.0,4.0,4.0,0.0,1.0,1.0,26.0,0.7498099834539432,6.0,3.0,3.0,52.0,14.0,1.0,1280.0,800.0,0.0,1.0,1
62.0,1.0,0.0,0.0,4.0,1.0,1.0,20.0,5.0,0.25,2.9900877201840452,0.0,0.0,12.0,19.0,0.0,0.0,0.0,0.0,1.0,0.0,0.0,1.0,37.0,1.0,1.0,2.0,0.0,1.0,1.0,0.0,2.0,2.0,1.0,1.0,1.0,21.0,0.885386338632045,2.0,2.0,2.0,48.0,8.0,1.0,1280.0,800.0,1.0,0.0,1
77.0,1.0,2.0,0.0,2.0,3.0,0.0,10.0,2.0,0.2,3.7929803058722404,0.0,0.0,26.0,6.0,0.0,1.0,0.0,1.0,1.0,0.0,0.0,1.0,269.0,1.0,0.0,4.0,0.0,1.0,0.0,0.0,13.0,1.0,0.0,0.0,1.0,39.0,0.7489090910072171,3.0,4.0,4.0,14.0,0.0,1.0,1280.0,800.0,9.0,0.0,1
41.0,0.0,2.0,0.0,1.0,3.0,0.0,26.0,13.0,0.7134864208186096,3.770128945314906,0.0,0.0,30.0,9.0,0.0,1.0,0.0,1.0,0.0,0.0,0.0,0.0,141.0,1.0,0.0,6.0,1.0,0.0,0.0,0.0,3.0,1.0,0.0,0.0,1.0,27.0,0.1168351990440424,3.0,2.0,6.0,91.0,11.0,1.0,1280.0,800.0,12.0,0.0,1
65.0,0.0,0.0,0.0,2.0,1.0,0.0,16.0,8.0,0.5,3.6229593187523426,0.0,2.0,42.0,4.0,0.0,1.0,0.0,1.0,0.0,0.0,0.0,0.0,191.0,1.0,6.0,10.0,1.0,1.0,0.0,0.0,2.0,3.0,1.0,1.0,1.0,26.0,0.2778945365266844,5.0,3.0,10.0,55.0,5.0,1.0,1280.0,800.0,14.0,0.0,1
90.0,1.0,1.0,0.0,1.0,2.0,1.0,25.0,5.0,0.2,3.0756496233794888,0.0,0.0,19.0,24.0,0.0,1.0,0.0,1.0,1.0,0.0,0.0,1.0,221.0,1.0,0.0,11.0,0.0,0.0,0.0,0.0,15.0,3.0,1.0,0.0,0.0,5.0,0.8764752249596539,6.0,5.0,11.0,74.0,4.0,1.0,1280.0,800.0,1.0,0.0,1
44.0,1.0,0.0,0.0,4.0,1.0,1.0,19.0,8.0,0.42105263157894735,3.1888973163445287,0.0,1.0,15.0,33.0,0.0,1.0,0.0,1.0,0.0,0.0,1.0,0.0,282.0,1.0,1.0,5.0,1.0,1.0,0.0,0.0,0.0,1.0,1.0,0.0,1.0,5.0,0.6442369468640167,1.0,4.0,5.0,23.0,13.0,1.0,1280.0,800.0,11.0,0.0,1
82.0,1.0,3.0,0.0,1.0,4.0,0.0,19.0,5.0,0.2631578947368421,3.675332242145335,0.0,0.0,11.0,8.0,0.0,1.0,0.0,1.0,1.0,0.0,0.0,1.0,89.0,1.0,0.0,5.0,1.0,1.0,0.0,0.0,3.0,3.0,1.0,0.0,1.0,35.0,0.6142454988385141,7.0,5.0,5.0,14.0,10.0,1.0,1280.0,800.0,8.0,0.0,1
65.0,1.0,1.0,0.0,2.0,2.0,0.0,17.0,5.0,0.29411764705882354,3.518913207018654,0.0,0.0,53.0,27.0,0.0,1.0,0.0,1.0,1.0,0.0,0.0,1.0,152.0,1.0,0.0,2.0,1.0,1.0,0.0,0.0,3.0,1.0,0.0,0.0,1.0,14.0,0.6155277391287831,4.0,1.0,2.0,61.0,8.0,1.0,1280.0,800.0,5.0,0.0,1
36.0,1.0,1.0,0.0,0.0,2.0,1.0,21.0,0.0,0.0,3.499433602765021,0.0,2.0,29.0,24.0,0.0,1.0,0.0,1.0,1.0,0.0,0.0,1.0,255.0,1.0,0.0,4.0,1.0,1.0,0.0,1.0,2.0,1.0,1.0,1.0,1.0,14.0,0.9682856768779246,4.0,4.0,4.0,38.0,9.0,1.0,1280.0,800.0,12.0,0.0,1
69.0,0.0,2.0,0.0,0.0,3.0,1.0,17.0,5.0,0.29411764705882354,2.900048520276182,0.0,0.0,11.0,36.0,1.0,1.0,0.0,1.0,0.0,0.0,0.0,0.0,285.0,1.0,0.0,1.0,1.0,1.0,0.0,0.0,2.0,1.0,1.0,0.0,1.0,8.0,0.20627833578440896,6.0,1.0,1.0,99.0,5.0,1.0,1280.0,800.0,14.0,0.0,1
68.0,1.0,2.0,0.0,2.0,3.0,0.0,13.0,5.0,0.38461538461538464,3.0430625666955295,0.0,3.0,10.0,43.0,0.0,1.0,0.0,1.0,1.0,0.0,0.0,1.0,174.0,2.0,6.0,7.0,1.0,1.0,1.0,0.0,2.0,3.0,0.0,1.0,1.0,44.0,0.8094237116570927,3.0,4.0,7.0,21.0,3.0,1.0,1280.0,800.0,8.0,0.0,1
64.0,1.0,1.0,0.0,2.0,2.0,0.0,28.0,9.0,0.5544447988054438,3.8620345417911355,0.0,0.0,15.0,33.0,0.0,0.0,0.0,0.0,0.0,0.0,0.0,0.0,256.0,1.0,0.0,10.0,1.0,1.0,1.0,0.0,4.0,2.0,0.0,1.0,1.0,8.0,0.6457823655410593,3.0,3.0,10.0,65.0,11.0,1.0,1280.0,800.0,2.0,0.0,1
66.0,1.0,1.0,0.0,0.0,2.0,1.0,26.0,5.0,0.19230769230769232,3.734269987082885,0.0,1.0,51.0,20.0,0.0,1.0,0.0,1.0,0.0,1.0,0.0,0.0,349.0,1.0,0.0,7.0,1.0,1.0,0.0,0.0,2.0,2.0,1.0,0.0,1.0,15.0,0.8852615873433032,1.0,4.0,7.0,43.0,1.0,1.0,1280.0,800.0,13.0,0.0,1
56.0,1.0,0.0,0.0,2.0,1.0,0.0,15.0,0.0,0.0,3.4654594549355813,1.0,2.0,29.0,12.0,0.0,1.0,0.0,1.0,0.0,0.0,1.0,0.0,334.0,1.0,1.0,10.0,1.0,1.0,0.0,0.0,2.0,2.0,0.0,0.0,1.0,32.0,0.7588140978766573,3.0,4.0,10.0,72.0,12.0,1.0,1280.0,800.0,6.0,0.0,1
43.0,1.0,1.0,0.0,1.0,2.0,0.0,29.0,10.0,0.6402809256143647,3.5105796875511937,0.0,0.0,16.0,8.0,0.0,0.0,0.0,0.0,1.0,0.0,0.0,1.0,125.0,1.0,0.0,7.0,0.0,1.0,0.0,0.0,4.0,1.0,1.0,0.0,1.0,39.0,0.8670907355961772,7.0,1.0,7.0,22.0,11.0,1.0,1280.0,800.0,4.0,0.0,1
90.0,1.0,2.0,0.0,3.0,3.0,0.0,20.0,0.0,0.0,2.996673573770069,0.0,0.0,36.0,41.0,0.0,1.0,0.0,1.0,1.0,0.0,0.0,1.0,272.0,1.0,0.0,6.0,1.0,1.0,1.0,1.0,2.0,3.0,1.0,1.0,1.0,40.0,0.8599506601314792,4.0,5.0,6.0,93.0,4.0,1.0,1280.0,800.0,10.0,0.0,1
92.0,1.0,0.0,0.0,2.0,1.0,0.0,21.0,0.0,0.0,3.748730493180698,1.0,0.0,52.0,40.0,0.0,1.0,0.0,1.0,0.0,1.0,1.0,0.0,286.0,1.0,1.0,4.0,0.0,0.0,0.0,0.0,2.0,1.0,0.0,0.0,0.0,25.0,0.65544339858247,2.0,1.0,4.0,24.0,6.0,1.0,1280.0,800.0,3.0,1.0,1
85.0,1.0,0.0,0.0,1.0,1.0,0.0,19.0,0.0,0.0,3.511309655198647,1.0,0.0,43.0,14.0,0.0,1.0,0.0,1.0,1.0,0.0,0.0,1.0,213.0,1.0,0.0,3.0,1.0,1.0,0.0,1.0,4.0,2.0,0.0,0.0,1.0,25.0,0.942534770247053,3.0,4.0,3.0,116.0,2.0,1.0,1280.0,800.0,8.0,0.0,1
48.0,1.0,0.0,0.0,2.0,1.0,0.0,16.0,12.0,0.5095269127287656,3.92132659039151,0.0,2.0,33.0,13.0,0.0,1.0,0.0,1.0,0.0,1.0,0.0,0.0,217.0,1.0,0.0,10.0,1.0,0.0,0.0,0.0,1.0,2.0,0.0,0.0,1.0,40.0,0.9122587439194074,2.0,1.0,10.0,21.0,4.0,1.0,1280.0,800.0,6.0,0.0,1
90.0,0.0,2.0,0.0,1.0,3.0,0.0,24.0,2.0,0.08333333333333333,3.599709342368032,0.0,0.0,24.0,9.0,0.0,1.0,0.0,1.0,0.0,0.0,0.0,0.0,137.0,1.0,0.0,4.0,1.0,1.0,0.0,0.0,4.0,3.0,0.0,0.0,1.0,24.0,0.20943847191227252,2.0,1.0,4.0,42.0,5.0,1.0,1280.0,800.0,11.0,0.0,1
82.0,1.0,2.0,0.0,1.0,3.0,1.0,20.0,0.0,0.0,2.875215479826227,0.0,2.0,15.0,42.0,0.0,0.0,0.0,0.0,1.0,0.0,0.0,1.0,191.0,1.0,0.0,7.0,1.0,1.0,1.0,0.0,1.0,4.0,0.0,0.0,1.0,26.0,0.8806359379007043,4.0,5.0,7.0,16.0,4.0,1.0,1280.0,800.0,5.0,0.0,1
65.0,1.0,1.0,0.0,2.0,2.0,0.0,16.0,0.0,0.0,3.286349208400926,1.0,3.0,22.0,41.0,0.0,1.0,0.0,1.0,0.0,1.0,1.0,0.0,255.0,1.0,1.0,6.0,1.0,1.0,0.0,1.0,4.0,2.0,1.0,0.0,1.0,34.0,0.7649637126134523,6.0,1.0,6.0,66.0,6.0,1.0,1280.0,800.0,1.0,0.0,1
49.0,1.0,1.0,0.0,2.0,2.0,0.0,13.0,5.0,0.38461538461538464,3.8996052283642872,0.0,0.0,48.0,6.0,0.0,0.0,0.0,0.0,1.0,0.0,0.0,1.0,150.0,2.0,0.0,8.0,1.0,1.0,1.0,0.0,4.0,1.0,0.0,1.0,1.0,26.0,0.7493844216741544,5.0,1.0,8.0,64.0,10.0,1.0,1280.0,800.0,1.0,0.0,1
91.0,1.0,1.0,0.0,2.0,2.0,0.0,23.0,8.0,0.34782608695652173,3.6491928564613105,0.0,0.0,19.0,6.0,0.0,1.0,0.0,1.0,1.0,0.0,0.0,1.0,79.0,1.0,6.0,3.0,1.0,1.0,0.0,0.0,3.0,4.0,0.0,0.0,1.0,9.0,0.6935911761088778,7.0,3.0,3.0,22.0,5.0,1.0,1280.0,800.0,2.0,0.0,1
75.0,1.0,2.0,0.0,3.0,3.0,0.0,13.0,8.0,0.6153846153846154,3.0592191097947325,0.0,1.0,27.0,26.0,0.0,0.0,0.0,0.0,0.0,1.0,0.0,0.0,166.0,1.0,0.0,6.0,1.0,1.0,0.0,1.0,3.0,1.0,1.0,1.0,1.0,44.0,0.798348022912106,1.0,1.0,6.0,48.0,10.0,1.0,1280.0,800.0,8.0,0.0,1
86.0,1.0,3.0,0.0,1.0,4.0,1.0,15.0,5.0,0.3333333333333333,3.732303832305053,0.0,2.0,8.0,11.0,0.0,1.0,0.0,1.0,0.0,0.0,1.0,0.0,182.0,1.0,0.0,2.0,1.0,1.0,0.0,0.0,2.0,3.0,0.0,0.0,1.0,15.0,0.8620844870657293,3.0,1.0,2.0,95.0,1.0,1.0,1280.0,800.0,12.0,1.0,1
61.0,1.0,1.0,0.0,2.0,2.0,1.0,22.0,5.0,0.22727272727272727,3.3143943957668283,0.0,1.0,31.0,25.0,0.0,1.0,0.0,1.0,0.0,0.0,0.0,0.0,112.0,1.0,0.0,3.0,1.0,0.0,0.0,0.0,4.0,1.0,0.0,1.0,1.0,38.0,0.9451837574633364,1.0,1.0,3.0,107.0,10.0,0.0,1280.0,800.0,6.0,1.0,1
69.0,1.0,1.0,0.0,4.0,2.0,0.0,13.0,2.0,0.15384615384615385,3.6788383180077813,0.0,0.0,15.0,6.0,0.0,1.0,0.0,1.0,1.0,0.0,0.0,1.0,203.0,1.0,0.0,7.0,1.0,1.0,0.0,0.0,11.0,3.0,1.0,0.0,1.0,18.0,0.6292471406571318,7.0,1.0,7.0,82.0,13.0,1.0,1280.0,800.0,13.0,0.0,1
49.0,1.0,0.0,0.0,1.0,1.0,0.0,19.0,0.0,0.0,3.465786657245182,1.0,0.0,9.0,36.0,0.0,1.0,0.0,1.0,0.0,0.0,0.0,0.0,183.0,1.0,0.0,11.0,1.0,0.0,0.0,0.0,3.0,2.0,0.0,1.0,1.0,28.0,0.832282817037535,5.0,1.0,11.0,60.0,3.0,1.0,1280.0,800.0,11.0,0.0,1
49.0,1.0,1.0,0.0,4.0,2.0,0.0,24.0,0.0,0.0,3.337670139496311,0.0,0.0,25.0,15.0,0.0,1.0,0.0,1.0,1.0,0.0,0.0,1.0,227.0,1.0,6.0,4.0,1.0,1.0,0.0,0.0,7.0,3.0,0.0,0.0,1.0,27.0,0.7203743707495032,1.0,2.0,4.0,43.0,14.0,1.0,1280.0,800.0,0.0,0.0,1
69.0,1.0,1.0,0.0,0.0,2.0,0.0,27.0,0.0,0.0,3.676673842453853,0.0,0.0,28.0,44.0,0.0,1.0,0.0,1.0,1.0,0.0,0.0,1.0,194.0,1.0,1.0,7.0,1.0,1.0,0.0,0.0,1.0,1.0,0.0,1.0,1.0,26.0,0.9569713492948926,1.0,4.0,7.0,60.0,8.0,1.0,1280.0,800.0,14.0,0.0,1
55.0,1.0,0.0,0.0,2.0,1.0,1.0,24.0,0.0,0.0,3.1433614756878967,0.0,0.0,22.0,4.0,0.0,1.0,0.0,1.0,0.0,1.0,0.0,0.0,127.0,1.0,1.0,4.0,1.0,1.0,0.0,0.0,0.0,1.0,1.0,0.0,1.0,29.0,0.6625309233445865,4.0,2.0,4.0,16.0,0.0,1.0,1280.0,800.0,4.0,0.0,1
39.0,1.0,1.0,0.0,4.0,2.0,1.0,23.0,2.0,0.08695652173913043,3.501978079207661,0.0,1.0,38.0,40.0,0.0,1.0,0.0,1.0,1.0,0.0,0.0,1.0,145.0,1.0,1.0,9.0,0.0,1.0,0.0,0.0,2.0,1.0,0.0,0.0,1.0,13.0,0.8098116269846644,6.0,4.0,9.0,61.0,11.0,1.0,1280.0,800.0,11.0,0.0,1
83.0,0.0,3.0,0.0,4.0,4.0,1.0,21.0,2.0,0.09523809523809523,3.0824065319927247,0.0,1.0,50.0,15.0,0.0,1.0,0.0,1.0,0.0,0.0,0.0,0.0,151.0,1.0,1.0,10.0,1.0,1.0,0.0,0.0,1.0,1.0,0.0,1.0,1.0,28.0,0.0815126999502777,5.0,3.0,10.0,28.0,4.0,1.0,1280.0,800.0,14.0,1.0,1
39.0,1.0,3.0,0.0,0.0,4.0,0.0,18.0,10.0,0.5555555555555556,2.9467957444286026,0.0,0.0,31.0,31.0,1.0,1.0,0.0,1.0,1.0,0.0,0.0,1.0,268.0,1.0,0.0,2.0,1.0,0.0,0.0,0.0,1.0,1.0,1.0,1.0,1.0,21.0,0.6237958087608036,6.0,3.0,2.0,73.0,3.0,1.0,1280.0,800.0,4.0,1.0,1
81.0,0.0,0.0,1.0,0.0,1.0,0.0,15.0,3.0,0.7050900264540088,3.051222848578467,0.0,0.0,44.0,36.0,0.0,1.0,0.0,1.0,0.0,0.0,0.0,0.0,236.0,1.0,0.0,6.0,1.0,1.0,0.0,0.0,0.0,3.0,0.0,0.0,1.0,41.0,0.14552435822405166,3.0,4.0,6.0,23.0,2.0,1.0,1280.0,800.0,10.0,0.0,1
48.0,1.0,0.0,0.0,4.0,1.0,0.0,22.0,2.0,0.09090909090909091,3.0515641768137787,0.0,0.0,17.0,31.0,0.0,1.0,0.0,1.0,1.0,0.0,0.0,1.0,134.0,1.0,0.0,10.0,0.0,0.0,2.0,1.0,0.0,3.0,0.0,0.0,1.0,11.0,0.853024513194174,7.0,1.0,10.0,22.0,1.0,1.0,1280.0,800.0,14.0,0.0,1
51.0,1.0,3.0,0.0,2.0,4.0,0.0,25.0,10.0,0.4,3.3143483233404845,0.0,0.0,32.0,5.0,0.0,1.0,0.0,1.0,1.0,0.0,0.0,1.0,333.0,1.0,1.0,3.0,1.0,1.0,0.0,0.0,3.0,3.0,0.0,0.0,1.0,44.0,0.8559075965795526,1.0,4.0,3.0,56.0,3.0,1.0,1280.0,800.0,0.0,0.0,1
40.0,0.0,1.0,0.0,1.0,2.0,0.0,20.0,0.0,0.0,3.5673564051236997,1.0,0.0,28.0,13.0,0.0,1.0,0.0,1.0,0.0,0.0,0.0,0.0,125.0,2.0,0.0,10.0,1.0,0.0,0.0,0.0,0.0,3.0,1.0,0.0,1.0,41.0,0.12974954273971714,7.0,4.0,10.0,13.0,8.0,1.0,1280.0,800.0,2.0,1.0,1
54.0,1.0,2.0,0.0,3.0,3.0,1.0,18.0,6.0,0.6031506278157803,3.7676339346189653,0.0,2.0,40.0,1.0,0.0,1.0,0.0,1.0,0.0,1.0,1.0,0.0,298.0,1.0,0.0,6.0,0.0,1.0,0.0,0.0,0.0,1.0,1.0,0.0,1.0,15.0,0.9809944901095448,3.0,3.0,6.0,78.0,12.0,1.0,1280.0,800.0,14.0,0.0,1
76.0,1.0,3.0,0.0,1.0,4.0,1.0,13.0,5.0,0.38461538461538464,3.5274950169691976,0.0,1.0,50.0,9.0,0.0,1.0,0.0,1.0,1.0,0.0,0.0,1.0,142.0,1.0,1.0,11.0,0.0,0.0,0.0,1.0,0.0,3.0,1.0,1.0,1.0,12.0,0.7458243439897853,3.0,1.0,11.0,63.0,13.0,1.0,1280.0,800.0,12.0,0.0,1
36.0,1.0,0.0,0.0,3.0,1.0,0.0,21.0,0.0,0.0,3.533888310712923,0.0,0.0,46.0,21.0,0.0,1.0,0.0,1.0,1.0,0.0,0.0,1.0,21.0,1.0,1.0,9.0,1.0,0.0,0.0,0.0,14.0,3.0,0.0,1.0,1.0,31.0,0.7032276635736554,2.0,3.0,9.0,78.0,8.0,1.0,1280.0,800.0,6.0,0.0,1
91.0,1.0,1.0,0.0,2.0,2.0,0.0,15.0,7.0,0.4603167536951001,3.424912132645046,0.0,0.0,11.0,22.0,0.0,0.0,0.0,0.0,1.0,0.0,0.0,1.0,67.0,1.0,0.0,2.0,0.0,1.0,0.0,0.0,3.0,2.0,0.0,0.0,1.0,6.0,0.6128459495117891,3.0,1.0,2.0,3.0,5.0,1.0,1280.0,800.0,2.0,0.0,1
46.0,1.0,1.0,0.0,2.0,2.0,0.0,20.0,0.0,0.0,3.513237799345132,1.0,0.0,14.0,34.0,0.0,1.0,0.0,1.0,1.0,0.0,0.0,1.0,195.0,1.0,0.0,6.0,0.0,1.0,1.0,0.0,4.0,2.0,1.0,0.0,1.0,40.0,0.8619970606372904,2.0,4.0,6.0,21.0,3.0,1.0,1280.0,800.0,1.0,0.0,1
53.0,1.0,2.0,0.0,1.0,3.0,1.0,21.0,5.0,0.23809523809523808,2.8200936414873583,0.0,0.0,18.0,28.0,0.0,1.0,0.0,1.0,1.0,0.0,0.0,1.0,284.0,1.0,0.0,6.0,1.0,1.0,0.0,0.0,0.0,4.0,0.0,1.0,1.0,18.0,0.63058292793254,2.0,5.0,6.0,99.0,2.0,1.0,1280.0,800.0,14.0,0.0,1
64.0,0.0,1.0,0.0,4.0,2.0,0.0,12.0,0.0,0.0,3.141382242399808,0.0,1.0,16.0,16.0,0.0,1.0,0.0,1.0,0.0,0.0,0.0,0.0,212.0,1.0,0.0,10.0,1.0,1.0,0.0,0.0,1.0,3.0,0.0,0.0,1.0,17.0,0.11633868774756133,6.0,2.0,10.0,96.0,5.0,1.0,1280.0,800.0,1.0,0.0,1
38.0,0.0,1.0,0.0,3.0,2.0,0.0,15.0,0.0,0.0,3.8875098556389216,0.0,1.0,14.0,5.0,0.0,0.0,0.0,0.0,0.0,0.0,0.0,0.0,261.0,1.0,6.0,9.0,0.0,0.0,0.0,0.0,4.0,3.0,0.0,0.0,0.0,27.0,0.007046048452141495,6.0,4.0,9.0,58.0,9.0,1.0,1280.0,800.0,2.0,0.0,1
62.0,1.0,2.0,0.0,2.0,3.0,0.0,23.0,9.0,0.7471429091092283,4.177084074521459,0.0,0.0,11.0,22.0,0.0,0.0,0.0,0.0,0.0,1.0,1.0,0.0,258.0,1.0,0.0,4.0,1.0,1.0,1.0,0.0,0.0,2.0,0.0,1.0,1.0,5.0,0.8955896793459457,7.0,3.0,4.0,67.0,5.0,1.0,1280.0,800.0,10.0,1.0,1
52.0,1.0,1.0,0.0,1.0,2.0,0.0,18.0,0.0,0.0,3.211926719793663,0.0,2.0,19.0,37.0,0.0,1.0,0.0,1.0,0.0,1.0,0.0,0.0,81.0,1.0,0.0,7.0,1.0,1.0,0.0,0.0,0.0,1.0,0.0,0.0,1.0,5.0,0.6451486305737822,4.0,5.0,7.0,22.0,8.0,1.0,1280.0,800.0,2.0,0.0,1
75.0,1.0,1.0,0.0,2.0,2.0,1.0,21.0,5.0,0.23809523809523808,3.0273130958758823,0.0,0.0,57.0,3.0,0.0,0.0,0.0,0.0,1.0,0.0,0.0,1.0,268.0,1.0,0.0,1.0,0.0,0.0,1.0,0.0,10.0,2.0,0.0,1.0,1.0,20.0,0.9796956409765041,6.0,3.0,1.0,95.0,5.0,1.0,1280.0,800.0,13.0,0.0,1
56.0,0.0,1.0,0.0,2.0,2.0,0.0,19.0,0.0,0.0,3.3116187610516814,1.0,1.0,17.0,37.0,0.0,1.0,0.0,1.0,0.0,0.0,0.0,0.0,105.0,2.0,0.0,10.0,1.0,1.0,0.0,0.0,0.0,2.0,0.0,1.0,1.0,14.0,0.13972868460050572,1.0,4.0,10.0,95.0,5.0,1.0,1280.0,800.0,2.0,0.0,1
50.0,0.0,0.0,1.0,0.0,1.0,0.0,15.0,3.0,0.6976630182394937,2.89677736465897,0.0,2.0,55.0,15.0,0.0,1.0,0.0,1.0,0.0,0.0,0.0,0.0,191.0,1.0,0.0,11.0,1.0,0.0,0.0,0.0,4.0,2.0,1.0,0.0,1.0,34.0,0.040465346459077164,6.0,4.0,11.0,89.0,0.0,1.0,1280.0,800.0,10.0,0.0,1
49.0,0.0,1.0,0.0,1.0,2.0,0.0,21.0,0.0,0.0,3.103453646534087,1.0,0.0,45.0,28.0,0.0,1.0,0.0,1.0,0.0,0.0,0.0,0.0,304.0,1.0,0.0,8.0,0.0,1.0,0.0,0.0,4.0,3.0,0.0,1.0,1.0,9.0,0.056679840886394724,6.0,2.0,8.0,79.0,14.0,1.0,1280.0,800.0,0.0,1.0,1
38.0,1.0,2.0,0.0,1.0,3.0,0.0,26.0,10.0,0.38461538461538464,3.0970507284753777,0.0,0.0,15.0,14.0,0.0,1.0,0.0,1.0,1.0,0.0,0.0,1.0,290.0,1.0,0.0,11.0,1.0,1.0,1.0,0.0,4.0,2.0,1.0,0.0,1.0,22.0,0.7942130367736215,1.0,5.0,11.0,55.0,11.0,1.0,1280.0,800.0,4.0,0.0,1
79.0,1.0,3.0,0.0,2.0,4.0,0.0,18.0,2.0,0.1111111111111111,2.8644162899490215,0.0,0.0,19.0,34.0,0.0,1.0,0.0,1.0,1.0,0.0,0.0,1.0,65.0,1.0,0.0,11.0,0.0,1.0,1.0,0.0,7.0,3.0,1.0,0.0,1.0,36.0,0.7667735766410122,4.0,5.0,11.0,15.0,3.0,1.0,1280.0,800.0,3.0,0.0,1
70.0,0.0,3.0,0.0,2.0,4.0,0.0,14.0,12.0,0.8571428571428571,3.1375741155114745,0.0,0.0,33.0,44.0,0.0,1.0,0.0,1.0,0.0,0.0,0.0,0.0,132.0,1.0,0.0,9.0,1.0,1.0,0.0,0.0,2.0,2.0,1.0,0.0,1.0,19.0,0.20524766688182572,4.0,4.0,9.0,70.0,14.0,1.0,1280.0,800.0,6.0,0.0,1
65.0,1.0,3.0,0.0,2.0,4.0,1.0,16.0,0.0,0.0,3.176745240058025,0.0,3.0,31.0,34.0,0.0,1.0,0.0,1.0,1.0,0.0,0.0,1.0,236.0,1.0,1.0,9.0,1.0,0.0,0.0,0.0,0.0,1.0,1.0,1.0,1.0,30.0,0.6037588188279631,2.0,2.0,9.0,98.0,11.0,1.0,1280.0,800.0,4.0,0.0,1
74.0,1.0,3.0,0.0,4.0,4.0,0.0,10.0,0.0,0.0,2.827474075756137,0.0,1.0,27.0,36.0,0.0,0.0,0.0,0.0,0.0,0.0,1.0,0.0,51.0,1.0,0.0,5.0,1.0,1.0,0.0,0.0,1.0,3.0,0.0,1.0,1.0,12.0,0.836188800896338,3.0,1.0,5.0,63.0,3.0,1.0,1280.0,800.0,12.0,0.0,1
35.0,1.0,1.0,0.0,2.0,2.0,0.0,18.0,0.0,0.0,3.212875793696406,0.0,0.0,31.0,32.0,0.0,1.0,0.0,1.0,1.0,0.0,0.0,1.0,299.0,1.0,0.0,2.0,0.0,1.0,0.0,0.0,3.0,1.0,0.0,1.0,1.0,13.0,0.8256724522443941,1.0,3.0,2.0,98.0,3.0,1.0,1280.0,800.0,7.0,0.0,1
61.0,1.0,2.0,0.0,2.0,3.0,0.0,17.0,5.0,0.29411764705882354,3.881668038753377,0.0,1.0,45.0,12.0,0.0,1.0,0.0,1.0,1.0,0.0,0.0,1.0,99.0,1.0,0.0,9.0,1.0,1.0,0.0,0.0,0.0,2.0,0.0,0.0,1.0,20.0,0.6605521483553851,7.0,1.0,9.0,75.0,1.0,1.0,1280.0,800.0,5.0,1.0,1
36.0,1.0,0.0,0.0,1.0,1.0,0.0,16.0,0.0,0.0,3.652638030166181,1.0,0.0,38.0,4.0,0.0,1.0,0.0,1.0,1.0,0.0,0.0,1.0,258.0,1.0,1.0,6.0,1.0,1.0,0.0,0.0,1.0,1.0,0.0,1.0,1.0,26.0,0.7260031034699097,4.0,2.0,6.0,87.0,14.0,1.0,1280.0,800.0,4.0,0.0,1
70.0,1.0,0.0,0.0,1.0,1.0,1.0,24.0,0.0,0.0,2.848642649128657,0.0,0.0,24.0,23.0,0.0,1.0,0.0,1.0,1.0,0.0,0.0,1.0,29.0,1.0,0.0,3.0,1.0,0.0,0.0,0.0,4.0,2.0,0.0,0.0,1.0,39.0,0.9641306331022713,5.0,3.0,3.0,92.0,0.0,1.0,1280.0,800.0,7.0,0.0,1
69.0,1.0,1.0,0.0,1.0,2.0,1.0,10.0,0.0,0.0,3.2555614174765743,0.0,0.0,17.0,10.0,0.0,1.0,0.0,1.0,1.0,0.0,0.0,1.0,192.0,1.0,0.0,2.0,0.0,1.0,0.0,1.0,15.0,3.0,0.0,0.0,1.0,29.0,0.8575922662075859,4.0,4.0,2.0,18.0,1.0,0.0,1280.0,800.0,9.0,0.0,1
76.0,1.0,1.0,0.0,2.0,2.0,1.0,24.0,0.0,0.0,2.8026933826191747,0.0,0.0,19.0,43.0,0.0,1.0,0.0,1.0,0.0,1.0,0.0,0.0,107.0,1.0,0.0,4.0,0.0,1.0,0.0,0.0,4.0,2.0,1.0,1.0,1.0,20.0,0.8591241943687726,5.0,5.0,4.0,0.0,7.0,1.0,1280.0,800.0,9.0,0.0,1
71.0,1.0,0.0,0.0,4.0,1.0,0.0,13.0,8.0,0.6153846153846154,3.0960746754243837,0.0,0.0,57.0,26.0,1.0,1.0,0.0,1.0,0.0,0.0,1.0,0.0,45.0,1.0,6.0,8.0,1.0,1.0,0.0,0.0,11.0,3.0,1.0,1.0,1.0,22.0,0.7786784921056981,2.0,4.0,8.0,47.0,9.0,1.0,1280.0,800.0,6.0,0.0,1
35.0,1.0,0.0,1.0,0.0,1.0,0.0,15.0,3.0,0.7369072718276263,3.0645735915301335,0.0,1.0,7.0,44.0,0.0,0.0,0.0,0.0,1.0,0.0,0.0,1.0,46.0,1.0,1.0,11.0,0.0,1.0,0.0,0.0,1.0,2.0,1.0,0.0,1.0,34.0,0.7751367083262048,7.0,4.0,11.0,31.0,3.0,1.0,1280.0,800.0,4.0,0.0,1
48.0,1.0,3.0,0.0,1.0,4.0,1.0,25.0,2.0,0.08,3.347030134955856,0.0,1.0,51.0,29.0,0.0,1.0,0.0,1.0,1.0,0.0,0.0,1.0,135.0,1.0,0.0,8.0,1.0,1.0,0.0,0.0,2.0,2.0,0.0,0.0,1.0,38.0,0.9769939823231727,3.0,3.0,8.0,58.0,13.0,1.0,1280.0,800.0,12.0,0.0,1
61.0,1.0,2.0,0.0,2.0,3.0,0.0,18.0,0.0,0.0,3.2132946955968427,0.0,0.0,29.0,1.0,0.0,1.0,0.0,1.0,1.0,0.0,0.0,1.0,54.0,1.0,1.0,1.0,1.0,0.0,0.0,0.0,10.0,1.0,1.0,0.0,1.0,15.0,0.8953321829279904,7.0,4.0,1.0,17.0,4.0,1.0,1280.0,800.0,5.0,0.0,1
84.0,1.0,0.0,1.0,0.0,1.0,0.0,15.0,3.0,0.6053713351679509,2.9693006661677903,0.0,0.0,55.0,32.0,0.0,0.0,0.0,0.0,1.0,0.0,0.0,1.0,277.0,1.0,1.0,11.0,1.0,1.0,0.0,0.0,2.0,2.0,0.0,1.0,1.0,23.0,0.8729965534373729,3.0,3.0,11.0,118.0,13.0,1.0,1280.0,800.0,1.0,0.0,1
89.0,1.0,1.0,0.0,4.0,2.0,0.0,23.0,8.0,0.34782608695652173,3.1404645534454607,0.0,2.0,50.0,2.0,0.0,1.0,0.0,1.0,1.0,0.0,0.0,1.0,65.0,1.0,0.0,9.0,1.0,0.0,0.0,0.0,0.0,1.0,1.0,1.0,1.0,40.0,0.6049308858187314,1.0,3.0,9.0,84.0,5.0,1.0,1280.0,800.0,13.0,0.0,1
90.0,1.0,0.0,0.0,2.0,1.0,0.0,19.0,2.0,0.10526315789473684,2.9086922145064005,0.0,0.0,36.0,13.0,0.0,1.0,0.0,1.0,1.0,0.0,0.0,1.0,124.0,1.0,0.0,9.0,0.0,1.0,1.0,1.0,4.0,4.0,0.0,0.0,1.0,16.0,0.8486578794440283,7.0,4.0,9.0,117.0,14.0,1.0,1280.0,800.0,0.0,0.0,1
82.0,1.0,1.0,0.0,2.0,2.0,1.0,11.0,2.0,0.18181818181818182,3.104488846350372,0.0,0.0,34.0,5.0,0.0,1.0,0.0,1.0,0.0,1.0,1.0,0.0,262.0,1.0,1.0,3.0,1.0,1.0,0.0,0.0,4.0,1.0,1.0,0.0,1.0,34.0,0.667807291144247,1.0,1.0,3.0,47.0,8.0,1.0,1280.0,800.0,11.0,1.0,1
49.0,0.0,1.0,0.0,2.0,2.0,1.0,15.0,5.0,0.3333333333333333,3.3172036511704857,0.0,2.0,53.0,19.0,0.0,1.0,0.0,1.0,0.0,0.0,0.0,0.0,118.0,1.0,0.0,5.0,1.0,1.0,1.0,2.0,0.0,2.0,0.0,1.0,1.0,31.0,0.24362029824393386,2.0,2.0,5.0,35.0,3.0,1.0,1280.0,800.0,6.0,0.0,1
55.0,1.0,0.0,1.0,0.0,1.0,0.0,15.0,3.0,0.6379703124021178,2.728594247468517,0.0,0.0,8.0,35.0,1.0,1.0,0.0,1.0,1.0,0.0,0.0,1.0,104.0,1.0,0.0,2.0,1.0,1.0,0.0,0.0,2.0,2.0,0.0,0.0,1.0,30.0,0.617253337588636,3.0,3.0,2.0,24.0,7.0,1.0,1280.0,800.0,13.0,0.0,1
65.0,1.0,1.0,0.0,1.0,2.0,0.0,16.0,0.0,0.0,3.1416227352515245,1.0,2.0,14.0,36.0,0.0,1.0,0.0,1.0,1.0,0.0,0.0,1.0,150.0,1.0,1.0,6.0,0.0,1.0,0.0,0.0,4.0,1.0,0.0,0.0,1.0,23.0,0.6559059551222102,7.0,5.0,6.0,46.0,2.0,1.0,1280.0,800.0,4.0,0.0,1
89.0,1.0,2.0,0.0,1.0,3.0,0.0,12.0,12.0,1.0,3.524176122169278,0.0,2.0,24.0,44.0,1.0,1.0,0.0,1.0,1.0,0.0,0.0,1.0,191.0,2.0,1.0,8.0,1.0,1.0,0.0,0.0,0.0,3.0,0.0,0.0,1.0,7.0,0.8123625477210528,5.0,3.0,8.0,5.0,7.0,1.0,1280.0,800.0,5.0,0.0,1
47.0,0.0,0.0,1.0,0.0,1.0,0.0,15.0,3.0,0.7251006300430465,2.5983033412370875,0.0,2.0,22.0,24.0,1.0,0.0,0.0,0.0,0.0,0.0,0.0,0.0,204.0,1.0,0.0,10.0,0.0,1.0,1.0,0.0,1.0,3.0,1.0,1.0,1.0,19.0,0.2672775591483118,1.0,4.0,10.0,53.0,6.0,1.0,1280.0,800.0,7.0,1.0,1
57.0,1.0,1.0,0.0,3.0,2.0,0.0,12.0,0.0,0.0,3.6712553592307167,0.0,2.0,24.0,4.0,0.0,0.0,0.0,0.0,1.0,0.0,0.0,1.0,94.0,1.0,0.0,10.0,1.0,1.0,0.0,0.0,0.0,4.0,0.0,0.0,1.0,16.0,0.9782129114993527,7.0,3.0,10.0,73.0,0.0,1.0,1280.0,800.0,7.0,0.0,1
74.0,1.0,1.0,0.0,2.0,2.0,0.0,19.0,13.0,0.7254794770892266,4.103401501361716,0.0,0.0,9.0,24.0,0.0,0.0,0.0,0.0,1.0,0.0,0.0,1.0,319.0,1.0,1.0,8.0,0.0,1.0,0.0,0.0,3.0,1.0,1.0,0.0,1.0,25.0,0.7734819625779945,7.0,1.0,8.0,119.0,4.0,1.0,1280.0,800.0,1.0,0.0,1
79.0,1.0,1.0,0.0,4.0,2.0,1.0,23.0,5.0,0.21739130434782608,2.8636962138217457,0.0,1.0,5.0,4.0,0.0,1.0,0.0,1.0,0.0,0.0,0.0,0.0,222.0,2.0,1.0,9.0,1.0,0.0,0.0,0.0,0.0,3.0,1.0,1.0,1.0,44.0,0.9626506721850301,2.0,3.0,9.0,13.0,3.0,1.0,1280.0,800.0,5.0,0.0,1
48.0,1.0,2.0,0.0,4.0,3.0,0.0,24.0,8.0,0.3333333333333333,3.7692311647053414,0.0,0.0,16.0,33.0,0.0,1.0,0.0,1.0,1.0,0.0,0.0,1.0,317.0,1.0,0.0,11.0,1.0,1.0,0.0,0.0,4.0,1.0,0.0,0.0,1.0,30.0,0.7460112020724983,1.0,1.0,11.0,97.0,14.0,1.0,1280.0,800.0,3.0,0.0,1
88.0,1.0,2.0,0.0,2.0,3.0,0.0,12.0,0.0,0.0,3.5569827956389926,0.0,0.0,11.0,1.0,1.0,1.0,0.0,1.0,1.0,0.0,0.0,1.0,142.0,1.0,6.0,2.0,1.0,1.0,0.0,0.0,4.0,2.0,0.0,0.0,1.0,42.0,0.7173204830834508,3.0,4.0,2.0,55.0,8.0,1.0,1280.0,800.0,1.0,0.0,1
66.0,1.0,0.0,0.0,1.0,1.0,1.0,12.0,0.0,0.0,3.3071535966730234,0.0,3.0,9.0,28.0,0.0,1.0,0.0,1.0,1.0,0.0,0.0,1.0,231.0,1.0,0.0,8.0,1.0,1.0,0.0,1.0,2.0,2.0,1.0,0.0,1.0,25.0,0.6976366527571765,6.0,4.0,8.0,99.0,8.0,1.0,1280.0,800.0,10.0,0.0,1
58.0,1.0,1.0,0.0,2.0,2.0,0.0,12.0,8.0,0.6666666666666666,3.04291313517693,0.0,1.0,19.0,24.0,0.0,1.0,0.0,1.0,1.0,0.0,0.0,1.0,191.0,1.0,1.0,6.0,1.0,1.0,0.0,0.0,1.0,1.0,0.0,0.0,1.0,5.0,0.8166804523776786,2.0,2.0,6.0,3.0,1.0,1.0,1280.0,800.0,9.0,0.0,1
54.0,1.0,1.0,0.0,3.0,2.0,1.0,21.0,5.0,0.23809523809523808,2.8275849623371374,0.0,0.0,25.0,16.0,0.0,0.0,0.0,0.0,1.0,0.0,0.0,1.0,284.0,1.0,0.0,6.0,1.0,1.0,0.0,1.0,15.0,1.0,0.0,0.0,1.0,6.0,0.971959008131949,3.0,5.0,6.0,92.0,9.0,1.0,1280.0,800.0,5.0,0.0,1
93.0,1.0,2.0,0.0,1.0,3.0,0.0,11.0,0.0,0.0,3.1258419271096884,0.0,1.0,49.0,18.0,0.0,1.0,0.0,1.0,1.0,0.0,0.0,1.0,82.0,1.0,0.0,9.0,0.0,0.0,0.0,0.0,2.0,3.0,0.0,1.0,0.0,19.0,0.667123495736401,2.0,4.0,9.0,88.0,10.0,1.0,1280.0,800.0,14.0,1.0,1
77.0,1.0,0.0,0.0,2.0,1.0,1.0,26.0,10.0,0.47381507760077646,3.3415783205925726,0.0,1.0,20.0,15.0,0.0,0.0,0.0,0.0,1.0,0.0,0.0,1.0,310.0,1.0,0.0,9.0,1.0,1.0,0.0,1.0,1.0,1.0,0.0,0.0,1.0,23.0,0.7389511140331049,3.0,4.0,9.0,109.0,0.0,1.0,1280.0,800.0,5.0,0.0,1
43.0,1.0,1.0,0.0,2.0,2.0,0.0,20.0,5.0,0.25,3.4200994724524274,0.0,3.0,59.0,42.0,0.0,1.0,0.0,1.0,1.0,0.0,0.0,1.0,334.0,1.0,1.0,10.0,1.0,1.0,0.0,0.0,4.0,3.0,0.0,0.0,1.0,8.0,0.8406218192666626,6.0,2.0,10.0,45.0,8.0,1.0,1280.0,800.0,4.0,0.0,1
43.0,1.0,1.0,0.0,1.0,2.0,0.0,14.0,5.0,0.35714285714285715,3.037791698637946,0.0,1.0,17.0,7.0,1.0,1.0,0.0,1.0,1.0,0.0,0.0,1.0,38.0,1.0,0.0,8.0,1.0,1.0,0.0,1.0,2.0,4.0,0.0,0.0,1.0,20.0,0.6554388389608496,7.0,1.0,8.0,56.0,0.0,1.0,1280.0,800.0,12.0,1.0,1
39.0,1.0,0.0,0.0,3.0,1.0,0.0,12.0,5.0,0.4166666666666667,3.2756060103680666,0.0,0.0,22.0,10.0,0.0,1.0,0.0,1.0,1.0,0.0,0.0,1.0,146.0,1.0,0.0,9.0,0.0,1.0,1.0,0.0,3.0,2.0,1.0,1.0,1.0,16.0,0.701635142936881,3.0,3.0,9.0,16.0,3.0,1.0,1280.0,800.0,0.0,0.0,1
90.0,0.0,0.0,0.0,4.0,1.0,1.0,22.0,5.0,0.22727272727272727,3.6486893955136726,0.0,2.0,32.0,29.0,0.0,0.0,0.0,0.0,0.0,0.0,0.0,0.0,111.0,1.0,0.0,9.0,0.0,0.0,0.0,0.0,15.0,2.0,0.0,0.0,0.0,8.0,0.10766896840715008,3.0,3.0,9.0,109.0,11.0,1.0,1280.0,800.0,1.0,0.0,1
72.0,1.0,0.0,1.0,0.0,1.0,0.0,15.0,3.0,0.7522518832171636,2.865842400663344,0.0,2.0,41.0,6.0,1.0,0.0,0.0,0.0,1.0,0.0,0.0,1.0,288.0,1.0,6.0,10.0,1.0,1.0,0.0,0.0,3.0,1.0,1.0,0.0,1.0,40.0,0.92089534591446,3.0,1.0,10.0,115.0,12.0,1.0,1280.0,800.0,5.0,0.0,1
88.0,0.0,1.0,0.0,1.0,2.0,0.0,18.0,0.0,0.0,2.9363527155491607,0.0,0.0,53.0,33.0,0.0,1.0,0.0,1.0,0.0,0.0,0.0,0.0,75.0,1.0,1.0,8.0,1.0,1.0,0.0,0.0,4.0,2.0,1.0,1.0,1.0,42.0,0.06795635226380757,7.0,3.0,8.0,46.0,1.0,1.0,1280.0,800.0,12.0,1.0,1
72.0,1.0,1.0,0.0,2.0,2.0,1.0,15.0,0.0,0.0,3.115186999134278,0.0,1.0,6.0,3.0,0.0,1.0,0.0,1.0,1.0,0.0,0.0,1.0,167.0,2.0,0.0,9.0,1.0,1.0,0.0,0.0,2.0,2.0,0.0,1.0,1.0,7.0,0.6390979293420647,6.0,1.0,9.0,48.0,9.0,1.0,1280.0,800.0,9.0,0.0,1
84.0,0.0,1.0,0.0,1.0,2.0,1.0,21.0,14.0,0.3964123408182622,3.23151439236794,0.0,2.0,5.0,19.0,0.0,1.0,0.0,1.0,0.0,0.0,0.0,0.0,250.0,1.0,1.0,6.0,0.0,1.0,0.0,0.0,3.0,2.0,1.0,0.0,1.0,22.0,0.16334886507913662,4.0,4.0,6.0,38.0,12.0,1.0,1280.0,800.0,12.0,1.0,1
62.0,1.0,1.0,0.0,1.0,2.0,1.0,17.0,2.0,0.11764705882352941,3.7054587950846205,0.0,1.0,18.0,32.0,1.0,1.0,0.0,1.0,1.0,0.0,0.0,1.0,18.0,1.0,1.0,11.0,1.0,0.0,1.0,0.0,13.0,3.0,1.0,0.0,1.0,6.0,0.7660371142437625,7.0,3.0,11.0,91.0,1.0,1.0,1280.0,800.0,12.0,0.0,1
85.0,1.0,1.0,0.0,2.0,2.0,0.0,25.0,0.0,0.0,3.324312927975765,0.0,0.0,33.0,36.0,0.0,1.0,0.0,1.0,1.0,0.0,0.0,1.0,165.0,1.0,1.0,7.0,1.0,0.0,0.0,0.0,4.0,2.0,1.0,0.0,1.0,16.0,0.647523072122404,3.0,5.0,7.0,117.0,6.0,1.0,1280.0,800.0,14.0,1.0,1
48.0,1.0,0.0,0.0,1.0,1.0,0.0,12.0,0.0,0.0,3.7176035477770646,1.0,0.0,46.0,28.0,0.0,1.0,0.0,1.0,1.0,0.0,0.0,1.0,268.0,1.0,0.0,10.0,0.0,0.0,0.0,0.0,0.0,2.0,1.0,0.0,0.0,16.0,0.726331567274579,4.0,5.0,10.0,21.0,1.0,1.0,1280.0,800.0,10.0,0.0,1
80.0,1.0,0.0,0.0,3.0,1.0,0.0,18.0,0.0,0.0,3.284155656774182,0.0,2.0,38.0,2.0,0.0,1.0,0.0,1.0,0.0,0.0,1.0,0.0,229.0,1.0,1.0,4.0,1.0,1.0,1.0,0.0,0.0,2.0,1.0,0.0,1.0,44.0,0.8621444891572068,7.0,3.0,4.0,46.0,13.0,1.0,1280.0,800.0,2.0,0.0,1
77.0,1.0,2.0,0.0,2.0,3.0,0.0,11.0,5.0,0.45454545454545453,3.409728388930867,0.0,2.0,9.0,8.0,0.0,1.0,0.0,1.0,1.0,0.0,0.0,1.0,327.0,1.0,1.0,3.0,1.0,1.0,0.0,0.0,1.0,1.0,0.0,0.0,1.0,12.0,0.6583293876720452,4.0,3.0,3.0,41.0,4.0,1.0,1280.0,800.0,6.0,0.0,1
39.0,1.0,0.0,0.0,1.0,1.0,0.0,12.0,2.0,0.16666666666666666,3.737176129379187,0.0,0.0,47.0,37.0,0.0,1.0,0.0,1.0,1.0,0.0,0.0,1.0,147.0,1.0,6.0,11.0,0.0,0.0,0.0,0.0,14.0,3.0,1.0,0.0,0.0,43.0,0.9202896914613039,6.0,2.0,11.0,97.0,12.0,1.0,1280.0,800.0,8.0,0.0,1
84.0,1.0,0.0,1.0,0.0,1.0,0.0,15.0,3.0,0.641309772000618,2.977068278949576,0.0,0.0,32.0,33.0,0.0,1.0,0.0,1.0,1.0,0.0,0.0,1.0,272.0,1.0,0.0,3.0,0.0,1.0,0.0,0.0,0.0,3.0,1.0,1.0,1.0,14.0,0.921666324517183,6.0,5.0,3.0,83.0,7.0,1.0,1280.0,800.0,9.0,0.0,1
56.0,1.0,0.0,1.0,0.0,1.0,0.0,15.0,3.0,0.6019396616992837,3.057922204634797,0.0,0.0,11.0,44.0,0.0,0.0,0.0,0.0,1.0,0.0,0.0,1.0,231.0,2.0,0.0,6.0,1.0,1.0,1.0,0.0,1.0,3.0,0.0,1.0,1.0,10.0,0.9498835120208403,6.0,1.0,6.0,28.0,1.0,1.0,1280.0,800.0,11.0,0.0,1
55.0,1.0,2.0,0.0,1.0,3.0,1.0,10.0,0.0,0.0,3.3867018394436887,0.0,0.0,9.0,20.0,0.0,1.0,0.0,1.0,1.0,0.0,0.0,1.0,265.0,1.0,1.0,9.0,1.0,1.0,1.0,2.0,1.0,2.0,0.0,0.0,1.0,26.0,0.764876721380784,6.0,4.0,9.0,99.0,3.0,1.0,1280.0,800.0,3.0,0.0,1
38.0,1.0,2.0,0.0,3.0,3.0,0.0,24.0,0.0,0.0,3.6695160879798436,0.0,1.0,23.0,11.0,0.0,0.0,0.0,0.0,0.0,0.0,1.0,0.0,62.0,1.0,6.0,11.0,1.0,0.0,0.0,1.0,10.0,1.0,1.0,1.0,1.0,17.0,0.6743595131239347,7.0,3.0,11.0,43.0,10.0,1.0,1280.0,800.0,9.0,1.0,1
88.0,1.0,1.0,0.0,2.0,2.0,0.0,19.0,8.0,0.3772303316270459,4.153795756964413,0.0,2.0,52.0,9.0,1.0,1.0,0.0,1.0,1.0,0.0,0.0,1.0,17.0,2.0,0.0,10.0,1.0,1.0,1.0,0.0,4.0,2.0,1.0,1.0,1.0,17.0,0.8626161852033911,6.0,2.0,10.0,109.0,12.0,1.0,1280.0,800.0,14.0,0.0,1
49.0,1.0,2.0,0.0,3.0,3.0,0.0,16.0,5.0,0.3125,3.0468634301355717,0.0,2.0,13.0,9.0,0.0,1.0,0.0,1.0,1.0,0.0,0.0,1.0,202.0,1.0,0.0,11.0,1.0,1.0,0.0,0.0,3.0,3.0,1.0,1.0,1.0,27.0,0.8767709598183118,1.0,1.0,11.0,106.0,7.0,1.0,1280.0,800.0,7.0,1.0,1
45.0,1.0,3.0,0.0,4.0,4.0,0.0,12.0,8.0,0.6666666666666666,2.8249951843587207,0.0,0.0,14.0,25.0,0.0,1.0,0.0,1.0,1.0,0.0,0.0,1.0,196.0,1.0,0.0,7.0,1.0,1.0,0.0,0.0,4.0,4.0,0.0,0.0,1.0,14.0,0.7912666844762973,3.0,4.0,7.0,85.0,13.0,1.0,1280.0,800.0,10.0,0.0,1
78.0,0.0,1.0,0.0,1.0,2.0,1.0,15.0,0.0,0.0,3.053031631108503,0.0,1.0,36.0,44.0,0.0,1.0,0.0,1.0,0.0,0.0,0.0,0.0,284.0,1.0,1.0,11.0,1.0,1.0,0.0,0.0,1.0,4.0,0.0,0.0,1.0,33.0,0.05006344188445909,4.0,2.0,11.0,37.0,4.0,1.0,1280.0,800.0,10.0,1.0,1
71.0,1.0,2.0,0.0,1.0,3.0,0.0,27.0,10.0,0.37037037037037035,3.0354361163304726,0.0,1.0,51.0,28.0,0.0,1.0,0.0,1.0,0.0,0.0,1.0,0.0,290.0,1.0,1.0,8.0,1.0,1.0,0.0,0.0,1.0,4.0,0.0,1.0,1.0,12.0,0.7124529557973596,2.0,3.0,8.0,46.0,10.0,1.0,1280.0,800.0,13.0,0.0,1
71.0,1.0,3.0,0.0,1.0,4.0,1.0,12.0,5.0,0.4166666666666667,3.0900008546963496,0.0,0.0,22.0,34.0,0.0,1.0,0.0,1.0,1.0,0.0,0.0,1.0,154.0,1.0,1.0,10.0,1.0,1.0,0.0,0.0,0.0,2.0,1.0,0.0,1.0,35.0,0.7256430928266814,1.0,1.0,10.0,91.0,9.0,1.0,1280.0,800.0,12.0,1.0,1
51.0,0.0,0.0,0.0,2.0,1.0,1.0,14.0,0.0,0.0,2.867829523743666,0.0,0.0,25.0,18.0,0.0,0.0,0.0,0.0,0.0,0.0,0.0,0.0,142.0,1.0,6.0,7.0,0.0,1.0,0.0,0.0,11.0,3.0,1.0,0.0,1.0,34.0,0.07224674932940883,1.0,3.0,7.0,102.0,12.0,1.0,1280.0,800.0,6.0,0.0,1
61.0,1.0,0.0,0.0,1.0,1.0,0.0,16.0,0.0,0.0,3.2788813175878078,1.0,0.0,16.0,30.0,0.0,1.0,0.0,1.0,1.0,0.0,0.0,1.0,286.0,1.0,1.0,2.0,1.0,1.0,0.0,0.0,3.0,3.0,1.0,0.0,1.0,20.0,0.768268484926901,2.0,3.0,2.0,21.0,11.0,1.0,1280.0,800.0,12.0,0.0,1
74.0,1.0,0.0,1.0,0.0,1.0,0.0,15.0,3.0,0.695956989917159,2.662500237279834,0.0,0.0,10.0,35.0,0.0,1.0,0.0,1.0,0.0,1.0,0.0,0.0,269.0,1.0,1.0,9.0,0.0,0.0,0.0,0.0,3.0,2.0,0.0,1.0,0.0,9.0,0.7925207881973785,1.0,5.0,9.0,86.0,3.0,1.0,1280.0,800.0,4.0,0.0,1
55.0,1.0,0.0,1.0,0.0,1.0,0.0,15.0,3.0,0.6687236134471477,3.099161552160966,0.0,2.0,34.0,39.0,0.0,1.0,0.0,1.0,1.0,0.0,0.0,1.0,37.0,1.0,6.0,4.0,0.0,1.0,0.0,0.0,2.0,2.0,0.0,0.0,1.0,18.0,0.9410197009708859,4.0,5.0,4.0,81.0,4.0,1.0,1280.0,800.0,14.0,0.0,1
63.0,1.0,1.0,0.0,2.0,2.0,0.0,22.0,2.0,0.09090909090909091,3.1464750679551385,0.0,3.0,49.0,28.0,0.0,1.0,0.0,1.0,1.0,0.0,0.0,1.0,134.0,1.0,0.0,1.0,0.0,0.0,0.0,0.0,6.0,3.0,1.0,0.0,0.0,11.0,0.6890547960863432,4.0,3.0,1.0,114.0,14.0,1.0,1280.0,800.0,10.0,0.0,1
56.0,1.0,1.0,0.0,3.0,2.0,0.0,17.0,2.0,0.11764705882352941,3.37170268404328,0.0,0.0,59.0,11.0,0.0,1.0,0.0,1.0,1.0,0.0,0.0,1.0,227.0,1.0,0.0,3.0,0.0,1.0,1.0,0.0,0.0,1.0,0.0,0.0,1.0,36.0,0.899388381186804,3.0,4.0,3.0,69.0,0.0,1.0,1280.0,800.0,7.0,0.0,1
78.0,0.0,2.0,0.0,2.0,3.0,1.0,11.0,2.0,0.18181818181818182,3.868999782413314,0.0,0.0,9.0,28.0,0.0,1.0,0.0,1.0,0.0,0.0,0.0,0.0,24.0,1.0,6.0,10.0,1.0,1.0,0.0,0.0,3.0,1.0,1.0,1.0,1.0,44.0,0.2590857745604452,6.0,5.0,10.0,47.0,10.0,1.0,1280.0,800.0,2.0,0.0,1
59.0,1.0,0.0,0.0,1.0,1.0,1.0,17.0,0.0,0.0,3.5581284184319633,0.0,1.0,31.0,42.0,0.0,1.0,0.0,1.0,1.0,0.0,0.0,1.0,122.0,1.0,0.0,3.0,1.0,0.0,1.0,2.0,2.0,4.0,1.0,0.0,1.0,43.0,0.8327711744009421,1.0,1.0,3.0,98.0,8.0,0.0,1280.0,800.0,3.0,0.0,1
81.0,1.0,1.0,0.0,3.0,2.0,1.0,20.0,5.0,0.25,3.5691258434964297,0.0,0.0,41.0,44.0,0.0,1.0,0.0,1.0,1.0,0.0,0.0,1.0,41.0,1.0,0.0,10.0,0.0,0.0,1.0,0.0,0.0,2.0,1.0,0.0,1.0,39.0,0.7831647459716132,7.0,1.0,10.0,44.0,4.0,1.0,1280.0,800.0,9.0,0.0,1
54.0,1.0,3.0,0.0,4.0,4.0,1.0,25.0,5.0,0.2,3.0865828654516174,0.0,1.0,47.0,25.0,0.0,0.0,0.0,0.0,1.0,0.0,0.0,1.0,184.0,1.0,0.0,7.0,1.0,0.0,2.0,2.0,3.0,5.0,0.0,0.0,1.0,24.0,0.9847266352678401,7.0,2.0,7.0,28.0,6.0,1.0,1280.0,800.0,1.0,0.0,1
45.0,0.0,1.0,0.0,2.0,2.0,0.0,13.0,0.0,0.0,3.490380174380869,1.0,1.0,14.0,44.0,0.0,1.0,0.0,1.0,0.0,0.0,0.0,0.0,311.0,1.0,6.0,6.0,1.0,1.0,0.0,0.0,3.0,1.0,1.0,0.0,1.0,28.0,0.24784493896579782,5.0,3.0,6.0,88.0,8.0,1.0,1280.0,800.0,7.0,0.0,1
87.0,1.0,1.0,0.0,1.0,2.0,0.0,13.0,8.0,0.6153846153846154,3.6557706306042297,0.0,1.0,27.0,30.0,0.0,1.0,0.0,1.0,1.0,0.0,0.0,1.0,177.0,1.0,6.0,4.0,1.0,1.0,0.0,0.0,4.0,2.0,0.0,0.0,1.0,39.0,0.7957949122632202,1.0,3.0,4.0,65.0,1.0,1.0,1280.0,800.0,8.0,0.0,1
90.0,1.0,2.0,0.0,2.0,3.0,1.0,15.0,14.0,0.6094421361974471,3.3055064252175965,0.0,2.0,42.0,23.0,0.0,0.0,0.0,0.0,1.0,0.0,0.0,1.0,266.0,1.0,0.0,9.0,1.0,1.0,0.0,0.0,0.0,2.0,0.0,0.0,1.0,40.0,0.6124522933830999,3.0,5.0,9.0,65.0,5.0,1.0,1280.0,800.0,12.0,1.0,1
58.0,1.0,1.0,0.0,1.0,2.0,0.0,16.0,0.0,0.0,3.8091350993332984,1.0,0.0,54.0,5.0,0.0,1.0,0.0,1.0,1.0,0.0,0.0,1.0,43.0,1.0,0.0,10.0,0.0,1.0,0.0,1.0,3.0,3.0,0.0,0.0,1.0,22.0,0.7689078897671875,7.0,1.0,10.0,63.0,14.0,1.0,1280.0,800.0,14.0,0.0,1
73.0,1.0,0.0,1.0,0.0,1.0,0.0,15.0,3.0,0.6999366154555153,2.552397640986947,0.0,0.0,37.0,6.0,0.0,0.0,0.0,0.0,1.0,0.0,0.0,1.0,118.0,1.0,1.0,9.0,0.0,0.0,0.0,0.0,4.0,2.0,1.0,0.0,0.0,38.0,0.795271942699549,6.0,4.0,9.0,116.0,1.0,1.0,1280.0,800.0,1.0,0.0,1
67.0,1.0,0.0,0.0,1.0,1.0,1.0,18.0,0.0,0.0,3.257248125579953,0.0,1.0,11.0,18.0,0.0,1.0,0.0,1.0,1.0,0.0,0.0,1.0,83.0,1.0,0.0,11.0,0.0,0.0,0.0,0.0,3.0,3.0,1.0,1.0,0.0,10.0,0.6013723702111428,3.0,3.0,11.0,14.0,4.0,1.0,1280.0,800.0,10.0,0.0,1
90.0,0.0,2.0,0.0,1.0,3.0,1.0,11.0,8.0,0.7272727272727273,3.3257930048392144,0.0,1.0,34.0,2.0,0.0,0.0,0.0,0.0,0.0,0.0,0.0,0.0,32.0,1.0,0.0,1.0,0.0,1.0,1.0,0.0,1.0,2.0,1.0,1.0,1.0,18.0,0.03112840279268586,7.0,4.0,1.0,5.0,7.0,1.0,1280.0,800.0,14.0,0.0,1
87.0,1.0,2.0,0.0,0.0,3.0,0.0,15.0,5.0,0.3333333333333333,3.446410891483416,0.0,1.0,20.0,41.0,0.0,1.0,0.0,1.0,0.0,0.0,0.0,0.0,307.0,1.0,1.0,8.0,1.0,1.0,0.0,0.0,4.0,3.0,0.0,0.0,1.0,36.0,0.6729942833133681,5.0,5.0,8.0,91.0,11.0,1.0,1280.0,800.0,9.0,0.0,1
94.0,1.0,0.0,1.0,0.0,1.0,0.0,15.0,3.0,0.7043955318715742,2.574810315912189,0.0,0.0,45.0,24.0,0.0,0.0,0.0,0.0,1.0,0.0,0.0,1.0,30.0,1.0,0.0,10.0,0.0,1.0,0.0,0.0,0.0,2.0,0.0,1.0,1.0,20.0,0.8102313777057464,2.0,1.0,10.0,13.0,13.0,1.0,1280.0,800.0,5.0,0.0,1
80.0,1.0,0.0,1.0,0.0,1.0,0.0,15.0,3.0,0.6765425654951923,2.5326305680564687,0.0,0.0,36.0,35.0,0.0,1.0,0.0,1.0,1.0,0.0,0.0,1.0,20.0,2.0,0.0,7.0,1.0,1.0,0.0,0.0,2.0,2.0,0.0,1.0,1.0,39.0,0.8706252957527907,5.0,3.0,7.0,107.0,13.0,1.0,1280.0,800.0,10.0,1.0,1
88.0,1.0,2.0,0.0,1.0,3.0,1.0,12.0,0.0,0.0,3.224723338699463,0.0,0.0,45.0,1.0,0.0,1.0,0.0,1.0,1.0,0.0,0.0,1.0,28.0,1.0,0.0,10.0,1.0,1.0,0.0,0.0,2.0,4.0,0.0,0.0,1.0,40.0,0.6442913743722332,7.0,4.0,10.0,9.0,9.0,1.0,1280.0,800.0,4.0,0.0,1
40.0,0.0,1.0,0.0,2.0,2.0,1.0,24.0,0.0,0.0,3.4988996749435897,0.0,0.0,44.0,19.0,0.0,1.0,0.0,1.0,0.0,0.0,0.0,0.0,126.0,1.0,0.0,9.0,1.0,0.0,0.0,0.0,1.0,1.0,0.0,0.0,1.0,19.0,0.007853228646131182,7.0,2.0,9.0,51.0,11.0,1.0,1280.0,800.0,4.0,0.0,1
44.0,0.0,1.0,0.0,2.0,2.0,0.0,18.0,0.0,0.0,3.1505271175993297,1.0,0.0,27.0,33.0,1.0,1.0,0.0,1.0,0.0,0.0,0.0,0.0,179.0,1.0,1.0,7.0,0.0,0.0,0.0,0.0,0.0,1.0,1.0,0.0,0.0,33.0,0.2616948344890743,3.0,2.0,7.0,10.0,14.0,1.0,1280.0,800.0,11.0,1.0,1
63.0,0.0,3.0,0.0,2.0,4.0,0.0,12.0,2.0,0.16666666666666666,3.121323325703294,0.0,1.0,59.0,28.0,0.0,1.0,0.0,1.0,0.0,0.0,0.0,0.0,309.0,1.0,1.0,11.0,1.0,0.0,0.0,0.0,4.0,3.0,0.0,1.0,1.0,8.0,0.2520810413248716,1.0,2.0,11.0,7.0,0.0,1.0,1280.0,800.0,7.0,0.0,1
92.0,0.0,0.0,0.0,3.0,1.0,1.0,25.0,8.0,0.32,3.445056168456311,0.0,0.0,10.0,1.0,0.0,1.0,0.0,1.0,0.0,0.0,0.0,0.0,143.0,1.0,0.0,4.0,1.0,0.0,0.0,0.0,13.0,2.0,1.0,0.0,1.0,7.0,0.2748915699884852,2.0,4.0,4.0,105.0,12.0,1.0,1280.0,800.0,9.0,0.0,1
61.0,1.0,1.0,0.0,4.0,2.0,0.0,24.0,5.0,0.20833333333333334,3.247796145331932,0.0,0.0,46.0,7.0,0.0,0.0,0.0,0.0,1.0,0.0,0.0,1.0,40.0,1.0,0.0,4.0,1.0,1.0,0.0,0.0,2.0,4.0,1.0,0.0,1.0,18.0,0.7156992033752211,6.0,1.0,4.0,58.0,2.0,1.0,1280.0,800.0,4.0,0.0,1
72.0,1.0,1.0,0.0,1.0,2.0,1.0,23.0,8.0,0.34782608695652173,3.3504392078869243,0.0,0.0,55.0,36.0,0.0,1.0,0.0,1.0,1.0,0.0,0.0,1.0,150.0,2.0,1.0,6.0,1.0,0.0,1.0,1.0,12.0,1.0,1.0,1.0,1.0,16.0,0.6925150545320478,4.0,3.0,6.0,73.0,12.0,1.0,1280.0,800.0,12.0,1.0,1
60.0,1.0,2.0,0.0,2.0,3.0,1.0,21.0,0.0,0.0,3.0673503601571785,0.0,0.0,55.0,5.0,0.0,1.0,0.0,1.0,1.0,0.0,0.0,1.0,123.0,2.0,0.0,7.0,1.0,1.0,1.0,2.0,4.0,2.0,0.0,0.0,1.0,11.0,0.6173511195388656,3.0,5.0,7.0,80.0,5.0,1.0,1280.0,800.0,12.0,0.0,1
88.0,1.0,0.0,0.0,2.0,1.0,0.0,18.0,0.0,0.0,3.3398004817118703,1.0,0.0,32.0,4.0,0.0,1.0,0.0,1.0,0.0,1.0,0.0,0.0,208.0,1.0,1.0,8.0,1.0,1.0,0.0,0.0,0.0,1.0,0.0,0.0,1.0,14.0,0.9706011299006011,1.0,3.0,8.0,80.0,7.0,1.0,1280.0,800.0,8.0,0.0,1
64.0,1.0,0.0,1.0,0.0,1.0,0.0,15.0,3.0,0.79224402087266,2.9186268243851727,0.0,0.0,51.0,44.0,0.0,0.0,0.0,0.0,1.0,0.0,0.0,1.0,89.0,1.0,0.0,11.0,1.0,0.0,0.0,0.0,2.0,1.0,0.0,1.0,1.0,29.0,0.8243399459759249,5.0,1.0,11.0,94.0,2.0,1.0,1280.0,800.0,8.0,1.0,1
80.0,1.0,1.0,0.0,1.0,2.0,1.0,18.0,2.0,0.1111111111111111,3.4468258922780928,0.0,0.0,34.0,16.0,0.0,0.0,0.0,0.0,1.0,0.0,0.0,1.0,124.0,2.0,0.0,2.0,0.0,1.0,0.0,1.0,1.0,3.0,0.0,1.0,1.0,10.0,0.7911038731604904,6.0,5.0,2.0,55.0,10.0,1.0,1280.0,800.0,11.0,0.0,1
43.0,1.0,2.0,0.0,2.0,3.0,0.0,15.0,5.0,0.3333333333333333,3.830850742063239,0.0,1.0,29.0,43.0,0.0,1.0,0.0,1.0,1.0,0.0,0.0,1.0,250.0,1.0,0.0,9.0,1.0,0.0,1.0,1.0,3.0,2.0,0.0,0.0,1.0,44.0,0.6674762774308155,7.0,2.0,9.0,72.0,1.0,1.0,1280.0,800.0,14.0,0.0,1
80.0,0.0,1.0,0.0,1.0,2.0,0.0,22.0,2.0,0.09090909090909091,3.5315342877226685,0.0,2.0,14.0,6.0,0.0,1.0,0.0,1.0,0.0,0.0,0.0,0.0,64.0,1.0,6.0,2.0,0.0,1.0,0.0,0.0,0.0,1.0,1.0,0.0,1.0,18.0,0.1518262023559394,3.0,3.0,2.0,88.0,7.0,1.0,1280.0,800.0,1.0,0.0,1
59.0,1.0,0.0,0.0,2.0,1.0,1.0,22.0,5.0,0.22727272727272727,3.626087627082671,0.0,0.0,45.0,26.0,0.0,0.0,0.0,0.0,1.0,0.0,0.0,1.0,233.0,1.0,1.0,9.0,1.0,1.0,0.0,0.0,1.0,1.0,1.0,1.0,1.0,31.0,0.8520561260366128,6.0,1.0,9.0,19.0,14.0,0.0,1280.0,800.0,5.0,0.0,1
43.0,1.0,2.0,0.0,1.0,3.0,0.0,23.0,0.0,0.0,3.127754566445885,0.0,3.0,40.0,9.0,0.0,1.0,0.0,1.0,0.0,0.0,1.0,0.0,151.0,1.0,0.0,7.0,1.0,1.0,0.0,0.0,0.0,3.0,1.0,1.0,1.0,5.0,0.6423201576754584,5.0,5.0,7.0,36.0,7.0,1.0,1280.0,800.0,10.0,0.0,1
57.0,1.0,1.0,0.0,1.0,2.0,1.0,22.0,0.0,0.0,3.277827082900897,0.0,1.0,46.0,36.0,0.0,0.0,0.0,0.0,1.0,0.0,0.0,1.0,28.0,1.0,0.0,9.0,1.0,0.0,0.0,0.0,15.0,2.0,0.0,0.0,1.0,36.0,0.7107058475987587,6.0,4.0,9.0,25.0,14.0,1.0,1280.0,800.0,8.0,0.0,1
63.0,1.0,0.0,0.0,1.0,1.0,1.0,29.0,13.0,0.41083635854969214,4.007469071679137,0.0,2.0,15.0,24.0,0.0,0.0,0.0,0.0,1.0,0.0,0.0,1.0,91.0,1.0,0.0,2.0,0.0,1.0,0.0,0.0,3.0,3.0,0.0,1.0,1.0,28.0,0.7601302226405564,2.0,4.0,2.0,37.0,4.0,1.0,1280.0,800.0,7.0,0.0,1
36.0,1.0,3.0,0.0,3.0,4.0,1.0,22.0,0.0,0.0,3.5550100599135557,0.0,0.0,19.0,11.0,0.0,1.0,0.0,1.0,0.0,1.0,1.0,0.0,251.0,1.0,0.0,4.0,0.0,1.0,0.0,0.0,2.0,2.0,1.0,1.0,1.0,8.0,0.9433071928865067,7.0,3.0,4.0,79.0,14.0,1.0,1280.0,800.0,11.0,0.0,1
94.0,0.0,0.0,0.0,4.0,1.0,0.0,11.0,2.0,0.18181818181818182,2.8429552910702376,0.0,0.0,37.0,30.0,0.0,1.0,0.0,1.0,0.0,0.0,0.0,0.0,217.0,1.0,0.0,10.0,1.0,1.0,0.0,0.0,0.0,4.0,0.0,0.0,1.0,20.0,0.28100651871302423,7.0,4.0,10.0,100.0,6.0,1.0,1280.0,800.0,6.0,0.0,1
77.0,1.0,2.0,0.0,1.0,3.0,0.0,21.0,2.0,0.09523809523809523,3.056488347152078,0.0,1.0,30.0,21.0,0.0,0.0,0.0,0.0,1.0,0.0,0.0,1.0,89.0,1.0,0.0,3.0,1.0,0.0,1.0,2.0,0.0,5.0,1.0,0.0,1.0,35.0,0.9233483799413111,2.0,1.0,3.0,32.0,1.0,1.0,1280.0,800.0,3.0,0.0,1
35.0,1.0,1.0,0.0,1.0,2.0,1.0,21.0,5.0,0.23809523809523808,3.23006209434807,0.0,0.0,14.0,32.0,0.0,1.0,0.0,1.0,0.0,0.0,0.0,0.0,60.0,1.0,1.0,7.0,1.0,1.0,0.0,0.0,1.0,3.0,1.0,0.0,1.0,9.0,0.8860299575708952,3.0,2.0,7.0,40.0,4.0,0.0,1280.0,800.0,3.0,0.0,1
43.0,0.0,1.0,0.0,3.0,2.0,1.0,21.0,8.0,0.38095238095238093,3.7700599002676354,0.0,3.0,11.0,8.0,0.0,1.0,0.0,1.0,0.0,0.0,0.0,0.0,325.0,2.0,0.0,4.0,1.0,1.0,0.0,0.0,13.0,1.0,1.0,0.0,1.0,40.0,0.15640561075021595,6.0,3.0,4.0,108.0,3.0,1.0,1280.0,800.0,4.0,0.0,1
94.0,1.0,3.0,0.0,1.0,4.0,0.0,26.0,0.0,0.0,3.6349625471493874,0.0,0.0,13.0,2.0,1.0,1.0,0.0,1.0,0.0,1.0,1.0,0.0,326.0,1.0,0.0,11.0,1.0,1.0,0.0,0.0,3.0,2.0,1.0,0.0,1.0,11.0,0.7181623027871679,7.0,2.0,11.0,79.0,10.0,1.0,1280.0,800.0,2.0,0.0,1
60.0,0.0,2.0,0.0,2.0,3.0,1.0,13.0,0.0,0.0,3.7122290643231546,0.0,0.0,20.0,26.0,0.0,1.0,0.0,1.0,0.0,0.0,0.0,0.0,159.0,1.0,1.0,8.0,1.0,1.0,0.0,0.0,1.0,1.0,1.0,0.0,1.0,22.0,0.19542248152012048,1.0,4.0,8.0,98.0,1.0,1.0,1280.0,800.0,0.0,0.0,1
64.0,0.0,0.0,0.0,1.0,1.0,0.0,21.0,0.0,0.0,3.4805854807165426,1.0,0.0,7.0,38.0,0.0,1.0,0.0,1.0,0.0,0.0,0.0,0.0,49.0,1.0,1.0,5.0,0.0,1.0,0.0,0.0,3.0,1.0,1.0,0.0,1.0,26.0,0.15088076235532166,6.0,3.0,5.0,26.0,2.0,1.0,1280.0,800.0,9.0,0.0,1
80.0,1.0,1.0,0.0,2.0,2.0,1.0,21.0,2.0,0.09523809523809523,3.866987507049619,0.0,0.0,31.0,20.0,1.0,0.0,0.0,0.0,1.0,0.0,0.0,1.0,309.0,1.0,1.0,7.0,0.0,1.0,2.0,2.0,2.0,4.0,0.0,1.0,1.0,34.0,0.719500368232147,1.0,1.0,7.0,15.0,13.0,1.0,1280.0,800.0,10.0,1.0,1
85.0,1.0,1.0,0.0,2.0,2.0,0.0,19.0,0.0,0.0,3.159016427583368,1.0,2.0,58.0,6.0,0.0,1.0,0.0,1.0,1.0,0.0,0.0,1.0,309.0,1.0,0.0,11.0,1.0,1.0,1.0,0.0,2.0,3.0,0.0,0.0,1.0,13.0,0.6759450148980702,3.0,4.0,11.0,110.0,7.0,1.0,1280.0,800.0,5.0,0.0,1
39.0,1.0,2.0,0.0,4.0,3.0,0.0,19.0,8.0,0.42105263157894735,3.8511410478017982,0.0,2.0,51.0,21.0,0.0,0.0,0.0,0.0,1.0,0.0,0.0,1.0,65.0,1.0,1.0,8.0,0.0,1.0,0.0,0.0,8.0,2.0,0.0,0.0,1.0,13.0,0.9306263987535092,1.0,1.0,8.0,3.0,1.0,1.0,1280.0,800.0,13.0,1.0,1
71.0,1.0,0.0,1.0,0.0,1.0,0.0,15.0,3.0,0.6418633140748664,3.0409846831767613,0.0,3.0,20.0,19.0,0.0,0.0,0.0,0.0,0.0,0.0,1.0,0.0,225.0,1.0,0.0,8.0,0.0,0.0,0.0,1.0,2.0,2.0,1.0,0.0,1.0,16.0,0.7399618200200847,3.0,3.0,8.0,113.0,9.0,1.0,1280.0,800.0,1.0,0.0,1
73.0,1.0,0.0,0.0,1.0,1.0,0.0,11.0,2.0,0.18181818181818182,2.876735725406424,0.0,0.0,55.0,26.0,0.0,1.0,0.0,1.0,1.0,0.0,0.0,1.0,39.0,1.0,1.0,8.0,1.0,1.0,0.0,0.0,0.0,3.0,1.0,0.0,1.0,30.0,0.7700583529902663,7.0,4.0,8.0,107.0,10.0,1.0,1280.0,800.0,12.0,0.0,1
72.0,1.0,1.0,0.0,3.0,2.0,1.0,23.0,9.0,0.5868815102596967,4.166276599063524,0.0,0.0,42.0,42.0,0.0,1.0,0.0,1.0,1.0,0.0,0.0,1.0,46.0,1.0,0.0,1.0,1.0,0.0,0.0,0.0,2.0,3.0,1.0,0.0,1.0,22.0,0.6349627794648495,7.0,4.0,1.0,99.0,6.0,1.0,1280.0,800.0,8.0,0.0,1
66.0,1.0,2.0,0.0,2.0,3.0,1.0,16.0,9.0,0.4303244525712304,4.034174785443689,0.0,3.0,11.0,37.0,0.0,1.0,0.0,1.0,1.0,0.0,0.0,1.0,61.0,1.0,0.0,5.0,1.0,1.0,0.0,1.0,4.0,1.0,1.0,1.0,1.0,40.0,0.8580415057249806,7.0,2.0,5.0,58.0,8.0,1.0,1280.0,800.0,14.0,0.0,1
37.0,1.0,1.0,0.0,4.0,2.0,0.0,25.0,0.0,0.0,3.550451089723957,0.0,1.0,9.0,17.0,0.0,1.0,0.0,1.0,1.0,0.0,0.0,1.0,347.0,1.0,0.0,11.0,1.0,1.0,1.0,2.0,1.0,5.0,0.0,0.0,1.0,5.0,0.8219510403674108,3.0,3.0,11.0,114.0,14.0,1.0,1280.0,800.0,7.0,0.0,1
57.0,1.0,2.0,0.0,3.0,3.0,0.0,17.0,0.0,0.0,3.879734064614327,0.0,1.0,20.0,28.0,0.0,0.0,0.0,0.0,1.0,0.0,0.0,1.0,296.0,1.0,0.0,3.0,1.0,0.0,0.0,0.0,0.0,1.0,1.0,1.0,1.0,21.0,0.7746937309940528,2.0,5.0,3.0,67.0,14.0,1.0,1280.0,800.0,14.0,1.0,1
79.0,1.0,0.0,0.0,1.0,1.0,0.0,14.0,0.0,0.0,3.401780098208301,1.0,0.0,12.0,23.0,0.0,1.0,0.0,1.0,1.0,0.0,0.0,1.0,237.0,1.0,6.0,2.0,0.0,1.0,1.0,1.0,0.0,2.0,1.0,0.0,1.0,16.0,0.6837288596312643,7.0,5.0,2.0,81.0,4.0,1.0,1280.0,800.0,5.0,0.0,1
78.0,1.0,1.0,0.0,1.0,2.0,0.0,21.0,0.0,0.0,3.1437849046763784,1.0,1.0,6.0,39.0,0.0,1.0,0.0,1.0,1.0,0.0,0.0,1.0,103.0,1.0,0.0,5.0,1.0,0.0,0.0,1.0,3.0,1.0,0.0,0.0,1.0,38.0,0.6122000084786402,2.0,3.0,5.0,28.0,10.0,0.0,1280.0,800.0,12.0,1.0,1
48.0,1.0,0.0,0.0,2.0,1.0,0.0,16.0,5.0,0.3125,3.717906383030508,0.0,0.0,56.0,43.0,1.0,1.0,0.0,1.0,1.0,0.0,0.0,1.0,246.0,1.0,0.0,2.0,1.0,1.0,0.0,0.0,2.0,1.0,1.0,0.0,1.0,11.0,0.8029264081131822,7.0,5.0,2.0,12.0,0.0,1.0,1280.0,800.0,8.0,0.0,1
62.0,0.0,1.0,0.0,4.0,2.0,1.0,17.0,2.0,0.11764705882352941,3.334770818506274,0.0,3.0,49.0,38.0,0.0,1.0,0.0,1.0,0.0,0.0,0.0,0.0,231.0,1.0,1.0,3.0,1.0,1.0,0.0,0.0,2.0,3.0,0.0,0.0,1.0,15.0,0.2631787198943607,6.0,4.0,3.0,13.0,14.0,1.0,1280.0,800.0,8.0,0.0,1
72.0,0.0,0.0,0.0,4.0,1.0,0.0,25.0,0.0,0.0,3.0839572062379736,0.0,0.0,58.0,5.0,0.0,1.0,0.0,1.0,0.0,0.0,0.0,0.0,338.0,1.0,6.0,1.0,1.0,0.0,0.0,0.0,4.0,3.0,1.0,1.0,1.0,20.0,0.07131868590026587,1.0,1.0,1.0,5.0,13.0,1.0,1280.0,800.0,5.0,0.0,1
61.0,1.0,1.0,0.0,1.0,2.0,0.0,18.0,0.0,0.0,3.452158681066975,1.0,1.0,13.0,13.0,1.0,1.0,0.0,1.0,1.0,0.0,0.0,1.0,92.0,1.0,0.0,3.0,1.0,0.0,0.0,0.0,3.0,2.0,0.0,1.0,1.0,6.0,0.8302313516675967,5.0,1.0,3.0,75.0,12.0,0.0,1280.0,800.0,11.0,0.0,1
76.0,1.0,2.0,0.0,2.0,3.0,0.0,13.0,2.0,0.15384615384615385,3.515268931453173,0.0,3.0,40.0,4.0,0.0,1.0,0.0,1.0,1.0,0.0,0.0,1.0,113.0,1.0,0.0,9.0,1.0,0.0,2.0,2.0,3.0,4.0,0.0,0.0,1.0,10.0,0.6029021206571242,2.0,1.0,9.0,94.0,0.0,1.0,1280.0,800.0,6.0,0.0,1
88.0,1.0,2.0,0.0,4.0,3.0,0.0,12.0,2.0,0.16666666666666666,2.8987480911923087,0.0,0.0,26.0,39.0,0.0,1.0,0.0,1.0,1.0,0.0,0.0,1.0,263.0,1.0,1.0,9.0,1.0,1.0,0.0,0.0,2.0,3.0,1.0,0.0,1.0,43.0,0.7968188736374995,7.0,4.0,9.0,100.0,1.0,1.0,1280.0,800.0,11.0,0.0,1
87.0,1.0,2.0,0.0,1.0,3.0,0.0,10.0,0.0,0.0,3.4333739455612746,0.0,0.0,5.0,21.0,0.0,1.0,0.0,1.0,1.0,0.0,0.0,1.0,95.0,1.0,0.0,5.0,0.0,1.0,0.0,0.0,2.0,2.0,1.0,1.0,1.0,38.0,0.6575170773700638,1.0,4.0,5.0,63.0,7.0,1.0,1280.0,800.0,13.0,0.0,1
39.0,1.0,1.0,0.0,2.0,2.0,0.0,15.0,0.0,0.0,3.3117538318442605,1.0,0.0,43.0,35.0,0.0,1.0,0.0,1.0,1.0,0.0,0.0,1.0,55.0,1.0,0.0,10.0,1.0,0.0,0.0,0.0,0.0,2.0,0.0,0.0,1.0,9.0,0.795356559527717,7.0,2.0,10.0,112.0,7.0,1.0,1280.0,800.0,7.0,0.0,1
40.0,1.0,1.0,0.0,2.0,2.0,0.0,12.0,5.0,0.4166666666666667,3.4297404534752784,0.0,0.0,44.0,26.0,1.0,1.0,0.0,1.0,1.0,0.0,0.0,1.0,249.0,1.0,0.0,2.0,1.0,1.0,0.0,0.0,0.0,3.0,1.0,0.0,1.0,19.0,0.7188653541721174,3.0,2.0,2.0,18.0,7.0,1.0,1280.0,800.0,13.0,0.0,1
49.0,0.0,1.0,0.0,4.0,2.0,0.0,25.0,2.0,0.08,3.7361406878022345,0.0,1.0,22.0,1.0,1.0,1.0,0.0,1.0,0.0,0.0,0.0,0.0,62.0,1.0,0.0,6.0,1.0,1.0,0.0,0.0,3.0,4.0,1.0,1.0,1.0,28.0,0.1707960423831655,6.0,2.0,6.0,97.0,11.0,0.0,1280.0,800.0,12.0,0.0,1
41.0,1.0,1.0,0.0,1.0,2.0,1.0,15.0,8.0,0.5333333333333333,2.9685258867872224,0.0,2.0,48.0,44.0,1.0,1.0,0.0,1.0,1.0,0.0,0.0,1.0,207.0,1.0,6.0,7.0,1.0,1.0,0.0,0.0,3.0,1.0,1.0,0.0,1.0,35.0,0.8391157705001514,3.0,2.0,7.0,86.0,3.0,1.0,1280.0,800.0,3.0,0.0,1
48.0,1.0,0.0,0.0,3.0,1.0,0.0,21.0,2.0,0.09523809523809523,3.457163930971429,0.0,0.0,45.0,0.0,0.0,1.0,0.0,1.0,1.0,0.0,0.0,1.0,101.0,1.0,0.0,1.0,1.0,1.0,0.0,0.0,8.0,2.0,0.0,1.0,1.0,24.0,0.9008594191949989,7.0,4.0,1.0,102.0,9.0,1.0,1280.0,800.0,13.0,0.0,1
89.0,1.0,0.0,0.0,3.0,1.0,0.0,12.0,0.0,0.0,3.5878191643808366,0.0,2.0,5.0,21.0,1.0,1.0,0.0,1.0,1.0,0.0,0.0,1.0,225.0,1.0,0.0,10.0,1.0,0.0,0.0,0.0,4.0,1.0,1.0,1.0,1.0,17.0,0.813830280239207,6.0,1.0,10.0,38.0,9.0,1.0,1280.0,800.0,5.0,0.0,1
45.0,1.0,0.0,0.0,2.0,1.0,0.0,15.0,0.0,0.0,3.682355726263882,1.0,0.0,13.0,3.0,1.0,1.0,0.0,1.0,1.0,0.0,0.0,1.0,190.0,1.0,0.0,6.0,1.0,1.0,0.0,1.0,4.0,2.0,0.0,0.0,1.0,35.0,0.8971281500248234,3.0,1.0,6.0,12.0,12.0,1.0,1280.0,800.0,14.0,0.0,1
61.0,1.0,2.0,0.0,4.0,3.0,1.0,19.0,0.0,0.0,3.7876935184197014,0.0,0.0,38.0,10.0,0.0,1.0,0.0,1.0,1.0,0.0,0.0,1.0,204.0,1.0,0.0,10.0,1.0,1.0,0.0,0.0,2.0,4.0,0.0,0.0,1.0,35.0,0.6655615750212468,1.0,2.0,10.0,118.0,8.0,1.0,1280.0,800.0,1.0,0.0,1
83.0,0.0,0.0,1.0,0.0,1.0,0.0,15.0,3.0,0.662954105125573,2.6533013530803347,0.0,2.0,52.0,27.0,0.0,1.0,0.0,1.0,0.0,0.0,0.0,0.0,231.0,1.0,6.0,11.0,1.0,1.0,0.0,0.0,3.0,3.0,0.0,0.0,1.0,10.0,0.19534272205537836,1.0,5.0,11.0,67.0,3.0,1.0,1280.0,800.0,1.0,0.0,1
80.0,1.0,1.0,0.0,4.0,2.0,0.0,20.0,2.0,0.1,3.8081935427296747,0.0,0.0,29.0,7.0,0.0,0.0,0.0,0.0,1.0,0.0,0.0,1.0,182.0,1.0,0.0,7.0,0.0,0.0,2.0,2.0,4.0,2.0,0.0,0.0,1.0,34.0,0.9591567551298236,6.0,4.0,7.0,7.0,14.0,1.0,1280.0,800.0,7.0,0.0,1
65.0,1.0,3.0,0.0,2.0,4.0,1.0,15.0,2.0,0.13333333333333333,3.5498487276360238,0.0,0.0,27.0,39.0,0.0,0.0,0.0,0.0,0.0,1.0,0.0,0.0,213.0,1.0,0.0,9.0,1.0,1.0,0.0,0.0,1.0,3.0,0.0,0.0,1.0,30.0,0.8595828911699915,6.0,5.0,9.0,113.0,5.0,1.0,1280.0,800.0,5.0,0.0,1
66.0,0.0,0.0,0.0,1.0,1.0,0.0,14.0,5.0,0.35714285714285715,3.0520689261847287,0.0,0.0,22.0,35.0,0.0,1.0,0.0,1.0,0.0,0.0,0.0,0.0,134.0,1.0,1.0,8.0,1.0,1.0,1.0,0.0,1.0,1.0,0.0,0.0,1.0,25.0,0.16918924016317682,1.0,4.0,8.0,15.0,12.0,0.0,1280.0,800.0,7.0,0.0,1
90.0,1.0,2.0,0.0,1.0,3.0,0.0,11.0,5.0,0.45454545454545453,3.3579706737036807,0.0,0.0,57.0,29.0,1.0,0.0,0.0,0.0,1.0,0.0,0.0,1.0,259.0,1.0,0.0,4.0,0.0,1.0,0.0,1.0,0.0,2.0,1.0,1.0,1.0,10.0,0.9956376792447523,1.0,5.0,4.0,98.0,13.0,1.0,1280.0,800.0,10.0,0.0,1
54.0,1.0,3.0,0.0,3.0,4.0,0.0,10.0,2.0,0.2,3.2181614486941994,0.0,0.0,11.0,10.0,0.0,1.0,0.0,1.0,1.0,0.0,0.0,1.0,265.0,2.0,1.0,11.0,1.0,1.0,0.0,0.0,2.0,2.0,1.0,0.0,1.0,33.0,0.6740842113116496,5.0,3.0,11.0,35.0,4.0,1.0,1280.0,800.0,6.0,1.0,1
76.0,1.0,1.0,0.0,4.0,2.0,1.0,25.0,8.0,0.32,2.876472016402464,0.0,1.0,16.0,22.0,0.0,0.0,0.0,0.0,1.0,0.0,0.0,1.0,162.0,2.0,6.0,1.0,0.0,1.0,0.0,0.0,6.0,3.0,1.0,0.0,1.0,6.0,0.6184035454420665,2.0,2.0,1.0,63.0,5.0,1.0,1280.0,800.0,13.0,0.0,1
78.0,1.0,3.0,0.0,1.0,4.0,1.0,21.0,12.0,0.5714285714285714,3.3793086855614,0.0,0.0,21.0,21.0,0.0,1.0,0.0,1.0,1.0,0.0,0.0,1.0,85.0,1.0,1.0,3.0,1.0,1.0,0.0,0.0,0.0,4.0,1.0,0.0,1.0,20.0,0.754079005410432,7.0,4.0,3.0,85.0,10.0,1.0,1280.0,800.0,9.0,0.0,1
40.0,0.0,1.0,0.0,2.0,2.0,1.0,14.0,8.0,0.5714285714285714,3.128603437749537,0.0,2.0,34.0,3.0,0.0,1.0,0.0,1.0,0.0,0.0,0.0,0.0,103.0,1.0,0.0,4.0,0.0,0.0,0.0,0.0,6.0,1.0,0.0,0.0,0.0,12.0,0.05670463958941743,5.0,3.0,4.0,26.0,6.0,1.0,1280.0,800.0,11.0,1.0,1
94.0,1.0,2.0,0.0,2.0,3.0,0.0,13.0,2.0,0.15384615384615385,3.317515513439745,0.0,0.0,37.0,44.0,1.0,1.0,0.0,1.0,1.0,0.0,0.0,1.0,221.0,1.0,1.0,6.0,1.0,0.0,0.0,0.0,1.0,1.0,0.0,0.0,1.0,6.0,0.6183867550816711,3.0,4.0,6.0,119.0,10.0,1.0,1280.0,800.0,10.0,0.0,1
75.0,1.0,1.0,0.0,4.0,2.0,0.0,18.0,5.0,0.2777777777777778,3.4307415524450784,0.0,0.0,52.0,16.0,0.0,1.0,0.0,1.0,1.0,0.0,0.0,1.0,155.0,1.0,0.0,7.0,1.0,1.0,1.0,1.0,0.0,2.0,0.0,0.0,1.0,6.0,0.9122069956735254,1.0,4.0,7.0,11.0,4.0,1.0,1280.0,800.0,11.0,0.0,1
67.0,1.0,0.0,0.0,1.0,1.0,0.0,13.0,0.0,0.0,3.671873293872247,1.0,0.0,33.0,20.0,0.0,1.0,0.0,1.0,1.0,0.0,0.0,1.0,148.0,1.0,0.0,11.0,1.0,0.0,0.0,0.0,1.0,3.0,1.0,1.0,1.0,7.0,0.7024214932293585,7.0,3.0,11.0,72.0,7.0,1.0,1280.0,800.0,7.0,0.0,1
68.0,1.0,2.0,0.0,1.0,3.0,0.0,16.0,5.0,0.3125,3.806460198875922,0.0,1.0,19.0,36.0,0.0,0.0,0.0,0.0,1.0,0.0,0.0,1.0,136.0,1.0,0.0,10.0,1.0,1.0,0.0,0.0,8.0,2.0,0.0,0.0,1.0,7.0,0.9849096301221174,3.0,2.0,10.0,54.0,7.0,1.0,1280.0,800.0,1.0,0.0,1
41.0,1.0,1.0,0.0,3.0,2.0,1.0,13.0,0.0,0.0,2.8010152060521647,0.0,0.0,35.0,7.0,0.0,1.0,0.0,1.0,1.0,0.0,0.0,1.0,198.0,1.0,0.0,11.0,1.0,0.0,2.0,2.0,4.0,4.0,0.0,0.0,1.0,9.0,0.9292586241796185,6.0,5.0,11.0,115.0,8.0,1.0,1280.0,800.0,13.0,0.0,1
66.0,1.0,0.0,1.0,0.0,1.0,0.0,15.0,3.0,0.6232880940846554,2.6820156855485644,0.0,0.0,22.0,12.0,1.0,1.0,0.0,1.0,1.0,0.0,0.0,1.0,285.0,1.0,1.0,11.0,1.0,1.0,0.0,0.0,4.0,1.0,0.0,0.0,1.0,5.0,0.9760696368121441,1.0,1.0,11.0,112.0,5.0,1.0,1280.0,800.0,9.0,0.0,1
92.0,1.0,0.0,0.0,1.0,1.0,0.0,21.0,8.0,0.38095238095238093,3.605040555030886,0.0,2.0,45.0,44.0,1.0,0.0,0.0,0.0,1.0,0.0,0.0,1.0,190.0,1.0,6.0,8.0,1.0,1.0,0.0,0.0,2.0,4.0,0.0,0.0,1.0,5.0,0.799373110408918,4.0,3.0,8.0,91.0,1.0,1.0,1280.0,800.0,0.0,0.0,1
90.0,1.0,2.0,0.0,2.0,3.0,1.0,11.0,0.0,0.0,3.341002561654452,0.0,0.0,51.0,33.0,0.0,1.0,0.0,1.0,1.0,0.0,0.0,1.0,225.0,1.0,1.0,9.0,0.0,1.0,0.0,0.0,2.0,1.0,1.0,1.0,1.0,34.0,0.8207892402344317,2.0,4.0,9.0,75.0,4.0,1.0,1280.0,800.0,2.0,0.0,1
57.0,1.0,0.0,0.0,3.0,1.0,1.0,17.0,14.0,0.7438206893918238,3.3916297661119414,0.0,1.0,32.0,22.0,0.0,0.0,0.0,0.0,1.0,0.0,0.0,1.0,339.0,1.0,0.0,10.0,0.0,1.0,0.0,1.0,0.0,1.0,1.0,0.0,1.0,12.0,0.6441102992729789,5.0,1.0,10.0,109.0,13.0,0.0,1280.0,800.0,4.0,0.0,1
68.0,1.0,1.0,0.0,2.0,2.0,0.0,12.0,0.0,0.0,3.536603746080904,1.0,0.0,8.0,15.0,0.0,1.0,0.0,1.0,1.0,0.0,0.0,1.0,156.0,1.0,0.0,9.0,0.0,0.0,0.0,0.0,3.0,1.0,0.0,1.0,0.0,25.0,0.7880983119186291,2.0,3.0,9.0,48.0,12.0,1.0,1280.0,800.0,5.0,0.0,1
45.0,1.0,2.0,0.0,3.0,3.0,1.0,12.0,2.0,0.16666666666666666,2.8233503920107093,0.0,2.0,42.0,30.0,0.0,0.0,0.0,0.0,1.0,0.0,0.0,1.0,115.0,2.0,0.0,7.0,1.0,1.0,0.0,0.0,3.0,3.0,0.0,1.0,1.0,32.0,0.8320225450771248,5.0,5.0,7.0,47.0,13.0,1.0,1280.0,800.0,6.0,0.0,1
56.0,1.0,1.0,0.0,2.0,2.0,1.0,16.0,2.0,0.125,3.3900329314701807,0.0,0.0,59.0,36.0,0.0,1.0,0.0,1.0,1.0,0.0,0.0,1.0,113.0,1.0,6.0,1.0,0.0,1.0,0.0,0.0,12.0,1.0,0.0,1.0,1.0,33.0,0.8292553984613483,4.0,5.0,1.0,106.0,8.0,1.0,1280.0,800.0,1.0,0.0,1
78.0,1.0,0.0,1.0,0.0,1.0,0.0,15.0,3.0,0.6282271839324838,3.0347454844832873,0.0,0.0,45.0,6.0,1.0,0.0,0.0,0.0,1.0,0.0,0.0,1.0,310.0,1.0,1.0,10.0,0.0,0.0,0.0,0.0,1.0,2.0,0.0,1.0,0.0,37.0,0.6346173463636217,7.0,1.0,10.0,6.0,11.0,1.0,1280.0,800.0,3.0,1.0,1
91.0,0.0,2.0,0.0,2.0,3.0,1.0,18.0,12.0,0.7393077135075592,3.7524720898313304,0.0,0.0,13.0,25.0,0.0,1.0,0.0,1.0,0.0,0.0,0.0,0.0,87.0,1.0,1.0,10.0,1.0,1.0,0.0,0.0,2.0,1.0,1.0,1.0,1.0,12.0,0.15431057414753416,7.0,4.0,10.0,98.0,7.0,1.0,1280.0,800.0,0.0,0.0,1
71.0,1.0,0.0,0.0,2.0,1.0,0.0,13.0,0.0,0.0,3.634567031494477,1.0,0.0,34.0,10.0,0.0,1.0,0.0,1.0,1.0,0.0,0.0,1.0,155.0,1.0,1.0,1.0,1.0,0.0,0.0,0.0,0.0,3.0,0.0,1.0,1.0,24.0,0.650291466095187,5.0,3.0,1.0,54.0,1.0,1.0,1280.0,800.0,2.0,0.0,1
53.0,0.0,0.0,0.0,1.0,1.0,0.0,18.0,0.0,0.0,3.366723840825634,1.0,0.0,51.0,38.0,1.0,1.0,0.0,1.0,0.0,0.0,0.0,0.0,229.0,1.0,0.0,6.0,1.0,1.0,0.0,0.0,2.0,3.0,0.0,0.0,1.0,8.0,0.16039354635652223,1.0,3.0,6.0,105.0,0.0,1.0,1280.0,800.0,3.0,0.0,1
83.0,1.0,1.0,0.0,1.0,2.0,0.0,21.0,0.0,0.0,3.7684607034327446,0.0,0.0,42.0,33.0,0.0,1.0,0.0,1.0,1.0,0.0,0.0,1.0,251.0,1.0,1.0,4.0,1.0,1.0,1.0,2.0,2.0,3.0,1.0,1.0,1.0,22.0,0.615836409662465,3.0,5.0,4.0,30.0,6.0,1.0,1280.0,800.0,6.0,1.0,1
40.0,1.0,1.0,0.0,2.0,2.0,0.0,11.0,5.0,0.45454545454545453,3.422479008398567,0.0,2.0,29.0,32.0,0.0,1.0,0.0,1.0,1.0,0.0,0.0,1.0,235.0,1.0,0.0,1.0,0.0,0.0,0.0,0.0,15.0,3.0,0.0,0.0,0.0,38.0,0.6298772666267406,4.0,5.0,1.0,66.0,5.0,1.0,1280.0,800.0,4.0,0.0,1
89.0,1.0,1.0,0.0,1.0,2.0,0.0,10.0,2.0,0.2,2.899342157924887,0.0,1.0,49.0,5.0,0.0,0.0,0.0,0.0,1.0,0.0,0.0,1.0,246.0,1.0,6.0,10.0,1.0,1.0,2.0,2.0,4.0,4.0,0.0,1.0,1.0,27.0,0.6478188360643774,6.0,4.0,10.0,37.0,1.0,1.0,1280.0,800.0,5.0,0.0,1
72.0,1.0,2.0,0.0,2.0,3.0,0.0,25.0,2.0,0.08,3.422648001117632,0.0,1.0,13.0,10.0,0.0,0.0,0.0,0.0,1.0,0.0,0.0,1.0,137.0,1.0,0.0,6.0,1.0,0.0,0.0,0.0,3.0,1.0,0.0,0.0,1.0,22.0,0.8940905810701143,7.0,2.0,6.0,115.0,6.0,1.0,1280.0,800.0,10.0,0.0,1
38.0,0.0,3.0,0.0,3.0,4.0,0.0,20.0,0.0,0.0,2.8157822542623974,0.0,0.0,34.0,35.0,0.0,1.0,0.0,1.0,0.0,0.0,0.0,0.0,192.0,1.0,6.0,2.0,1.0,1.0,1.0,0.0,4.0,2.0,1.0,1.0,1.0,37.0,0.19211281194796753,4.0,5.0,2.0,47.0,11.0,1.0,1280.0,800.0,8.0,0.0,1
86.0,1.0,0.0,1.0,0.0,1.0,0.0,15.0,3.0,0.6399662522345517,2.839143982457113,0.0,1.0,14.0,19.0,1.0,1.0,0.0,1.0,0.0,0.0,1.0,0.0,252.0,1.0,6.0,11.0,1.0,1.0,0.0,0.0,1.0,3.0,1.0,1.0,1.0,27.0,0.6848611320929269,4.0,2.0,11.0,29.0,0.0,1.0,1280.0,800.0,0.0,0.0,1
65.0,1.0,0.0,0.0,2.0,1.0,1.0,15.0,14.0,0.6845547941843192,3.9247811259925536,0.0,0.0,46.0,22.0,0.0,0.0,0.0,0.0,0.0,0.0,1.0,0.0,253.0,1.0,1.0,4.0,1.0,0.0,0.0,0.0,0.0,2.0,0.0,1.0,1.0,12.0,0.6417375929241503,6.0,1.0,4.0,54.0,3.0,1.0,1280.0,800.0,3.0,1.0,1
77.0,1.0,2.0,0.0,3.0,3.0,1.0,17.0,5.0,0.29411764705882354,3.5424234241552415,0.0,2.0,20.0,16.0,0.0,1.0,0.0,1.0,1.0,0.0,0.0,1.0,25.0,1.0,0.0,6.0,0.0,0.0,0.0,1.0,1.0,1.0,1.0,1.0,1.0,20.0,0.8623811715688604,7.0,2.0,6.0,103.0,2.0,1.0,1280.0,800.0,7.0,1.0,1
76.0,1.0,0.0,1.0,0.0,1.0,0.0,15.0,3.0,0.7233828251730893,2.8734207201486646,0.0,0.0,6.0,39.0,0.0,1.0,0.0,1.0,1.0,0.0,0.0,1.0,90.0,1.0,0.0,1.0,0.0,0.0,0.0,0.0,0.0,3.0,1.0,0.0,0.0,12.0,0.6466190129314663,1.0,4.0,1.0,76.0,2.0,1.0,1280.0,800.0,9.0,0.0,1
58.0,1.0,2.0,0.0,2.0,3.0,1.0,13.0,2.0,0.15384615384615385,3.4506166231782913,0.0,0.0,34.0,19.0,0.0,0.0,0.0,0.0,1.0,0.0,0.0,1.0,220.0,1.0,0.0,2.0,0.0,0.0,1.0,2.0,0.0,2.0,1.0,0.0,1.0,7.0,0.8797578708185771,3.0,4.0,2.0,59.0,11.0,1.0,1280.0,800.0,11.0,0.0,1
50.0,0.0,0.0,0.0,3.0,1.0,1.0,20.0,2.0,0.1,3.258623988601169,0.0,2.0,18.0,41.0,1.0,1.0,0.0,1.0,0.0,0.0,0.0,0.0,245.0,1.0,0.0,9.0,0.0,0.0,1.0,0.0,0.0,2.0,0.0,0.0,1.0,8.0,0.17571814470496339,6.0,5.0,9.0,69.0,2.0,1.0,1280.0,800.0,5.0,0.0,1
49.0,1.0,1.0,0.0,2.0,2.0,0.0,22.0,2.0,0.09090909090909091,3.4164913357427635,0.0,1.0,46.0,33.0,0.0,1.0,0.0,1.0,1.0,0.0,0.0,1.0,58.0,1.0,0.0,4.0,1.0,1.0,1.0,0.0,2.0,3.0,0.0,1.0,1.0,11.0,0.7892559057215749,6.0,5.0,4.0,108.0,4.0,1.0,1280.0,800.0,13.0,0.0,1
88.0,1.0,1.0,0.0,3.0,2.0,1.0,15.0,2.0,0.13333333333333333,3.0784271387987197,0.0,0.0,11.0,6.0,0.0,1.0,0.0,1.0,1.0,0.0,0.0,1.0,294.0,1.0,0.0,8.0,1.0,1.0,0.0,1.0,4.0,3.0,0.0,0.0,1.0,34.0,0.8934992557614576,1.0,5.0,8.0,115.0,0.0,1.0,1280.0,800.0,2.0,0.0,1
69.0,1.0,2.0,0.0,2.0,3.0,1.0,10.0,0.0,0.0,3.111286029253682,0.0,2.0,40.0,24.0,0.0,1.0,0.0,1.0,1.0,0.0,0.0,1.0,154.0,2.0,0.0,6.0,0.0,0.0,2.0,2.0,2.0,2.0,0.0,0.0,1.0,29.0,0.9812289188278499,3.0,1.0,6.0,93.0,11.0,1.0,1280.0,800.0,3.0,0.0,1
35.0,1.0,1.0,0.0,3.0,2.0,1.0,27.0,10.0,0.6393339558697321,3.3675454773841182,0.0,0.0,43.0,27.0,0.0,0.0,0.0,0.0,1.0,0.0,0.0,1.0,221.0,1.0,1.0,5.0,1.0,0.0,0.0,0.0,1.0,1.0,0.0,0.0,1.0,33.0,0.7210359327723946,7.0,1.0,5.0,59.0,3.0,1.0,1280.0,800.0,5.0,0.0,1
83.0,1.0,3.0,0.0,1.0,4.0,0.0,20.0,0.0,0.0,2.938956673026383,0.0,1.0,38.0,11.0,0.0,0.0,0.0,0.0,1.0,0.0,0.0,1.0,261.0,1.0,1.0,6.0,1.0,1.0,1.0,2.0,0.0,2.0,0.0,0.0,1.0,30.0,0.8839424086012503,7.0,4.0,6.0,4.0,1.0,1.0,1280.0,800.0,14.0,0.0,1
76.0,1.0,1.0,0.0,1.0,2.0,0.0,18.0,6.0,0.605703545731233,3.7640390475939647,0.0,1.0,8.0,7.0,0.0,0.0,0.0,0.0,1.0,0.0,0.0,1.0,291.0,1.0,1.0,6.0,0.0,0.0,0.0,0.0,1.0,1.0,0.0,0.0,0.0,39.0,0.7420998992295571,5.0,1.0,6.0,30.0,13.0,1.0,1280.0,800.0,3.0,0.0,1
86.0,1.0,2.0,0.0,4.0,3.0,0.0,18.0,5.0,0.2777777777777778,3.5011293830489936,0.0,0.0,33.0,15.0,0.0,0.0,0.0,0.0,1.0,0.0,0.0,1.0,79.0,1.0,0.0,2.0,1.0,1.0,1.0,0.0,3.0,1.0,0.0,1.0,1.0,12.0,0.8582317352979727,7.0,5.0,2.0,11.0,4.0,1.0,1280.0,800.0,14.0,0.0,1
84.0,0.0,2.0,0.0,3.0,3.0,1.0,11.0,2.0,0.18181818181818182,3.577567855955876,0.0,1.0,9.0,35.0,0.0,1.0,0.0,1.0,0.0,0.0,0.0,0.0,126.0,1.0,1.0,9.0,1.0,1.0,1.0,0.0,1.0,1.0,0.0,1.0,1.0,5.0,0.26506237911698144,2.0,2.0,9.0,46.0,0.0,1.0,1280.0,800.0,14.0,0.0,1
75.0,1.0,0.0,0.0,3.0,1.0,0.0,22.0,0.0,0.0,3.8418381706083844,0.0,3.0,11.0,0.0,0.0,1.0,0.0,1.0,1.0,0.0,0.0,1.0,206.0,2.0,0.0,4.0,0.0,0.0,0.0,1.0,1.0,3.0,1.0,0.0,1.0,38.0,0.6471319357224872,6.0,5.0,4.0,88.0,14.0,1.0,1280.0,800.0,12.0,1.0,1
39.0,0.0,1.0,0.0,1.0,2.0,0.0,14.0,0.0,0.0,3.4016202868166223,1.0,0.0,41.0,39.0,0.0,1.0,0.0,1.0,0.0,0.0,0.0,0.0,137.0,1.0,0.0,10.0,0.0,1.0,0.0,0.0,0.0,3.0,0.0,1.0,1.0,28.0,0.09315417421030138,5.0,5.0,10.0,58.0,1.0,1.0,1280.0,800.0,4.0,0.0,1
46.0,1.0,0.0,0.0,2.0,1.0,0.0,20.0,0.0,0.0,3.8580686509828643,1.0,0.0,51.0,32.0,0.0,1.0,0.0,1.0,1.0,0.0,0.0,1.0,208.0,2.0,0.0,10.0,1.0,0.0,1.0,0.0,1.0,1.0,0.0,0.0,1.0,30.0,0.7547264394785802,5.0,1.0,10.0,30.0,12.0,1.0,1280.0,800.0,2.0,0.0,1
77.0,0.0,1.0,0.0,1.0,2.0,0.0,12.0,5.0,0.4166666666666667,3.7647931404532478,0.0,1.0,5.0,3.0,0.0,1.0,0.0,1.0,0.0,0.0,0.0,0.0,321.0,1.0,1.0,1.0,0.0,0.0,0.0,0.0,4.0,2.0,1.0,1.0,0.0,12.0,0.03597427686150651,3.0,2.0,1.0,49.0,14.0,1.0,1280.0,800.0,14.0,0.0,1
46.0,1.0,2.0,0.0,1.0,3.0,0.0,16.0,10.0,0.625,3.602398599356121,0.0,0.0,12.0,37.0,0.0,1.0,0.0,1.0,1.0,0.0,0.0,1.0,247.0,1.0,0.0,7.0,1.0,1.0,0.0,0.0,2.0,2.0,1.0,1.0,1.0,27.0,0.839893385434806,6.0,1.0,7.0,75.0,14.0,1.0,1280.0,800.0,6.0,0.0,1
47.0,0.0,0.0,1.0,0.0,1.0,0.0,15.0,3.0,0.601876476924679,2.5233431372467727,0.0,1.0,10.0,19.0,0.0,1.0,0.0,1.0,0.0,0.0,0.0,0.0,113.0,1.0,0.0,8.0,0.0,1.0,1.0,0.0,3.0,2.0,1.0,0.0,1.0,26.0,0.26438300656031855,6.0,3.0,8.0,13.0,2.0,1.0,1280.0,800.0,5.0,0.0,1
38.0,1.0,3.0,0.0,4.0,4.0,0.0,10.0,0.0,0.0,3.193069901525009,0.0,1.0,42.0,1.0,0.0,0.0,0.0,0.0,1.0,0.0,0.0,1.0,332.0,2.0,1.0,1.0,1.0,1.0,2.0,1.0,1.0,2.0,0.0,1.0,1.0,25.0,0.9581061605006163,4.0,1.0,1.0,4.0,13.0,1.0,1280.0,800.0,9.0,1.0,1
69.0,0.0,0.0,0.0,1.0,1.0,1.0,23.0,2.0,0.08695652173913043,2.9391771310565584,0.0,0.0,11.0,38.0,1.0,0.0,0.0,0.0,0.0,0.0,0.0,0.0,38.0,1.0,1.0,9.0,1.0,1.0,0.0,0.0,0.0,1.0,0.0,0.0,1.0,18.0,0.14883691631883292,7.0,2.0,9.0,88.0,4.0,1.0,1280.0,800.0,12.0,0.0,1
81.0,1.0,1.0,0.0,1.0,2.0,1.0,22.0,0.0,0.0,3.4176504563843815,0.0,0.0,16.0,8.0,0.0,0.0,0.0,0.0,1.0,0.0,0.0,1.0,79.0,2.0,0.0,2.0,1.0,1.0,0.0,0.0,2.0,1.0,0.0,0.0,1.0,5.0,0.9557759275579742,5.0,3.0,2.0,33.0,4.0,1.0,1280.0,800.0,12.0,0.0,1
49.0,1.0,1.0,0.0,1.0,2.0,0.0,14.0,5.0,0.35714285714285715,3.5885905907747238,0.0,0.0,8.0,15.0,0.0,1.0,0.0,1.0,1.0,0.0,0.0,1.0,331.0,1.0,0.0,8.0,1.0,0.0,0.0,0.0,0.0,3.0,1.0,1.0,1.0,10.0,0.9260819615933049,1.0,1.0,8.0,96.0,1.0,1.0,1280.0,800.0,5.0,0.0,1
82.0,1.0,1.0,0.0,4.0,2.0,1.0,20.0,2.0,0.1,3.776907772714813,0.0,1.0,45.0,0.0,0.0,1.0,0.0,1.0,1.0,0.0,0.0,1.0,163.0,1.0,0.0,10.0,1.0,1.0,0.0,1.0,2.0,1.0,1.0,1.0,1.0,25.0,0.7963609522113364,5.0,3.0,10.0,113.0,3.0,1.0,1280.0,800.0,13.0,0.0,1
82.0,1.0,1.0,0.0,2.0,2.0,0.0,20.0,0.0,0.0,3.4415044918930646,0.0,3.0,15.0,27.0,0.0,0.0,0.0,0.0,1.0,0.0,0.0,1.0,64.0,1.0,0.0,10.0,1.0,0.0,0.0,0.0,4.0,2.0,1.0,0.0,1.0,18.0,0.8204149743734663,7.0,2.0,10.0,10.0,8.0,1.0,1280.0,800.0,7.0,0.0,1
48.0,0.0,0.0,0.0,1.0,1.0,0.0,12.0,5.0,0.4166666666666667,3.6559652861506624,0.0,1.0,13.0,32.0,1.0,0.0,0.0,0.0,0.0,0.0,0.0,0.0,93.0,1.0,0.0,10.0,0.0,1.0,2.0,1.0,4.0,4.0,0.0,1.0,1.0,24.0,0.20835666780747186,3.0,4.0,10.0,78.0,13.0,1.0,1280.0,800.0,6.0,0.0,1
73.0,0.0,0.0,1.0,0.0,1.0,0.0,15.0,3.0,0.7567425269957995,2.8338284419721713,0.0,1.0,38.0,14.0,0.0,1.0,0.0,1.0,0.0,0.0,0.0,0.0,281.0,1.0,0.0,11.0,0.0,1.0,0.0,0.0,0.0,1.0,0.0,0.0,1.0,24.0,0.2694847506608353,1.0,1.0,11.0,74.0,6.0,1.0,1280.0,800.0,4.0,0.0,1
75.0,1.0,2.0,0.0,2.0,3.0,1.0,14.0,12.0,0.8571428571428571,3.2220219883474175,0.0,0.0,13.0,34.0,0.0,1.0,0.0,1.0,1.0,0.0,0.0,1.0,31.0,2.0,0.0,10.0,1.0,1.0,0.0,0.0,1.0,2.0,0.0,0.0,1.0,12.0,0.8594434921771921,7.0,2.0,10.0,6.0,6.0,1.0,1280.0,800.0,13.0,1.0,1
60.0,0.0,1.0,0.0,2.0,2.0,1.0,21.0,6.0,0.7316162815863317,4.03588551274179,0.0,2.0,8.0,24.0,0.0,1.0,0.0,1.0,0.0,0.0,0.0,0.0,144.0,1.0,0.0,5.0,1.0,0.0,0.0,0.0,1.0,3.0,0.0,1.0,1.0,37.0,0.2796606727931875,4.0,5.0,5.0,23.0,12.0,1.0,1280.0,800.0,8.0,0.0,1
71.0,1.0,2.0,0.0,1.0,3.0,1.0,16.0,11.0,0.5887403374031548,4.1428992679558485,0.0,3.0,11.0,16.0,0.0,0.0,0.0,0.0,1.0,0.0,0.0,1.0,143.0,1.0,0.0,2.0,0.0,1.0,0.0,0.0,1.0,3.0,0.0,0.0,1.0,29.0,0.9657596632363272,7.0,4.0,2.0,7.0,5.0,1.0,1280.0,800.0,7.0,0.0,1
36.0,1.0,2.0,0.0,1.0,3.0,0.0,16.0,0.0,0.0,2.9738099039844603,0.0,0.0,6.0,39.0,0.0,1.0,0.0,1.0,1.0,0.0,0.0,1.0,259.0,1.0,0.0,2.0,1.0,1.0,0.0,0.0,0.0,2.0,0.0,0.0,1.0,7.0,0.930449043298406,1.0,5.0,2.0,77.0,3.0,1.0,1280.0,800.0,2.0,0.0,1
43.0,1.0,2.0,0.0,3.0,3.0,0.0,20.0,5.0,0.25,3.4257860691653828,0.0,2.0,45.0,40.0,0.0,0.0,0.0,0.0,1.0,0.0,0.0,1.0,253.0,1.0,1.0,4.0,1.0,1.0,2.0,1.0,4.0,4.0,1.0,1.0,1.0,43.0,0.8102681338138675,6.0,4.0,4.0,16.0,3.0,1.0,1280.0,800.0,14.0,0.0,1
81.0,0.0,0.0,1.0,0.0,1.0,0.0,15.0,3.0,0.6105828293951625,2.92301309694336,0.0,2.0,13.0,34.0,0.0,1.0,0.0,1.0,0.0,0.0,0.0,0.0,263.0,1.0,0.0,8.0,1.0,1.0,0.0,0.0,4.0,2.0,1.0,0.0,1.0,20.0,0.2643593563058827,5.0,1.0,8.0,107.0,11.0,1.0,1280.0,800.0,4.0,0.0,1
55.0,0.0,2.0,0.0,1.0,3.0,0.0,25.0,2.0,0.08,3.2384742556488577,0.0,1.0,34.0,21.0,0.0,0.0,0.0,0.0,0.0,0.0,0.0,0.0,124.0,1.0,0.0,2.0,0.0,1.0,1.0,2.0,0.0,3.0,1.0,0.0,1.0,12.0,0.06313319724486187,4.0,2.0,2.0,16.0,9.0,1.0,1280.0,800.0,9.0,0.0,1
67.0,1.0,1.0,0.0,1.0,2.0,0.0,12.0,0.0,0.0,3.8333672703495374,0.0,2.0,32.0,3.0,0.0,0.0,0.0,0.0,1.0,0.0,0.0,1.0,62.0,1.0,1.0,2.0,0.0,1.0,2.0,1.0,3.0,3.0,0.0,0.0,1.0,20.0,0.7050072544120144,6.0,3.0,2.0,108.0,5.0,1.0,1280.0,800.0,2.0,0.0,1
87.0,1.0,2.0,0.0,2.0,3.0,0.0,17.0,2.0,0.11764705882352941,3.1347231888813036,0.0,1.0,40.0,41.0,0.0,1.0,0.0,1.0,1.0,0.0,0.0,1.0,215.0,1.0,0.0,11.0,0.0,0.0,0.0,0.0,0.0,2.0,1.0,1.0,0.0,8.0,0.7941173455425707,3.0,4.0,11.0,101.0,2.0,1.0,1280.0,800.0,0.0,0.0,1
51.0,0.0,2.0,0.0,1.0,3.0,1.0,19.0,0.0,0.0,3.008585526023825,0.0,1.0,18.0,40.0,0.0,1.0,0.0,1.0,0.0,0.0,0.0,0.0,143.0,1.0,0.0,8.0,1.0,0.0,0.0,0.0,3.0,4.0,1.0,0.0,1.0,33.0,0.041183082175110526,3.0,3.0,8.0,92.0,7.0,1.0,1280.0,800.0,4.0,0.0,1
60.0,1.0,2.0,0.0,1.0,3.0,1.0,22.0,2.0,0.09090909090909091,3.1198133145073657,0.0,0.0,13.0,29.0,0.0,0.0,0.0,0.0,1.0,0.0,0.0,1.0,327.0,1.0,0.0,3.0,1.0,1.0,0.0,1.0,14.0,3.0,1.0,0.0,1.0,6.0,0.9811599237148242,7.0,5.0,3.0,80.0,2.0,1.0,1280.0,800.0,8.0,0.0,1
63.0,1.0,2.0,0.0,1.0,3.0,0.0,15.0,2.0,0.13333333333333333,3.819138838163049,0.0,0.0,55.0,35.0,0.0,1.0,0.0,1.0,1.0,0.0,0.0,1.0,253.0,1.0,0.0,3.0,1.0,1.0,1.0,0.0,2.0,3.0,1.0,0.0,1.0,34.0,0.765918292623765,1.0,1.0,3.0,96.0,5.0,1.0,1280.0,800.0,1.0,0.0,1
77.0,1.0,1.0,0.0,2.0,2.0,1.0,25.0,0.0,0.0,3.0860644368517174,0.0,1.0,31.0,7.0,0.0,1.0,0.0,1.0,1.0,0.0,0.0,1.0,137.0,1.0,0.0,5.0,1.0,1.0,1.0,0.0,0.0,2.0,0.0,1.0,1.0,26.0,0.9747385875568779,5.0,3.0,5.0,3.0,1.0,1.0,1280.0,800.0,4.0,1.0,1
35.0,0.0,1.0,0.0,2.0,2.0,1.0,25.0,0.0,0.0,2.930566565570341,0.0,0.0,32.0,9.0,1.0,1.0,0.0,1.0,0.0,0.0,0.0,0.0,164.0,1.0,0.0,7.0,1.0,1.0,0.0,0.0,2.0,3.0,1.0,1.0,1.0,18.0,0.23289399413937276,7.0,4.0,7.0,103.0,0.0,1.0,1280.0,800.0,2.0,0.0,1
39.0,1.0,2.0,0.0,1.0,3.0,0.0,19.0,0.0,0.0,3.2837214308951403,0.0,1.0,53.0,6.0,0.0,1.0,0.0,1.0,1.0,0.0,0.0,1.0,328.0,1.0,0.0,5.0,1.0,0.0,0.0,0.0,4.0,1.0,1.0,0.0,1.0,19.0,0.918689487009894,6.0,5.0,5.0,6.0,0.0,1.0,1280.0,800.0,13.0,0.0,1
38.0,1.0,0.0,1.0,0.0,1.0,0.0,15.0,3.0,0.6402187902241114,2.5640335269875347,0.0,1.0,24.0,4.0,0.0,1.0,0.0,1.0,1.0,0.0,0.0,1.0,262.0,2.0,1.0,6.0,1.0,0.0,0.0,0.0,1.0,1.0,1.0,0.0,1.0,19.0,0.8379431937955232,7.0,4.0,6.0,78.0,0.0,1.0,1280.0,800.0,4.0,0.0,1
77.0,0.0,0.0,0.0,1.0,1.0,0.0,12.0,0.0,0.0,3.2378550472812306,1.0,0.0,30.0,21.0,1.0,1.0,0.0,1.0,0.0,0.0,0.0,0.0,342.0,1.0,0.0,7.0,1.0,0.0,0.0,0.0,0.0,1.0,1.0,0.0,1.0,40.0,0.15032726019363377,6.0,4.0,7.0,48.0,9.0,1.0,1280.0,800.0,2.0,0.0,1
43.0,1.0,0.0,1.0,0.0,1.0,0.0,15.0,3.0,0.6598910103774281,2.801322835321893,0.0,0.0,14.0,12.0,0.0,0.0,0.0,0.0,1.0,0.0,0.0,1.0,144.0,2.0,0.0,5.0,1.0,0.0,1.0,0.0,0.0,1.0,0.0,0.0,1.0,13.0,0.7671580234474928,5.0,3.0,5.0,91.0,5.0,1.0,1280.0,800.0,7.0,1.0,1
46.0,1.0,1.0,0.0,1.0,2.0,0.0,20.0,0.0,0.0,3.5693891972970335,1.0,0.0,20.0,43.0,0.0,1.0,0.0,1.0,1.0,0.0,0.0,1.0,185.0,1.0,0.0,3.0,0.0,0.0,0.0,0.0,0.0,2.0,1.0,0.0,0.0,9.0,0.6440842091419762,1.0,1.0,3.0,23.0,4.0,1.0,1280.0,800.0,10.0,0.0,1
49.0,1.0,1.0,0.0,3.0,2.0,0.0,22.0,13.0,0.5687619891576497,3.2120442089229044,0.0,0.0,34.0,1.0,0.0,1.0,0.0,1.0,1.0,0.0,0.0,1.0,246.0,1.0,6.0,3.0,0.0,1.0,0.0,0.0,1.0,1.0,0.0,0.0,1.0,8.0,0.7994051760114685,3.0,3.0,3.0,23.0,9.0,1.0,1280.0,800.0,6.0,0.0,1
60.0,1.0,1.0,0.0,1.0,2.0,1.0,10.0,5.0,0.5,3.2629952683632824,0.0,3.0,38.0,3.0,0.0,1.0,0.0,1.0,1.0,0.0,0.0,1.0,143.0,1.0,0.0,6.0,1.0,0.0,0.0,0.0,0.0,3.0,1.0,1.0,1.0,6.0,0.9665495940760525,6.0,2.0,6.0,1.0,11.0,1.0,1280.0,800.0,14.0,0.0,1
70.0,0.0,2.0,0.0,3.0,3.0,0.0,21.0,5.0,0.23809523809523808,3.425811974888424,0.0,1.0,39.0,24.0,0.0,0.0,0.0,0.0,0.0,0.0,0.0,0.0,56.0,1.0,1.0,6.0,0.0,0.0,0.0,0.0,0.0,2.0,1.0,1.0,0.0,11.0,0.24095304928478645,1.0,5.0,6.0,85.0,9.0,1.0,1280.0,800.0,11.0,1.0,1
77.0,1.0,2.0,0.0,2.0,3.0,0.0,19.0,0.0,0.0,3.5118162122080214,0.0,0.0,16.0,16.0,0.0,1.0,0.0,1.0,1.0,0.0,0.0,1.0,222.0,1.0,1.0,9.0,1.0,1.0,0.0,1.0,0.0,1.0,0.0,1.0,1.0,20.0,0.9573310700254622,4.0,5.0,9.0,80.0,6.0,1.0,1280.0,800.0,12.0,0.0,1
43.0,1.0,1.0,0.0,3.0,2.0,0.0,14.0,2.0,0.14285714285714285,2.842843711922858,0.0,1.0,31.0,24.0,1.0,1.0,0.0,1.0,1.0,0.0,0.0,1.0,159.0,1.0,0.0,6.0,1.0,1.0,0.0,1.0,1.0,3.0,1.0,0.0,1.0,5.0,0.7102507432537413,4.0,4.0,6.0,65.0,4.0,1.0,1280.0,800.0,10.0,0.0,1
92.0,0.0,1.0,0.0,2.0,2.0,0.0,24.0,0.0,0.0,3.885860490636963,0.0,2.0,23.0,21.0,0.0,1.0,0.0,1.0,0.0,0.0,0.0,0.0,114.0,1.0,0.0,11.0,0.0,0.0,0.0,0.0,1.0,1.0,0.0,0.0,0.0,20.0,0.06717130872214641,2.0,3.0,11.0,96.0,3.0,1.0,1280.0,800.0,12.0,0.0,1
87.0,1.0,0.0,0.0,4.0,1.0,1.0,11.0,5.0,0.45454545454545453,3.1565182757485264,0.0,0.0,49.0,2.0,0.0,1.0,0.0,1.0,1.0,0.0,0.0,1.0,100.0,1.0,0.0,6.0,1.0,1.0,0.0,0.0,13.0,3.0,1.0,1.0,1.0,13.0,0.7945665181759801,4.0,2.0,6.0,15.0,3.0,1.0,1280.0,800.0,13.0,0.0,1
54.0,0.0,0.0,1.0,0.0,1.0,0.0,15.0,3.0,0.7125514900544653,2.94579116837225,0.0,0.0,52.0,2.0,0.0,0.0,0.0,0.0,0.0,0.0,0.0,0.0,344.0,1.0,1.0,8.0,1.0,1.0,0.0,0.0,4.0,2.0,0.0,0.0,1.0,23.0,0.2550092868440595,4.0,3.0,8.0,23.0,14.0,1.0,1280.0,800.0,10.0,0.0,1
80.0,1.0,2.0,0.0,3.0,3.0,0.0,25.0,8.0,0.32,3.3341281064485893,0.0,1.0,36.0,40.0,0.0,0.0,0.0,0.0,0.0,1.0,0.0,0.0,254.0,2.0,0.0,9.0,1.0,0.0,0.0,0.0,1.0,2.0,0.0,1.0,1.0,21.0,0.8628462501014629,3.0,3.0,9.0,109.0,12.0,1.0,1280.0,800.0,1.0,0.0,1
63.0,1.0,1.0,0.0,1.0,2.0,1.0,26.0,12.0,0.46153846153846156,3.5440908369880866,0.0,0.0,36.0,26.0,1.0,1.0,0.0,1.0,0.0,0.0,1.0,0.0,316.0,1.0,0.0,5.0,1.0,1.0,0.0,0.0,3.0,2.0,0.0,0.0,1.0,12.0,0.6120003613987898,5.0,4.0,5.0,56.0,2.0,1.0,1280.0,800.0,3.0,0.0,1
45.0,0.0,0.0,0.0,2.0,1.0,1.0,25.0,14.0,0.4488223750488734,3.4216870430348116,0.0,0.0,20.0,4.0,0.0,1.0,0.0,1.0,0.0,0.0,0.0,0.0,203.0,1.0,1.0,6.0,1.0,1.0,0.0,0.0,2.0,3.0,0.0,1.0,1.0,8.0,0.17860871464351932,3.0,5.0,6.0,90.0,8.0,1.0,1280.0,800.0,1.0,0.0,1
43.0,1.0,3.0,0.0,2.0,4.0,0.0,12.0,2.0,0.16666666666666666,3.7678923766367745,0.0,0.0,13.0,37.0,0.0,1.0,0.0,1.0,0.0,0.0,1.0,0.0,148.0,1.0,6.0,6.0,0.0,1.0,0.0,0.0,1.0,3.0,1.0,1.0,1.0,16.0,0.810120881932005,4.0,1.0,6.0,43.0,5.0,1.0,1280.0,800.0,4.0,0.0,1
54.0,0.0,1.0,0.0,3.0,2.0,0.0,15.0,5.0,0.3333333333333333,3.8169595719870095,0.0,0.0,28.0,22.0,0.0,1.0,0.0,1.0,0.0,0.0,0.0,0.0,298.0,1.0,1.0,9.0,1.0,0.0,1.0,1.0,4.0,4.0,0.0,0.0,1.0,42.0,0.17528784265499822,2.0,2.0,9.0,43.0,12.0,1.0,1280.0,800.0,1.0,0.0,1
48.0,1.0,1.0,0.0,1.0,2.0,0.0,14.0,0.0,0.0,3.5932518225797887,1.0,0.0,47.0,4.0,0.0,1.0,0.0,1.0,1.0,0.0,0.0,1.0,186.0,1.0,0.0,11.0,1.0,1.0,0.0,0.0,0.0,1.0,1.0,0.0,1.0,21.0,0.752616765647007,6.0,1.0,11.0,55.0,1.0,1.0,1280.0,800.0,2.0,0.0,1
63.0,1.0,2.0,0.0,2.0,3.0,1.0,14.0,7.0,0.5463091657064079,3.3256117283295867,0.0,1.0,58.0,3.0,0.0,1.0,0.0,1.0,1.0,0.0,0.0,1.0,68.0,2.0,0.0,9.0,1.0,1.0,0.0,0.0,0.0,2.0,1.0,0.0,1.0,31.0,0.6092803386539967,7.0,2.0,9.0,5.0,0.0,1.0,1280.0,800.0,0.0,0.0,1
54.0,1.0,1.0,0.0,2.0,2.0,1.0,14.0,8.0,0.5714285714285714,3.8266269831990645,0.0,1.0,14.0,18.0,1.0,0.0,0.0,0.0,1.0,0.0,0.0,1.0,122.0,1.0,0.0,6.0,1.0,0.0,0.0,0.0,8.0,2.0,0.0,0.0,1.0,8.0,0.7490460518780713,5.0,5.0,6.0,20.0,9.0,1.0,1280.0,800.0,3.0,1.0,1
93.0,0.0,0.0,0.0,1.0,1.0,0.0,18.0,8.0,0.4444444444444444,3.8034757222275775,0.0,1.0,11.0,14.0,0.0,1.0,0.0,1.0,0.0,0.0,0.0,0.0,168.0,1.0,1.0,9.0,1.0,1.0,0.0,0.0,1.0,1.0,1.0,1.0,1.0,34.0,0.26188575965908956,4.0,1.0,9.0,12.0,14.0,1.0,1280.0,800.0,1.0,0.0,1
39.0,1.0,1.0,0.0,3.0,2.0,0.0,22.0,2.0,0.09090909090909091,3.304788041081671,0.0,3.0,31.0,16.0,0.0,1.0,0.0,1.0,1.0,0.0,0.0,1.0,125.0,1.0,0.0,8.0,1.0,1.0,0.0,1.0,0.0,3.0,0.0,1.0,1.0,32.0,0.9023108105123469,4.0,3.0,8.0,79.0,9.0,1.0,1280.0,800.0,14.0,1.0,1
57.0,1.0,0.0,0.0,1.0,1.0,1.0,13.0,2.0,0.15384615384615385,2.842557519870343,0.0,0.0,15.0,39.0,0.0,1.0,0.0,1.0,1.0,0.0,0.0,1.0,67.0,1.0,6.0,10.0,0.0,1.0,1.0,1.0,4.0,2.0,0.0,0.0,1.0,41.0,0.8976320954538797,7.0,3.0,10.0,83.0,12.0,1.0,1280.0,800.0,0.0,0.0,1
47.0,0.0,3.0,0.0,4.0,4.0,1.0,25.0,2.0,0.08,3.700892119045479,0.0,0.0,35.0,1.0,0.0,1.0,0.0,1.0,0.0,0.0,0.0,0.0,160.0,1.0,0.0,4.0,0.0,0.0,2.0,1.0,0.0,3.0,1.0,1.0,1.0,7.0,0.23394819410691003,1.0,1.0,4.0,59.0,7.0,1.0,1280.0,800.0,7.0,0.0,1
64.0,1.0,2.0,0.0,3.0,3.0,0.0,17.0,14.0,0.7038099863712145,3.8364755109666175,0.0,1.0,40.0,37.0,0.0,0.0,0.0,0.0,0.0,1.0,0.0,0.0,96.0,1.0,0.0,8.0,0.0,0.0,1.0,0.0,3.0,3.0,0.0,0.0,1.0,23.0,0.6173279459104609,5.0,1.0,8.0,115.0,10.0,1.0,1280.0,800.0,11.0,0.0,1
51.0,1.0,0.0,0.0,2.0,1.0,0.0,16.0,8.0,0.5,2.8923117804007683,0.0,2.0,50.0,16.0,1.0,0.0,0.0,0.0,1.0,0.0,0.0,1.0,16.0,1.0,0.0,1.0,0.0,0.0,0.0,0.0,10.0,1.0,1.0,1.0,0.0,12.0,0.650268369961636,6.0,4.0,1.0,42.0,7.0,1.0,1280.0,800.0,12.0,0.0,1
85.0,1.0,0.0,0.0,1.0,1.0,0.0,18.0,0.0,0.0,3.132314439959899,1.0,0.0,14.0,40.0,0.0,1.0,0.0,1.0,1.0,0.0,0.0,1.0,175.0,1.0,0.0,8.0,1.0,1.0,0.0,0.0,4.0,1.0,0.0,0.0,1.0,13.0,0.7534218716931281,7.0,4.0,8.0,9.0,11.0,1.0,1280.0,800.0,5.0,0.0,1
36.0,1.0,2.0,0.0,2.0,3.0,1.0,21.0,8.0,0.38095238095238093,3.5054136653584456,0.0,3.0,9.0,25.0,0.0,1.0,0.0,1.0,1.0,0.0,0.0,1.0,48.0,1.0,6.0,7.0,1.0,0.0,0.0,0.0,4.0,2.0,1.0,1.0,1.0,9.0,0.7451527534413827,7.0,5.0,7.0,29.0,4.0,1.0,1280.0,800.0,2.0,1.0,1
57.0,1.0,1.0,0.0,1.0,2.0,0.0,16.0,0.0,0.0,3.5443938277995866,1.0,0.0,32.0,42.0,0.0,1.0,0.0,1.0,1.0,0.0,0.0,1.0,187.0,1.0,0.0,3.0,0.0,1.0,1.0,0.0,0.0,1.0,0.0,0.0,1.0,20.0,0.8789734861677945,1.0,4.0,3.0,61.0,0.0,1.0,1280.0,800.0,14.0,0.0,1
90.0,1.0,0.0,1.0,0.0,1.0,0.0,15.0,3.0,0.7737702912053614,3.0333555172141238,0.0,0.0,12.0,8.0,0.0,0.0,0.0,0.0,1.0,0.0,0.0,1.0,87.0,1.0,1.0,7.0,1.0,0.0,0.0,0.0,1.0,3.0,1.0,1.0,1.0,8.0,0.6153659492367237,5.0,2.0,7.0,26.0,11.0,1.0,1280.0,800.0,3.0,0.0,1
91.0,0.0,3.0,0.0,2.0,4.0,1.0,25.0,0.0,0.0,3.645416377504899,0.0,0.0,22.0,29.0,0.0,1.0,0.0,1.0,0.0,0.0,0.0,0.0,102.0,1.0,0.0,9.0,1.0,0.0,0.0,0.0,0.0,2.0,1.0,1.0,1.0,39.0,0.2056508574852392,4.0,3.0,9.0,30.0,12.0,1.0,1280.0,800.0,10.0,0.0,1
93.0,1.0,0.0,0.0,1.0,1.0,1.0,29.0,8.0,0.36221758529844666,3.9718289171922687,0.0,2.0,57.0,11.0,0.0,0.0,0.0,0.0,0.0,0.0,0.0,0.0,101.0,1.0,1.0,5.0,1.0,1.0,0.0,0.0,2.0,3.0,1.0,1.0,1.0,6.0,0.870026612901265,6.0,5.0,5.0,91.0,3.0,1.0,1280.0,800.0,5.0,0.0,1
65.0,1.0,2.0,0.0,4.0,3.0,1.0,22.0,2.0,0.09090909090909091,3.5855289343436816,0.0,0.0,56.0,5.0,0.0,1.0,0.0,1.0,1.0,0.0,0.0,1.0,329.0,1.0,1.0,4.0,1.0,1.0,0.0,0.0,1.0,2.0,0.0,0.0,1.0,40.0,0.839109211159613,7.0,5.0,4.0,74.0,14.0,0.0,1280.0,800.0,4.0,0.0,1
37.0,1.0,0.0,1.0,0.0,1.0,0.0,15.0,3.0,0.6222837721665709,2.70470433174382,0.0,0.0,37.0,10.0,1.0,0.0,0.0,0.0,1.0,0.0,0.0,1.0,341.0,1.0,1.0,4.0,1.0,0.0,0.0,1.0,1.0,2.0,0.0,0.0,1.0,15.0,0.7910025143696078,6.0,5.0,4.0,107.0,12.0,1.0,1280.0,800.0,10.0,1.0,1
51.0,1.0,0.0,0.0,4.0,1.0,1.0,18.0,2.0,0.1111111111111111,3.0295866361440513,0.0,0.0,7.0,29.0,0.0,1.0,0.0,1.0,1.0,0.0,0.0,1.0,219.0,1.0,0.0,6.0,1.0,1.0,1.0,0.0,1.0,3.0,0.0,0.0,1.0,25.0,0.6876329211296561,7.0,2.0,6.0,66.0,14.0,0.0,1280.0,800.0,10.0,0.0,1
80.0,1.0,3.0,0.0,4.0,4.0,0.0,19.0,0.0,0.0,3.785972910681628,0.0,1.0,7.0,18.0,0.0,1.0,0.0,1.0,0.0,0.0,1.0,0.0,234.0,1.0,6.0,3.0,1.0,1.0,0.0,1.0,3.0,2.0,1.0,0.0,1.0,33.0,0.7957521354088026,1.0,5.0,3.0,85.0,10.0,1.0,1280.0,800.0,8.0,0.0,1
67.0,1.0,1.0,0.0,4.0,2.0,0.0,18.0,2.0,0.1111111111111111,3.323603247964678,0.0,0.0,47.0,5.0,0.0,1.0,0.0,1.0,0.0,0.0,0.0,0.0,326.0,1.0,1.0,1.0,1.0,1.0,1.0,0.0,2.0,3.0,1.0,0.0,1.0,43.0,0.7733156079726217,4.0,3.0,1.0,78.0,14.0,1.0,1280.0,800.0,2.0,0.0,1
46.0,0.0,2.0,0.0,4.0,3.0,0.0,17.0,5.0,0.29411764705882354,3.36692449599494,0.0,1.0,34.0,2.0,1.0,1.0,0.0,1.0,0.0,0.0,0.0,0.0,67.0,1.0,0.0,3.0,1.0,1.0,1.0,0.0,2.0,1.0,0.0,0.0,1.0,25.0,0.2500173371747868,7.0,3.0,3.0,18.0,6.0,1.0,1280.0,800.0,9.0,0.0,1
68.0,1.0,2.0,0.0,1.0,3.0,0.0,23.0,2.0,0.08695652173913043,3.0177069817257056,0.0,3.0,33.0,28.0,0.0,0.0,0.0,0.0,1.0,0.0,0.0,1.0,29.0,1.0,0.0,1.0,1.0,0.0,0.0,1.0,14.0,1.0,1.0,0.0,1.0,34.0,0.6038867687576361,3.0,5.0,1.0,109.0,2.0,1.0,1280.0,800.0,10.0,0.0,1
88.0,0.0,1.0,0.0,1.0,2.0,0.0,13.0,0.0,0.0,3.354234669295978,1.0,1.0,10.0,31.0,0.0,1.0,0.0,1.0,0.0,0.0,0.0,0.0,290.0,1.0,1.0,3.0,0.0,0.0,1.0,0.0,0.0,2.0,0.0,0.0,1.0,31.0,0.21093153448927313,6.0,3.0,3.0,20.0,10.0,1.0,1280.0,800.0,14.0,0.0,1
42.0,1.0,0.0,1.0,0.0,1.0,0.0,15.0,3.0,0.7414071332531044,2.770697352452972,0.0,1.0,39.0,43.0,0.0,1.0,0.0,1.0,1.0,0.0,0.0,1.0,252.0,1.0,0.0,9.0,1.0,1.0,0.0,0.0,3.0,3.0,0.0,0.0,1.0,44.0,0.9838727411602899,7.0,3.0,9.0,5.0,13.0,1.0,1280.0,800.0,12.0,0.0,1
43.0,0.0,1.0,0.0,2.0,2.0,0.0,18.0,0.0,0.0,2.803291697120527,0.0,0.0,47.0,1.0,0.0,1.0,0.0,1.0,0.0,0.0,0.0,0.0,238.0,1.0,0.0,5.0,1.0,1.0,0.0,0.0,0.0,3.0,1.0,0.0,1.0,20.0,0.05426604743995412,5.0,5.0,5.0,63.0,6.0,1.0,1280.0,800.0,14.0,1.0,1
74.0,0.0,3.0,0.0,2.0,4.0,1.0,20.0,5.0,0.25,3.010663990728209,0.0,0.0,17.0,24.0,0.0,1.0,0.0,1.0,0.0,0.0,0.0,0.0,176.0,2.0,1.0,9.0,1.0,1.0,0.0,0.0,4.0,2.0,0.0,0.0,1.0,18.0,0.06528696043907757,7.0,4.0,9.0,77.0,7.0,1.0,1280.0,800.0,3.0,0.0,1
92.0,1.0,1.0,0.0,3.0,2.0,0.0,19.0,2.0,0.10526315789473684,3.8534229538699982,0.0,0.0,7.0,19.0,0.0,0.0,0.0,0.0,1.0,0.0,0.0,1.0,253.0,1.0,1.0,6.0,1.0,1.0,0.0,0.0,4.0,4.0,1.0,1.0,1.0,39.0,0.8075050141238977,6.0,1.0,6.0,91.0,7.0,1.0,1280.0,800.0,1.0,0.0,1
93.0,1.0,1.0,0.0,0.0,2.0,1.0,16.0,0.0,0.0,2.982941465007213,0.0,0.0,24.0,17.0,0.0,1.0,0.0,1.0,1.0,0.0,0.0,1.0,92.0,1.0,0.0,6.0,1.0,1.0,0.0,0.0,2.0,2.0,1.0,0.0,1.0,15.0,0.6559953618192563,3.0,2.0,6.0,90.0,4.0,1.0,1280.0,800.0,8.0,0.0,1
85.0,1.0,0.0,1.0,0.0,1.0,0.0,15.0,3.0,0.6219964298784907,2.8752572793325473,0.0,0.0,32.0,1.0,0.0,1.0,0.0,1.0,1.0,0.0,0.0,1.0,309.0,1.0,6.0,4.0,0.0,1.0,0.0,0.0,1.0,3.0,0.0,1.0,1.0,12.0,0.629412384794731,6.0,1.0,4.0,7.0,8.0,1.0,1280.0,800.0,1.0,0.0,1
56.0,0.0,1.0,0.0,4.0,2.0,0.0,22.0,0.0,0.0,2.8346538391881393,0.0,0.0,59.0,17.0,0.0,1.0,0.0,1.0,0.0,0.0,0.0,0.0,23.0,1.0,0.0,3.0,1.0,1.0,0.0,0.0,2.0,3.0,0.0,0.0,1.0,21.0,0.16852072407112234,3.0,1.0,3.0,15.0,3.0,1.0,1280.0,800.0,6.0,0.0,1
81.0,1.0,1.0,0.0,2.0,2.0,1.0,10.0,0.0,0.0,3.0268454712232664,0.0,2.0,48.0,13.0,0.0,1.0,0.0,1.0,1.0,0.0,0.0,1.0,27.0,1.0,0.0,6.0,1.0,0.0,0.0,0.0,4.0,3.0,1.0,1.0,1.0,13.0,0.6075306822291198,7.0,4.0,6.0,15.0,8.0,1.0,1280.0,800.0,14.0,0.0,1
55.0,0.0,0.0,0.0,1.0,1.0,0.0,21.0,0.0,0.0,3.1406567966155228,1.0,0.0,46.0,28.0,0.0,1.0,0.0,1.0,0.0,0.0,0.0,0.0,286.0,2.0,1.0,10.0,0.0,1.0,0.0,0.0,3.0,3.0,0.0,0.0,1.0,33.0,0.07754211957495054,4.0,2.0,10.0,59.0,7.0,1.0,1280.0,800.0,10.0,0.0,1
90.0,1.0,2.0,0.0,2.0,3.0,1.0,20.0,8.0,0.5953295719499393,3.254662181493954,0.0,0.0,7.0,2.0,0.0,0.0,0.0,0.0,1.0,0.0,0.0,1.0,210.0,1.0,1.0,7.0,0.0,1.0,0.0,0.0,0.0,3.0,0.0,0.0,1.0,34.0,0.9001039860737365,2.0,1.0,7.0,84.0,0.0,1.0,1280.0,800.0,7.0,0.0,1
94.0,1.0,2.0,0.0,4.0,3.0,1.0,11.0,2.0,0.18181818181818182,3.286359840620837,0.0,1.0,6.0,23.0,1.0,0.0,0.0,0.0,1.0,0.0,0.0,1.0,180.0,1.0,1.0,8.0,0.0,0.0,2.0,1.0,0.0,4.0,0.0,1.0,1.0,39.0,0.7395984250255175,5.0,2.0,8.0,31.0,7.0,1.0,1280.0,800.0,1.0,0.0,1
46.0,1.0,1.0,0.0,1.0,2.0,1.0,20.0,8.0,0.4,3.3507043100172846,0.0,0.0,26.0,23.0,0.0,1.0,0.0,1.0,1.0,0.0,0.0,1.0,132.0,2.0,0.0,2.0,1.0,1.0,1.0,1.0,1.0,3.0,0.0,0.0,1.0,32.0,0.6529123705668876,4.0,3.0,2.0,21.0,12.0,1.0,1280.0,800.0,0.0,0.0,1
86.0,1.0,0.0,0.0,1.0,1.0,1.0,21.0,0.0,0.0,2.9328471470486903,0.0,1.0,13.0,41.0,0.0,1.0,0.0,1.0,1.0,0.0,0.0,1.0,268.0,1.0,0.0,2.0,0.0,1.0,0.0,1.0,4.0,2.0,1.0,1.0,1.0,43.0,0.9726386077652711,6.0,1.0,2.0,32.0,9.0,1.0,1280.0,800.0,13.0,0.0,1
94.0,1.0,3.0,0.0,1.0,4.0,1.0,24.0,0.0,0.0,3.6597635501359744,0.0,0.0,33.0,39.0,0.0,0.0,0.0,0.0,0.0,0.0,1.0,0.0,218.0,1.0,0.0,5.0,1.0,1.0,0.0,0.0,3.0,3.0,1.0,1.0,1.0,28.0,0.8600194130962708,4.0,3.0,5.0,102.0,13.0,1.0,1280.0,800.0,2.0,0.0,1
82.0,1.0,0.0,0.0,2.0,1.0,0.0,21.0,2.0,0.09523809523809523,2.8036458757610205,0.0,0.0,49.0,14.0,0.0,1.0,0.0,1.0,1.0,0.0,0.0,1.0,61.0,1.0,0.0,8.0,1.0,0.0,1.0,1.0,3.0,4.0,0.0,0.0,1.0,37.0,0.9736504327298194,2.0,5.0,8.0,51.0,2.0,1.0,1280.0,800.0,5.0,0.0,1
46.0,0.0,1.0,0.0,4.0,2.0,1.0,19.0,2.0,0.10526315789473684,3.4507070176522627,0.0,0.0,26.0,3.0,0.0,0.0,0.0,0.0,0.0,0.0,0.0,0.0,158.0,1.0,1.0,5.0,1.0,0.0,0.0,1.0,15.0,3.0,1.0,1.0,1.0,23.0,0.26720591578034136,5.0,2.0,5.0,32.0,11.0,1.0,1280.0,800.0,10.0,0.0,1
74.0,1.0,2.0,0.0,2.0,3.0,1.0,22.0,0.0,0.0,3.265569365080934,0.0,1.0,22.0,5.0,1.0,1.0,0.0,1.0,0.0,1.0,0.0,0.0,99.0,1.0,0.0,2.0,1.0,1.0,0.0,0.0,13.0,2.0,0.0,1.0,1.0,44.0,0.6516576782559218,6.0,1.0,2.0,9.0,0.0,1.0,1280.0,800.0,11.0,0.0,1
87.0,1.0,2.0,0.0,2.0,3.0,1.0,19.0,5.0,0.2631578947368421,3.651121893486305,0.0,0.0,55.0,9.0,1.0,1.0,0.0,1.0,1.0,0.0,0.0,1.0,69.0,1.0,1.0,5.0,1.0,1.0,0.0,1.0,0.0,1.0,0.0,1.0,1.0,23.0,0.9913026876246698,6.0,5.0,5.0,112.0,14.0,1.0,1280.0,800.0,7.0,0.0,1
46.0,1.0,1.0,0.0,1.0,2.0,1.0,21.0,5.0,0.23809523809523808,3.275202534027473,0.0,0.0,17.0,18.0,0.0,1.0,0.0,1.0,1.0,0.0,0.0,1.0,147.0,1.0,0.0,5.0,0.0,0.0,0.0,0.0,14.0,2.0,0.0,1.0,0.0,16.0,0.9876630141098359,7.0,1.0,5.0,118.0,3.0,1.0,1280.0,800.0,14.0,0.0,1
41.0,1.0,0.0,0.0,2.0,1.0,0.0,12.0,0.0,0.0,3.585817601304737,1.0,0.0,25.0,27.0,0.0,1.0,0.0,1.0,1.0,0.0,0.0,1.0,177.0,1.0,0.0,1.0,1.0,0.0,0.0,0.0,2.0,3.0,0.0,0.0,1.0,14.0,0.9899246797952034,4.0,5.0,1.0,32.0,13.0,1.0,1280.0,800.0,1.0,0.0,1
72.0,1.0,1.0,0.0,2.0,2.0,0.0,13.0,0.0,0.0,3.4681797853759364,1.0,0.0,56.0,43.0,0.0,1.0,0.0,1.0,1.0,0.0,0.0,1.0,79.0,1.0,1.0,9.0,0.0,0.0,0.0,0.0,3.0,2.0,1.0,1.0,0.0,8.0,0.7037384027203839,6.0,1.0,9.0,87.0,8.0,1.0,1280.0,800.0,14.0,0.0,1
78.0,1.0,2.0,0.0,4.0,3.0,1.0,12.0,5.0,0.4166666666666667,3.409566230920945,0.0,0.0,12.0,6.0,0.0,0.0,0.0,0.0,1.0,0.0,0.0,1.0,66.0,1.0,0.0,4.0,1.0,1.0,0.0,0.0,4.0,2.0,1.0,1.0,1.0,20.0,0.7622659577499658,4.0,5.0,4.0,117.0,6.0,1.0,1280.0,800.0,11.0,0.0,1
79.0,1.0,1.0,0.0,1.0,2.0,0.0,11.0,2.0,0.18181818181818182,3.060619764310997,0.0,1.0,43.0,35.0,0.0,1.0,0.0,1.0,1.0,0.0,0.0,1.0,316.0,2.0,0.0,10.0,1.0,0.0,0.0,1.0,13.0,3.0,0.0,1.0,1.0,35.0,0.88781039960307,2.0,4.0,10.0,40.0,14.0,1.0,1280.0,800.0,5.0,1.0,1
59.0,0.0,0.0,0.0,4.0,1.0,1.0,21.0,5.0,0.23809523809523808,3.2542452022681885,0.0,0.0,25.0,37.0,0.0,1.0,0.0,1.0,0.0,0.0,0.0,0.0,204.0,1.0,0.0,10.0,1.0,0.0,0.0,0.0,13.0,3.0,1.0,0.0,1.0,25.0,0.02182714382985197,2.0,5.0,10.0,63.0,14.0,1.0,1280.0,800.0,1.0,0.0,1
83.0,1.0,0.0,0.0,2.0,1.0,0.0,14.0,0.0,0.0,3.6607897572418606,1.0,1.0,58.0,44.0,0.0,1.0,0.0,1.0,1.0,0.0,0.0,1.0,240.0,1.0,0.0,10.0,1.0,0.0,0.0,1.0,4.0,3.0,0.0,0.0,1.0,17.0,0.7252405853906821,6.0,3.0,10.0,69.0,14.0,1.0,1280.0,800.0,7.0,1.0,1
89.0,1.0,3.0,0.0,2.0,4.0,0.0,25.0,0.0,0.0,3.5354111798811134,0.0,0.0,31.0,0.0,1.0,1.0,0.0,1.0,1.0,0.0,0.0,1.0,343.0,1.0,1.0,7.0,1.0,1.0,0.0,0.0,0.0,1.0,0.0,1.0,1.0,33.0,0.9249990318877761,4.0,2.0,7.0,94.0,13.0,1.0,1280.0,800.0,5.0,0.0,1
46.0,1.0,0.0,0.0,2.0,1.0,1.0,25.0,2.0,0.08,3.2111352340702477,0.0,1.0,54.0,37.0,0.0,0.0,0.0,0.0,1.0,0.0,0.0,1.0,148.0,1.0,0.0,3.0,1.0,1.0,1.0,1.0,0.0,2.0,0.0,0.0,1.0,26.0,0.7606479481594737,3.0,3.0,3.0,22.0,12.0,1.0,1280.0,800.0,6.0,0.0,1
84.0,0.0,2.0,0.0,1.0,3.0,1.0,21.0,0.0,0.0,3.683999092498426,0.0,0.0,46.0,33.0,0.0,1.0,0.0,1.0,0.0,0.0,0.0,0.0,333.0,1.0,0.0,10.0,0.0,1.0,2.0,1.0,3.0,5.0,0.0,1.0,1.0,42.0,0.02634780230561995,5.0,1.0,10.0,50.0,14.0,0.0,1280.0,800.0,4.0,0.0,1
63.0,1.0,0.0,1.0,0.0,1.0,0.0,15.0,3.0,0.7195689322449499,2.608623397261332,0.0,0.0,53.0,19.0,0.0,0.0,0.0,0.0,1.0,0.0,0.0,1.0,145.0,1.0,1.0,7.0,0.0,0.0,0.0,0.0,0.0,3.0,1.0,0.0,0.0,9.0,0.9253606231738627,2.0,4.0,7.0,50.0,1.0,1.0,1280.0,800.0,2.0,1.0,1
60.0,0.0,0.0,1.0,0.0,1.0,0.0,15.0,3.0,0.7461696936965645,2.9433611016229184,0.0,2.0,13.0,18.0,0.0,0.0,0.0,0.0,0.0,0.0,0.0,0.0,348.0,2.0,0.0,2.0,1.0,1.0,0.0,1.0,3.0,3.0,1.0,1.0,1.0,15.0,0.13983495792921027,3.0,1.0,2.0,115.0,5.0,1.0,1280.0,800.0,3.0,1.0,1
89.0,1.0,2.0,0.0,2.0,3.0,0.0,24.0,10.0,0.4166666666666667,3.791575138222295,0.0,2.0,26.0,28.0,0.0,1.0,0.0,1.0,1.0,0.0,0.0,1.0,193.0,1.0,1.0,4.0,1.0,0.0,0.0,1.0,1.0,1.0,0.0,0.0,1.0,16.0,0.7122108664566091,4.0,3.0,4.0,2.0,6.0,1.0,1280.0,800.0,0.0,0.0,1
90.0,0.0,2.0,0.0,4.0,3.0,1.0,20.0,0.0,0.0,2.9332562968127256,0.0,0.0,12.0,40.0,0.0,0.0,0.0,0.0,0.0,0.0,0.0,0.0,197.0,1.0,0.0,1.0,0.0,1.0,0.0,0.0,14.0,2.0,1.0,1.0,1.0,29.0,0.22039932109931404,3.0,5.0,1.0,58.0,5.0,1.0,1280.0,800.0,6.0,1.0,1
56.0,1.0,1.0,0.0,3.0,2.0,0.0,24.0,8.0,0.3333333333333333,3.4266960004036013,0.0,0.0,42.0,13.0,0.0,1.0,0.0,1.0,1.0,0.0,0.0,1.0,130.0,2.0,0.0,8.0,0.0,1.0,0.0,0.0,4.0,1.0,1.0,1.0,1.0,18.0,0.6818472868384362,7.0,1.0,8.0,50.0,11.0,1.0,1280.0,800.0,5.0,0.0,1
88.0,1.0,2.0,0.0,2.0,3.0,0.0,20.0,0.0,0.0,3.831353965124288,0.0,2.0,5.0,0.0,0.0,1.0,0.0,1.0,1.0,0.0,0.0,1.0,87.0,1.0,0.0,3.0,0.0,1.0,0.0,0.0,0.0,3.0,0.0,0.0,1.0,40.0,0.9244056932750676,2.0,3.0,3.0,116.0,9.0,1.0,1280.0,800.0,8.0,0.0,1
57.0,1.0,0.0,1.0,0.0,1.0,0.0,15.0,3.0,0.7680142825170906,2.7232842813613694,0.0,0.0,20.0,29.0,0.0,1.0,0.0,1.0,1.0,0.0,0.0,1.0,146.0,1.0,0.0,10.0,1.0,0.0,1.0,0.0,4.0,1.0,1.0,0.0,1.0,43.0,0.8767730450384421,7.0,4.0,10.0,115.0,8.0,1.0,1280.0,800.0,3.0,0.0,1
79.0,1.0,3.0,0.0,3.0,4.0,1.0,20.0,2.0,0.1,3.0231692957931404,0.0,0.0,27.0,41.0,0.0,1.0,0.0,1.0,0.0,1.0,1.0,0.0,299.0,1.0,1.0,1.0,1.0,1.0,0.0,0.0,15.0,3.0,1.0,0.0,1.0,16.0,0.9938964821612574,6.0,4.0,1.0,74.0,9.0,1.0,1280.0,800.0,5.0,1.0,1
36.0,0.0,2.0,0.0,4.0,3.0,0.0,24.0,5.0,0.20833333333333334,2.9848579442477843,0.0,1.0,36.0,25.0,0.0,1.0,0.0,1.0,0.0,0.0,0.0,0.0,294.0,1.0,0.0,5.0,1.0,1.0,1.0,0.0,4.0,4.0,0.0,1.0,1.0,21.0,0.10407812444814843,2.0,2.0,5.0,116.0,14.0,1.0,1280.0,800.0,3.0,0.0,1
35.0,0.0,0.0,0.0,1.0,1.0,0.0,24.0,5.0,0.20833333333333334,3.430996263771191,0.0,2.0,33.0,7.0,0.0,0.0,0.0,0.0,0.0,0.0,0.0,0.0,155.0,1.0,0.0,11.0,1.0,1.0,0.0,0.0,3.0,4.0,0.0,0.0,1.0,9.0,0.286732999322446,5.0,1.0,11.0,32.0,10.0,1.0,1280.0,800.0,5.0,0.0,1
86.0,1.0,2.0,0.0,1.0,3.0,1.0,22.0,6.0,0.39610670418950056,3.42139799492592,0.0,1.0,48.0,37.0,0.0,0.0,0.0,0.0,1.0,0.0,0.0,1.0,65.0,1.0,1.0,3.0,0.0,0.0,0.0,0.0,3.0,2.0,0.0,0.0,0.0,40.0,0.6089165364450294,2.0,2.0,3.0,89.0,8.0,1.0,1280.0,800.0,14.0,0.0,1
46.0,1.0,0.0,0.0,3.0,1.0,1.0,18.0,11.0,0.7145351653016784,3.970902316910467,0.0,0.0,47.0,11.0,0.0,1.0,0.0,1.0,1.0,0.0,0.0,1.0,43.0,1.0,1.0,4.0,1.0,1.0,0.0,0.0,1.0,3.0,0.0,0.0,1.0,37.0,0.9549664042979422,6.0,1.0,4.0,23.0,13.0,1.0,1280.0,800.0,14.0,0.0,1
77.0,0.0,0.0,0.0,2.0,1.0,0.0,13.0,0.0,0.0,3.131460510999648,1.0,0.0,7.0,42.0,1.0,1.0,0.0,1.0,0.0,0.0,0.0,0.0,197.0,1.0,6.0,2.0,1.0,1.0,0.0,0.0,4.0,3.0,0.0,0.0,1.0,29.0,0.14819464996818746,5.0,5.0,2.0,107.0,6.0,1.0,1280.0,800.0,12.0,0.0,1
42.0,1.0,3.0,0.0,3.0,4.0,0.0,20.0,2.0,0.1,2.8108050092298393,0.0,1.0,20.0,6.0,0.0,0.0,0.0,0.0,1.0,0.0,0.0,1.0,122.0,1.0,0.0,9.0,1.0,1.0,0.0,0.0,4.0,4.0,0.0,1.0,1.0,9.0,0.7952794328988676,3.0,5.0,9.0,49.0,1.0,1.0,1280.0,800.0,3.0,0.0,1
39.0,1.0,2.0,0.0,1.0,3.0,0.0,12.0,5.0,0.4166666666666667,2.8605709130548007,0.0,0.0,49.0,25.0,1.0,1.0,0.0,1.0,0.0,1.0,1.0,0.0,75.0,1.0,1.0,4.0,1.0,1.0,0.0,0.0,3.0,1.0,1.0,1.0,1.0,30.0,0.745598796224632,3.0,3.0,4.0,99.0,2.0,1.0,1280.0,800.0,1.0,0.0,1
72.0,1.0,1.0,0.0,4.0,2.0,1.0,12.0,5.0,0.4166666666666667,3.637964960329705,0.0,2.0,30.0,44.0,1.0,0.0,0.0,0.0,1.0,0.0,0.0,1.0,192.0,1.0,0.0,4.0,1.0,0.0,0.0,0.0,15.0,2.0,1.0,0.0,1.0,17.0,0.6347369260516952,7.0,1.0,4.0,90.0,3.0,1.0,1280.0,800.0,13.0,0.0,1
84.0,0.0,1.0,0.0,1.0,2.0,1.0,24.0,8.0,0.3333333333333333,3.479936653803324,0.0,0.0,52.0,24.0,0.0,0.0,0.0,0.0,0.0,0.0,0.0,0.0,51.0,1.0,6.0,3.0,1.0,0.0,0.0,1.0,1.0,1.0,0.0,0.0,1.0,35.0,0.21687874998889276,3.0,4.0,3.0,42.0,12.0,1.0,1280.0,800.0,7.0,0.0,1
80.0,1.0,1.0,0.0,1.0,2.0,0.0,12.0,10.0,0.8333333333333334,3.1704977729953194,0.0,0.0,32.0,0.0,1.0,1.0,0.0,1.0,1.0,0.0,0.0,1.0,194.0,1.0,6.0,10.0,1.0,1.0,0.0,0.0,3.0,2.0,0.0,1.0,1.0,40.0,0.77898987402686,1.0,3.0,10.0,96.0,1.0,1.0,1280.0,800.0,9.0,0.0,1
87.0,1.0,2.0,0.0,3.0,3.0,1.0,16.0,2.0,0.125,3.4092296931462083,0.0,3.0,44.0,28.0,1.0,0.0,0.0,0.0,1.0,0.0,0.0,1.0,255.0,2.0,0.0,1.0,1.0,1.0,0.0,0.0,1.0,2.0,0.0,0.0,1.0,22.0,0.6397638782903161,7.0,1.0,1.0,3.0,5.0,0.0,1280.0,800.0,14.0,0.0,1
60.0,1.0,1.0,0.0,3.0,2.0,0.0,23.0,2.0,0.08695652173913043,3.5061061536587412,0.0,0.0,33.0,11.0,0.0,1.0,0.0,1.0,1.0,0.0,0.0,1.0,154.0,1.0,0.0,4.0,1.0,1.0,0.0,0.0,0.0,1.0,1.0,1.0,1.0,13.0,0.7307325340352904,6.0,3.0,4.0,62.0,2.0,1.0,1280.0,800.0,8.0,0.0,1
41.0,1.0,1.0,0.0,3.0,2.0,1.0,19.0,6.0,0.6481807394687693,4.162750549216057,0.0,1.0,25.0,44.0,0.0,0.0,0.0,0.0,1.0,0.0,0.0,1.0,140.0,1.0,1.0,9.0,0.0,1.0,0.0,1.0,2.0,3.0,1.0,0.0,1.0,28.0,0.9154182660296947,7.0,5.0,9.0,92.0,12.0,1.0,1280.0,800.0,3.0,0.0,1
72.0,1.0,1.0,0.0,1.0,2.0,0.0,11.0,2.0,0.18181818181818182,2.9891618797565713,0.0,0.0,5.0,35.0,0.0,1.0,0.0,1.0,1.0,0.0,0.0,1.0,81.0,1.0,0.0,9.0,1.0,1.0,0.0,1.0,3.0,3.0,1.0,0.0,1.0,44.0,0.8860780300038104,6.0,5.0,9.0,79.0,3.0,1.0,1280.0,800.0,9.0,0.0,1
50.0,0.0,0.0,1.0,0.0,1.0,0.0,15.0,3.0,0.6378908852904088,2.8739776457005384,0.0,1.0,19.0,40.0,0.0,0.0,0.0,0.0,0.0,0.0,0.0,0.0,68.0,1.0,6.0,7.0,0.0,1.0,0.0,0.0,1.0,1.0,0.0,0.0,1.0,23.0,0.1763174147156506,4.0,4.0,7.0,52.0,12.0,1.0,1280.0,800.0,13.0,0.0,1
46.0,1.0,0.0,0.0,1.0,1.0,1.0,21.0,5.0,0.23809523809523808,3.8057059504424524,0.0,0.0,13.0,39.0,0.0,0.0,0.0,0.0,1.0,0.0,0.0,1.0,211.0,1.0,1.0,2.0,1.0,1.0,0.0,0.0,3.0,3.0,1.0,1.0,1.0,42.0,0.7726953084750172,3.0,3.0,2.0,14.0,9.0,1.0,1280.0,800.0,2.0,1.0,1
61.0,1.0,1.0,0.0,3.0,2.0,0.0,13.0,2.0,0.15384615384615385,3.4413311114430547,0.0,1.0,51.0,38.0,0.0,1.0,0.0,1.0,1.0,0.0,0.0,1.0,43.0,1.0,0.0,2.0,1.0,0.0,0.0,0.0,14.0,1.0,1.0,1.0,1.0,37.0,0.7781821933528682,3.0,3.0,2.0,18.0,9.0,1.0,1280.0,800.0,3.0,0.0,1
74.0,1.0,1.0,0.0,2.0,2.0,0.0,15.0,5.0,0.3333333333333333,3.4288723526880314,0.0,1.0,58.0,32.0,0.0,1.0,0.0,1.0,1.0,0.0,0.0,1.0,201.0,1.0,1.0,4.0,1.0,1.0,0.0,0.0,0.0,3.0,1.0,1.0,1.0,14.0,0.7213035891707125,2.0,1.0,4.0,27.0,5.0,1.0,1280.0,800.0,6.0,0.0,1
70.0,1.0,2.0,0.0,1.0,3.0,1.0,11.0,8.0,0.7272727272727273,3.3564102982375745,0.0,0.0,59.0,21.0,0.0,0.0,0.0,0.0,1.0,0.0,0.0,1.0,84.0,1.0,0.0,1.0,0.0,0.0,1.0,0.0,0.0,1.0,0.0,1.0,1.0,29.0,0.8655737239151251,3.0,4.0,1.0,102.0,1.0,1.0,1280.0,800.0,3.0,0.0,1
71.0,0.0,1.0,0.0,3.0,2.0,1.0,13.0,5.0,0.38461538461538464,3.3143320892100463,0.0,1.0,26.0,41.0,0.0,1.0,0.0,1.0,0.0,0.0,0.0,0.0,120.0,1.0,0.0,4.0,1.0,1.0,0.0,0.0,0.0,2.0,1.0,1.0,1.0,13.0,0.1948500769959169,1.0,5.0,4.0,104.0,6.0,0.0,1280.0,800.0,5.0,0.0,1
89.0,1.0,2.0,0.0,2.0,3.0,0.0,10.0,2.0,0.2,3.4835306797039234,0.0,1.0,17.0,37.0,0.0,0.0,0.0,0.0,0.0,0.0,0.0,0.0,221.0,1.0,0.0,10.0,1.0,1.0,1.0,0.0,1.0,3.0,0.0,1.0,1.0,7.0,0.7229987036477632,5.0,5.0,10.0,8.0,7.0,1.0,1280.0,800.0,9.0,0.0,1
36.0,0.0,0.0,0.0,1.0,1.0,0.0,19.0,0.0,0.0,3.8515149732545204,1.0,1.0,44.0,36.0,0.0,1.0,0.0,1.0,0.0,0.0,0.0,0.0,155.0,1.0,1.0,2.0,1.0,1.0,0.0,0.0,2.0,3.0,0.0,0.0,1.0,30.0,0.08678048250564976,1.0,2.0,2.0,105.0,10.0,1.0,1280.0,800.0,7.0,0.0,1
52.0,1.0,0.0,1.0,0.0,1.0,0.0,15.0,3.0,0.7761468542666915,2.644829267429841,0.0,1.0,34.0,6.0,0.0,0.0,0.0,0.0,1.0,0.0,0.0,1.0,154.0,1.0,1.0,3.0,1.0,0.0,0.0,0.0,2.0,3.0,1.0,1.0,1.0,10.0,0.6282838398866786,1.0,4.0,3.0,5.0,1.0,1.0,1280.0,800.0,8.0,1.0,1
53.0,0.0,0.0,0.0,2.0,1.0,1.0,16.0,0.0,0.0,3.1661293284500602,0.0,1.0,33.0,19.0,0.0,1.0,0.0,1.0,0.0,0.0,0.0,0.0,176.0,1.0,1.0,2.0,1.0,1.0,0.0,0.0,2.0,3.0,0.0,1.0,1.0,42.0,0.22649702913233802,4.0,2.0,2.0,18.0,5.0,1.0,1280.0,800.0,5.0,0.0,1
79.0,1.0,2.0,0.0,1.0,3.0,0.0,12.0,0.0,0.0,3.7883676337290937,0.0,1.0,48.0,6.0,0.0,1.0,0.0,1.0,1.0,0.0,0.0,1.0,289.0,1.0,0.0,8.0,1.0,1.0,0.0,0.0,3.0,3.0,1.0,0.0,1.0,16.0,0.9379258637739769,3.0,2.0,8.0,107.0,6.0,1.0,1280.0,800.0,2.0,1.0,1
48.0,1.0,2.0,0.0,2.0,3.0,0.0,10.0,5.0,0.5,2.835131570759395,0.0,2.0,13.0,17.0,0.0,1.0,0.0,1.0,1.0,0.0,0.0,1.0,244.0,1.0,1.0,11.0,1.0,1.0,1.0,1.0,4.0,4.0,1.0,1.0,1.0,10.0,0.710686145712367,4.0,2.0,11.0,31.0,6.0,1.0,1280.0,800.0,11.0,0.0,1
75.0,1.0,1.0,0.0,2.0,2.0,0.0,13.0,0.0,0.0,3.140929824482437,1.0,2.0,30.0,33.0,0.0,1.0,0.0,1.0,1.0,0.0,0.0,1.0,275.0,1.0,0.0,6.0,1.0,1.0,0.0,0.0,2.0,3.0,1.0,0.0,1.0,9.0,0.8885663353541031,2.0,1.0,6.0,118.0,3.0,1.0,1280.0,800.0,12.0,0.0,1
46.0,1.0,0.0,1.0,0.0,1.0,0.0,15.0,3.0,0.7589880698190116,3.016611021916468,0.0,2.0,47.0,32.0,0.0,0.0,0.0,0.0,0.0,1.0,0.0,0.0,287.0,1.0,6.0,2.0,1.0,0.0,0.0,0.0,4.0,2.0,0.0,1.0,1.0,42.0,0.6707826946435684,3.0,1.0,2.0,31.0,13.0,0.0,1280.0,800.0,8.0,0.0,1
60.0,1.0,0.0,1.0,0.0,1.0,0.0,15.0,3.0,0.6039022808339736,2.747910274662809,0.0,0.0,6.0,20.0,0.0,1.0,0.0,1.0,1.0,0.0,0.0,1.0,155.0,1.0,1.0,2.0,1.0,0.0,0.0,0.0,4.0,2.0,1.0,1.0,1.0,42.0,0.6577840203973471,4.0,1.0,2.0,83.0,3.0,0.0,1280.0,800.0,10.0,0.0,1
70.0,1.0,2.0,0.0,4.0,3.0,1.0,23.0,0.0,0.0,3.5053520053600047,0.0,0.0,47.0,4.0,0.0,0.0,0.0,0.0,1.0,0.0,0.0,1.0,347.0,1.0,0.0,9.0,1.0,1.0,1.0,0.0,3.0,2.0,1.0,1.0,1.0,8.0,0.7079173425438503,3.0,5.0,9.0,8.0,2.0,1.0,1280.0,800.0,11.0,0.0,1
48.0,1.0,1.0,0.0,2.0,2.0,0.0,19.0,0.0,0.0,3.426812000997373,1.0,2.0,9.0,37.0,0.0,1.0,0.0,1.0,1.0,0.0,0.0,1.0,196.0,1.0,1.0,11.0,1.0,0.0,0.0,0.0,2.0,3.0,0.0,1.0,1.0,36.0,0.6709896190833667,5.0,4.0,11.0,103.0,6.0,1.0,1280.0,800.0,10.0,0.0,1
63.0,1.0,1.0,0.0,2.0,2.0,1.0,17.0,2.0,0.11764705882352941,3.1061398730637126,0.0,0.0,41.0,0.0,0.0,1.0,0.0,1.0,1.0,0.0,0.0,1.0,52.0,1.0,1.0,7.0,1.0,1.0,0.0,1.0,2.0,3.0,0.0,0.0,1.0,16.0,0.8682653553926246,7.0,2.0,7.0,21.0,5.0,1.0,1280.0,800.0,6.0,1.0,1
61.0,0.0,1.0,0.0,4.0,2.0,0.0,21.0,0.0,0.0,3.3371757008035123,0.0,0.0,49.0,7.0,0.0,1.0,0.0,1.0,0.0,0.0,0.0,0.0,294.0,2.0,1.0,7.0,1.0,0.0,2.0,2.0,0.0,4.0,0.0,1.0,1.0,5.0,0.0807762625083056,6.0,2.0,7.0,13.0,4.0,1.0,1280.0,800.0,8.0,1.0,1
37.0,0.0,2.0,0.0,1.0,3.0,1.0,22.0,2.0,0.09090909090909091,3.427097311830948,0.0,0.0,23.0,2.0,0.0,1.0,0.0,1.0,0.0,0.0,0.0,0.0,72.0,1.0,0.0,9.0,0.0,1.0,2.0,2.0,0.0,5.0,0.0,1.0,1.0,13.0,0.2335610032807613,5.0,5.0,9.0,72.0,1.0,1.0,1280.0,800.0,14.0,0.0,1
57.0,1.0,0.0,1.0,0.0,1.0,0.0,15.0,3.0,0.635727007295049,2.7449371136071834,0.0,1.0,39.0,0.0,1.0,0.0,0.0,0.0,0.0,0.0,1.0,0.0,49.0,1.0,0.0,10.0,1.0,1.0,1.0,0.0,2.0,3.0,1.0,0.0,1.0,32.0,0.8696302180476982,1.0,4.0,10.0,76.0,1.0,1.0,1280.0,800.0,13.0,1.0,1
48.0,1.0,1.0,0.0,2.0,2.0,0.0,19.0,5.0,0.2631578947368421,3.1605716233875323,0.0,1.0,45.0,37.0,0.0,0.0,0.0,0.0,1.0,0.0,0.0,1.0,173.0,1.0,1.0,5.0,0.0,1.0,0.0,0.0,7.0,2.0,0.0,0.0,1.0,23.0,0.784286362281636,5.0,5.0,5.0,93.0,4.0,1.0,1280.0,800.0,12.0,0.0,1
63.0,0.0,0.0,0.0,1.0,1.0,1.0,15.0,8.0,0.5333333333333333,3.244863661822915,0.0,0.0,22.0,36.0,0.0,1.0,0.0,1.0,0.0,0.0,0.0,0.0,335.0,1.0,0.0,2.0,0.0,1.0,1.0,2.0,4.0,3.0,0.0,0.0,1.0,29.0,0.01578378648929407,2.0,4.0,2.0,54.0,9.0,1.0,1280.0,800.0,2.0,1.0,1
75.0,1.0,0.0,1.0,0.0,1.0,0.0,15.0,3.0,0.6690517815601734,2.6295039813846635,0.0,0.0,19.0,11.0,0.0,0.0,0.0,0.0,1.0,0.0,0.0,1.0,254.0,1.0,0.0,10.0,0.0,1.0,0.0,1.0,0.0,3.0,0.0,1.0,1.0,30.0,0.8657807755512351,4.0,4.0,10.0,96.0,12.0,1.0,1280.0,800.0,2.0,0.0,1
82.0,0.0,2.0,0.0,1.0,3.0,0.0,16.0,10.0,0.7376346723300279,4.171464195161706,0.0,0.0,35.0,2.0,0.0,0.0,0.0,0.0,0.0,0.0,0.0,0.0,264.0,1.0,0.0,3.0,0.0,0.0,0.0,1.0,3.0,1.0,0.0,0.0,1.0,27.0,0.199588009286255,2.0,4.0,3.0,105.0,14.0,1.0,1280.0,800.0,12.0,0.0,1
42.0,1.0,1.0,0.0,1.0,2.0,0.0,20.0,8.0,0.4,2.9418741423625554,0.0,0.0,16.0,12.0,0.0,1.0,0.0,1.0,1.0,0.0,0.0,1.0,113.0,1.0,1.0,10.0,0.0,1.0,1.0,0.0,0.0,1.0,0.0,0.0,1.0,11.0,0.6674645474890492,5.0,1.0,10.0,4.0,14.0,1.0,1280.0,800.0,5.0,0.0,1
36.0,1.0,3.0,0.0,0.0,4.0,0.0,26.0,10.0,0.38461538461538464,3.1104426481545135,0.0,0.0,20.0,28.0,0.0,1.0,0.0,1.0,1.0,0.0,0.0,1.0,191.0,1.0,1.0,9.0,1.0,0.0,0.0,1.0,4.0,2.0,0.0,1.0,1.0,38.0,0.9630530139654969,2.0,1.0,9.0,106.0,5.0,1.0,1280.0,800.0,9.0,0.0,1
64.0,1.0,1.0,0.0,4.0,2.0,0.0,11.0,0.0,0.0,2.8603855524498085,0.0,0.0,50.0,0.0,0.0,1.0,0.0,1.0,1.0,0.0,0.0,1.0,246.0,1.0,0.0,2.0,0.0,0.0,0.0,1.0,7.0,2.0,0.0,0.0,1.0,20.0,0.6706703801553855,6.0,2.0,2.0,71.0,0.0,1.0,1280.0,800.0,13.0,0.0,1
76.0,0.0,0.0,1.0,0.0,1.0,0.0,15.0,3.0,0.7142275521409416,2.6010821359032925,0.0,0.0,29.0,20.0,0.0,0.0,0.0,0.0,0.0,0.0,0.0,0.0,151.0,1.0,0.0,5.0,1.0,1.0,0.0,1.0,3.0,3.0,0.0,1.0,1.0,25.0,0.16994254382941237,1.0,1.0,5.0,33.0,12.0,1.0,1280.0,800.0,13.0,1.0,1
76.0,1.0,1.0,0.0,3.0,2.0,1.0,17.0,0.0,0.0,2.8349784288835407,0.0,2.0,10.0,12.0,0.0,0.0,0.0,0.0,1.0,0.0,0.0,1.0,169.0,1.0,0.0,8.0,1.0,0.0,1.0,0.0,0.0,2.0,0.0,1.0,1.0,19.0,0.8435157308745515,5.0,5.0,8.0,43.0,13.0,1.0,1280.0,800.0,13.0,0.0,1
48.0,0.0,2.0,0.0,1.0,3.0,0.0,14.0,0.0,0.0,2.9025813918267174,0.0,2.0,40.0,7.0,1.0,0.0,0.0,0.0,0.0,0.0,0.0,0.0,317.0,1.0,0.0,7.0,0.0,1.0,0.0,0.0,3.0,1.0,0.0,0.0,1.0,43.0,0.1280868001858376,6.0,2.0,7.0,104.0,8.0,1.0,1280.0,800.0,6.0,0.0,1
66.0,1.0,1.0,0.0,2.0,2.0,1.0,15.0,2.0,0.13333333333333333,3.298426455052136,0.0,0.0,14.0,29.0,0.0,1.0,0.0,1.0,1.0,0.0,0.0,1.0,75.0,1.0,0.0,1.0,1.0,1.0,0.0,0.0,12.0,1.0,0.0,0.0,1.0,36.0,0.8802202996647711,4.0,4.0,1.0,115.0,1.0,1.0,1280.0,800.0,2.0,0.0,1
88.0,1.0,3.0,0.0,1.0,4.0,1.0,15.0,5.0,0.3333333333333333,3.6902880879140145,0.0,0.0,21.0,10.0,0.0,1.0,0.0,1.0,1.0,0.0,0.0,1.0,72.0,1.0,0.0,1.0,1.0,1.0,0.0,0.0,2.0,1.0,1.0,0.0,1.0,22.0,0.621312625800093,2.0,5.0,1.0,88.0,2.0,1.0,1280.0,800.0,0.0,0.0,1
78.0,1.0,3.0,0.0,1.0,4.0,0.0,14.0,2.0,0.14285714285714285,3.2345611778292414,0.0,2.0,27.0,21.0,0.0,1.0,0.0,1.0,0.0,1.0,1.0,0.0,155.0,1.0,1.0,3.0,1.0,0.0,0.0,0.0,3.0,2.0,1.0,0.0,1.0,14.0,0.6930074070245857,5.0,1.0,3.0,84.0,1.0,1.0,1280.0,800.0,1.0,0.0,1
53.0,1.0,0.0,0.0,4.0,1.0,0.0,19.0,0.0,0.0,3.073617447957652,0.0,1.0,31.0,42.0,0.0,1.0,0.0,1.0,1.0,0.0,0.0,1.0,220.0,1.0,0.0,5.0,0.0,1.0,0.0,0.0,0.0,2.0,0.0,0.0,1.0,21.0,0.6458416041933375,4.0,3.0,5.0,117.0,4.0,1.0,1280.0,800.0,0.0,0.0,1
53.0,1.0,1.0,0.0,4.0,2.0,1.0,11.0,5.0,0.45454545454545453,3.262383202312959,0.0,0.0,29.0,29.0,0.0,1.0,0.0,1.0,1.0,0.0,0.0,1.0,349.0,1.0,6.0,5.0,1.0,1.0,0.0,0.0,2.0,4.0,0.0,1.0,1.0,18.0,0.6319070039329991,2.0,2.0,5.0,100.0,9.0,1.0,1280.0,800.0,12.0,0.0,1
77.0,1.0,0.0,0.0,4.0,1.0,1.0,24.0,0.0,0.0,3.32135133461664,0.0,3.0,41.0,2.0,0.0,1.0,0.0,1.0,1.0,0.0,0.0,1.0,168.0,1.0,1.0,8.0,1.0,0.0,0.0,0.0,1.0,2.0,1.0,1.0,1.0,20.0,0.9784929164093212,7.0,3.0,8.0,35.0,3.0,1.0,1280.0,800.0,14.0,0.0,1
92.0,1.0,2.0,0.0,4.0,3.0,1.0,10.0,0.0,0.0,3.557781604032372,0.0,0.0,15.0,18.0,0.0,1.0,0.0,1.0,0.0,0.0,0.0,0.0,134.0,1.0,6.0,3.0,1.0,0.0,0.0,0.0,0.0,3.0,0.0,0.0,1.0,19.0,0.8026605523225654,5.0,1.0,3.0,112.0,2.0,1.0,1280.0,800.0,14.0,0.0,1
56.0,1.0,0.0,1.0,0.0,1.0,0.0,15.0,3.0,0.6009270333868701,2.590182424265563,0.0,1.0,7.0,31.0,0.0,0.0,0.0,0.0,1.0,0.0,0.0,1.0,237.0,2.0,0.0,2.0,1.0,1.0,1.0,0.0,0.0,2.0,0.0,0.0,1.0,33.0,0.6677714835891374,6.0,2.0,2.0,108.0,1.0,1.0,1280.0,800.0,5.0,0.0,1
58.0,1.0,1.0,0.0,2.0,2.0,0.0,20.0,0.0,0.0,3.3515288198760445,1.0,0.0,11.0,22.0,0.0,1.0,0.0,1.0,1.0,0.0,0.0,1.0,92.0,1.0,1.0,4.0,0.0,1.0,0.0,1.0,1.0,3.0,0.0,0.0,1.0,31.0,0.8874326549352292,3.0,2.0,4.0,117.0,3.0,1.0,1280.0,800.0,4.0,0.0,1
67.0,1.0,2.0,0.0,1.0,3.0,0.0,16.0,2.0,0.125,3.1415161256609854,0.0,0.0,19.0,35.0,0.0,0.0,0.0,0.0,1.0,0.0,0.0,1.0,223.0,1.0,1.0,1.0,1.0,1.0,0.0,0.0,1.0,2.0,0.0,1.0,1.0,31.0,0.9673979971416928,7.0,3.0,1.0,80.0,11.0,1.0,1280.0,800.0,13.0,0.0,1
78.0,0.0,3.0,0.0,2.0,4.0,1.0,24.0,8.0,0.3333333333333333,3.2140539276317814,0.0,0.0,13.0,21.0,0.0,1.0,0.0,1.0,0.0,0.0,0.0,0.0,294.0,1.0,1.0,10.0,1.0,1.0,0.0,0.0,0.0,4.0,0.0,0.0,1.0,11.0,0.07176151901081075,7.0,2.0,10.0,102.0,9.0,1.0,1280.0,800.0,13.0,1.0,1
73.0,1.0,0.0,1.0,0.0,1.0,0.0,15.0,3.0,0.7226803457148172,2.5066425519621305,0.0,0.0,10.0,16.0,0.0,0.0,0.0,0.0,1.0,0.0,0.0,1.0,318.0,1.0,0.0,4.0,0.0,1.0,0.0,0.0,0.0,3.0,0.0,0.0,1.0,23.0,0.691650397638215,1.0,4.0,4.0,30.0,4.0,1.0,1280.0,800.0,14.0,0.0,1
77.0,1.0,1.0,0.0,3.0,2.0,0.0,22.0,0.0,0.0,3.697741426764249,0.0,0.0,44.0,30.0,0.0,1.0,0.0,1.0,1.0,0.0,0.0,1.0,137.0,1.0,1.0,3.0,1.0,1.0,0.0,0.0,1.0,2.0,1.0,0.0,1.0,35.0,0.610095070716725,2.0,3.0,3.0,47.0,11.0,1.0,1280.0,800.0,9.0,0.0,1
66.0,1.0,2.0,0.0,4.0,3.0,0.0,10.0,0.0,0.0,3.787294281681704,0.0,3.0,57.0,43.0,0.0,0.0,0.0,0.0,1.0,0.0,0.0,1.0,73.0,1.0,1.0,6.0,1.0,1.0,0.0,0.0,4.0,3.0,1.0,1.0,1.0,7.0,0.9168736605204902,5.0,1.0,6.0,67.0,11.0,1.0,1280.0,800.0,8.0,0.0,1
37.0,1.0,0.0,1.0,0.0,1.0,0.0,15.0,3.0,0.6331830576641861,2.9534166041255414,0.0,0.0,58.0,36.0,1.0,1.0,0.0,1.0,1.0,0.0,0.0,1.0,241.0,1.0,6.0,3.0,1.0,1.0,0.0,0.0,4.0,1.0,0.0,1.0,1.0,19.0,0.6182223022344878,4.0,1.0,3.0,41.0,13.0,1.0,1280.0,800.0,3.0,0.0,1
60.0,1.0,1.0,0.0,2.0,2.0,0.0,19.0,8.0,0.555445263828091,4.157158289129433,0.0,3.0,20.0,41.0,0.0,0.0,0.0,0.0,1.0,0.0,0.0,1.0,145.0,1.0,6.0,11.0,0.0,1.0,0.0,0.0,4.0,2.0,0.0,1.0,1.0,23.0,0.9069986114209709,2.0,1.0,11.0,69.0,0.0,1.0,1280.0,800.0,11.0,0.0,1
59.0,1.0,2.0,0.0,1.0,3.0,0.0,23.0,5.0,0.21739130434782608,3.2955345763916233,0.0,0.0,5.0,43.0,0.0,1.0,0.0,1.0,1.0,0.0,0.0,1.0,319.0,1.0,1.0,4.0,0.0,1.0,1.0,0.0,13.0,2.0,0.0,0.0,1.0,35.0,0.9539069556211415,5.0,3.0,4.0,19.0,13.0,1.0,1280.0,800.0,1.0,0.0,1
67.0,1.0,0.0,1.0,0.0,1.0,0.0,15.0,3.0,0.7884836252550561,3.0667459416854737,0.0,0.0,43.0,12.0,0.0,0.0,0.0,0.0,1.0,0.0,0.0,1.0,52.0,1.0,1.0,11.0,0.0,1.0,0.0,1.0,1.0,3.0,0.0,0.0,1.0,7.0,0.647712691462124,1.0,1.0,11.0,0.0,7.0,1.0,1280.0,800.0,9.0,0.0,1
59.0,1.0,1.0,0.0,3.0,2.0,1.0,21.0,5.0,0.23809523809523808,3.489925735052767,0.0,0.0,9.0,37.0,0.0,0.0,0.0,0.0,1.0,0.0,0.0,1.0,154.0,1.0,1.0,3.0,1.0,1.0,0.0,0.0,4.0,3.0,0.0,1.0,1.0,14.0,0.6572557684987759,3.0,4.0,3.0,111.0,9.0,1.0,1280.0,800.0,7.0,1.0,1
48.0,1.0,1.0,0.0,1.0,2.0,1.0,21.0,2.0,0.09523809523809523,3.4786045133204277,0.0,2.0,19.0,41.0,0.0,0.0,0.0,0.0,0.0,0.0,1.0,0.0,70.0,1.0,0.0,3.0,1.0,1.0,0.0,1.0,0.0,3.0,1.0,0.0,1.0,14.0,0.7771942297532664,5.0,3.0,3.0,39.0,13.0,1.0,1280.0,800.0,10.0,0.0,1
70.0,1.0,0.0,0.0,2.0,1.0,1.0,19.0,10.0,0.7366628746861839,4.155346406522332,0.0,2.0,24.0,41.0,0.0,1.0,0.0,1.0,1.0,0.0,0.0,1.0,151.0,1.0,0.0,4.0,1.0,1.0,0.0,0.0,0.0,3.0,1.0,0.0,1.0,39.0,0.7213667026015218,7.0,4.0,4.0,29.0,11.0,1.0,1280.0,800.0,5.0,0.0,1
92.0,1.0,0.0,0.0,1.0,1.0,0.0,20.0,0.0,0.0,3.5540893161236635,1.0,0.0,30.0,12.0,0.0,1.0,0.0,1.0,1.0,0.0,0.0,1.0,308.0,1.0,1.0,10.0,1.0,1.0,0.0,0.0,1.0,2.0,1.0,1.0,1.0,15.0,0.6781755657180877,3.0,1.0,10.0,48.0,7.0,1.0,1280.0,800.0,13.0,0.0,1
86.0,1.0,0.0,0.0,2.0,1.0,0.0,14.0,0.0,0.0,3.2922602687225804,1.0,1.0,29.0,14.0,0.0,1.0,0.0,1.0,1.0,0.0,0.0,1.0,305.0,1.0,0.0,4.0,0.0,1.0,0.0,1.0,1.0,2.0,0.0,1.0,1.0,29.0,0.6774475019705445,1.0,4.0,4.0,57.0,10.0,1.0,1280.0,800.0,11.0,0.0,1
78.0,1.0,1.0,0.0,1.0,2.0,0.0,15.0,2.0,0.13333333333333333,3.097187567737691,0.0,1.0,12.0,1.0,1.0,1.0,0.0,1.0,1.0,0.0,0.0,1.0,302.0,1.0,1.0,3.0,1.0,1.0,0.0,0.0,4.0,1.0,1.0,1.0,1.0,41.0,0.984977550506828,2.0,2.0,3.0,15.0,4.0,1.0,1280.0,800.0,5.0,0.0,1
57.0,0.0,1.0,0.0,1.0,2.0,0.0,13.0,0.0,0.0,3.869472613673892,1.0,2.0,28.0,33.0,0.0,1.0,0.0,1.0,0.0,0.0,0.0,0.0,295.0,1.0,1.0,6.0,0.0,0.0,1.0,1.0,3.0,1.0,0.0,0.0,1.0,9.0,0.27759181873731825,6.0,2.0,6.0,106.0,10.0,1.0,1280.0,800.0,1.0,0.0,1
60.0,0.0,2.0,0.0,3.0,3.0,0.0,20.0,5.0,0.25,3.8272143952716737,0.0,1.0,30.0,22.0,0.0,1.0,0.0,1.0,0.0,0.0,0.0,0.0,45.0,1.0,0.0,6.0,1.0,0.0,0.0,0.0,15.0,3.0,0.0,0.0,1.0,6.0,0.11383212250665688,3.0,4.0,6.0,70.0,9.0,1.0,1280.0,800.0,10.0,0.0,1
75.0,1.0,2.0,0.0,2.0,3.0,1.0,22.0,7.0,0.7392328244115981,4.025271770859362,0.0,0.0,56.0,11.0,0.0,0.0,0.0,0.0,1.0,0.0,0.0,1.0,95.0,1.0,0.0,4.0,0.0,1.0,0.0,0.0,0.0,3.0,0.0,0.0,1.0,20.0,0.69335527038236,7.0,5.0,4.0,112.0,9.0,1.0,1280.0,800.0,4.0,0.0,1
50.0,1.0,0.0,1.0,0.0,1.0,0.0,15.0,3.0,0.6914565388163885,2.9735983630552463,0.0,0.0,13.0,28.0,0.0,0.0,0.0,0.0,1.0,0.0,0.0,1.0,133.0,1.0,6.0,1.0,1.0,0.0,1.0,0.0,4.0,3.0,1.0,0.0,1.0,32.0,0.6853466694445695,3.0,1.0,1.0,0.0,8.0,1.0,1280.0,800.0,9.0,0.0,1
48.0,1.0,0.0,1.0,0.0,1.0,0.0,15.0,3.0,0.6656060706939508,2.666609319869247,0.0,1.0,23.0,21.0,0.0,0.0,0.0,0.0,1.0,0.0,0.0,1.0,72.0,1.0,6.0,9.0,0.0,1.0,0.0,0.0,0.0,2.0,0.0,0.0,1.0,14.0,0.9903122756800612,3.0,3.0,9.0,98.0,11.0,1.0,1280.0,800.0,7.0,1.0,1
73.0,1.0,2.0,0.0,2.0,3.0,0.0,24.0,0.0,0.0,3.3452652451904523,0.0,2.0,25.0,37.0,0.0,0.0,0.0,0.0,1.0,0.0,0.0,1.0,314.0,1.0,6.0,1.0,1.0,0.0,1.0,1.0,1.0,5.0,1.0,0.0,1.0,17.0,0.7545692626132015,3.0,2.0,1.0,111.0,14.0,1.0,1280.0,800.0,5.0,1.0,1
35.0,1.0,1.0,0.0,2.0,2.0,0.0,15.0,0.0,0.0,3.6739583637380018,1.0,1.0,56.0,16.0,1.0,1.0,0.0,1.0,1.0,0.0,0.0,1.0,218.0,1.0,1.0,9.0,1.0,1.0,0.0,0.0,0.0,1.0,1.0,0.0,1.0,41.0,0.6714575291301175,2.0,3.0,9.0,97.0,8.0,1.0,1280.0,800.0,1.0,0.0,1
79.0,1.0,2.0,0.0,1.0,3.0,1.0,13.0,0.0,0.0,3.1558508609073694,0.0,1.0,46.0,18.0,0.0,1.0,0.0,1.0,1.0,0.0,0.0,1.0,116.0,1.0,0.0,11.0,1.0,1.0,0.0,0.0,0.0,1.0,1.0,0.0,1.0,27.0,0.7286607103949727,6.0,3.0,11.0,6.0,0.0,1.0,1280.0,800.0,5.0,1.0,1
93.0,1.0,2.0,0.0,4.0,3.0,1.0,11.0,2.0,0.18181818181818182,3.6258267320672735,0.0,2.0,8.0,1.0,0.0,1.0,0.0,1.0,1.0,0.0,0.0,1.0,314.0,2.0,0.0,8.0,1.0,0.0,1.0,0.0,8.0,3.0,0.0,0.0,1.0,11.0,0.7511441988769803,2.0,2.0,8.0,28.0,7.0,1.0,1280.0,800.0,11.0,1.0,1
50.0,1.0,3.0,0.0,2.0,4.0,0.0,22.0,12.0,0.5454545454545454,3.6173713686415034,0.0,1.0,33.0,10.0,0.0,1.0,0.0,1.0,1.0,0.0,0.0,1.0,124.0,2.0,0.0,10.0,1.0,1.0,0.0,0.0,1.0,4.0,0.0,0.0,1.0,9.0,0.7240561479440591,2.0,2.0,10.0,62.0,2.0,1.0,1280.0,800.0,10.0,0.0,1
69.0,0.0,0.0,1.0,0.0,1.0,0.0,15.0,3.0,0.7966028424436422,3.0332279212083537,0.0,3.0,16.0,3.0,0.0,0.0,0.0,0.0,0.0,0.0,0.0,0.0,32.0,2.0,0.0,3.0,0.0,1.0,0.0,0.0,0.0,1.0,0.0,1.0,1.0,12.0,0.07214587523400585,4.0,1.0,3.0,97.0,9.0,1.0,1280.0,800.0,3.0,0.0,1
75.0,1.0,1.0,0.0,2.0,2.0,0.0,13.0,8.0,0.6153846153846154,3.150836133468351,0.0,0.0,25.0,8.0,1.0,0.0,0.0,0.0,1.0,0.0,0.0,1.0,170.0,1.0,6.0,1.0,1.0,1.0,0.0,0.0,4.0,2.0,1.0,0.0,1.0,32.0,0.8945670088647559,2.0,1.0,1.0,69.0,0.0,1.0,1280.0,800.0,4.0,0.0,1
64.0,0.0,1.0,0.0,1.0,2.0,1.0,19.0,8.0,0.42105263157894735,3.208052405178583,0.0,0.0,12.0,15.0,0.0,0.0,0.0,0.0,0.0,0.0,0.0,0.0,214.0,1.0,0.0,11.0,1.0,0.0,0.0,0.0,8.0,1.0,0.0,0.0,1.0,28.0,0.1049492551645623,7.0,5.0,11.0,66.0,14.0,1.0,1280.0,800.0,13.0,0.0,1
84.0,1.0,1.0,0.0,3.0,2.0,0.0,28.0,10.0,0.6835721760493394,3.7524070893948553,0.0,0.0,38.0,1.0,0.0,0.0,0.0,0.0,0.0,0.0,1.0,0.0,235.0,1.0,1.0,6.0,0.0,0.0,0.0,0.0,1.0,3.0,0.0,1.0,0.0,38.0,0.9538997947589952,5.0,3.0,6.0,29.0,5.0,1.0,1280.0,800.0,9.0,0.0,1
55.0,1.0,3.0,0.0,2.0,4.0,0.0,21.0,0.0,0.0,3.3428210698854586,0.0,0.0,39.0,30.0,0.0,1.0,0.0,1.0,1.0,0.0,0.0,1.0,224.0,1.0,0.0,5.0,1.0,0.0,0.0,0.0,4.0,1.0,0.0,0.0,1.0,23.0,0.8101980188213483,6.0,3.0,5.0,49.0,12.0,1.0,1280.0,800.0,4.0,0.0,1
76.0,1.0,3.0,0.0,2.0,4.0,0.0,12.0,2.0,0.16666666666666666,2.9277997283380564,0.0,0.0,31.0,23.0,0.0,0.0,0.0,0.0,1.0,0.0,0.0,1.0,235.0,1.0,1.0,5.0,1.0,1.0,0.0,1.0,8.0,3.0,0.0,1.0,1.0,8.0,0.9399343239972504,2.0,1.0,5.0,66.0,6.0,1.0,1280.0,800.0,11.0,0.0,1
58.0,0.0,2.0,0.0,1.0,3.0,0.0,26.0,5.0,0.19230769230769232,2.9783503686485964,0.0,0.0,14.0,27.0,0.0,1.0,0.0,1.0,0.0,0.0,0.0,0.0,96.0,1.0,0.0,9.0,1.0,1.0,1.0,0.0,3.0,2.0,1.0,0.0,1.0,6.0,0.04248133081954831,3.0,3.0,9.0,67.0,13.0,1.0,1280.0,800.0,1.0,0.0,1
42.0,0.0,0.0,1.0,0.0,1.0,0.0,15.0,3.0,0.6306672910496249,2.6222424887076143,0.0,1.0,14.0,30.0,0.0,1.0,0.0,1.0,0.0,0.0,0.0,0.0,248.0,1.0,0.0,8.0,1.0,1.0,0.0,0.0,4.0,2.0,0.0,0.0,1.0,20.0,0.13926883125855957,3.0,4.0,8.0,89.0,9.0,1.0,1280.0,800.0,6.0,0.0,1
75.0,1.0,2.0,0.0,4.0,3.0,0.0,13.0,2.0,0.15384615384615385,3.6580630266580414,0.0,2.0,13.0,30.0,0.0,0.0,0.0,0.0,0.0,1.0,0.0,0.0,175.0,1.0,6.0,8.0,1.0,1.0,0.0,0.0,15.0,3.0,0.0,0.0,1.0,20.0,0.8389094994687055,4.0,2.0,8.0,117.0,12.0,1.0,1280.0,800.0,14.0,0.0,1
45.0,1.0,3.0,0.0,2.0,4.0,0.0,25.0,0.0,0.0,3.1460415239658808,0.0,2.0,36.0,24.0,0.0,1.0,0.0,1.0,1.0,0.0,0.0,1.0,212.0,1.0,0.0,5.0,1.0,1.0,0.0,0.0,2.0,3.0,0.0,0.0,1.0,26.0,0.6037287674351836,7.0,5.0,5.0,56.0,12.0,1.0,1280.0,800.0,4.0,0.0,1
73.0,1.0,0.0,0.0,1.0,1.0,0.0,14.0,0.0,0.0,3.4593298933406165,1.0,2.0,23.0,19.0,1.0,1.0,0.0,1.0,1.0,0.0,0.0,1.0,320.0,1.0,1.0,9.0,0.0,0.0,0.0,0.0,4.0,2.0,0.0,1.0,0.0,33.0,0.7440488640317512,3.0,2.0,9.0,27.0,3.0,1.0,1280.0,800.0,7.0,1.0,1
79.0,1.0,1.0,0.0,4.0,2.0,0.0,21.0,5.0,0.23809523809523808,2.965571769977154,0.0,1.0,17.0,20.0,0.0,1.0,0.0,1.0,0.0,1.0,0.0,0.0,313.0,1.0,0.0,8.0,0.0,1.0,0.0,0.0,3.0,2.0,1.0,1.0,1.0,20.0,0.7127615533529147,1.0,3.0,8.0,29.0,9.0,1.0,1280.0,800.0,8.0,1.0,1
76.0,1.0,1.0,0.0,2.0,2.0,1.0,19.0,12.0,0.655121619792208,3.6745121176579696,0.0,0.0,6.0,39.0,0.0,0.0,0.0,0.0,1.0,0.0,0.0,1.0,134.0,1.0,0.0,6.0,1.0,0.0,0.0,0.0,2.0,3.0,0.0,0.0,1.0,5.0,0.6017133023426161,3.0,5.0,6.0,108.0,6.0,1.0,1280.0,800.0,14.0,0.0,1
50.0,1.0,0.0,0.0,2.0,1.0,0.0,12.0,0.0,0.0,3.22179269054981,1.0,3.0,27.0,24.0,0.0,1.0,0.0,1.0,1.0,0.0,0.0,1.0,246.0,1.0,0.0,1.0,0.0,0.0,0.0,0.0,3.0,3.0,0.0,0.0,0.0,42.0,0.6777396334415643,2.0,1.0,1.0,11.0,5.0,1.0,1280.0,800.0,2.0,0.0,1
71.0,1.0,0.0,1.0,0.0,1.0,0.0,15.0,3.0,0.6455209357577343,3.0765772892561003,0.0,1.0,5.0,6.0,0.0,0.0,0.0,0.0,0.0,1.0,1.0,0.0,309.0,1.0,6.0,9.0,1.0,0.0,0.0,0.0,1.0,1.0,0.0,0.0,1.0,10.0,0.7426060928559708,7.0,1.0,9.0,110.0,5.0,0.0,1280.0,800.0,6.0,0.0,1
85.0,0.0,0.0,1.0,0.0,1.0,0.0,15.0,3.0,0.679099944646092,2.624149885835795,0.0,0.0,59.0,28.0,1.0,0.0,0.0,0.0,0.0,0.0,0.0,0.0,74.0,2.0,0.0,4.0,1.0,1.0,0.0,0.0,1.0,2.0,0.0,0.0,1.0,15.0,0.01538675332796715,2.0,3.0,4.0,31.0,0.0,1.0,1280.0,800.0,9.0,1.0,1
36.0,1.0,1.0,0.0,3.0,2.0,0.0,10.0,2.0,0.2,3.6742869153255797,0.0,0.0,12.0,31.0,0.0,1.0,0.0,1.0,0.0,0.0,1.0,0.0,143.0,1.0,1.0,4.0,1.0,1.0,1.0,1.0,1.0,3.0,0.0,1.0,1.0,28.0,0.6260092436392471,1.0,5.0,4.0,92.0,1.0,1.0,1280.0,800.0,11.0,0.0,1
61.0,1.0,2.0,0.0,2.0,3.0,0.0,15.0,8.0,0.5333333333333333,3.0088406573391264,0.0,1.0,53.0,7.0,0.0,0.0,0.0,0.0,0.0,0.0,1.0,0.0,117.0,1.0,0.0,7.0,0.0,0.0,0.0,0.0,7.0,2.0,0.0,0.0,0.0,29.0,0.7424125759628328,2.0,3.0,7.0,62.0,13.0,1.0,1280.0,800.0,3.0,0.0,1
36.0,1.0,3.0,0.0,0.0,4.0,0.0,19.0,8.0,0.42105263157894735,3.305641890001639,0.0,1.0,10.0,35.0,0.0,1.0,0.0,1.0,1.0,0.0,0.0,1.0,44.0,1.0,6.0,1.0,1.0,1.0,0.0,0.0,2.0,4.0,1.0,0.0,1.0,12.0,0.6644316364919647,2.0,2.0,1.0,80.0,8.0,1.0,1280.0,800.0,2.0,0.0,1
41.0,0.0,1.0,0.0,4.0,2.0,1.0,13.0,8.0,0.6153846153846154,2.9205660444577726,0.0,1.0,46.0,39.0,0.0,1.0,0.0,1.0,0.0,0.0,0.0,0.0,109.0,1.0,1.0,2.0,0.0,1.0,1.0,1.0,0.0,3.0,0.0,1.0,1.0,22.0,0.2593183094897004,5.0,1.0,2.0,25.0,9.0,1.0,1280.0,800.0,6.0,0.0,1
38.0,0.0,1.0,0.0,3.0,2.0,1.0,17.0,0.0,0.0,3.5042877665844916,0.0,2.0,29.0,14.0,1.0,1.0,0.0,1.0,0.0,0.0,0.0,0.0,323.0,1.0,1.0,3.0,1.0,0.0,0.0,1.0,2.0,1.0,1.0,0.0,1.0,42.0,0.00822919562951061,1.0,2.0,3.0,5.0,5.0,1.0,1280.0,800.0,4.0,0.0,1
86.0,0.0,1.0,0.0,2.0,2.0,0.0,16.0,0.0,0.0,3.8830143923743456,1.0,2.0,8.0,17.0,0.0,1.0,0.0,1.0,0.0,0.0,0.0,0.0,17.0,1.0,0.0,9.0,1.0,1.0,0.0,0.0,2.0,1.0,0.0,0.0,1.0,23.0,0.15233136599441546,4.0,4.0,9.0,68.0,1.0,1.0,1280.0,800.0,2.0,0.0,1
81.0,1.0,0.0,0.0,1.0,1.0,1.0,25.0,5.0,0.2,3.192797690651391,0.0,0.0,16.0,21.0,0.0,0.0,0.0,0.0,0.0,0.0,1.0,0.0,180.0,1.0,1.0,11.0,1.0,1.0,1.0,0.0,1.0,2.0,0.0,1.0,1.0,28.0,0.9849557036630252,6.0,2.0,11.0,37.0,12.0,1.0,1280.0,800.0,2.0,0.0,1
36.0,1.0,1.0,0.0,1.0,2.0,1.0,18.0,11.0,0.5574436825464113,3.3431629047974614,0.0,1.0,30.0,25.0,0.0,0.0,0.0,0.0,0.0,0.0,1.0,0.0,81.0,1.0,1.0,11.0,1.0,1.0,0.0,0.0,4.0,3.0,0.0,0.0,1.0,31.0,0.848694602710073,2.0,2.0,11.0,101.0,9.0,1.0,1280.0,800.0,1.0,0.0,1
55.0,1.0,2.0,0.0,4.0,3.0,1.0,14.0,5.0,0.35714285714285715,2.8311852961117228,0.0,1.0,41.0,19.0,1.0,1.0,0.0,1.0,1.0,0.0,0.0,1.0,252.0,1.0,0.0,6.0,0.0,1.0,1.0,0.0,12.0,3.0,0.0,1.0,1.0,42.0,0.9776587107304515,5.0,4.0,6.0,64.0,9.0,1.0,1280.0,800.0,14.0,0.0,1
41.0,1.0,2.0,0.0,2.0,3.0,1.0,25.0,14.0,0.5469391921585328,3.226746808133421,0.0,0.0,22.0,31.0,0.0,1.0,0.0,1.0,1.0,0.0,0.0,1.0,213.0,2.0,6.0,11.0,0.0,1.0,0.0,0.0,2.0,3.0,0.0,0.0,1.0,29.0,0.648963095041658,7.0,4.0,11.0,105.0,1.0,1.0,1280.0,800.0,7.0,0.0,1
52.0,0.0,1.0,0.0,0.0,2.0,0.0,14.0,0.0,0.0,3.17327415603467,0.0,0.0,24.0,8.0,0.0,1.0,0.0,1.0,0.0,0.0,0.0,0.0,35.0,1.0,1.0,11.0,1.0,1.0,0.0,0.0,0.0,3.0,0.0,0.0,1.0,22.0,0.058769255403823405,7.0,2.0,11.0,70.0,1.0,1.0,1280.0,800.0,4.0,0.0,1
85.0,0.0,2.0,0.0,2.0,3.0,0.0,25.0,0.0,0.0,3.681174018727938,0.0,2.0,44.0,29.0,0.0,0.0,0.0,0.0,0.0,0.0,0.0,0.0,185.0,1.0,0.0,3.0,1.0,0.0,0.0,0.0,3.0,2.0,1.0,1.0,1.0,9.0,0.10759686213462144,5.0,1.0,3.0,71.0,3.0,1.0,1280.0,800.0,6.0,1.0,1
86.0,1.0,0.0,1.0,0.0,1.0,0.0,15.0,3.0,0.7214205212749701,2.74097889290789,0.0,0.0,23.0,29.0,0.0,1.0,0.0,1.0,1.0,0.0,0.0,1.0,32.0,1.0,0.0,8.0,1.0,0.0,0.0,0.0,0.0,3.0,0.0,0.0,1.0,22.0,0.8409399553759701,5.0,4.0,8.0,3.0,1.0,1.0,1280.0,800.0,3.0,0.0,1
71.0,1.0,2.0,0.0,4.0,3.0,0.0,11.0,5.0,0.45454545454545453,3.8052116913433034,0.0,0.0,28.0,12.0,0.0,1.0,0.0,1.0,1.0,0.0,0.0,1.0,284.0,1.0,1.0,10.0,1.0,1.0,0.0,0.0,2.0,3.0,1.0,1.0,1.0,19.0,0.9749300697781073,3.0,4.0,10.0,41.0,2.0,1.0,1280.0,800.0,9.0,0.0,1
66.0,1.0,1.0,0.0,1.0,2.0,0.0,22.0,5.0,0.22727272727272727,3.6329743770747887,0.0,0.0,49.0,24.0,0.0,1.0,0.0,1.0,1.0,0.0,0.0,1.0,214.0,1.0,1.0,5.0,1.0,1.0,0.0,1.0,6.0,1.0,0.0,1.0,1.0,44.0,0.7718142419984015,1.0,3.0,5.0,16.0,1.0,0.0,1280.0,800.0,4.0,0.0,1
84.0,1.0,0.0,1.0,0.0,1.0,0.0,15.0,3.0,0.7595793414297918,2.752301084223439,0.0,1.0,29.0,16.0,0.0,0.0,0.0,0.0,1.0,0.0,0.0,1.0,106.0,2.0,0.0,7.0,1.0,1.0,1.0,0.0,4.0,3.0,0.0,0.0,1.0,32.0,0.9226917360946887,6.0,4.0,7.0,98.0,5.0,1.0,1280.0,800.0,9.0,0.0,1
59.0,0.0,0.0,1.0,0.0,1.0,0.0,15.0,3.0,0.7490332442460083,2.8768790322834166,0.0,0.0,12.0,22.0,0.0,0.0,0.0,0.0,0.0,0.0,0.0,0.0,31.0,1.0,0.0,1.0,1.0,0.0,0.0,0.0,1.0,3.0,0.0,1.0,1.0,43.0,0.08265587026225012,2.0,3.0,1.0,58.0,4.0,1.0,1280.0,800.0,14.0,1.0,1
64.0,1.0,0.0,0.0,2.0,1.0,1.0,17.0,12.0,0.6110127342010789,3.4671525371487335,0.0,0.0,22.0,31.0,0.0,1.0,0.0,1.0,0.0,1.0,0.0,0.0,217.0,1.0,0.0,10.0,0.0,0.0,0.0,0.0,1.0,1.0,1.0,0.0,0.0,26.0,0.9401689204334622,2.0,1.0,10.0,89.0,9.0,1.0,1280.0,800.0,8.0,0.0,1
46.0,1.0,0.0,0.0,1.0,1.0,1.0,18.0,11.0,0.7055327908901652,3.8879851974748494,0.0,3.0,47.0,37.0,0.0,0.0,0.0,0.0,1.0,0.0,0.0,1.0,313.0,1.0,1.0,11.0,1.0,1.0,0.0,0.0,1.0,2.0,0.0,0.0,1.0,12.0,0.6769642198861487,6.0,4.0,11.0,111.0,2.0,1.0,1280.0,800.0,1.0,0.0,1
39.0,0.0,0.0,0.0,2.0,1.0,0.0,21.0,2.0,0.09523809523809523,3.0244379587961467,0.0,0.0,16.0,26.0,0.0,1.0,0.0,1.0,0.0,0.0,0.0,0.0,341.0,1.0,6.0,7.0,0.0,1.0,1.0,0.0,8.0,3.0,1.0,0.0,1.0,19.0,0.0606322465660972,4.0,1.0,7.0,34.0,13.0,1.0,1280.0,800.0,13.0,0.0,1
80.0,1.0,1.0,0.0,3.0,2.0,0.0,22.0,2.0,0.09090909090909091,2.9668751962477535,0.0,0.0,47.0,42.0,0.0,1.0,0.0,1.0,1.0,0.0,0.0,1.0,77.0,1.0,1.0,4.0,1.0,0.0,1.0,0.0,2.0,3.0,0.0,0.0,1.0,23.0,0.8038049704526655,2.0,2.0,4.0,116.0,0.0,1.0,1280.0,800.0,9.0,0.0,1
86.0,1.0,2.0,0.0,3.0,3.0,1.0,25.0,2.0,0.08,3.3167413369163574,0.0,1.0,6.0,14.0,0.0,0.0,0.0,0.0,1.0,0.0,0.0,1.0,141.0,1.0,0.0,6.0,1.0,1.0,0.0,0.0,3.0,2.0,0.0,0.0,1.0,30.0,0.8698837657982195,6.0,3.0,6.0,59.0,4.0,1.0,1280.0,800.0,0.0,0.0,1
42.0,0.0,1.0,0.0,4.0,2.0,0.0,22.0,5.0,0.22727272727272727,3.4462642235266743,0.0,0.0,53.0,11.0,0.0,1.0,0.0,1.0,0.0,0.0,0.0,0.0,173.0,1.0,6.0,3.0,1.0,1.0,0.0,0.0,3.0,3.0,0.0,0.0,1.0,16.0,0.27476551987671444,5.0,3.0,3.0,83.0,5.0,1.0,1280.0,800.0,5.0,0.0,1
94.0,0.0,0.0,1.0,0.0,1.0,0.0,15.0,3.0,0.6312720555983923,3.0436334167364647,0.0,1.0,45.0,28.0,0.0,1.0,0.0,1.0,0.0,0.0,0.0,0.0,334.0,1.0,0.0,2.0,0.0,1.0,0.0,0.0,4.0,1.0,1.0,1.0,1.0,25.0,0.2045449146278223,1.0,5.0,2.0,43.0,12.0,1.0,1280.0,800.0,2.0,0.0,1
70.0,0.0,0.0,0.0,1.0,1.0,0.0,18.0,0.0,0.0,3.273825024698133,1.0,0.0,5.0,8.0,0.0,1.0,0.0,1.0,0.0,0.0,0.0,0.0,313.0,1.0,0.0,10.0,0.0,0.0,0.0,0.0,4.0,2.0,0.0,1.0,0.0,23.0,0.16356197119939592,5.0,5.0,10.0,51.0,9.0,1.0,1280.0,800.0,2.0,0.0,1
49.0,1.0,1.0,0.0,2.0,2.0,0.0,21.0,10.0,0.47619047619047616,3.7864324546053285,0.0,1.0,21.0,28.0,0.0,1.0,0.0,1.0,1.0,0.0,0.0,1.0,24.0,2.0,1.0,11.0,1.0,1.0,0.0,0.0,3.0,4.0,1.0,0.0,1.0,37.0,0.623214569065052,5.0,3.0,11.0,107.0,10.0,1.0,1280.0,800.0,2.0,0.0,1
60.0,1.0,2.0,0.0,4.0,3.0,1.0,22.0,5.0,0.22727272727272727,3.0242211881899617,0.0,0.0,50.0,9.0,0.0,0.0,0.0,0.0,1.0,0.0,0.0,1.0,138.0,1.0,0.0,1.0,0.0,1.0,1.0,1.0,1.0,2.0,0.0,1.0,1.0,32.0,0.9566210561601222,1.0,1.0,1.0,87.0,0.0,1.0,1280.0,800.0,4.0,0.0,1
77.0,1.0,0.0,1.0,0.0,1.0,0.0,15.0,3.0,0.7154797025051056,2.8551174341606504,0.0,0.0,56.0,43.0,0.0,0.0,0.0,0.0,1.0,0.0,0.0,1.0,54.0,1.0,1.0,9.0,1.0,0.0,0.0,0.0,4.0,1.0,0.0,0.0,1.0,21.0,0.9602423877296025,6.0,2.0,9.0,102.0,3.0,1.0,1280.0,800.0,3.0,1.0,1
90.0,1.0,1.0,0.0,2.0,2.0,1.0,11.0,8.0,0.7272727272727273,3.531069941237866,0.0,1.0,6.0,10.0,0.0,1.0,0.0,1.0,1.0,0.0,0.0,1.0,286.0,1.0,1.0,6.0,0.0,1.0,0.0,0.0,2.0,2.0,1.0,1.0,1.0,22.0,0.9215407825401664,4.0,3.0,6.0,41.0,2.0,0.0,1280.0,800.0,0.0,0.0,1
55.0,1.0,2.0,0.0,2.0,3.0,1.0,21.0,2.0,0.09523809523809523,3.1445928391855933,0.0,0.0,19.0,20.0,0.0,0.0,0.0,0.0,1.0,0.0,0.0,1.0,35.0,1.0,0.0,9.0,1.0,1.0,0.0,0.0,13.0,3.0,1.0,0.0,1.0,44.0,0.8962610635674044,2.0,3.0,9.0,7.0,7.0,1.0,1280.0,800.0,1.0,1.0,1
65.0,0.0,0.0,1.0,0.0,1.0,0.0,15.0,3.0,0.6846965066504489,3.0728823902283398,0.0,2.0,52.0,12.0,1.0,1.0,0.0,1.0,0.0,0.0,0.0,0.0,166.0,2.0,0.0,6.0,0.0,0.0,1.0,0.0,2.0,3.0,0.0,1.0,1.0,25.0,0.16347487588706436,4.0,1.0,6.0,18.0,5.0,1.0,1280.0,800.0,8.0,0.0,1
85.0,1.0,2.0,0.0,3.0,3.0,1.0,19.0,11.0,0.6921149277511844,3.9799376336169288,0.0,1.0,54.0,37.0,0.0,0.0,0.0,0.0,1.0,0.0,0.0,1.0,180.0,2.0,0.0,3.0,0.0,1.0,1.0,0.0,3.0,3.0,0.0,0.0,1.0,29.0,0.8165002866942618,3.0,4.0,3.0,7.0,9.0,1.0,1280.0,800.0,7.0,0.0,1
51.0,0.0,2.0,0.0,0.0,3.0,0.0,13.0,12.0,0.9230769230769231,3.507830022730431,0.0,0.0,41.0,14.0,0.0,1.0,0.0,1.0,0.0,0.0,0.0,0.0,51.0,1.0,0.0,3.0,1.0,1.0,0.0,0.0,4.0,3.0,0.0,0.0,1.0,44.0,0.12124044680801602,1.0,3.0,3.0,44.0,6.0,1.0,1280.0,800.0,12.0,0.0,1
62.0,1.0,2.0,0.0,2.0,3.0,0.0,19.0,0.0,0.0,3.8922849988349446,0.0,1.0,47.0,29.0,1.0,1.0,0.0,1.0,1.0,0.0,0.0,1.0,231.0,1.0,0.0,3.0,1.0,1.0,1.0,1.0,2.0,4.0,1.0,1.0,1.0,10.0,0.8554999502458656,5.0,4.0,3.0,57.0,2.0,1.0,1280.0,800.0,7.0,0.0,1
55.0,1.0,1.0,0.0,1.0,2.0,0.0,20.0,0.0,0.0,3.1495011069538643,0.0,0.0,51.0,43.0,0.0,1.0,0.0,1.0,1.0,0.0,0.0,1.0,246.0,1.0,0.0,2.0,1.0,1.0,0.0,0.0,2.0,1.0,1.0,0.0,1.0,11.0,0.7721257605902008,6.0,5.0,2.0,73.0,12.0,1.0,1280.0,800.0,1.0,0.0,1
67.0,1.0,3.0,0.0,1.0,4.0,1.0,13.0,0.0,0.0,3.174275523631744,0.0,0.0,17.0,30.0,0.0,1.0,0.0,1.0,1.0,0.0,0.0,1.0,63.0,1.0,6.0,8.0,1.0,1.0,0.0,0.0,3.0,3.0,0.0,1.0,1.0,36.0,0.9426081294980551,5.0,2.0,8.0,1.0,4.0,1.0,1280.0,800.0,12.0,0.0,1
63.0,0.0,0.0,0.0,1.0,1.0,0.0,23.0,0.0,0.0,3.4354211534242314,0.0,0.0,16.0,13.0,1.0,1.0,0.0,1.0,0.0,0.0,0.0,0.0,332.0,1.0,0.0,10.0,0.0,0.0,2.0,2.0,3.0,4.0,0.0,0.0,1.0,36.0,0.20973884633470521,2.0,4.0,10.0,53.0,9.0,1.0,1280.0,800.0,10.0,0.0,1
37.0,1.0,1.0,0.0,0.0,2.0,0.0,24.0,5.0,0.20833333333333334,2.9051226253121962,0.0,0.0,30.0,4.0,0.0,1.0,0.0,1.0,1.0,0.0,0.0,1.0,310.0,1.0,0.0,3.0,1.0,1.0,0.0,0.0,0.0,1.0,1.0,0.0,1.0,22.0,0.9481843703883439,4.0,1.0,3.0,16.0,6.0,1.0,1280.0,800.0,10.0,0.0,1
72.0,0.0,2.0,0.0,1.0,3.0,1.0,21.0,5.0,0.23809523809523808,3.4615808189321653,0.0,2.0,22.0,8.0,1.0,1.0,0.0,1.0,0.0,0.0,0.0,0.0,333.0,2.0,0.0,2.0,1.0,1.0,1.0,0.0,3.0,3.0,0.0,0.0,1.0,35.0,0.03975498249828101,6.0,5.0,2.0,67.0,9.0,1.0,1280.0,800.0,3.0,0.0,1
47.0,1.0,2.0,0.0,1.0,3.0,0.0,27.0,7.0,0.42658178725857576,4.136159892305419,0.0,0.0,38.0,9.0,0.0,0.0,0.0,0.0,1.0,0.0,0.0,1.0,159.0,1.0,0.0,3.0,0.0,1.0,1.0,1.0,1.0,2.0,0.0,0.0,1.0,25.0,0.7987111289908347,5.0,5.0,3.0,118.0,0.0,1.0,1280.0,800.0,10.0,1.0,1
58.0,1.0,0.0,1.0,0.0,1.0,0.0,15.0,3.0,0.7855125969090286,3.074487866917533,0.0,0.0,42.0,4.0,0.0,1.0,0.0,1.0,1.0,0.0,0.0,1.0,75.0,1.0,0.0,6.0,1.0,0.0,0.0,0.0,3.0,3.0,1.0,1.0,1.0,15.0,0.9425646397605221,6.0,1.0,6.0,33.0,6.0,1.0,1280.0,800.0,0.0,0.0,1
58.0,0.0,1.0,0.0,1.0,2.0,0.0,16.0,8.0,0.7377454197444219,3.3678716650913305,0.0,2.0,48.0,27.0,0.0,1.0,0.0,1.0,0.0,0.0,0.0,0.0,58.0,1.0,1.0,1.0,0.0,1.0,0.0,0.0,4.0,3.0,0.0,1.0,1.0,44.0,0.08344130829611947,3.0,2.0,1.0,23.0,9.0,1.0,1280.0,800.0,12.0,0.0,1
65.0,0.0,0.0,1.0,0.0,1.0,0.0,15.0,3.0,0.709540161651865,2.792609505841366,0.0,1.0,35.0,20.0,0.0,0.0,0.0,0.0,0.0,0.0,0.0,0.0,189.0,1.0,1.0,5.0,1.0,1.0,0.0,1.0,4.0,2.0,0.0,0.0,1.0,20.0,0.07443001997217481,1.0,2.0,5.0,9.0,3.0,1.0,1280.0,800.0,6.0,0.0,1
49.0,1.0,0.0,0.0,1.0,1.0,0.0,19.0,0.0,0.0,3.785481989523276,1.0,0.0,6.0,18.0,0.0,1.0,0.0,1.0,0.0,0.0,0.0,0.0,209.0,1.0,1.0,6.0,1.0,1.0,0.0,0.0,4.0,3.0,1.0,0.0,1.0,39.0,0.9895518043024855,2.0,2.0,6.0,1.0,4.0,1.0,1280.0,800.0,13.0,0.0,1
65.0,0.0,0.0,0.0,1.0,1.0,1.0,20.0,0.0,0.0,3.8991216446243557,0.0,0.0,59.0,34.0,0.0,1.0,0.0,1.0,0.0,0.0,0.0,0.0,120.0,1.0,0.0,10.0,1.0,0.0,2.0,1.0,3.0,3.0,0.0,0.0,1.0,44.0,0.07108859208402346,2.0,1.0,10.0,1.0,4.0,1.0,1280.0,800.0,7.0,0.0,1
48.0,1.0,2.0,0.0,4.0,3.0,1.0,18.0,2.0,0.1111111111111111,3.6465846638246497,0.0,2.0,14.0,7.0,0.0,0.0,0.0,0.0,0.0,0.0,1.0,0.0,256.0,1.0,0.0,7.0,1.0,1.0,1.0,0.0,3.0,2.0,0.0,0.0,1.0,14.0,0.7674937626970517,4.0,4.0,7.0,41.0,2.0,1.0,1280.0,800.0,5.0,0.0,1
82.0,1.0,3.0,0.0,1.0,4.0,0.0,20.0,2.0,0.1,2.956045147276617,0.0,0.0,52.0,6.0,0.0,0.0,0.0,0.0,1.0,0.0,0.0,1.0,314.0,1.0,6.0,9.0,1.0,0.0,1.0,1.0,1.0,2.0,0.0,1.0,1.0,19.0,0.7413462050936871,1.0,5.0,9.0,85.0,12.0,1.0,1280.0,800.0,6.0,0.0,1
69.0,1.0,1.0,0.0,2.0,2.0,0.0,20.0,8.0,0.4,3.3893926999232082,0.0,0.0,15.0,3.0,0.0,0.0,0.0,0.0,0.0,1.0,1.0,0.0,231.0,1.0,6.0,1.0,1.0,1.0,0.0,0.0,3.0,4.0,1.0,1.0,1.0,23.0,0.8546618540936957,3.0,3.0,1.0,109.0,13.0,1.0,1280.0,800.0,6.0,1.0,1
77.0,1.0,0.0,0.0,2.0,1.0,0.0,16.0,0.0,0.0,3.2513559538280434,1.0,2.0,34.0,19.0,0.0,1.0,0.0,1.0,1.0,0.0,0.0,1.0,205.0,1.0,1.0,7.0,0.0,1.0,0.0,0.0,3.0,2.0,0.0,0.0,1.0,25.0,0.6047804795573992,4.0,3.0,7.0,90.0,5.0,1.0,1280.0,800.0,14.0,0.0,1
63.0,1.0,1.0,0.0,4.0,2.0,1.0,12.0,2.0,0.16666666666666666,3.77135829015898,0.0,2.0,14.0,5.0,0.0,0.0,0.0,0.0,1.0,0.0,0.0,1.0,95.0,1.0,0.0,8.0,1.0,1.0,0.0,0.0,4.0,3.0,1.0,1.0,1.0,35.0,0.6727510637425586,5.0,3.0,8.0,119.0,2.0,1.0,1280.0,800.0,14.0,0.0,1
60.0,1.0,1.0,0.0,1.0,2.0,0.0,16.0,0.0,0.0,3.3693242407651676,1.0,0.0,52.0,0.0,0.0,1.0,0.0,1.0,1.0,0.0,0.0,1.0,318.0,1.0,6.0,1.0,1.0,1.0,0.0,0.0,1.0,2.0,0.0,1.0,1.0,9.0,0.7879381499133089,5.0,4.0,1.0,104.0,2.0,1.0,1280.0,800.0,13.0,0.0,1
84.0,0.0,3.0,0.0,1.0,4.0,1.0,22.0,2.0,0.09090909090909091,3.785547215725816,0.0,2.0,18.0,9.0,0.0,1.0,0.0,1.0,0.0,0.0,0.0,0.0,296.0,1.0,0.0,9.0,1.0,1.0,0.0,0.0,3.0,1.0,1.0,0.0,1.0,28.0,0.04462061718767608,4.0,4.0,9.0,55.0,10.0,1.0,1280.0,800.0,13.0,0.0,1
51.0,1.0,0.0,0.0,1.0,1.0,1.0,19.0,5.0,0.2631578947368421,3.4113298211387093,0.0,1.0,58.0,27.0,0.0,1.0,0.0,1.0,0.0,1.0,1.0,0.0,347.0,1.0,1.0,6.0,1.0,1.0,0.0,0.0,4.0,3.0,1.0,1.0,1.0,30.0,0.9827305870630225,2.0,2.0,6.0,91.0,11.0,1.0,1280.0,800.0,11.0,1.0,1
57.0,1.0,2.0,0.0,4.0,3.0,1.0,22.0,2.0,0.09090909090909091,3.126752017116263,0.0,1.0,37.0,39.0,0.0,1.0,0.0,1.0,1.0,0.0,0.0,1.0,310.0,2.0,0.0,4.0,0.0,1.0,0.0,0.0,0.0,2.0,0.0,0.0,1.0,39.0,0.9671684197453352,6.0,3.0,4.0,7.0,8.0,1.0,1280.0,800.0,12.0,0.0,1
73.0,1.0,2.0,0.0,4.0,3.0,0.0,10.0,8.0,0.8,2.929851134445593,0.0,0.0,25.0,35.0,0.0,0.0,0.0,0.0,1.0,0.0,0.0,1.0,193.0,1.0,0.0,8.0,1.0,1.0,0.0,1.0,0.0,2.0,0.0,0.0,1.0,17.0,0.6957538156317866,6.0,1.0,8.0,78.0,0.0,1.0,1280.0,800.0,5.0,0.0,1
60.0,1.0,1.0,0.0,3.0,2.0,0.0,22.0,2.0,0.09090909090909091,2.9632840394852664,0.0,2.0,58.0,12.0,0.0,1.0,0.0,1.0,1.0,0.0,0.0,1.0,315.0,1.0,0.0,9.0,0.0,1.0,0.0,0.0,1.0,3.0,1.0,1.0,1.0,8.0,0.6841228119067196,2.0,1.0,9.0,60.0,9.0,1.0,1280.0,800.0,8.0,0.0,1
93.0,0.0,3.0,0.0,3.0,4.0,1.0,10.0,2.0,0.2,2.96880353486255,0.0,0.0,41.0,28.0,0.0,1.0,0.0,1.0,0.0,0.0,0.0,0.0,16.0,1.0,0.0,11.0,1.0,1.0,0.0,0.0,2.0,2.0,0.0,0.0,1.0,27.0,0.15709637407002042,5.0,1.0,11.0,65.0,9.0,1.0,1280.0,800.0,3.0,0.0,1
56.0,0.0,3.0,0.0,3.0,4.0,1.0,24.0,0.0,0.0,3.658630585160958,0.0,2.0,18.0,1.0,0.0,0.0,0.0,0.0,0.0,0.0,0.0,0.0,303.0,1.0,6.0,7.0,1.0,1.0,0.0,0.0,4.0,2.0,0.0,1.0,1.0,13.0,0.053377514308617625,7.0,5.0,7.0,57.0,14.0,1.0,1280.0,800.0,3.0,0.0,1
86.0,1.0,3.0,0.0,0.0,4.0,1.0,27.0,12.0,0.4444444444444444,3.0996374508977405,0.0,0.0,24.0,5.0,0.0,1.0,0.0,1.0,1.0,0.0,0.0,1.0,70.0,1.0,0.0,10.0,1.0,1.0,0.0,1.0,2.0,2.0,0.0,1.0,1.0,40.0,0.9437598515871387,6.0,3.0,10.0,35.0,5.0,1.0,1280.0,800.0,5.0,0.0,1
89.0,0.0,1.0,0.0,2.0,2.0,0.0,22.0,7.0,0.3506406095579596,4.038387531643933,0.0,0.0,47.0,15.0,0.0,0.0,0.0,0.0,0.0,0.0,0.0,0.0,289.0,1.0,1.0,11.0,1.0,1.0,0.0,0.0,0.0,2.0,0.0,1.0,1.0,11.0,0.013597972932444623,5.0,4.0,11.0,87.0,11.0,1.0,1280.0,800.0,2.0,0.0,1
87.0,1.0,1.0,0.0,3.0,2.0,1.0,25.0,0.0,0.0,3.379326175780541,0.0,0.0,53.0,7.0,1.0,1.0,0.0,1.0,1.0,0.0,0.0,1.0,87.0,1.0,0.0,10.0,1.0,1.0,2.0,2.0,0.0,2.0,0.0,0.0,1.0,43.0,0.6276447719176934,7.0,1.0,10.0,82.0,13.0,1.0,1280.0,800.0,2.0,0.0,1
51.0,0.0,2.0,0.0,3.0,3.0,0.0,25.0,8.0,0.32,3.383101015185816,0.0,0.0,6.0,39.0,0.0,1.0,0.0,1.0,0.0,0.0,0.0,0.0,309.0,1.0,0.0,7.0,0.0,0.0,1.0,1.0,2.0,5.0,0.0,0.0,1.0,12.0,0.11749161746294695,2.0,5.0,7.0,93.0,4.0,1.0,1280.0,800.0,13.0,0.0,1
71.0,0.0,0.0,0.0,4.0,1.0,1.0,21.0,2.0,0.09523809523809523,3.3463603449427763,0.0,1.0,9.0,18.0,0.0,1.0,0.0,1.0,0.0,0.0,0.0,0.0,32.0,1.0,1.0,4.0,1.0,1.0,1.0,0.0,6.0,1.0,0.0,0.0,1.0,13.0,0.2326919474557049,5.0,3.0,4.0,109.0,10.0,1.0,1280.0,800.0,4.0,0.0,1
91.0,1.0,1.0,0.0,4.0,2.0,1.0,11.0,2.0,0.18181818181818182,2.8558323972087796,0.0,1.0,8.0,17.0,0.0,1.0,0.0,1.0,1.0,0.0,0.0,1.0,270.0,1.0,1.0,4.0,1.0,1.0,0.0,0.0,0.0,1.0,0.0,1.0,1.0,16.0,0.8853598110966303,4.0,1.0,4.0,97.0,3.0,1.0,1280.0,800.0,14.0,0.0,1
58.0,1.0,1.0,0.0,2.0,2.0,0.0,14.0,0.0,0.0,3.3387997971163013,1.0,0.0,32.0,33.0,1.0,1.0,0.0,1.0,1.0,0.0,0.0,1.0,123.0,1.0,1.0,6.0,1.0,0.0,0.0,0.0,4.0,3.0,1.0,1.0,1.0,12.0,0.9703294958650255,3.0,5.0,6.0,46.0,5.0,1.0,1280.0,800.0,1.0,1.0,1
49.0,0.0,1.0,0.0,3.0,2.0,1.0,10.0,5.0,0.5,3.0278442649486514,0.0,1.0,8.0,4.0,1.0,1.0,0.0,1.0,0.0,0.0,0.0,0.0,322.0,1.0,0.0,7.0,0.0,1.0,0.0,0.0,2.0,3.0,1.0,1.0,1.0,6.0,0.24995483104032962,2.0,2.0,7.0,39.0,14.0,0.0,1280.0,800.0,12.0,0.0,1
54.0,0.0,1.0,0.0,4.0,2.0,0.0,15.0,2.0,0.13333333333333333,3.4648677188097414,0.0,2.0,9.0,20.0,0.0,1.0,0.0,1.0,0.0,0.0,0.0,0.0,234.0,1.0,0.0,3.0,0.0,0.0,2.0,2.0,0.0,3.0,0.0,0.0,1.0,16.0,0.18723265478489848,1.0,4.0,3.0,70.0,3.0,1.0,1280.0,800.0,7.0,0.0,1
46.0,1.0,1.0,0.0,1.0,2.0,0.0,18.0,8.0,0.4444444444444444,3.244928596057001,0.0,1.0,30.0,30.0,0.0,0.0,0.0,0.0,1.0,0.0,0.0,1.0,22.0,1.0,0.0,9.0,1.0,1.0,1.0,0.0,0.0,2.0,1.0,0.0,1.0,9.0,0.6493039183023531,6.0,4.0,9.0,52.0,10.0,1.0,1280.0,800.0,1.0,0.0,1
50.0,1.0,0.0,0.0,2.0,1.0,1.0,21.0,0.0,0.0,2.917836215926038,0.0,0.0,26.0,25.0,0.0,1.0,0.0,1.0,1.0,0.0,0.0,1.0,35.0,1.0,0.0,8.0,1.0,1.0,0.0,0.0,3.0,3.0,0.0,0.0,1.0,18.0,0.6136345045879765,4.0,3.0,8.0,113.0,8.0,1.0,1280.0,800.0,5.0,0.0,1
73.0,1.0,2.0,0.0,1.0,3.0,1.0,20.0,2.0,0.1,3.254918478059982,0.0,1.0,48.0,28.0,0.0,1.0,0.0,1.0,0.0,1.0,1.0,0.0,46.0,1.0,6.0,6.0,0.0,1.0,0.0,0.0,1.0,2.0,1.0,1.0,1.0,27.0,0.7212602112217311,3.0,5.0,6.0,12.0,6.0,1.0,1280.0,800.0,7.0,0.0,1
38.0,1.0,0.0,0.0,1.0,1.0,1.0,14.0,2.0,0.14285714285714285,2.875101879492419,0.0,1.0,5.0,28.0,0.0,1.0,0.0,1.0,0.0,0.0,0.0,0.0,55.0,1.0,0.0,1.0,1.0,0.0,1.0,1.0,2.0,1.0,0.0,0.0,1.0,18.0,0.9414361858229487,2.0,3.0,1.0,24.0,2.0,1.0,1280.0,800.0,5.0,0.0,1
87.0,1.0,1.0,0.0,4.0,2.0,1.0,19.0,5.0,0.2631578947368421,3.3428325399088337,0.0,0.0,32.0,38.0,0.0,1.0,0.0,1.0,1.0,0.0,0.0,1.0,117.0,2.0,1.0,3.0,1.0,1.0,0.0,0.0,3.0,1.0,0.0,0.0,1.0,30.0,0.7409852296110646,4.0,5.0,3.0,42.0,9.0,1.0,1280.0,800.0,11.0,0.0,1
41.0,1.0,2.0,0.0,1.0,3.0,1.0,24.0,5.0,0.20833333333333334,3.8625073930309832,0.0,0.0,22.0,7.0,0.0,1.0,0.0,1.0,1.0,0.0,0.0,1.0,290.0,1.0,1.0,9.0,1.0,1.0,0.0,0.0,3.0,3.0,0.0,1.0,1.0,12.0,0.7041238399513724,5.0,4.0,9.0,92.0,5.0,1.0,1280.0,800.0,11.0,0.0,1
43.0,0.0,1.0,0.0,4.0,2.0,0.0,16.0,5.0,0.3125,3.205922612034196,0.0,2.0,48.0,25.0,0.0,0.0,0.0,0.0,0.0,0.0,0.0,0.0,280.0,1.0,0.0,3.0,1.0,1.0,0.0,0.0,2.0,3.0,0.0,1.0,1.0,11.0,0.2142489851327337,5.0,5.0,3.0,37.0,9.0,1.0,1280.0,800.0,11.0,0.0,1
94.0,1.0,2.0,0.0,2.0,3.0,0.0,10.0,8.0,0.8,3.6297665318642713,0.0,0.0,12.0,14.0,0.0,0.0,0.0,0.0,1.0,0.0,0.0,1.0,15.0,1.0,0.0,8.0,1.0,1.0,0.0,0.0,4.0,2.0,0.0,1.0,1.0,16.0,0.6817905665755777,3.0,5.0,8.0,64.0,0.0,1.0,1280.0,800.0,10.0,0.0,1
89.0,0.0,2.0,0.0,2.0,3.0,0.0,12.0,12.0,1.0,3.748236161106902,0.0,2.0,52.0,21.0,0.0,1.0,0.0,1.0,0.0,0.0,0.0,0.0,45.0,1.0,1.0,3.0,1.0,1.0,0.0,0.0,4.0,1.0,1.0,1.0,1.0,6.0,0.13530781430146469,3.0,3.0,3.0,118.0,5.0,1.0,1280.0,800.0,6.0,0.0,1
57.0,1.0,2.0,0.0,1.0,3.0,0.0,15.0,0.0,0.0,3.2184225872717853,0.0,2.0,8.0,41.0,0.0,1.0,0.0,1.0,1.0,0.0,0.0,1.0,156.0,1.0,1.0,8.0,1.0,1.0,1.0,1.0,1.0,5.0,0.0,0.0,1.0,11.0,0.6563097644907686,4.0,2.0,8.0,38.0,13.0,1.0,1280.0,800.0,11.0,0.0,1
57.0,1.0,1.0,0.0,3.0,2.0,0.0,17.0,2.0,0.11764705882352941,3.6862075999135535,0.0,0.0,12.0,34.0,0.0,0.0,0.0,0.0,0.0,0.0,0.0,0.0,66.0,1.0,0.0,4.0,1.0,1.0,0.0,0.0,2.0,1.0,1.0,0.0,1.0,27.0,0.6821009978666166,7.0,3.0,4.0,85.0,5.0,1.0,1280.0,800.0,10.0,0.0,1
45.0,1.0,1.0,0.0,4.0,2.0,1.0,18.0,0.0,0.0,3.4254678317452103,0.0,3.0,35.0,6.0,0.0,1.0,0.0,1.0,1.0,0.0,0.0,1.0,142.0,1.0,6.0,2.0,0.0,1.0,0.0,1.0,9.0,3.0,1.0,1.0,1.0,27.0,0.9992381443282542,7.0,5.0,2.0,5.0,12.0,1.0,1280.0,800.0,0.0,0.0,1
63.0,1.0,0.0,0.0,1.0,1.0,1.0,20.0,8.0,0.4,3.7556976341760926,0.0,2.0,34.0,0.0,0.0,1.0,0.0,1.0,0.0,1.0,0.0,0.0,204.0,1.0,0.0,8.0,1.0,1.0,0.0,0.0,0.0,2.0,0.0,0.0,1.0,24.0,0.9855053963033265,2.0,2.0,8.0,110.0,1.0,1.0,1280.0,800.0,2.0,0.0,1
35.0,0.0,3.0,0.0,2.0,4.0,0.0,24.0,8.0,0.3333333333333333,2.90750755772255,0.0,1.0,50.0,11.0,0.0,1.0,0.0,1.0,0.0,0.0,0.0,0.0,283.0,1.0,0.0,4.0,1.0,1.0,0.0,0.0,0.0,4.0,0.0,0.0,1.0,18.0,0.2815620917672085,2.0,5.0,4.0,112.0,9.0,1.0,1280.0,800.0,5.0,0.0,1
94.0,1.0,2.0,0.0,1.0,3.0,1.0,17.0,2.0,0.11764705882352941,3.1498690010985317,0.0,1.0,55.0,22.0,0.0,0.0,0.0,0.0,1.0,0.0,0.0,1.0,171.0,2.0,1.0,3.0,0.0,0.0,0.0,1.0,12.0,3.0,1.0,0.0,1.0,22.0,0.9602679139681858,3.0,4.0,3.0,44.0,4.0,1.0,1280.0,800.0,4.0,0.0,1
57.0,1.0,0.0,0.0,1.0,1.0,0.0,20.0,0.0,0.0,3.386763110621819,0.0,3.0,28.0,39.0,0.0,1.0,0.0,1.0,1.0,0.0,0.0,1.0,91.0,2.0,0.0,1.0,1.0,1.0,0.0,0.0,0.0,4.0,1.0,0.0,1.0,43.0,0.8174291986684113,4.0,4.0,1.0,94.0,14.0,1.0,1280.0,800.0,4.0,0.0,1
76.0,1.0,0.0,0.0,3.0,1.0,1.0,24.0,7.0,0.37648455125275676,3.44889239882104,0.0,0.0,36.0,31.0,0.0,0.0,0.0,0.0,1.0,0.0,0.0,1.0,83.0,1.0,0.0,7.0,0.0,1.0,1.0,0.0,3.0,2.0,1.0,0.0,1.0,27.0,0.7005733980222598,7.0,5.0,7.0,119.0,5.0,0.0,1280.0,800.0,1.0,0.0,1
40.0,0.0,2.0,0.0,2.0,3.0,1.0,13.0,2.0,0.15384615384615385,3.715812805262933,0.0,1.0,44.0,16.0,0.0,1.0,0.0,1.0,0.0,0.0,0.0,0.0,240.0,1.0,0.0,1.0,1.0,1.0,1.0,0.0,0.0,3.0,1.0,1.0,1.0,11.0,0.2211116236731906,2.0,1.0,1.0,26.0,3.0,1.0,1280.0,800.0,0.0,1.0,1
79.0,1.0,3.0,0.0,1.0,4.0,0.0,20.0,8.0,0.4,2.9092566261040442,0.0,1.0,7.0,1.0,1.0,0.0,0.0,0.0,0.0,0.0,0.0,0.0,313.0,2.0,1.0,11.0,1.0,1.0,0.0,0.0,4.0,2.0,1.0,1.0,1.0,40.0,0.6440207371829542,6.0,3.0,11.0,38.0,9.0,1.0,1280.0,800.0,11.0,1.0,1
74.0,1.0,2.0,0.0,4.0,3.0,0.0,12.0,2.0,0.16666666666666666,3.5920722609223907,0.0,0.0,59.0,5.0,0.0,1.0,0.0,1.0,1.0,0.0,0.0,1.0,33.0,1.0,0.0,2.0,1.0,0.0,1.0,2.0,0.0,2.0,1.0,1.0,1.0,28.0,0.6205728306712767,7.0,4.0,2.0,115.0,10.0,0.0,1280.0,800.0,5.0,0.0,1
88.0,1.0,0.0,0.0,4.0,1.0,0.0,25.0,5.0,0.2,3.264058507202587,0.0,2.0,57.0,27.0,0.0,0.0,0.0,0.0,1.0,0.0,0.0,1.0,98.0,1.0,0.0,4.0,0.0,1.0,0.0,0.0,0.0,2.0,1.0,1.0,1.0,15.0,0.7692754396648619,5.0,3.0,4.0,87.0,9.0,1.0,1280.0,800.0,0.0,0.0,1
87.0,0.0,1.0,0.0,3.0,2.0,1.0,16.0,2.0,0.125,3.479398144659815,0.0,0.0,32.0,14.0,0.0,1.0,0.0,1.0,0.0,0.0,0.0,0.0,211.0,1.0,0.0,11.0,0.0,1.0,0.0,0.0,2.0,1.0,0.0,0.0,1.0,30.0,0.03652868325486628,6.0,3.0,11.0,76.0,4.0,1.0,1280.0,800.0,10.0,0.0,1
41.0,1.0,1.0,0.0,1.0,2.0,0.0,12.0,0.0,0.0,3.5925880094817613,1.0,0.0,17.0,37.0,0.0,1.0,0.0,1.0,1.0,0.0,0.0,1.0,286.0,1.0,0.0,9.0,1.0,1.0,0.0,0.0,3.0,3.0,1.0,0.0,1.0,36.0,0.9269905505294338,2.0,4.0,9.0,31.0,4.0,1.0,1280.0,800.0,1.0,1.0,1
53.0,1.0,1.0,0.0,1.0,2.0,1.0,22.0,2.0,0.09090909090909091,3.585802533585856,0.0,1.0,28.0,22.0,1.0,1.0,0.0,1.0,0.0,1.0,0.0,0.0,103.0,1.0,6.0,10.0,0.0,0.0,1.0,2.0,0.0,4.0,0.0,0.0,1.0,30.0,0.676205984164098,6.0,1.0,10.0,39.0,2.0,1.0,1280.0,800.0,7.0,0.0,1
90.0,0.0,0.0,0.0,4.0,1.0,0.0,25.0,0.0,0.0,3.7082188651453167,0.0,0.0,26.0,5.0,0.0,0.0,0.0,0.0,0.0,0.0,0.0,0.0,234.0,1.0,1.0,4.0,1.0,1.0,0.0,0.0,9.0,1.0,1.0,0.0,1.0,6.0,0.2813431414072117,5.0,1.0,4.0,99.0,9.0,1.0,1280.0,800.0,9.0,0.0,1
61.0,1.0,1.0,0.0,3.0,2.0,1.0,22.0,8.0,0.36363636363636365,3.1716320353219665,0.0,0.0,34.0,13.0,0.0,1.0,0.0,1.0,1.0,0.0,0.0,1.0,70.0,1.0,1.0,7.0,1.0,1.0,1.0,0.0,2.0,2.0,0.0,1.0,1.0,41.0,0.8892234402157159,5.0,1.0,7.0,49.0,13.0,0.0,1280.0,800.0,4.0,0.0,1
36.0,1.0,3.0,0.0,0.0,4.0,1.0,14.0,10.0,0.7142857142857143,3.2934156914441006,0.0,2.0,39.0,40.0,0.0,1.0,0.0,1.0,1.0,0.0,0.0,1.0,37.0,2.0,0.0,6.0,1.0,1.0,1.0,0.0,4.0,2.0,0.0,0.0,1.0,17.0,0.9139251291305621,5.0,5.0,6.0,81.0,5.0,1.0,1280.0,800.0,0.0,0.0,1
35.0,1.0,0.0,0.0,1.0,1.0,0.0,14.0,0.0,0.0,3.135976771494326,1.0,0.0,24.0,1.0,0.0,1.0,0.0,1.0,0.0,0.0,1.0,0.0,80.0,1.0,0.0,9.0,1.0,0.0,0.0,0.0,0.0,3.0,0.0,0.0,1.0,17.0,0.703146782171843,6.0,4.0,9.0,111.0,14.0,1.0,1280.0,800.0,13.0,0.0,1
70.0,1.0,1.0,0.0,4.0,2.0,0.0,25.0,0.0,0.0,2.896402579972196,0.0,0.0,19.0,5.0,0.0,0.0,0.0,0.0,1.0,0.0,0.0,1.0,166.0,1.0,6.0,4.0,0.0,1.0,1.0,1.0,4.0,3.0,0.0,0.0,1.0,22.0,0.7919594276597952,1.0,1.0,4.0,6.0,14.0,1.0,1280.0,800.0,0.0,0.0,1
58.0,0.0,0.0,0.0,2.0,1.0,0.0,13.0,0.0,0.0,3.8960838219135674,1.0,0.0,31.0,35.0,0.0,1.0,0.0,1.0,0.0,0.0,0.0,0.0,194.0,1.0,0.0,6.0,1.0,1.0,0.0,0.0,4.0,2.0,0.0,0.0,1.0,15.0,0.06819080952035886,2.0,2.0,6.0,47.0,9.0,1.0,1280.0,800.0,12.0,0.0,1
64.0,1.0,0.0,0.0,3.0,1.0,0.0,25.0,0.0,0.0,3.8621715496393474,0.0,1.0,56.0,21.0,0.0,0.0,0.0,0.0,1.0,0.0,0.0,1.0,300.0,1.0,1.0,4.0,1.0,0.0,1.0,0.0,1.0,3.0,1.0,1.0,1.0,8.0,0.964290926641987,7.0,5.0,4.0,113.0,12.0,1.0,1280.0,800.0,3.0,0.0,1
52.0,1.0,1.0,0.0,1.0,2.0,1.0,12.0,0.0,0.0,3.661553846065087,0.0,0.0,54.0,15.0,0.0,0.0,0.0,0.0,1.0,0.0,0.0,1.0,287.0,1.0,0.0,4.0,0.0,1.0,0.0,0.0,4.0,2.0,1.0,1.0,1.0,29.0,0.9663997902740196,6.0,1.0,4.0,62.0,7.0,1.0,1280.0,800.0,4.0,0.0,1
81.0,1.0,2.0,0.0,1.0,3.0,0.0,21.0,12.0,0.5714285714285714,3.770446303465132,0.0,0.0,45.0,11.0,0.0,1.0,0.0,1.0,1.0,0.0,0.0,1.0,131.0,1.0,0.0,4.0,1.0,1.0,0.0,1.0,1.0,4.0,0.0,1.0,1.0,35.0,0.6363042016520029,1.0,5.0,4.0,10.0,10.0,1.0,1280.0,800.0,13.0,0.0,1
91.0,1.0,1.0,0.0,3.0,2.0,0.0,16.0,5.0,0.3125,2.8856964330778805,0.0,0.0,50.0,29.0,0.0,0.0,0.0,0.0,1.0,0.0,0.0,1.0,103.0,1.0,0.0,3.0,1.0,1.0,0.0,0.0,0.0,2.0,0.0,0.0,1.0,43.0,0.8260972932073485,7.0,1.0,3.0,97.0,10.0,1.0,1280.0,800.0,4.0,0.0,1
86.0,1.0,0.0,1.0,0.0,1.0,0.0,15.0,3.0,0.7388978229520643,2.8244897105767253,0.0,2.0,29.0,10.0,1.0,0.0,0.0,0.0,1.0,0.0,0.0,1.0,312.0,2.0,0.0,3.0,1.0,0.0,0.0,0.0,2.0,3.0,1.0,1.0,1.0,8.0,0.8050870501017575,4.0,1.0,3.0,39.0,10.0,1.0,1280.0,800.0,5.0,0.0,1
37.0,0.0,1.0,0.0,3.0,2.0,0.0,10.0,0.0,0.0,2.9270839103981166,0.0,1.0,17.0,19.0,0.0,1.0,0.0,1.0,0.0,0.0,0.0,0.0,96.0,1.0,1.0,8.0,1.0,1.0,0.0,0.0,4.0,1.0,0.0,0.0,1.0,24.0,0.24999338728647724,4.0,3.0,8.0,88.0,8.0,1.0,1280.0,800.0,11.0,0.0,1
75.0,0.0,2.0,0.0,0.0,3.0,0.0,26.0,8.0,0.3076923076923077,3.1293812390854523,0.0,2.0,50.0,24.0,1.0,1.0,0.0,1.0,0.0,0.0,0.0,0.0,108.0,1.0,0.0,8.0,1.0,1.0,0.0,0.0,3.0,1.0,0.0,0.0,1.0,20.0,0.1570874558790601,3.0,3.0,8.0,113.0,7.0,1.0,1280.0,800.0,5.0,0.0,1
88.0,0.0,3.0,0.0,2.0,4.0,1.0,21.0,0.0,0.0,3.248649773183227,0.0,0.0,32.0,20.0,0.0,1.0,0.0,1.0,0.0,0.0,0.0,0.0,176.0,1.0,0.0,2.0,1.0,1.0,1.0,0.0,1.0,3.0,0.0,0.0,1.0,13.0,0.009360431043421024,3.0,1.0,2.0,17.0,7.0,1.0,1280.0,800.0,11.0,0.0,1
53.0,1.0,3.0,0.0,2.0,4.0,0.0,23.0,8.0,0.34782608695652173,2.9645826021348767,0.0,0.0,39.0,34.0,0.0,1.0,0.0,1.0,1.0,0.0,0.0,1.0,129.0,1.0,1.0,4.0,1.0,1.0,0.0,0.0,1.0,2.0,0.0,0.0,1.0,15.0,0.7018427640818289,2.0,3.0,4.0,83.0,0.0,1.0,1280.0,800.0,8.0,0.0,1
85.0,1.0,2.0,0.0,1.0,3.0,0.0,27.0,7.0,0.735520466100509,3.448714653960778,0.0,0.0,10.0,27.0,0.0,0.0,0.0,0.0,1.0,0.0,0.0,1.0,55.0,1.0,0.0,5.0,0.0,1.0,1.0,0.0,4.0,2.0,1.0,0.0,1.0,26.0,0.9645482709019376,3.0,1.0,5.0,84.0,14.0,1.0,1280.0,800.0,0.0,0.0,1
64.0,1.0,1.0,0.0,2.0,2.0,1.0,17.0,0.0,0.0,2.945167251582909,0.0,0.0,21.0,7.0,0.0,1.0,0.0,1.0,1.0,0.0,0.0,1.0,100.0,1.0,0.0,1.0,0.0,0.0,2.0,2.0,3.0,2.0,0.0,0.0,1.0,19.0,0.8446729729658189,2.0,5.0,1.0,93.0,5.0,0.0,1280.0,800.0,11.0,0.0,1
63.0,1.0,2.0,0.0,4.0,3.0,1.0,19.0,2.0,0.10526315789473684,2.8677913768994214,0.0,0.0,54.0,6.0,0.0,1.0,0.0,1.0,0.0,0.0,1.0,0.0,346.0,2.0,0.0,5.0,0.0,0.0,2.0,1.0,0.0,2.0,0.0,0.0,1.0,33.0,0.6356664634840773,4.0,1.0,5.0,93.0,2.0,1.0,1280.0,800.0,14.0,0.0,1
86.0,1.0,2.0,0.0,3.0,3.0,0.0,19.0,2.0,0.10526315789473684,2.8167512955186793,0.0,2.0,15.0,9.0,0.0,0.0,0.0,0.0,1.0,0.0,0.0,1.0,314.0,1.0,0.0,10.0,1.0,0.0,0.0,0.0,8.0,3.0,1.0,1.0,1.0,35.0,0.9796004123976797,1.0,2.0,10.0,60.0,11.0,1.0,1280.0,800.0,5.0,0.0,1
44.0,1.0,1.0,0.0,3.0,2.0,0.0,11.0,5.0,0.45454545454545453,3.048435373442095,0.0,0.0,49.0,6.0,0.0,0.0,0.0,0.0,1.0,0.0,0.0,1.0,268.0,1.0,0.0,9.0,1.0,1.0,0.0,0.0,4.0,2.0,1.0,1.0,1.0,42.0,0.7557653821182101,5.0,1.0,9.0,65.0,7.0,1.0,1280.0,800.0,10.0,1.0,1
82.0,1.0,0.0,1.0,0.0,1.0,0.0,15.0,3.0,0.6520880000860556,3.029996245208406,0.0,0.0,45.0,32.0,0.0,0.0,0.0,0.0,1.0,0.0,0.0,1.0,45.0,1.0,0.0,11.0,1.0,1.0,1.0,0.0,4.0,2.0,1.0,0.0,1.0,28.0,0.6712384977377709,1.0,2.0,11.0,113.0,1.0,1.0,1280.0,800.0,8.0,0.0,1
71.0,1.0,0.0,0.0,1.0,1.0,1.0,16.0,6.0,0.4139009935852389,3.317146803871972,0.0,1.0,59.0,5.0,0.0,1.0,0.0,1.0,1.0,0.0,0.0,1.0,279.0,1.0,0.0,9.0,0.0,1.0,0.0,0.0,1.0,3.0,1.0,0.0,1.0,13.0,0.7274019149549031,1.0,5.0,9.0,55.0,5.0,1.0,1280.0,800.0,0.0,0.0,1
62.0,0.0,1.0,0.0,1.0,2.0,0.0,15.0,8.0,0.5333333333333333,3.595002740509211,0.0,0.0,8.0,9.0,0.0,1.0,0.0,1.0,0.0,0.0,0.0,0.0,83.0,2.0,1.0,4.0,1.0,1.0,0.0,0.0,0.0,1.0,1.0,1.0,1.0,40.0,0.17368379266126682,1.0,2.0,4.0,24.0,10.0,1.0,1280.0,800.0,14.0,0.0,1
71.0,1.0,2.0,0.0,3.0,3.0,0.0,22.0,0.0,0.0,3.3344901874190467,0.0,1.0,43.0,20.0,0.0,1.0,0.0,1.0,1.0,0.0,0.0,1.0,284.0,1.0,0.0,9.0,0.0,0.0,0.0,0.0,6.0,1.0,0.0,1.0,0.0,32.0,0.9069344951881559,2.0,4.0,9.0,105.0,8.0,1.0,1280.0,800.0,5.0,0.0,1
39.0,1.0,2.0,0.0,1.0,3.0,0.0,24.0,2.0,0.08333333333333333,3.373902739790116,0.0,2.0,48.0,33.0,0.0,0.0,0.0,0.0,1.0,0.0,0.0,1.0,107.0,1.0,0.0,11.0,0.0,1.0,0.0,0.0,0.0,3.0,1.0,1.0,1.0,42.0,0.853545236648268,6.0,4.0,11.0,35.0,11.0,1.0,1280.0,800.0,0.0,0.0,1
53.0,1.0,0.0,0.0,1.0,1.0,0.0,16.0,9.0,0.5237124966608275,3.5086048931945624,0.0,0.0,50.0,41.0,0.0,0.0,0.0,0.0,1.0,0.0,0.0,1.0,227.0,1.0,1.0,2.0,0.0,1.0,0.0,1.0,3.0,1.0,0.0,0.0,1.0,26.0,0.9494107607486811,7.0,4.0,2.0,16.0,13.0,1.0,1280.0,800.0,9.0,0.0,1
87.0,1.0,1.0,0.0,2.0,2.0,0.0,13.0,0.0,0.0,3.59280207325959,1.0,0.0,54.0,36.0,0.0,1.0,0.0,1.0,1.0,0.0,0.0,1.0,281.0,1.0,0.0,1.0,1.0,1.0,0.0,0.0,3.0,2.0,1.0,0.0,1.0,26.0,0.8107887076404661,2.0,5.0,1.0,68.0,2.0,1.0,1280.0,800.0,3.0,1.0,1
73.0,1.0,1.0,0.0,1.0,2.0,0.0,14.0,0.0,0.0,3.342890803368273,1.0,0.0,42.0,4.0,0.0,1.0,0.0,1.0,0.0,1.0,1.0,0.0,320.0,1.0,1.0,9.0,1.0,1.0,0.0,0.0,3.0,2.0,1.0,0.0,1.0,33.0,0.6359909592127702,5.0,3.0,9.0,55.0,3.0,1.0,1280.0,800.0,2.0,0.0,1
37.0,1.0,0.0,0.0,1.0,1.0,0.0,16.0,0.0,0.0,3.396178684086259,1.0,3.0,14.0,11.0,0.0,1.0,0.0,1.0,1.0,0.0,0.0,1.0,84.0,1.0,0.0,8.0,1.0,1.0,0.0,0.0,2.0,2.0,0.0,1.0,1.0,11.0,0.7564743736191069,2.0,5.0,8.0,106.0,3.0,1.0,1280.0,800.0,4.0,0.0,1
71.0,1.0,2.0,0.0,2.0,3.0,0.0,23.0,5.0,0.21739130434782608,3.64400868546448,0.0,1.0,22.0,31.0,0.0,1.0,0.0,1.0,1.0,0.0,0.0,1.0,342.0,1.0,0.0,6.0,0.0,1.0,0.0,0.0,4.0,3.0,0.0,1.0,1.0,33.0,0.9368777855490784,5.0,1.0,6.0,85.0,14.0,1.0,1280.0,800.0,4.0,0.0,1
48.0,0.0,1.0,0.0,1.0,2.0,0.0,17.0,0.0,0.0,3.3199407285630813,1.0,3.0,19.0,16.0,0.0,1.0,0.0,1.0,0.0,0.0,0.0,0.0,305.0,2.0,0.0,1.0,0.0,0.0,0.0,0.0,2.0,2.0,0.0,0.0,0.0,24.0,0.04847856079947164,3.0,5.0,1.0,29.0,6.0,1.0,1280.0,800.0,8.0,0.0,1
49.0,1.0,0.0,0.0,4.0,1.0,1.0,24.0,8.0,0.3333333333333333,3.8351859472620453,0.0,0.0,26.0,1.0,0.0,0.0,0.0,0.0,0.0,0.0,1.0,0.0,152.0,1.0,1.0,9.0,1.0,1.0,0.0,0.0,3.0,2.0,1.0,0.0,1.0,40.0,0.9659684073850077,7.0,1.0,9.0,3.0,1.0,1.0,1280.0,800.0,12.0,0.0,1
72.0,1.0,1.0,0.0,3.0,2.0,0.0,22.0,0.0,0.0,3.480530084875207,0.0,0.0,20.0,42.0,0.0,1.0,0.0,1.0,1.0,0.0,0.0,1.0,68.0,1.0,0.0,4.0,1.0,1.0,0.0,0.0,1.0,3.0,0.0,0.0,1.0,40.0,0.826585543462609,7.0,4.0,4.0,91.0,5.0,1.0,1280.0,800.0,2.0,1.0,1
83.0,1.0,0.0,0.0,2.0,1.0,0.0,12.0,0.0,0.0,3.335182116368611,1.0,1.0,22.0,9.0,0.0,1.0,0.0,1.0,1.0,0.0,0.0,1.0,103.0,1.0,0.0,8.0,0.0,1.0,1.0,0.0,0.0,3.0,0.0,1.0,1.0,44.0,0.9520873242934061,7.0,4.0,8.0,48.0,4.0,0.0,1280.0,800.0,13.0,0.0,1
59.0,1.0,0.0,0.0,2.0,1.0,0.0,12.0,0.0,0.0,3.5878709546155636,1.0,0.0,22.0,3.0,1.0,1.0,0.0,1.0,1.0,0.0,0.0,1.0,230.0,1.0,1.0,2.0,0.0,0.0,0.0,0.0,0.0,1.0,1.0,1.0,0.0,34.0,0.6890679859044258,7.0,3.0,2.0,101.0,3.0,1.0,1280.0,800.0,13.0,0.0,1
79.0,1.0,2.0,0.0,1.0,3.0,1.0,18.0,8.0,0.4444444444444444,3.2679672784963043,0.0,0.0,15.0,14.0,0.0,0.0,0.0,0.0,0.0,1.0,1.0,0.0,204.0,1.0,0.0,3.0,1.0,0.0,0.0,1.0,4.0,2.0,1.0,0.0,1.0,23.0,0.8302241327815211,5.0,4.0,3.0,101.0,14.0,1.0,1280.0,800.0,12.0,1.0,1
67.0,1.0,1.0,0.0,4.0,2.0,1.0,11.0,2.0,0.18181818181818182,3.4596164408800667,0.0,0.0,13.0,5.0,0.0,0.0,0.0,0.0,1.0,0.0,0.0,1.0,216.0,1.0,0.0,4.0,1.0,0.0,0.0,0.0,12.0,3.0,0.0,0.0,1.0,30.0,0.9473470295872777,7.0,5.0,4.0,10.0,1.0,1.0,1280.0,800.0,3.0,0.0,1
52.0,1.0,2.0,0.0,4.0,3.0,0.0,18.0,5.0,0.2777777777777778,2.849064119994934,0.0,0.0,24.0,41.0,0.0,1.0,0.0,1.0,1.0,0.0,0.0,1.0,43.0,1.0,0.0,1.0,1.0,1.0,0.0,0.0,4.0,3.0,1.0,1.0,1.0,17.0,0.9282471898943969,2.0,2.0,1.0,25.0,1.0,1.0,1280.0,800.0,2.0,1.0,1
82.0,1.0,0.0,0.0,4.0,1.0,1.0,25.0,0.0,0.0,3.089641594171556,0.0,0.0,57.0,28.0,0.0,0.0,0.0,0.0,1.0,0.0,0.0,1.0,312.0,1.0,0.0,1.0,0.0,0.0,0.0,0.0,2.0,1.0,1.0,1.0,0.0,5.0,0.9502778355086792,7.0,2.0,1.0,68.0,4.0,1.0,1280.0,800.0,1.0,0.0,1
86.0,0.0,2.0,0.0,3.0,3.0,0.0,12.0,0.0,0.0,2.8033472171111775,0.0,1.0,12.0,33.0,0.0,0.0,0.0,0.0,0.0,0.0,0.0,0.0,338.0,1.0,0.0,3.0,1.0,1.0,0.0,0.0,2.0,1.0,0.0,0.0,1.0,11.0,0.06299324271270727,2.0,5.0,3.0,99.0,4.0,1.0,1280.0,800.0,14.0,0.0,1
82.0,0.0,0.0,0.0,2.0,1.0,0.0,21.0,0.0,0.0,3.4499563855184325,1.0,2.0,15.0,16.0,0.0,1.0,0.0,1.0,0.0,0.0,0.0,0.0,333.0,1.0,6.0,10.0,1.0,0.0,0.0,0.0,0.0,1.0,1.0,0.0,1.0,5.0,0.012320395011679574,1.0,5.0,10.0,43.0,12.0,1.0,1280.0,800.0,3.0,0.0,1
54.0,1.0,1.0,0.0,2.0,2.0,0.0,17.0,0.0,0.0,3.7749175181652133,1.0,2.0,32.0,44.0,0.0,1.0,0.0,1.0,1.0,0.0,0.0,1.0,311.0,1.0,1.0,4.0,1.0,0.0,0.0,0.0,2.0,2.0,1.0,0.0,1.0,23.0,0.9353403849522037,1.0,1.0,4.0,112.0,11.0,1.0,1280.0,800.0,12.0,0.0,1
63.0,0.0,2.0,0.0,3.0,3.0,1.0,19.0,0.0,0.0,3.3449525382298786,0.0,1.0,23.0,20.0,0.0,1.0,0.0,1.0,0.0,0.0,0.0,0.0,141.0,1.0,0.0,1.0,0.0,1.0,2.0,2.0,4.0,3.0,1.0,0.0,1.0,5.0,0.16700263679787597,6.0,3.0,1.0,87.0,0.0,1.0,1280.0,800.0,14.0,0.0,1
87.0,1.0,2.0,0.0,1.0,3.0,0.0,20.0,14.0,0.38020606962597303,3.233240695148314,0.0,0.0,32.0,39.0,1.0,1.0,0.0,1.0,1.0,0.0,0.0,1.0,61.0,1.0,0.0,8.0,1.0,0.0,1.0,0.0,4.0,1.0,0.0,0.0,1.0,12.0,0.9198297572131684,4.0,1.0,8.0,103.0,10.0,1.0,1280.0,800.0,7.0,0.0,1
52.0,1.0,2.0,0.0,2.0,3.0,1.0,10.0,2.0,0.2,3.551553900914922,0.0,0.0,47.0,20.0,0.0,0.0,0.0,0.0,1.0,0.0,0.0,1.0,69.0,1.0,6.0,7.0,1.0,1.0,0.0,0.0,0.0,2.0,0.0,0.0,1.0,34.0,0.8787375881128792,4.0,1.0,7.0,58.0,5.0,1.0,1280.0,800.0,7.0,0.0,1
54.0,1.0,0.0,1.0,0.0,1.0,0.0,15.0,3.0,0.7116279192969259,2.636659123926374,0.0,3.0,7.0,20.0,0.0,0.0,0.0,0.0,1.0,0.0,0.0,1.0,57.0,1.0,0.0,5.0,1.0,1.0,0.0,0.0,2.0,1.0,0.0,1.0,1.0,29.0,0.7965336643984966,6.0,3.0,5.0,61.0,13.0,1.0,1280.0,800.0,1.0,1.0,1
67.0,1.0,0.0,0.0,2.0,1.0,0.0,18.0,0.0,0.0,3.309953172322474,1.0,2.0,6.0,15.0,0.0,1.0,0.0,1.0,1.0,0.0,0.0,1.0,206.0,1.0,0.0,4.0,1.0,0.0,0.0,0.0,4.0,2.0,0.0,0.0,1.0,25.0,0.80524663783752,5.0,2.0,4.0,92.0,4.0,1.0,1280.0,800.0,12.0,1.0,1
37.0,1.0,0.0,0.0,3.0,1.0,1.0,13.0,0.0,0.0,3.2157388342604016,0.0,0.0,20.0,0.0,0.0,1.0,0.0,1.0,1.0,0.0,0.0,1.0,39.0,1.0,0.0,5.0,1.0,1.0,0.0,0.0,15.0,3.0,0.0,1.0,1.0,37.0,0.728000314186902,1.0,5.0,5.0,82.0,11.0,1.0,1280.0,800.0,8.0,1.0,1
80.0,1.0,1.0,0.0,3.0,2.0,1.0,16.0,0.0,0.0,2.9361057033786055,0.0,3.0,18.0,29.0,0.0,1.0,0.0,1.0,1.0,0.0,0.0,1.0,325.0,1.0,1.0,4.0,1.0,1.0,0.0,0.0,1.0,2.0,1.0,1.0,1.0,19.0,0.9519228407881845,2.0,3.0,4.0,112.0,0.0,1.0,1280.0,800.0,7.0,0.0,1
54.0,1.0,0.0,0.0,4.0,1.0,0.0,12.0,0.0,0.0,3.303666509033382,0.0,3.0,23.0,25.0,1.0,0.0,0.0,0.0,1.0,0.0,0.0,1.0,272.0,1.0,1.0,8.0,1.0,1.0,1.0,1.0,2.0,3.0,0.0,0.0,1.0,23.0,0.9583256545300138,7.0,5.0,8.0,22.0,4.0,1.0,1280.0,800.0,9.0,1.0,1
48.0,1.0,1.0,0.0,2.0,2.0,1.0,17.0,8.0,0.47058823529411764,3.5119062580058293,0.0,2.0,24.0,2.0,0.0,1.0,0.0,1.0,0.0,0.0,1.0,0.0,46.0,1.0,0.0,6.0,1.0,0.0,1.0,1.0,4.0,5.0,0.0,0.0,1.0,11.0,0.7229570050885209,6.0,2.0,6.0,18.0,4.0,1.0,1280.0,800.0,6.0,0.0,1
90.0,1.0,0.0,1.0,0.0,1.0,0.0,15.0,3.0,0.7711128873408052,2.6759544505738453,0.0,1.0,28.0,18.0,0.0,1.0,0.0,1.0,1.0,0.0,0.0,1.0,90.0,2.0,0.0,5.0,1.0,0.0,0.0,1.0,1.0,3.0,0.0,0.0,1.0,35.0,0.8153903169867641,4.0,3.0,5.0,21.0,8.0,1.0,1280.0,800.0,3.0,0.0,1
93.0,1.0,2.0,0.0,3.0,3.0,0.0,17.0,0.0,0.0,3.8350913780269806,0.0,2.0,31.0,19.0,0.0,1.0,0.0,1.0,1.0,0.0,0.0,1.0,328.0,2.0,0.0,2.0,0.0,0.0,0.0,1.0,3.0,1.0,1.0,1.0,1.0,23.0,0.8438418712709463,6.0,4.0,2.0,14.0,8.0,1.0,1280.0,800.0,4.0,0.0,1
36.0,0.0,0.0,1.0,0.0,1.0,0.0,15.0,3.0,0.7484774148689909,3.025940592186794,0.0,0.0,52.0,39.0,0.0,1.0,0.0,1.0,0.0,0.0,0.0,0.0,266.0,1.0,0.0,6.0,0.0,1.0,0.0,0.0,4.0,1.0,0.0,0.0,1.0,22.0,0.02862816965236595,4.0,5.0,6.0,62.0,8.0,1.0,1280.0,800.0,0.0,0.0,1
40.0,0.0,2.0,0.0,0.0,3.0,0.0,23.0,0.0,0.0,3.1045326369880515,0.0,1.0,55.0,12.0,0.0,1.0,0.0,1.0,0.0,0.0,0.0,0.0,17.0,1.0,0.0,10.0,1.0,1.0,0.0,0.0,0.0,2.0,0.0,0.0,1.0,36.0,0.10978936073546722,4.0,3.0,10.0,52.0,9.0,1.0,1280.0,800.0,6.0,0.0,1
69.0,1.0,1.0,0.0,3.0,2.0,1.0,21.0,8.0,0.38095238095238093,3.187799874580728,0.0,0.0,16.0,14.0,0.0,1.0,0.0,1.0,1.0,0.0,0.0,1.0,204.0,1.0,0.0,2.0,1.0,1.0,0.0,0.0,3.0,3.0,1.0,1.0,1.0,35.0,0.9771315345638496,5.0,1.0,2.0,9.0,13.0,1.0,1280.0,800.0,14.0,0.0,1
71.0,0.0,2.0,0.0,1.0,3.0,0.0,15.0,2.0,0.13333333333333333,3.4745939866095457,0.0,2.0,55.0,40.0,0.0,0.0,0.0,0.0,0.0,0.0,0.0,0.0,224.0,1.0,1.0,10.0,0.0,0.0,0.0,0.0,0.0,1.0,1.0,1.0,0.0,31.0,0.12968549072536897,3.0,4.0,10.0,105.0,10.0,1.0,1280.0,800.0,6.0,1.0,1
69.0,1.0,2.0,0.0,1.0,3.0,0.0,16.0,5.0,0.3125,3.3875311811877795,0.0,0.0,12.0,42.0,1.0,0.0,0.0,0.0,1.0,0.0,0.0,1.0,117.0,1.0,1.0,3.0,1.0,0.0,0.0,0.0,4.0,4.0,1.0,0.0,1.0,6.0,0.681413424118235,3.0,4.0,3.0,39.0,13.0,0.0,1280.0,800.0,6.0,0.0,1
85.0,1.0,0.0,0.0,1.0,1.0,0.0,25.0,0.0,0.0,3.6325308949814836,0.0,1.0,40.0,32.0,0.0,1.0,0.0,1.0,0.0,1.0,0.0,0.0,316.0,1.0,1.0,3.0,1.0,1.0,1.0,1.0,0.0,1.0,1.0,0.0,1.0,35.0,0.7524862530283472,4.0,3.0,3.0,112.0,3.0,1.0,1280.0,800.0,6.0,0.0,1
67.0,1.0,2.0,0.0,1.0,3.0,1.0,11.0,0.0,0.0,3.6716902091333092,0.0,0.0,51.0,37.0,0.0,1.0,0.0,1.0,1.0,0.0,0.0,1.0,43.0,1.0,6.0,1.0,1.0,1.0,0.0,0.0,4.0,3.0,1.0,1.0,1.0,39.0,0.9542599404289952,5.0,2.0,1.0,11.0,10.0,1.0,1280.0,800.0,6.0,0.0,1
50.0,1.0,1.0,0.0,1.0,2.0,1.0,24.0,6.0,0.5057492526016913,3.316877045491058,0.0,0.0,54.0,41.0,0.0,1.0,0.0,1.0,1.0,0.0,0.0,1.0,188.0,1.0,0.0,8.0,1.0,1.0,0.0,1.0,0.0,1.0,0.0,0.0,1.0,29.0,0.6223283952525955,4.0,1.0,8.0,89.0,14.0,1.0,1280.0,800.0,7.0,0.0,1
75.0,1.0,1.0,0.0,1.0,2.0,0.0,13.0,0.0,0.0,3.1092249993854493,1.0,2.0,53.0,32.0,0.0,1.0,0.0,1.0,1.0,0.0,0.0,1.0,334.0,1.0,0.0,2.0,1.0,1.0,1.0,0.0,4.0,1.0,0.0,1.0,1.0,32.0,0.7178255039317271,6.0,2.0,2.0,24.0,1.0,1.0,1280.0,800.0,2.0,0.0,1
35.0,1.0,1.0,0.0,2.0,2.0,1.0,20.0,8.0,0.4,3.8287129202797,0.0,0.0,25.0,9.0,0.0,1.0,0.0,1.0,1.0,0.0,0.0,1.0,118.0,1.0,1.0,11.0,0.0,1.0,1.0,0.0,2.0,3.0,1.0,1.0,1.0,15.0,0.8825294373216558,2.0,5.0,11.0,94.0,14.0,0.0,1280.0,800.0,2.0,0.0,1
37.0,1.0,1.0,0.0,3.0,2.0,1.0,18.0,5.0,0.2777777777777778,3.317651754259188,0.0,0.0,15.0,38.0,0.0,1.0,0.0,1.0,1.0,0.0,0.0,1.0,35.0,1.0,0.0,11.0,0.0,1.0,2.0,1.0,2.0,3.0,0.0,0.0,1.0,6.0,0.6621136669363127,5.0,2.0,11.0,27.0,3.0,1.0,1280.0,800.0,9.0,0.0,1
82.0,1.0,2.0,0.0,0.0,3.0,1.0,22.0,5.0,0.22727272727272727,3.014207684401413,0.0,0.0,28.0,43.0,0.0,1.0,0.0,1.0,1.0,0.0,0.0,1.0,259.0,1.0,0.0,4.0,1.0,0.0,0.0,0.0,0.0,3.0,0.0,0.0,1.0,7.0,0.7542726035456176,3.0,2.0,4.0,108.0,12.0,1.0,1280.0,800.0,14.0,0.0,1
57.0,0.0,1.0,0.0,4.0,2.0,1.0,10.0,2.0,0.2,2.8106227906005947,0.0,1.0,56.0,42.0,0.0,0.0,0.0,0.0,0.0,0.0,0.0,0.0,165.0,1.0,1.0,9.0,1.0,0.0,0.0,0.0,13.0,2.0,0.0,0.0,1.0,44.0,0.04181953337390752,2.0,1.0,9.0,52.0,0.0,1.0,1280.0,800.0,13.0,0.0,1
94.0,1.0,0.0,0.0,1.0,1.0,0.0,15.0,0.0,0.0,3.3948867258881066,1.0,1.0,10.0,7.0,0.0,1.0,0.0,1.0,1.0,0.0,0.0,1.0,234.0,1.0,6.0,10.0,1.0,1.0,0.0,0.0,0.0,1.0,0.0,1.0,1.0,15.0,0.7112016263132924,6.0,1.0,10.0,108.0,5.0,1.0,1280.0,800.0,5.0,0.0,1
80.0,0.0,2.0,0.0,3.0,3.0,0.0,22.0,0.0,0.0,3.3973481559335137,0.0,0.0,43.0,0.0,0.0,1.0,0.0,1.0,0.0,0.0,0.0,0.0,138.0,1.0,6.0,8.0,1.0,1.0,0.0,0.0,2.0,4.0,0.0,1.0,1.0,11.0,0.13847508517879875,1.0,4.0,8.0,56.0,13.0,1.0,1280.0,800.0,2.0,0.0,1
75.0,0.0,1.0,0.0,2.0,2.0,0.0,25.0,5.0,0.2,3.238723177790677,0.0,2.0,15.0,4.0,0.0,0.0,0.0,0.0,0.0,0.0,0.0,0.0,236.0,1.0,0.0,3.0,0.0,1.0,0.0,0.0,14.0,3.0,0.0,1.0,1.0,22.0,0.014645060323314661,1.0,5.0,3.0,91.0,7.0,1.0,1280.0,800.0,11.0,0.0,1
37.0,0.0,3.0,0.0,1.0,4.0,0.0,13.0,0.0,0.0,2.923563538827855,0.0,2.0,12.0,8.0,0.0,0.0,0.0,0.0,0.0,0.0,0.0,0.0,85.0,1.0,0.0,7.0,1.0,1.0,0.0,0.0,3.0,2.0,1.0,0.0,1.0,27.0,0.07480848532843831,3.0,2.0,7.0,30.0,3.0,1.0,1280.0,800.0,14.0,0.0,1
73.0,1.0,3.0,0.0,4.0,4.0,0.0,20.0,2.0,0.1,2.806525285955936,0.0,1.0,8.0,16.0,0.0,1.0,0.0,1.0,1.0,0.0,0.0,1.0,196.0,1.0,0.0,2.0,1.0,1.0,0.0,0.0,7.0,3.0,0.0,0.0,1.0,9.0,0.7406819204221117,4.0,1.0,2.0,51.0,5.0,1.0,1280.0,800.0,3.0,0.0,1
56.0,1.0,0.0,0.0,1.0,1.0,1.0,25.0,5.0,0.2,3.0304846575400255,0.0,0.0,43.0,18.0,0.0,1.0,0.0,1.0,1.0,0.0,0.0,1.0,262.0,1.0,0.0,6.0,1.0,0.0,1.0,2.0,4.0,5.0,0.0,1.0,1.0,14.0,0.846566252605988,5.0,4.0,6.0,39.0,12.0,1.0,1280.0,800.0,3.0,0.0,1
52.0,1.0,3.0,0.0,2.0,4.0,1.0,25.0,5.0,0.2,3.7743833063399643,0.0,2.0,10.0,28.0,0.0,1.0,0.0,1.0,1.0,0.0,0.0,1.0,143.0,1.0,0.0,5.0,1.0,1.0,0.0,0.0,10.0,3.0,0.0,0.0,1.0,44.0,0.9934073934582843,6.0,1.0,5.0,61.0,5.0,1.0,1280.0,800.0,11.0,0.0,1
88.0,1.0,0.0,0.0,3.0,1.0,0.0,15.0,8.0,0.5333333333333333,3.439384925334773,0.0,1.0,32.0,11.0,0.0,1.0,0.0,1.0,1.0,0.0,0.0,1.0,208.0,1.0,0.0,9.0,1.0,1.0,1.0,0.0,3.0,1.0,0.0,0.0,1.0,35.0,0.8993453155162574,1.0,3.0,9.0,67.0,1.0,1.0,1280.0,800.0,4.0,0.0,1
39.0,1.0,0.0,0.0,4.0,1.0,1.0,19.0,0.0,0.0,3.7091252942784685,0.0,0.0,7.0,13.0,0.0,0.0,0.0,0.0,1.0,0.0,0.0,1.0,71.0,1.0,0.0,5.0,1.0,1.0,0.0,0.0,4.0,3.0,1.0,0.0,1.0,5.0,0.9816675299351437,2.0,5.0,5.0,32.0,7.0,1.0,1280.0,800.0,0.0,0.0,1
37.0,0.0,1.0,0.0,4.0,2.0,1.0,18.0,2.0,0.1111111111111111,2.990430247714018,0.0,1.0,43.0,16.0,0.0,1.0,0.0,1.0,0.0,0.0,0.0,0.0,233.0,1.0,0.0,1.0,1.0,0.0,0.0,0.0,13.0,2.0,1.0,0.0,1.0,38.0,0.16109302470245007,4.0,3.0,1.0,36.0,5.0,1.0,1280.0,800.0,8.0,0.0,1
64.0,1.0,2.0,0.0,4.0,3.0,0.0,19.0,2.0,0.10526315789473684,3.3577649104204115,0.0,0.0,49.0,24.0,0.0,1.0,0.0,1.0,1.0,0.0,0.0,1.0,236.0,1.0,1.0,4.0,1.0,1.0,0.0,0.0,3.0,1.0,1.0,1.0,1.0,19.0,0.8834451356621935,2.0,2.0,4.0,104.0,7.0,1.0,1280.0,800.0,1.0,0.0,1
61.0,0.0,0.0,0.0,2.0,1.0,0.0,24.0,2.0,0.08333333333333333,3.482129580628294,0.0,0.0,49.0,8.0,0.0,1.0,0.0,1.0,0.0,0.0,0.0,0.0,48.0,1.0,0.0,7.0,1.0,1.0,0.0,0.0,1.0,2.0,1.0,1.0,1.0,41.0,0.20823933817564874,3.0,3.0,7.0,8.0,2.0,0.0,1280.0,800.0,10.0,0.0,1
94.0,0.0,1.0,0.0,3.0,2.0,0.0,19.0,8.0,0.42105263157894735,2.9288221158322862,0.0,1.0,16.0,26.0,0.0,0.0,0.0,0.0,0.0,0.0,0.0,0.0,252.0,1.0,1.0,6.0,1.0,1.0,0.0,0.0,1.0,2.0,1.0,0.0,1.0,13.0,0.26965249558161825,2.0,5.0,6.0,53.0,9.0,1.0,1280.0,800.0,12.0,0.0,1
70.0,1.0,0.0,1.0,0.0,1.0,0.0,15.0,3.0,0.7300568041912621,2.919884149566766,0.0,2.0,41.0,10.0,0.0,0.0,0.0,0.0,0.0,1.0,0.0,0.0,287.0,1.0,1.0,6.0,0.0,1.0,1.0,0.0,2.0,3.0,1.0,0.0,1.0,18.0,0.78689912439557,2.0,1.0,6.0,47.0,2.0,1.0,1280.0,800.0,8.0,0.0,1
70.0,0.0,1.0,0.0,3.0,2.0,1.0,22.0,0.0,0.0,3.741985039762941,0.0,0.0,29.0,2.0,1.0,1.0,0.0,1.0,0.0,0.0,0.0,0.0,18.0,1.0,1.0,2.0,1.0,1.0,1.0,1.0,1.0,3.0,0.0,0.0,1.0,17.0,0.23814273275062564,4.0,5.0,2.0,3.0,4.0,1.0,1280.0,800.0,4.0,1.0,1
46.0,1.0,0.0,0.0,2.0,1.0,0.0,18.0,0.0,0.0,3.212022558755539,1.0,0.0,56.0,39.0,0.0,1.0,0.0,1.0,1.0,0.0,0.0,1.0,123.0,1.0,1.0,6.0,1.0,0.0,0.0,0.0,4.0,2.0,0.0,0.0,1.0,20.0,0.848193305279475,4.0,3.0,6.0,68.0,7.0,1.0,1280.0,800.0,8.0,0.0,1
79.0,1.0,1.0,0.0,2.0,2.0,1.0,18.0,8.0,0.4444444444444444,3.04755553517433,0.0,0.0,9.0,8.0,0.0,0.0,0.0,0.0,0.0,0.0,1.0,0.0,263.0,1.0,0.0,3.0,1.0,1.0,0.0,0.0,4.0,3.0,1.0,1.0,1.0,9.0,0.9047490652448513,1.0,4.0,3.0,48.0,9.0,1.0,1280.0,800.0,4.0,0.0,1
57.0,1.0,1.0,0.0,3.0,2.0,1.0,18.0,9.0,0.5766595701899175,4.025141288902802,0.0,1.0,53.0,18.0,0.0,0.0,0.0,0.0,1.0,0.0,0.0,1.0,211.0,1.0,1.0,1.0,1.0,1.0,0.0,0.0,0.0,1.0,0.0,1.0,1.0,13.0,0.6429628989812259,7.0,5.0,1.0,117.0,14.0,1.0,1280.0,800.0,9.0,1.0,1
92.0,1.0,2.0,0.0,3.0,3.0,1.0,17.0,6.0,0.6315145914875548,4.111534164870105,0.0,3.0,14.0,24.0,0.0,0.0,0.0,0.0,1.0,0.0,0.0,1.0,251.0,1.0,0.0,2.0,1.0,0.0,0.0,0.0,0.0,2.0,0.0,1.0,1.0,37.0,0.9847860086212571,3.0,1.0,2.0,58.0,12.0,1.0,1280.0,800.0,12.0,1.0,1
74.0,1.0,0.0,0.0,2.0,1.0,1.0,14.0,8.0,0.5714285714285714,3.3865787645442857,0.0,0.0,28.0,3.0,0.0,1.0,0.0,1.0,1.0,0.0,0.0,1.0,17.0,2.0,1.0,3.0,1.0,1.0,0.0,0.0,4.0,2.0,1.0,0.0,1.0,26.0,0.7595440353332725,1.0,5.0,3.0,71.0,10.0,1.0,1280.0,800.0,12.0,0.0,1
78.0,0.0,0.0,0.0,4.0,1.0,1.0,19.0,0.0,0.0,3.7981764405217433,0.0,0.0,33.0,13.0,1.0,1.0,0.0,1.0,0.0,0.0,0.0,0.0,95.0,1.0,0.0,2.0,0.0,1.0,0.0,0.0,0.0,2.0,1.0,1.0,1.0,16.0,0.014818376190327342,7.0,3.0,2.0,92.0,7.0,1.0,1280.0,800.0,8.0,0.0,1
41.0,0.0,2.0,0.0,1.0,3.0,0.0,24.0,8.0,0.3333333333333333,3.3250107175596444,0.0,3.0,40.0,35.0,0.0,1.0,0.0,1.0,0.0,0.0,0.0,0.0,60.0,1.0,0.0,10.0,1.0,1.0,1.0,1.0,4.0,2.0,1.0,0.0,1.0,27.0,0.12595655988881616,4.0,4.0,10.0,73.0,2.0,1.0,1280.0,800.0,6.0,0.0,1
54.0,1.0,2.0,0.0,4.0,3.0,0.0,19.0,2.0,0.10526315789473684,3.4659252765644584,0.0,0.0,15.0,3.0,0.0,0.0,0.0,0.0,1.0,0.0,0.0,1.0,269.0,1.0,0.0,1.0,1.0,1.0,1.0,0.0,0.0,2.0,0.0,0.0,1.0,29.0,0.8115177767332964,2.0,2.0,1.0,61.0,10.0,1.0,1280.0,800.0,9.0,1.0,1
59.0,0.0,1.0,0.0,1.0,2.0,0.0,25.0,2.0,0.08,2.994184128855461,0.0,0.0,45.0,29.0,0.0,1.0,0.0,1.0,0.0,0.0,0.0,0.0,120.0,1.0,0.0,10.0,1.0,1.0,0.0,1.0,0.0,2.0,1.0,1.0,1.0,31.0,0.15293923587667788,3.0,1.0,10.0,15.0,11.0,1.0,1280.0,800.0,9.0,0.0,1
79.0,1.0,0.0,0.0,2.0,1.0,0.0,24.0,8.0,0.3333333333333333,3.025947019084789,0.0,2.0,34.0,30.0,0.0,1.0,0.0,1.0,1.0,0.0,0.0,1.0,247.0,1.0,6.0,1.0,1.0,0.0,0.0,0.0,3.0,1.0,1.0,0.0,1.0,38.0,0.9280109351441553,2.0,2.0,1.0,4.0,1.0,1.0,1280.0,800.0,13.0,0.0,1
88.0,1.0,2.0,0.0,4.0,3.0,0.0,21.0,0.0,0.0,3.0183276000988872,0.0,0.0,24.0,41.0,0.0,1.0,0.0,1.0,1.0,0.0,0.0,1.0,338.0,1.0,0.0,2.0,1.0,1.0,0.0,0.0,0.0,1.0,1.0,1.0,1.0,32.0,0.9545722132765313,6.0,2.0,2.0,116.0,9.0,1.0,1280.0,800.0,7.0,0.0,1
85.0,0.0,1.0,0.0,3.0,2.0,1.0,22.0,0.0,0.0,3.204931416440261,0.0,0.0,10.0,28.0,0.0,0.0,0.0,0.0,0.0,0.0,0.0,0.0,39.0,1.0,0.0,7.0,1.0,1.0,1.0,1.0,3.0,4.0,0.0,0.0,1.0,22.0,0.16466536008234525,1.0,5.0,7.0,71.0,14.0,0.0,1280.0,800.0,14.0,0.0,1
47.0,1.0,1.0,0.0,1.0,2.0,1.0,10.0,0.0,0.0,3.4191809178904955,0.0,0.0,42.0,0.0,0.0,1.0,0.0,1.0,1.0,0.0,0.0,1.0,146.0,1.0,0.0,8.0,0.0,0.0,0.0,0.0,15.0,1.0,0.0,0.0,0.0,42.0,0.649133259016472,5.0,2.0,8.0,29.0,6.0,1.0,1280.0,800.0,13.0,0.0,1
54.0,1.0,3.0,0.0,2.0,4.0,0.0,16.0,8.0,0.5,3.2868099224073526,0.0,0.0,41.0,22.0,0.0,1.0,0.0,1.0,1.0,0.0,0.0,1.0,220.0,1.0,0.0,3.0,1.0,0.0,1.0,0.0,4.0,3.0,0.0,0.0,1.0,35.0,0.6487330396682682,6.0,2.0,3.0,27.0,3.0,1.0,1280.0,800.0,6.0,1.0,1
91.0,1.0,2.0,0.0,4.0,3.0,0.0,21.0,5.0,0.23809523809523808,2.9710291694608184,0.0,1.0,6.0,42.0,0.0,1.0,0.0,1.0,1.0,0.0,0.0,1.0,285.0,1.0,1.0,7.0,1.0,1.0,1.0,0.0,2.0,1.0,1.0,1.0,1.0,9.0,0.7187205843418354,2.0,3.0,7.0,3.0,5.0,0.0,1280.0,800.0,13.0,0.0,1
58.0,1.0,2.0,0.0,1.0,3.0,1.0,16.0,6.0,0.49670988129000704,3.9378786270876383,0.0,1.0,51.0,36.0,0.0,0.0,0.0,0.0,1.0,0.0,0.0,1.0,41.0,1.0,6.0,10.0,0.0,0.0,0.0,0.0,2.0,3.0,1.0,1.0,0.0,43.0,0.7741368137574396,7.0,4.0,10.0,71.0,7.0,1.0,1280.0,800.0,8.0,0.0,1
58.0,0.0,2.0,0.0,4.0,3.0,1.0,13.0,2.0,0.15384615384615385,3.5991506387324046,0.0,0.0,30.0,23.0,0.0,1.0,0.0,1.0,0.0,0.0,0.0,0.0,299.0,1.0,0.0,10.0,1.0,0.0,0.0,0.0,3.0,2.0,1.0,1.0,1.0,39.0,0.13735657570520268,7.0,2.0,10.0,90.0,12.0,1.0,1280.0,800.0,1.0,0.0,1
70.0,1.0,1.0,0.0,3.0,2.0,0.0,23.0,0.0,0.0,3.6934972889253763,0.0,1.0,31.0,32.0,0.0,1.0,0.0,1.0,1.0,0.0,0.0,1.0,82.0,1.0,6.0,6.0,1.0,1.0,0.0,0.0,4.0,1.0,1.0,1.0,1.0,43.0,0.6039155433087682,6.0,2.0,6.0,63.0,0.0,1.0,1280.0,800.0,11.0,0.0,1
91.0,1.0,2.0,0.0,2.0,3.0,0.0,23.0,0.0,0.0,3.190011769769967,0.0,0.0,19.0,15.0,0.0,1.0,0.0,1.0,1.0,0.0,0.0,1.0,92.0,1.0,0.0,5.0,1.0,1.0,0.0,0.0,3.0,4.0,0.0,0.0,1.0,15.0,0.8023849809470585,3.0,2.0,5.0,47.0,0.0,1.0,1280.0,800.0,6.0,0.0,1
80.0,1.0,0.0,1.0,0.0,1.0,0.0,15.0,3.0,0.6176651255372764,2.815545220071824,0.0,0.0,39.0,16.0,0.0,1.0,0.0,1.0,1.0,0.0,0.0,1.0,84.0,1.0,1.0,9.0,1.0,0.0,0.0,0.0,4.0,3.0,1.0,1.0,1.0,34.0,0.8291836125345575,7.0,2.0,9.0,1.0,14.0,1.0,1280.0,800.0,1.0,0.0,1
62.0,1.0,1.0,0.0,4.0,2.0,0.0,18.0,2.0,0.1111111111111111,3.756355119431195,0.0,0.0,33.0,31.0,0.0,0.0,0.0,0.0,1.0,0.0,0.0,1.0,242.0,1.0,0.0,6.0,1.0,1.0,0.0,0.0,2.0,4.0,1.0,0.0,1.0,34.0,0.7437980415442613,1.0,4.0,6.0,47.0,1.0,1.0,1280.0,800.0,5.0,1.0,1
58.0,0.0,0.0,0.0,4.0,1.0,0.0,10.0,5.0,0.5,2.903900881614548,0.0,0.0,21.0,24.0,0.0,1.0,0.0,1.0,0.0,0.0,0.0,0.0,52.0,1.0,0.0,11.0,1.0,0.0,2.0,1.0,2.0,4.0,0.0,0.0,1.0,22.0,0.05869077679125035,1.0,1.0,11.0,87.0,7.0,1.0,1280.0,800.0,8.0,1.0,1
39.0,1.0,1.0,0.0,2.0,2.0,0.0,16.0,5.0,0.3125,3.6181032481924786,0.0,1.0,44.0,31.0,0.0,0.0,0.0,0.0,1.0,0.0,0.0,1.0,342.0,1.0,0.0,6.0,1.0,1.0,0.0,0.0,1.0,2.0,0.0,0.0,1.0,9.0,0.7321071953962527,4.0,1.0,6.0,82.0,11.0,1.0,1280.0,800.0,6.0,0.0,1
37.0,1.0,1.0,0.0,1.0,2.0,0.0,15.0,0.0,0.0,3.2683942940055966,1.0,1.0,26.0,14.0,0.0,1.0,0.0,1.0,1.0,0.0,0.0,1.0,181.0,1.0,0.0,9.0,1.0,1.0,0.0,1.0,4.0,1.0,0.0,1.0,1.0,42.0,0.8005625474580536,1.0,4.0,9.0,81.0,6.0,1.0,1280.0,800.0,7.0,0.0,1
68.0,1.0,0.0,0.0,2.0,1.0,0.0,19.0,0.0,0.0,3.324304917848904,1.0,0.0,52.0,30.0,0.0,1.0,0.0,1.0,1.0,0.0,0.0,1.0,244.0,1.0,6.0,9.0,1.0,1.0,0.0,0.0,2.0,3.0,0.0,0.0,1.0,8.0,0.7804707087653118,2.0,4.0,9.0,115.0,9.0,1.0,1280.0,800.0,5.0,0.0,1
64.0,1.0,1.0,0.0,3.0,2.0,0.0,23.0,5.0,0.21739130434782608,3.7006846726355813,0.0,3.0,28.0,1.0,0.0,1.0,0.0,1.0,1.0,0.0,0.0,1.0,115.0,1.0,0.0,11.0,1.0,0.0,0.0,0.0,4.0,2.0,0.0,1.0,1.0,15.0,0.7963383660195253,1.0,4.0,11.0,95.0,6.0,1.0,1280.0,800.0,9.0,1.0,1
92.0,1.0,2.0,0.0,0.0,3.0,1.0,15.0,10.0,0.6666666666666666,2.943233785280348,0.0,0.0,57.0,6.0,0.0,1.0,0.0,1.0,1.0,0.0,0.0,1.0,184.0,1.0,1.0,1.0,1.0,1.0,0.0,0.0,2.0,4.0,1.0,1.0,1.0,22.0,0.6705394215528413,1.0,1.0,1.0,77.0,1.0,1.0,1280.0,800.0,7.0,0.0,1
73.0,0.0,2.0,0.0,1.0,3.0,0.0,12.0,8.0,0.6666666666666666,2.808537477056324,0.0,0.0,6.0,2.0,0.0,1.0,0.0,1.0,0.0,0.0,0.0,0.0,23.0,1.0,1.0,6.0,1.0,0.0,1.0,2.0,1.0,3.0,0.0,0.0,1.0,14.0,0.1780667532048848,2.0,3.0,6.0,79.0,8.0,1.0,1280.0,800.0,6.0,0.0,1
44.0,1.0,1.0,0.0,4.0,2.0,0.0,10.0,2.0,0.2,3.555628589881118,0.0,1.0,36.0,1.0,0.0,0.0,0.0,0.0,1.0,0.0,0.0,1.0,185.0,2.0,0.0,6.0,1.0,0.0,1.0,2.0,1.0,3.0,1.0,0.0,1.0,36.0,0.7678347551240017,6.0,2.0,6.0,94.0,1.0,1.0,1280.0,800.0,11.0,0.0,1
60.0,1.0,0.0,1.0,0.0,1.0,0.0,15.0,3.0,0.6041285370415116,2.945179144794102,0.0,2.0,40.0,12.0,0.0,1.0,0.0,1.0,1.0,0.0,0.0,1.0,339.0,1.0,0.0,2.0,0.0,0.0,0.0,0.0,2.0,2.0,0.0,0.0,0.0,8.0,0.9406591681064294,5.0,5.0,2.0,72.0,5.0,1.0,1280.0,800.0,4.0,0.0,1
73.0,1.0,1.0,0.0,1.0,2.0,0.0,22.0,0.0,0.0,3.361259676957347,0.0,0.0,33.0,3.0,0.0,1.0,0.0,1.0,1.0,0.0,0.0,1.0,57.0,1.0,1.0,7.0,0.0,1.0,0.0,0.0,4.0,1.0,0.0,0.0,1.0,44.0,0.912087649161165,7.0,1.0,7.0,15.0,13.0,1.0,1280.0,800.0,10.0,0.0,1
44.0,0.0,1.0,0.0,4.0,2.0,0.0,21.0,0.0,0.0,3.0942183634598117,0.0,1.0,18.0,5.0,0.0,1.0,0.0,1.0,0.0,0.0,0.0,0.0,165.0,1.0,0.0,3.0,1.0,1.0,1.0,2.0,3.0,2.0,1.0,0.0,1.0,15.0,0.10503137029821998,6.0,4.0,3.0,37.0,0.0,0.0,1280.0,800.0,12.0,0.0,1
45.0,0.0,1.0,0.0,2.0,2.0,0.0,11.0,0.0,0.0,3.6200776127960506,0.0,1.0,6.0,2.0,0.0,0.0,0.0,0.0,0.0,0.0,0.0,0.0,64.0,1.0,0.0,3.0,1.0,1.0,0.0,0.0,2.0,2.0,1.0,1.0,1.0,22.0,0.003359105063696066,2.0,2.0,3.0,84.0,13.0,1.0,1280.0,800.0,5.0,0.0,1
88.0,0.0,3.0,0.0,2.0,4.0,0.0,27.0,8.0,0.2962962962962963,3.2243155326341033,0.0,0.0,37.0,20.0,0.0,1.0,0.0,1.0,0.0,0.0,0.0,0.0,36.0,1.0,0.0,1.0,1.0,1.0,1.0,0.0,4.0,3.0,1.0,1.0,1.0,39.0,0.2646351944555848,1.0,5.0,1.0,50.0,6.0,1.0,1280.0,800.0,12.0,0.0,1
69.0,1.0,1.0,0.0,4.0,2.0,0.0,18.0,8.0,0.4444444444444444,3.1380177908407143,0.0,2.0,19.0,41.0,0.0,1.0,0.0,1.0,1.0,0.0,0.0,1.0,275.0,1.0,0.0,4.0,0.0,1.0,1.0,2.0,3.0,2.0,1.0,1.0,1.0,37.0,0.749942328433942,5.0,2.0,4.0,4.0,2.0,1.0,1280.0,800.0,1.0,0.0,1
57.0,0.0,0.0,0.0,3.0,1.0,1.0,18.0,14.0,0.6206061303273084,3.998273527670425,0.0,0.0,7.0,18.0,0.0,1.0,0.0,1.0,0.0,0.0,0.0,0.0,199.0,1.0,0.0,8.0,0.0,0.0,0.0,0.0,1.0,1.0,0.0,0.0,0.0,7.0,0.03764175987484584,5.0,5.0,8.0,20.0,11.0,1.0,1280.0,800.0,3.0,0.0,1
62.0,1.0,1.0,0.0,2.0,2.0,1.0,16.0,10.0,0.625,3.1043789989952395,0.0,1.0,29.0,21.0,1.0,1.0,0.0,1.0,1.0,0.0,0.0,1.0,328.0,1.0,0.0,1.0,1.0,1.0,1.0,0.0,2.0,1.0,0.0,0.0,1.0,40.0,0.9024763120943409,6.0,1.0,1.0,83.0,2.0,1.0,1280.0,800.0,10.0,0.0,1
83.0,1.0,2.0,0.0,4.0,3.0,1.0,10.0,2.0,0.2,3.04083122094634,0.0,1.0,40.0,8.0,0.0,1.0,0.0,1.0,1.0,0.0,0.0,1.0,297.0,1.0,0.0,4.0,1.0,1.0,0.0,0.0,0.0,1.0,1.0,0.0,1.0,26.0,0.7137041032961273,2.0,3.0,4.0,74.0,7.0,1.0,1280.0,800.0,10.0,0.0,1
44.0,0.0,3.0,0.0,2.0,4.0,1.0,11.0,2.0,0.18181818181818182,3.0095063413648107,0.0,0.0,50.0,14.0,0.0,0.0,0.0,0.0,0.0,0.0,0.0,0.0,52.0,1.0,0.0,1.0,1.0,0.0,0.0,0.0,2.0,1.0,1.0,1.0,1.0,20.0,0.2137535701128925,7.0,2.0,1.0,85.0,12.0,1.0,1280.0,800.0,13.0,0.0,1
93.0,1.0,0.0,1.0,0.0,1.0,0.0,15.0,3.0,0.6209297019131,2.7093012890786126,0.0,2.0,34.0,22.0,0.0,0.0,0.0,0.0,1.0,0.0,0.0,1.0,188.0,1.0,0.0,1.0,1.0,1.0,0.0,1.0,4.0,3.0,1.0,1.0,1.0,10.0,0.6345687069081438,4.0,2.0,1.0,108.0,7.0,1.0,1280.0,800.0,9.0,0.0,1
61.0,1.0,1.0,0.0,1.0,2.0,1.0,22.0,5.0,0.22727272727272727,3.0988881232997603,0.0,1.0,13.0,35.0,0.0,1.0,0.0,1.0,1.0,0.0,0.0,1.0,36.0,1.0,0.0,9.0,1.0,1.0,0.0,0.0,2.0,3.0,1.0,1.0,1.0,29.0,0.8642963263300829,5.0,4.0,9.0,26.0,12.0,1.0,1280.0,800.0,6.0,0.0,1
48.0,1.0,1.0,0.0,3.0,2.0,0.0,24.0,5.0,0.20833333333333334,3.4297639247652,0.0,2.0,16.0,37.0,0.0,0.0,0.0,0.0,1.0,0.0,0.0,1.0,152.0,1.0,6.0,8.0,0.0,1.0,0.0,0.0,0.0,2.0,1.0,1.0,1.0,8.0,0.7452617616133249,5.0,2.0,8.0,109.0,4.0,1.0,1280.0,800.0,12.0,0.0,1
63.0,1.0,1.0,0.0,4.0,2.0,1.0,15.0,8.0,0.5333333333333333,2.876762725141706,0.0,1.0,33.0,19.0,0.0,1.0,0.0,1.0,1.0,0.0,0.0,1.0,121.0,1.0,0.0,11.0,1.0,1.0,0.0,0.0,4.0,3.0,0.0,0.0,1.0,25.0,0.9277509574064445,5.0,1.0,11.0,32.0,3.0,1.0,1280.0,800.0,4.0,0.0,1
49.0,1.0,2.0,0.0,1.0,3.0,0.0,14.0,0.0,0.0,3.5306561806129744,0.0,2.0,14.0,25.0,0.0,1.0,0.0,1.0,1.0,0.0,0.0,1.0,155.0,1.0,0.0,4.0,0.0,1.0,2.0,1.0,2.0,5.0,0.0,0.0,1.0,18.0,0.7209438505479961,2.0,2.0,4.0,51.0,14.0,1.0,1280.0,800.0,13.0,0.0,1
38.0,1.0,0.0,1.0,0.0,1.0,0.0,15.0,3.0,0.700611421406205,2.5057479301303265,0.0,0.0,35.0,32.0,0.0,1.0,0.0,1.0,1.0,0.0,0.0,1.0,99.0,1.0,1.0,3.0,1.0,1.0,0.0,0.0,2.0,2.0,0.0,0.0,1.0,9.0,0.7406201467034775,4.0,4.0,3.0,51.0,4.0,1.0,1280.0,800.0,10.0,0.0,1
54.0,0.0,0.0,0.0,2.0,1.0,0.0,21.0,0.0,0.0,3.3764729154566524,1.0,1.0,20.0,29.0,0.0,1.0,0.0,1.0,0.0,0.0,0.0,0.0,120.0,1.0,0.0,9.0,0.0,0.0,0.0,0.0,3.0,3.0,1.0,0.0,0.0,19.0,0.2826495759064713,6.0,2.0,9.0,113.0,0.0,1.0,1280.0,800.0,6.0,0.0,1
36.0,0.0,0.0,1.0,0.0,1.0,0.0,15.0,3.0,0.7485845883964565,2.8580109634999022,0.0,2.0,27.0,8.0,0.0,0.0,0.0,0.0,0.0,0.0,0.0,0.0,190.0,1.0,0.0,2.0,0.0,1.0,0.0,0.0,1.0,3.0,0.0,0.0,1.0,18.0,0.2915311684357273,1.0,5.0,2.0,57.0,1.0,1.0,1280.0,800.0,12.0,0.0,1
73.0,1.0,1.0,0.0,0.0,2.0,1.0,26.0,5.0,0.19230769230769232,3.795552472691918,0.0,0.0,7.0,18.0,0.0,1.0,0.0,1.0,1.0,0.0,0.0,1.0,132.0,1.0,1.0,11.0,1.0,1.0,1.0,0.0,4.0,1.0,0.0,0.0,1.0,37.0,0.6728791782343124,3.0,3.0,11.0,103.0,5.0,1.0,1280.0,800.0,0.0,0.0,1
74.0,0.0,0.0,0.0,1.0,1.0,0.0,15.0,0.0,0.0,3.6777418695442785,1.0,2.0,43.0,42.0,0.0,1.0,0.0,1.0,0.0,0.0,0.0,0.0,239.0,1.0,6.0,4.0,1.0,0.0,0.0,0.0,4.0,3.0,1.0,0.0,1.0,40.0,0.04711735696948566,7.0,4.0,4.0,14.0,11.0,1.0,1280.0,800.0,5.0,0.0,1
49.0,1.0,0.0,0.0,2.0,1.0,0.0,18.0,0.0,0.0,3.384615929894104,1.0,0.0,11.0,30.0,0.0,1.0,0.0,1.0,0.0,0.0,0.0,0.0,159.0,1.0,1.0,6.0,1.0,1.0,0.0,0.0,2.0,1.0,0.0,0.0,1.0,32.0,0.8734869087335255,2.0,3.0,6.0,87.0,12.0,1.0,1280.0,800.0,3.0,0.0,1
56.0,1.0,1.0,0.0,2.0,2.0,1.0,17.0,2.0,0.11764705882352941,3.826486671394905,0.0,0.0,31.0,8.0,0.0,1.0,0.0,1.0,1.0,0.0,0.0,1.0,325.0,1.0,1.0,7.0,1.0,1.0,0.0,0.0,3.0,4.0,0.0,0.0,1.0,27.0,0.8170191519716725,1.0,1.0,7.0,81.0,2.0,1.0,1280.0,800.0,9.0,0.0,1
51.0,1.0,2.0,0.0,3.0,3.0,0.0,22.0,9.0,0.5137409061507132,3.4970545100918073,0.0,0.0,15.0,39.0,0.0,1.0,0.0,1.0,1.0,0.0,0.0,1.0,52.0,1.0,1.0,6.0,1.0,1.0,0.0,1.0,4.0,1.0,0.0,0.0,1.0,24.0,0.7367460179895271,4.0,1.0,6.0,27.0,3.0,1.0,1280.0,800.0,7.0,0.0,1
89.0,1.0,3.0,0.0,4.0,4.0,1.0,13.0,2.0,0.15384615384615385,2.9693695028990357,0.0,0.0,55.0,30.0,0.0,1.0,0.0,1.0,1.0,0.0,0.0,1.0,277.0,1.0,0.0,2.0,0.0,1.0,1.0,1.0,3.0,3.0,1.0,1.0,1.0,37.0,0.681018347070424,5.0,5.0,2.0,33.0,1.0,1.0,1280.0,800.0,14.0,0.0,1
60.0,0.0,1.0,0.0,1.0,2.0,0.0,15.0,0.0,0.0,3.362325775111946,1.0,3.0,19.0,34.0,0.0,1.0,0.0,1.0,0.0,0.0,0.0,0.0,243.0,1.0,6.0,3.0,1.0,1.0,0.0,0.0,2.0,1.0,0.0,0.0,1.0,27.0,0.03251599313645149,4.0,1.0,3.0,72.0,5.0,1.0,1280.0,800.0,4.0,0.0,1
36.0,1.0,1.0,0.0,3.0,2.0,0.0,23.0,5.0,0.21739130434782608,3.7465602183648596,0.0,1.0,53.0,20.0,0.0,1.0,0.0,1.0,1.0,0.0,0.0,1.0,38.0,1.0,0.0,10.0,1.0,1.0,1.0,1.0,12.0,3.0,1.0,0.0,1.0,30.0,0.6912048156847819,2.0,4.0,10.0,65.0,8.0,1.0,1280.0,800.0,14.0,0.0,1
62.0,1.0,2.0,0.0,1.0,3.0,0.0,18.0,5.0,0.2777777777777778,3.7329267517671965,0.0,2.0,11.0,17.0,0.0,1.0,0.0,1.0,1.0,0.0,0.0,1.0,66.0,2.0,0.0,5.0,1.0,1.0,1.0,1.0,1.0,4.0,0.0,0.0,1.0,7.0,0.6017497958550949,6.0,2.0,5.0,70.0,13.0,1.0,1280.0,800.0,14.0,0.0,1
40.0,1.0,1.0,0.0,3.0,2.0,0.0,25.0,6.0,0.6570653066549964,3.2694040590070506,0.0,3.0,46.0,38.0,0.0,1.0,0.0,1.0,1.0,0.0,0.0,1.0,215.0,1.0,0.0,4.0,1.0,0.0,0.0,0.0,1.0,2.0,0.0,0.0,1.0,22.0,0.670385959806345,6.0,5.0,4.0,91.0,10.0,1.0,1280.0,800.0,10.0,0.0,1
64.0,1.0,0.0,0.0,2.0,1.0,0.0,13.0,5.0,0.38461538461538464,3.6941622123759723,0.0,1.0,19.0,13.0,1.0,1.0,0.0,1.0,1.0,0.0,0.0,1.0,244.0,1.0,0.0,6.0,0.0,0.0,0.0,0.0,3.0,1.0,1.0,1.0,0.0,32.0,0.7302082279975185,7.0,1.0,6.0,26.0,13.0,1.0,1280.0,800.0,11.0,0.0,1
36.0,1.0,2.0,0.0,1.0,3.0,0.0,23.0,11.0,0.43908604944849017,3.2028655946936824,0.0,0.0,12.0,40.0,0.0,1.0,0.0,1.0,1.0,0.0,0.0,1.0,71.0,1.0,0.0,8.0,1.0,0.0,0.0,0.0,4.0,2.0,0.0,1.0,1.0,35.0,0.6987376165699836,4.0,2.0,8.0,116.0,7.0,1.0,1280.0,800.0,11.0,0.0,1
51.0,1.0,0.0,1.0,0.0,1.0,0.0,15.0,3.0,0.756000196291939,2.622301384227652,0.0,0.0,49.0,32.0,0.0,0.0,0.0,0.0,1.0,0.0,0.0,1.0,75.0,1.0,0.0,2.0,0.0,0.0,0.0,0.0,3.0,3.0,0.0,1.0,0.0,14.0,0.982826105715401,2.0,4.0,2.0,38.0,3.0,1.0,1280.0,800.0,12.0,0.0,1
40.0,1.0,3.0,0.0,1.0,4.0,1.0,11.0,2.0,0.18181818181818182,2.8678054101098915,0.0,1.0,30.0,21.0,0.0,1.0,0.0,1.0,1.0,0.0,0.0,1.0,25.0,1.0,6.0,9.0,1.0,1.0,0.0,0.0,0.0,4.0,0.0,0.0,1.0,20.0,0.8751082753341897,5.0,3.0,9.0,43.0,12.0,1.0,1280.0,800.0,1.0,0.0,1
66.0,1.0,1.0,0.0,2.0,2.0,0.0,25.0,10.0,0.46325449448537726,4.164533884097262,0.0,1.0,7.0,25.0,0.0,0.0,0.0,0.0,1.0,0.0,0.0,1.0,320.0,1.0,0.0,10.0,1.0,0.0,1.0,0.0,0.0,3.0,0.0,1.0,1.0,24.0,0.8306407475395312,4.0,3.0,10.0,91.0,2.0,1.0,1280.0,800.0,12.0,0.0,1
87.0,1.0,1.0,0.0,2.0,2.0,0.0,21.0,5.0,0.23809523809523808,3.7081898619452174,0.0,3.0,18.0,25.0,0.0,1.0,0.0,1.0,1.0,0.0,0.0,1.0,290.0,1.0,0.0,4.0,1.0,1.0,0.0,1.0,0.0,3.0,0.0,1.0,1.0,32.0,0.6333945150734608,4.0,3.0,4.0,16.0,12.0,1.0,1280.0,800.0,8.0,0.0,1
45.0,1.0,0.0,1.0,0.0,1.0,0.0,15.0,3.0,0.7045503174822325,2.5177404854525696,0.0,0.0,37.0,1.0,0.0,1.0,0.0,1.0,1.0,0.0,0.0,1.0,37.0,1.0,0.0,4.0,0.0,0.0,0.0,1.0,3.0,3.0,0.0,0.0,1.0,9.0,0.9538378595320509,3.0,1.0,4.0,50.0,11.0,1.0,1280.0,800.0,14.0,1.0,1
80.0,1.0,1.0,0.0,3.0,2.0,1.0,19.0,0.0,0.0,2.852775777478716,0.0,1.0,50.0,39.0,0.0,0.0,0.0,0.0,1.0,0.0,0.0,1.0,340.0,1.0,1.0,1.0,1.0,1.0,0.0,0.0,3.0,3.0,0.0,0.0,1.0,19.0,0.7164033292919775,1.0,4.0,1.0,95.0,9.0,1.0,1280.0,800.0,6.0,0.0,1
76.0,1.0,2.0,0.0,1.0,3.0,1.0,19.0,2.0,0.10526315789473684,3.597041353748477,0.0,0.0,37.0,36.0,1.0,0.0,0.0,0.0,1.0,0.0,0.0,1.0,110.0,1.0,0.0,9.0,0.0,0.0,1.0,1.0,3.0,3.0,0.0,0.0,1.0,44.0,0.7866092100103425,4.0,3.0,9.0,119.0,14.0,1.0,1280.0,800.0,2.0,0.0,1
80.0,1.0,0.0,0.0,1.0,1.0,1.0,20.0,8.0,0.4,3.4489502896788116,0.0,0.0,52.0,42.0,0.0,1.0,0.0,1.0,1.0,0.0,0.0,1.0,210.0,1.0,1.0,5.0,0.0,0.0,0.0,1.0,0.0,1.0,1.0,1.0,1.0,9.0,0.79095968338823,5.0,3.0,5.0,97.0,9.0,1.0,1280.0,800.0,7.0,0.0,1
42.0,0.0,2.0,0.0,2.0,3.0,1.0,12.0,2.0,0.16666666666666666,3.690750981975921,0.0,0.0,48.0,31.0,0.0,1.0,0.0,1.0,0.0,0.0,0.0,0.0,241.0,1.0,0.0,7.0,0.0,0.0,1.0,1.0,0.0,4.0,0.0,0.0,1.0,15.0,0.20536782238780263,4.0,5.0,7.0,22.0,2.0,1.0,1280.0,800.0,0.0,1.0,1
63.0,0.0,1.0,0.0,4.0,2.0,0.0,20.0,5.0,0.25,3.598768980104636,0.0,0.0,27.0,10.0,0.0,1.0,0.0,1.0,0.0,0.0,0.0,0.0,264.0,2.0,1.0,10.0,1.0,1.0,0.0,0.0,1.0,3.0,1.0,1.0,1.0,18.0,0.1172521062452752,4.0,3.0,10.0,104.0,2.0,1.0,1280.0,800.0,9.0,1.0,1
79.0,1.0,2.0,0.0,2.0,3.0,1.0,10.0,5.0,0.5,3.7157919992659023,0.0,2.0,37.0,34.0,1.0,1.0,0.0,1.0,1.0,0.0,0.0,1.0,228.0,2.0,6.0,10.0,1.0,1.0,0.0,0.0,1.0,1.0,0.0,1.0,1.0,25.0,0.836418741504304,1.0,3.0,10.0,62.0,1.0,1.0,1280.0,800.0,10.0,0.0,1
36.0,1.0,0.0,0.0,1.0,1.0,0.0,15.0,0.0,0.0,3.275085130497277,1.0,0.0,34.0,4.0,0.0,1.0,0.0,1.0,1.0,0.0,0.0,1.0,152.0,1.0,0.0,1.0,1.0,1.0,0.0,0.0,1.0,3.0,1.0,1.0,1.0,40.0,0.887935904432864,4.0,3.0,1.0,32.0,8.0,1.0,1280.0,800.0,6.0,0.0,1
92.0,1.0,2.0,0.0,3.0,3.0,0.0,15.0,0.0,0.0,3.80784606042812,0.0,0.0,13.0,2.0,0.0,0.0,0.0,0.0,1.0,0.0,0.0,1.0,334.0,1.0,1.0,4.0,0.0,1.0,0.0,0.0,14.0,3.0,1.0,0.0,1.0,34.0,0.8213997830933504,4.0,1.0,4.0,37.0,12.0,1.0,1280.0,800.0,11.0,0.0,1
66.0,1.0,1.0,0.0,3.0,2.0,0.0,16.0,2.0,0.125,3.613329762665701,0.0,1.0,19.0,42.0,0.0,1.0,0.0,1.0,1.0,0.0,0.0,1.0,100.0,1.0,0.0,4.0,0.0,0.0,0.0,0.0,15.0,1.0,0.0,0.0,0.0,42.0,0.6370697048433077,4.0,1.0,4.0,8.0,6.0,0.0,1280.0,800.0,14.0,1.0,1
55.0,1.0,0.0,0.0,4.0,1.0,0.0,18.0,8.0,0.4444444444444444,3.2658595598122755,0.0,0.0,20.0,26.0,0.0,1.0,0.0,1.0,1.0,0.0,0.0,1.0,249.0,1.0,1.0,5.0,1.0,0.0,1.0,0.0,6.0,1.0,1.0,0.0,1.0,25.0,0.7856243381796743,2.0,1.0,5.0,39.0,13.0,1.0,1280.0,800.0,2.0,0.0,1
73.0,0.0,2.0,0.0,2.0,3.0,0.0,18.0,6.0,0.7006270106317278,3.6760539132031966,0.0,0.0,27.0,37.0,0.0,0.0,0.0,0.0,0.0,0.0,0.0,0.0,120.0,1.0,0.0,7.0,1.0,1.0,0.0,0.0,4.0,3.0,1.0,0.0,1.0,16.0,0.21667823774684322,5.0,3.0,7.0,105.0,2.0,1.0,1280.0,800.0,5.0,0.0,1
59.0,1.0,1.0,0.0,1.0,2.0,1.0,19.0,10.0,0.5263157894736842,3.2000944456536633,0.0,1.0,53.0,17.0,1.0,1.0,0.0,1.0,1.0,0.0,0.0,1.0,140.0,1.0,1.0,2.0,1.0,1.0,0.0,0.0,4.0,3.0,0.0,0.0,1.0,9.0,0.7918075956747206,7.0,5.0,2.0,40.0,0.0,1.0,1280.0,800.0,14.0,1.0,1
85.0,1.0,1.0,0.0,1.0,2.0,1.0,23.0,5.0,0.21739130434782608,2.824049019328761,0.0,2.0,18.0,27.0,0.0,1.0,0.0,1.0,1.0,0.0,0.0,1.0,37.0,2.0,0.0,6.0,1.0,1.0,0.0,0.0,1.0,2.0,0.0,0.0,1.0,26.0,0.6644155513370313,6.0,4.0,6.0,97.0,8.0,1.0,1280.0,800.0,13.0,0.0,1
90.0,1.0,1.0,0.0,1.0,2.0,1.0,15.0,8.0,0.5333333333333333,3.285294615833089,0.0,2.0,46.0,13.0,0.0,1.0,0.0,1.0,1.0,0.0,0.0,1.0,336.0,2.0,0.0,5.0,0.0,1.0,2.0,1.0,4.0,3.0,1.0,1.0,1.0,30.0,0.938972422222053,7.0,4.0,5.0,62.0,13.0,1.0,1280.0,800.0,1.0,0.0,1
49.0,0.0,0.0,1.0,0.0,1.0,0.0,15.0,3.0,0.7170779651253988,2.7583519256693783,0.0,1.0,53.0,7.0,0.0,0.0,0.0,0.0,0.0,0.0,0.0,0.0,204.0,1.0,0.0,11.0,0.0,1.0,0.0,1.0,0.0,1.0,0.0,0.0,1.0,43.0,0.19086526791822972,3.0,5.0,11.0,5.0,2.0,1.0,1280.0,800.0,13.0,0.0,1
69.0,0.0,1.0,0.0,1.0,2.0,0.0,27.0,5.0,0.18518518518518517,3.3539390671083718,0.0,3.0,17.0,35.0,0.0,1.0,0.0,1.0,0.0,0.0,0.0,0.0,68.0,1.0,6.0,6.0,1.0,0.0,0.0,0.0,3.0,3.0,1.0,1.0,1.0,35.0,0.04647596979647127,6.0,5.0,6.0,21.0,14.0,1.0,1280.0,800.0,6.0,1.0,1
73.0,1.0,0.0,1.0,0.0,1.0,0.0,15.0,3.0,0.6422684488515505,3.0162147963784958,0.0,1.0,55.0,32.0,0.0,1.0,0.0,1.0,1.0,0.0,0.0,1.0,266.0,1.0,0.0,6.0,1.0,1.0,0.0,0.0,3.0,2.0,0.0,1.0,1.0,14.0,0.808753247055785,7.0,4.0,6.0,100.0,13.0,1.0,1280.0,800.0,13.0,0.0,1
71.0,0.0,2.0,0.0,4.0,3.0,0.0,20.0,2.0,0.1,2.8514842427630676,0.0,0.0,26.0,39.0,0.0,0.0,0.0,0.0,0.0,0.0,0.0,0.0,105.0,1.0,0.0,11.0,1.0,1.0,0.0,1.0,2.0,1.0,1.0,0.0,1.0,19.0,0.18072262540653394,1.0,3.0,11.0,30.0,4.0,1.0,1280.0,800.0,3.0,0.0,1
46.0,1.0,0.0,0.0,1.0,1.0,1.0,20.0,0.0,0.0,3.0840275052907806,0.0,1.0,56.0,32.0,0.0,1.0,0.0,1.0,0.0,0.0,0.0,0.0,139.0,1.0,0.0,9.0,1.0,1.0,2.0,2.0,2.0,3.0,0.0,0.0,1.0,22.0,0.9937671789164975,7.0,4.0,9.0,9.0,1.0,1.0,1280.0,800.0,12.0,0.0,1
49.0,1.0,0.0,1.0,0.0,1.0,0.0,15.0,3.0,0.7584410348287458,3.081652914798963,0.0,0.0,24.0,16.0,0.0,1.0,0.0,1.0,1.0,0.0,0.0,1.0,253.0,1.0,0.0,11.0,0.0,1.0,1.0,0.0,4.0,2.0,0.0,0.0,1.0,9.0,0.7051321249135307,3.0,4.0,11.0,37.0,2.0,1.0,1280.0,800.0,8.0,0.0,1
90.0,1.0,2.0,0.0,2.0,3.0,1.0,20.0,5.0,0.25,2.927850965661442,0.0,1.0,7.0,34.0,0.0,0.0,0.0,0.0,1.0,0.0,0.0,1.0,293.0,1.0,0.0,7.0,1.0,1.0,0.0,0.0,1.0,2.0,1.0,1.0,1.0,43.0,0.9034947962613663,6.0,5.0,7.0,41.0,8.0,1.0,1280.0,800.0,2.0,0.0,1
46.0,0.0,0.0,1.0,0.0,1.0,0.0,15.0,3.0,0.6072831644546957,2.919025859760569,0.0,0.0,59.0,43.0,0.0,1.0,0.0,1.0,0.0,0.0,0.0,0.0,65.0,1.0,0.0,7.0,1.0,1.0,0.0,0.0,1.0,3.0,0.0,0.0,1.0,9.0,0.23223266458639222,5.0,2.0,7.0,46.0,0.0,1.0,1280.0,800.0,10.0,0.0,1
36.0,1.0,0.0,1.0,0.0,1.0,0.0,15.0,3.0,0.6509784880374386,2.8587612491376544,0.0,2.0,34.0,7.0,0.0,0.0,0.0,0.0,1.0,0.0,0.0,1.0,260.0,1.0,0.0,2.0,0.0,1.0,0.0,0.0,4.0,1.0,0.0,0.0,1.0,43.0,0.8604783868397335,1.0,4.0,2.0,45.0,5.0,0.0,1280.0,800.0,9.0,0.0,1
82.0,0.0,1.0,0.0,2.0,2.0,0.0,14.0,2.0,0.14285714285714285,3.5308274788899254,0.0,1.0,56.0,37.0,1.0,0.0,0.0,0.0,0.0,0.0,0.0,0.0,244.0,1.0,0.0,8.0,1.0,0.0,0.0,1.0,0.0,3.0,1.0,1.0,1.0,33.0,0.2563058237132618,1.0,2.0,8.0,38.0,10.0,0.0,1280.0,800.0,1.0,0.0,1
71.0,1.0,0.0,0.0,2.0,1.0,1.0,29.0,12.0,0.6686204128684345,3.6554373574578714,0.0,3.0,5.0,26.0,0.0,1.0,0.0,1.0,1.0,0.0,0.0,1.0,57.0,1.0,0.0,3.0,1.0,1.0,0.0,0.0,0.0,3.0,1.0,0.0,1.0,11.0,0.8271743181037043,5.0,5.0,3.0,109.0,12.0,1.0,1280.0,800.0,12.0,0.0,1
73.0,0.0,2.0,0.0,4.0,3.0,1.0,25.0,8.0,0.32,3.20555668095128,0.0,3.0,22.0,37.0,0.0,1.0,0.0,1.0,0.0,0.0,0.0,0.0,97.0,1.0,6.0,1.0,1.0,1.0,0.0,0.0,3.0,2.0,0.0,0.0,1.0,9.0,0.09752152481803242,7.0,1.0,1.0,102.0,13.0,1.0,1280.0,800.0,14.0,0.0,1
63.0,0.0,2.0,0.0,1.0,3.0,1.0,19.0,0.0,0.0,3.2441512631768763,0.0,0.0,37.0,41.0,0.0,1.0,0.0,1.0,0.0,0.0,0.0,0.0,126.0,1.0,0.0,9.0,1.0,1.0,0.0,1.0,4.0,2.0,0.0,0.0,1.0,20.0,0.25438366855805034,4.0,4.0,9.0,25.0,5.0,1.0,1280.0,800.0,1.0,0.0,1
42.0,1.0,3.0,0.0,2.0,4.0,1.0,23.0,8.0,0.34782608695652173,3.397681998422459,0.0,0.0,25.0,30.0,1.0,1.0,0.0,1.0,1.0,0.0,0.0,1.0,50.0,1.0,1.0,3.0,1.0,1.0,0.0,0.0,2.0,4.0,0.0,0.0,1.0,11.0,0.7366381190759006,1.0,3.0,3.0,41.0,7.0,1.0,1280.0,800.0,13.0,0.0,1
68.0,1.0,1.0,0.0,4.0,2.0,1.0,17.0,5.0,0.29411764705882354,3.515733768474414,0.0,2.0,43.0,16.0,1.0,1.0,0.0,1.0,1.0,0.0,0.0,1.0,187.0,1.0,1.0,4.0,0.0,1.0,0.0,0.0,1.0,2.0,1.0,1.0,1.0,29.0,0.7310005612042647,1.0,5.0,4.0,22.0,6.0,1.0,1280.0,800.0,8.0,0.0,1
66.0,1.0,1.0,0.0,2.0,2.0,1.0,12.0,0.0,0.0,2.8585485833287483,0.0,2.0,22.0,3.0,0.0,1.0,0.0,1.0,1.0,0.0,0.0,1.0,102.0,1.0,0.0,9.0,1.0,0.0,0.0,0.0,3.0,1.0,1.0,0.0,1.0,41.0,0.8357135667306497,6.0,4.0,9.0,2.0,13.0,1.0,1280.0,800.0,7.0,1.0,1
42.0,0.0,0.0,0.0,1.0,1.0,1.0,24.0,14.0,0.6456586537524645,4.14809124256389,0.0,1.0,32.0,44.0,0.0,0.0,0.0,0.0,0.0,0.0,0.0,0.0,164.0,1.0,0.0,9.0,1.0,1.0,0.0,0.0,0.0,1.0,1.0,0.0,1.0,41.0,0.08388433869619853,3.0,4.0,9.0,48.0,13.0,1.0,1280.0,800.0,1.0,0.0,1
79.0,0.0,0.0,0.0,1.0,1.0,0.0,14.0,0.0,0.0,3.459322022801649,1.0,1.0,49.0,9.0,1.0,1.0,0.0,1.0,0.0,0.0,0.0,0.0,139.0,1.0,0.0,8.0,1.0,0.0,0.0,0.0,1.0,3.0,0.0,1.0,1.0,12.0,0.08489698736001842,1.0,4.0,8.0,35.0,3.0,1.0,1280.0,800.0,3.0,0.0,1
39.0,1.0,2.0,0.0,2.0,3.0,1.0,10.0,2.0,0.2,3.030204679596291,0.0,0.0,6.0,9.0,0.0,1.0,0.0,1.0,1.0,0.0,0.0,1.0,134.0,1.0,1.0,4.0,1.0,0.0,0.0,0.0,4.0,1.0,0.0,0.0,1.0,23.0,0.6418501045533854,2.0,1.0,4.0,90.0,13.0,1.0,1280.0,800.0,8.0,1.0,1
56.0,1.0,1.0,0.0,1.0,2.0,0.0,18.0,8.0,0.4444444444444444,3.0587315620301587,0.0,3.0,5.0,22.0,0.0,0.0,0.0,0.0,1.0,0.0,0.0,1.0,145.0,1.0,0.0,7.0,1.0,1.0,1.0,1.0,2.0,4.0,0.0,1.0,1.0,28.0,0.8182320909017468,7.0,2.0,7.0,16.0,4.0,1.0,1280.0,800.0,7.0,0.0,1
39.0,1.0,2.0,0.0,2.0,3.0,1.0,23.0,10.0,0.6352836563503156,3.2655981568126533,0.0,2.0,12.0,13.0,0.0,0.0,0.0,0.0,1.0,0.0,0.0,1.0,26.0,1.0,1.0,5.0,1.0,0.0,0.0,0.0,2.0,1.0,1.0,1.0,1.0,7.0,0.6917377233004534,5.0,2.0,5.0,105.0,1.0,1.0,1280.0,800.0,5.0,0.0,1
60.0,1.0,1.0,0.0,1.0,2.0,0.0,22.0,0.0,0.0,3.0389840972520625,0.0,0.0,14.0,15.0,0.0,1.0,0.0,1.0,1.0,0.0,0.0,1.0,258.0,1.0,0.0,11.0,1.0,1.0,0.0,0.0,4.0,2.0,1.0,0.0,1.0,35.0,0.8876817724319572,6.0,5.0,11.0,60.0,11.0,1.0,1280.0,800.0,2.0,0.0,1
76.0,1.0,0.0,0.0,3.0,1.0,1.0,13.0,5.0,0.38461538461538464,2.9182662273611,0.0,1.0,31.0,9.0,0.0,1.0,0.0,1.0,1.0,0.0,0.0,1.0,273.0,1.0,6.0,1.0,1.0,1.0,1.0,1.0,2.0,4.0,0.0,0.0,1.0,13.0,0.6541354690696198,1.0,3.0,1.0,28.0,8.0,1.0,1280.0,800.0,11.0,0.0,1
68.0,1.0,2.0,0.0,2.0,3.0,0.0,22.0,2.0,0.09090909090909091,3.444665747970571,0.0,0.0,8.0,18.0,0.0,0.0,0.0,0.0,1.0,0.0,0.0,1.0,39.0,1.0,0.0,11.0,0.0,0.0,0.0,1.0,3.0,1.0,1.0,1.0,1.0,7.0,0.9654100557584726,4.0,3.0,11.0,58.0,4.0,1.0,1280.0,800.0,9.0,1.0,1
55.0,1.0,0.0,0.0,3.0,1.0,1.0,14.0,2.0,0.14285714285714285,3.061215353886077,0.0,0.0,21.0,2.0,0.0,0.0,0.0,0.0,1.0,0.0,0.0,1.0,74.0,1.0,1.0,2.0,0.0,0.0,0.0,0.0,0.0,1.0,0.0,1.0,0.0,12.0,0.6748319592614411,6.0,4.0,2.0,35.0,7.0,1.0,1280.0,800.0,0.0,0.0,1
89.0,0.0,2.0,0.0,4.0,3.0,0.0,25.0,2.0,0.08,3.872810951553154,0.0,0.0,42.0,39.0,0.0,0.0,0.0,0.0,0.0,0.0,0.0,0.0,295.0,1.0,1.0,5.0,1.0,1.0,2.0,1.0,0.0,4.0,0.0,0.0,1.0,40.0,0.18461002254279735,5.0,2.0,5.0,64.0,7.0,1.0,1280.0,800.0,4.0,0.0,1
78.0,1.0,1.0,0.0,2.0,2.0,0.0,12.0,8.0,0.6666666666666666,3.0437728369192896,0.0,0.0,45.0,44.0,0.0,0.0,0.0,0.0,1.0,0.0,0.0,1.0,15.0,2.0,0.0,5.0,1.0,1.0,1.0,0.0,4.0,4.0,0.0,0.0,1.0,31.0,0.8409761524117243,7.0,2.0,5.0,28.0,6.0,1.0,1280.0,800.0,13.0,0.0,1
44.0,1.0,0.0,0.0,2.0,1.0,0.0,24.0,5.0,0.20833333333333334,3.24346061940983,0.0,1.0,32.0,16.0,1.0,0.0,0.0,0.0,1.0,0.0,0.0,1.0,22.0,1.0,0.0,10.0,1.0,1.0,0.0,0.0,2.0,1.0,1.0,1.0,1.0,13.0,0.6634888203176408,3.0,4.0,10.0,119.0,12.0,1.0,1280.0,800.0,14.0,0.0,1
64.0,1.0,0.0,1.0,0.0,1.0,0.0,15.0,3.0,0.6272931255371951,2.920924396651202,0.0,0.0,56.0,6.0,0.0,0.0,0.0,0.0,1.0,0.0,0.0,1.0,93.0,1.0,0.0,8.0,1.0,1.0,0.0,0.0,4.0,2.0,0.0,0.0,1.0,44.0,0.6236491044019228,7.0,1.0,8.0,17.0,10.0,1.0,1280.0,800.0,0.0,1.0,1
50.0,1.0,0.0,1.0,0.0,1.0,0.0,15.0,3.0,0.7487388080819847,2.9130358873535425,0.0,0.0,59.0,39.0,1.0,0.0,0.0,0.0,1.0,0.0,0.0,1.0,328.0,1.0,1.0,10.0,1.0,1.0,0.0,0.0,4.0,3.0,1.0,1.0,1.0,28.0,0.900390624559581,4.0,4.0,10.0,53.0,3.0,1.0,1280.0,800.0,12.0,0.0,1
57.0,1.0,0.0,0.0,1.0,1.0,0.0,25.0,5.0,0.2,3.470165537443015,0.0,0.0,13.0,19.0,0.0,1.0,0.0,1.0,1.0,0.0,0.0,1.0,100.0,1.0,1.0,5.0,1.0,1.0,0.0,0.0,4.0,2.0,1.0,0.0,1.0,26.0,0.9921896771833176,7.0,1.0,5.0,73.0,13.0,1.0,1280.0,800.0,9.0,0.0,1
56.0,1.0,2.0,0.0,3.0,3.0,0.0,23.0,8.0,0.34782608695652173,2.8923746340003165,0.0,1.0,27.0,12.0,1.0,0.0,0.0,0.0,1.0,0.0,0.0,1.0,162.0,1.0,0.0,8.0,1.0,1.0,0.0,0.0,4.0,3.0,1.0,0.0,1.0,21.0,0.785117904946883,1.0,2.0,8.0,4.0,9.0,1.0,1280.0,800.0,8.0,0.0,1
56.0,1.0,3.0,0.0,1.0,4.0,0.0,24.0,5.0,0.20833333333333334,3.1280669418279015,0.0,1.0,15.0,36.0,0.0,0.0,0.0,0.0,0.0,1.0,1.0,0.0,34.0,1.0,6.0,2.0,1.0,0.0,1.0,0.0,14.0,2.0,0.0,0.0,1.0,36.0,0.7175079585891806,4.0,3.0,2.0,72.0,14.0,1.0,1280.0,800.0,8.0,0.0,1
86.0,1.0,0.0,1.0,0.0,1.0,0.0,15.0,3.0,0.7448769862681103,2.9261318321096863,0.0,1.0,49.0,27.0,0.0,0.0,0.0,0.0,1.0,0.0,0.0,1.0,323.0,1.0,0.0,7.0,0.0,1.0,0.0,0.0,2.0,2.0,0.0,1.0,1.0,7.0,0.612100139707305,4.0,3.0,7.0,55.0,3.0,1.0,1280.0,800.0,11.0,1.0,1
47.0,0.0,1.0,0.0,1.0,2.0,1.0,20.0,2.0,0.1,3.5530475940915425,0.0,1.0,43.0,36.0,0.0,0.0,0.0,0.0,0.0,0.0,0.0,0.0,27.0,1.0,6.0,9.0,1.0,1.0,0.0,0.0,1.0,4.0,0.0,0.0,1.0,40.0,0.21940437190349976,2.0,3.0,9.0,93.0,11.0,1.0,1280.0,800.0,14.0,0.0,1
64.0,1.0,1.0,0.0,2.0,2.0,1.0,25.0,5.0,0.2,3.4630979677690408,0.0,0.0,43.0,20.0,0.0,1.0,0.0,1.0,1.0,0.0,0.0,1.0,212.0,1.0,0.0,4.0,0.0,0.0,0.0,0.0,2.0,2.0,1.0,1.0,0.0,44.0,0.6197880781266526,3.0,3.0,4.0,68.0,7.0,1.0,1280.0,800.0,5.0,0.0,1
43.0,1.0,1.0,0.0,3.0,2.0,1.0,11.0,5.0,0.45454545454545453,3.494413365257152,0.0,0.0,13.0,16.0,0.0,0.0,0.0,0.0,1.0,0.0,0.0,1.0,318.0,1.0,0.0,1.0,0.0,1.0,2.0,2.0,4.0,4.0,0.0,0.0,1.0,30.0,0.7712041512524336,3.0,2.0,1.0,117.0,2.0,1.0,1280.0,800.0,8.0,0.0,1
58.0,1.0,1.0,0.0,1.0,2.0,1.0,16.0,5.0,0.3125,3.6486840323150704,0.0,0.0,21.0,1.0,0.0,0.0,0.0,0.0,1.0,0.0,0.0,1.0,283.0,1.0,0.0,4.0,1.0,1.0,0.0,0.0,1.0,2.0,1.0,1.0,1.0,9.0,0.7411560952951602,5.0,4.0,4.0,3.0,4.0,1.0,1280.0,800.0,11.0,0.0,1
47.0,1.0,3.0,0.0,2.0,4.0,0.0,11.0,5.0,0.45454545454545453,3.0232975388860015,0.0,0.0,35.0,26.0,0.0,0.0,0.0,0.0,1.0,0.0,0.0,1.0,139.0,1.0,0.0,3.0,0.0,1.0,0.0,1.0,3.0,2.0,1.0,1.0,1.0,20.0,0.6756183114807949,7.0,5.0,3.0,39.0,1.0,1.0,1280.0,800.0,6.0,0.0,1
91.0,0.0,0.0,1.0,0.0,1.0,0.0,15.0,3.0,0.6252133890475062,3.0739671627420733,0.0,1.0,52.0,13.0,1.0,0.0,0.0,0.0,0.0,0.0,0.0,0.0,139.0,1.0,0.0,8.0,1.0,1.0,0.0,1.0,1.0,1.0,0.0,1.0,1.0,8.0,0.1386157726356774,5.0,4.0,8.0,25.0,6.0,0.0,1280.0,800.0,7.0,0.0,1
43.0,1.0,0.0,1.0,0.0,1.0,0.0,15.0,3.0,0.6258281140820109,2.698900917826173,0.0,0.0,44.0,32.0,0.0,1.0,0.0,1.0,0.0,0.0,0.0,0.0,227.0,1.0,0.0,5.0,1.0,1.0,0.0,0.0,1.0,1.0,0.0,0.0,1.0,42.0,0.7041756956938063,3.0,2.0,5.0,87.0,8.0,1.0,1280.0,800.0,6.0,0.0,1
49.0,1.0,2.0,0.0,2.0,3.0,0.0,24.0,5.0,0.20833333333333334,3.6043115675399138,0.0,0.0,13.0,31.0,0.0,0.0,0.0,0.0,1.0,0.0,0.0,1.0,28.0,1.0,0.0,1.0,1.0,1.0,0.0,0.0,4.0,2.0,0.0,0.0,1.0,40.0,0.7519673024603811,5.0,2.0,1.0,61.0,10.0,1.0,1280.0,800.0,0.0,1.0,1
55.0,1.0,1.0,0.0,2.0,2.0,1.0,19.0,2.0,0.10526315789473684,3.493063228731728,0.0,1.0,44.0,39.0,0.0,1.0,0.0,1.0,0.0,1.0,1.0,0.0,298.0,1.0,0.0,5.0,1.0,1.0,0.0,1.0,0.0,3.0,0.0,0.0,1.0,20.0,0.6370987717824769,2.0,1.0,5.0,23.0,1.0,1.0,1280.0,800.0,14.0,1.0,1
49.0,1.0,1.0,0.0,3.0,2.0,0.0,23.0,2.0,0.08695652173913043,3.29904261069151,0.0,0.0,22.0,6.0,0.0,0.0,0.0,0.0,1.0,0.0,0.0,1.0,87.0,1.0,0.0,6.0,1.0,0.0,0.0,0.0,0.0,4.0,1.0,0.0,1.0,15.0,0.775791457801106,4.0,5.0,6.0,33.0,4.0,1.0,1280.0,800.0,2.0,0.0,1
90.0,1.0,2.0,0.0,4.0,3.0,1.0,20.0,5.0,0.25,3.7003474324690036,0.0,1.0,45.0,14.0,0.0,1.0,0.0,1.0,1.0,0.0,0.0,1.0,249.0,1.0,1.0,6.0,1.0,1.0,0.0,0.0,4.0,2.0,0.0,1.0,1.0,24.0,0.845675372942507,7.0,3.0,6.0,82.0,12.0,1.0,1280.0,800.0,8.0,0.0,1
88.0,1.0,0.0,1.0,0.0,1.0,0.0,15.0,3.0,0.6924484179491971,3.051514186970007,0.0,0.0,48.0,8.0,0.0,0.0,0.0,0.0,1.0,0.0,0.0,1.0,124.0,1.0,1.0,1.0,1.0,0.0,0.0,0.0,3.0,3.0,1.0,0.0,1.0,39.0,0.6452574318476291,1.0,5.0,1.0,8.0,13.0,1.0,1280.0,800.0,5.0,0.0,1
92.0,1.0,1.0,0.0,4.0,2.0,1.0,17.0,2.0,0.11764705882352941,2.83279807837921,0.0,0.0,55.0,35.0,0.0,1.0,0.0,1.0,0.0,1.0,1.0,0.0,23.0,1.0,0.0,6.0,1.0,1.0,1.0,0.0,0.0,4.0,1.0,0.0,1.0,16.0,0.8195796166860604,6.0,3.0,6.0,30.0,1.0,1.0,1280.0,800.0,13.0,0.0,1
81.0,1.0,0.0,0.0,1.0,1.0,1.0,12.0,8.0,0.6666666666666666,2.892204366190957,0.0,1.0,57.0,29.0,1.0,1.0,0.0,1.0,1.0,0.0,0.0,1.0,187.0,1.0,1.0,4.0,1.0,0.0,0.0,0.0,1.0,3.0,1.0,1.0,1.0,34.0,0.8141762975931875,5.0,5.0,4.0,33.0,6.0,1.0,1280.0,800.0,10.0,0.0,1
75.0,1.0,2.0,0.0,4.0,3.0,1.0,14.0,2.0,0.14285714285714285,3.5092543485154737,0.0,2.0,30.0,0.0,0.0,1.0,0.0,1.0,0.0,1.0,1.0,0.0,163.0,1.0,1.0,6.0,0.0,1.0,2.0,1.0,1.0,4.0,0.0,0.0,1.0,10.0,0.9756738298910392,6.0,2.0,6.0,28.0,1.0,1.0,1280.0,800.0,5.0,0.0,1
35.0,1.0,1.0,0.0,1.0,2.0,0.0,23.0,8.0,0.34782608695652173,3.5255576019179955,0.0,0.0,51.0,42.0,0.0,0.0,0.0,0.0,1.0,0.0,0.0,1.0,293.0,1.0,1.0,4.0,1.0,1.0,1.0,1.0,4.0,4.0,0.0,0.0,1.0,30.0,0.7742617130104,5.0,1.0,4.0,21.0,1.0,1.0,1280.0,800.0,2.0,0.0,1
71.0,1.0,2.0,0.0,1.0,3.0,0.0,18.0,5.0,0.2777777777777778,3.3534361065160567,0.0,0.0,7.0,14.0,1.0,0.0,0.0,0.0,1.0,0.0,0.0,1.0,95.0,1.0,1.0,7.0,1.0,1.0,1.0,0.0,0.0,4.0,1.0,1.0,1.0,23.0,0.8781528124604548,1.0,5.0,7.0,53.0,12.0,1.0,1280.0,800.0,8.0,0.0,1
76.0,1.0,2.0,0.0,3.0,3.0,1.0,19.0,9.0,0.6041439585645385,4.040603376553005,0.0,2.0,17.0,9.0,0.0,0.0,0.0,0.0,1.0,0.0,0.0,1.0,138.0,1.0,0.0,5.0,1.0,0.0,0.0,1.0,3.0,1.0,1.0,0.0,1.0,28.0,0.7988703578562998,6.0,2.0,5.0,45.0,0.0,0.0,1280.0,800.0,3.0,0.0,1
58.0,0.0,0.0,0.0,2.0,1.0,1.0,21.0,8.0,0.38095238095238093,3.184346884301661,0.0,2.0,18.0,35.0,0.0,0.0,0.0,0.0,0.0,0.0,0.0,0.0,136.0,1.0,0.0,2.0,1.0,0.0,0.0,0.0,2.0,3.0,0.0,0.0,1.0,35.0,0.2819308047583478,5.0,5.0,2.0,97.0,7.0,1.0,1280.0,800.0,13.0,1.0,1
78.0,1.0,1.0,0.0,4.0,2.0,0.0,21.0,0.0,0.0,2.8492790997920014,0.0,0.0,52.0,44.0,0.0,0.0,0.0,0.0,1.0,0.0,0.0,1.0,278.0,1.0,0.0,7.0,1.0,1.0,1.0,1.0,2.0,3.0,0.0,0.0,1.0,39.0,0.9531367390357162,5.0,3.0,7.0,85.0,14.0,1.0,1280.0,800.0,2.0,0.0,1
94.0,1.0,0.0,1.0,0.0,1.0,0.0,15.0,3.0,0.6748255710391485,2.645223458760967,0.0,1.0,28.0,30.0,0.0,0.0,0.0,0.0,1.0,0.0,0.0,1.0,269.0,1.0,1.0,10.0,1.0,1.0,0.0,0.0,0.0,3.0,0.0,1.0,1.0,40.0,0.675173529589485,3.0,3.0,10.0,1.0,14.0,1.0,1280.0,800.0,4.0,0.0,1
37.0,0.0,2.0,0.0,2.0,3.0,0.0,11.0,8.0,0.7272727272727273,3.4001021976443613,0.0,1.0,55.0,40.0,0.0,0.0,0.0,0.0,0.0,0.0,0.0,0.0,60.0,1.0,0.0,1.0,1.0,1.0,0.0,1.0,2.0,3.0,0.0,0.0,1.0,29.0,0.20204904555557915,1.0,1.0,1.0,116.0,12.0,1.0,1280.0,800.0,5.0,0.0,1
69.0,0.0,0.0,0.0,2.0,1.0,0.0,12.0,0.0,0.0,3.348458144710747,1.0,0.0,45.0,11.0,1.0,1.0,0.0,1.0,0.0,0.0,0.0,0.0,330.0,1.0,0.0,10.0,0.0,1.0,0.0,0.0,2.0,3.0,0.0,1.0,1.0,21.0,0.10601303883721142,4.0,1.0,10.0,17.0,13.0,1.0,1280.0,800.0,0.0,0.0,1
83.0,0.0,0.0,0.0,3.0,1.0,1.0,18.0,2.0,0.1111111111111111,3.3115125291571,0.0,0.0,56.0,33.0,0.0,1.0,0.0,1.0,0.0,0.0,0.0,0.0,140.0,1.0,0.0,8.0,0.0,1.0,2.0,1.0,0.0,5.0,0.0,0.0,1.0,31.0,0.16699199781230095,7.0,2.0,8.0,4.0,6.0,1.0,1280.0,800.0,0.0,0.0,1
57.0,1.0,1.0,0.0,1.0,2.0,0.0,17.0,8.0,0.47058823529411764,3.3364499231619007,0.0,0.0,35.0,30.0,0.0,0.0,0.0,0.0,1.0,0.0,0.0,1.0,341.0,1.0,6.0,2.0,1.0,0.0,0.0,0.0,14.0,3.0,0.0,1.0,1.0,11.0,0.9423017130648645,1.0,2.0,2.0,116.0,0.0,1.0,1280.0,800.0,13.0,1.0,1
88.0,1.0,1.0,0.0,1.0,2.0,0.0,17.0,2.0,0.11764705882352941,3.3086577127081487,0.0,0.0,38.0,1.0,0.0,0.0,0.0,0.0,1.0,0.0,0.0,1.0,309.0,1.0,0.0,1.0,1.0,0.0,1.0,1.0,2.0,2.0,0.0,0.0,1.0,32.0,0.8700220852757983,6.0,1.0,1.0,28.0,4.0,1.0,1280.0,800.0,0.0,0.0,1
88.0,1.0,1.0,0.0,1.0,2.0,1.0,18.0,5.0,0.2777777777777778,3.0179006110022515,0.0,2.0,7.0,25.0,0.0,0.0,0.0,0.0,0.0,0.0,0.0,0.0,319.0,1.0,0.0,6.0,1.0,0.0,0.0,0.0,8.0,2.0,0.0,1.0,1.0,28.0,0.8947482252994767,3.0,5.0,6.0,113.0,3.0,1.0,1280.0,800.0,7.0,0.0,1
70.0,1.0,1.0,0.0,1.0,2.0,0.0,23.0,0.0,0.0,3.1917928459090517,0.0,0.0,54.0,15.0,0.0,0.0,0.0,0.0,1.0,0.0,0.0,1.0,47.0,1.0,0.0,7.0,0.0,1.0,0.0,0.0,1.0,1.0,1.0,1.0,1.0,26.0,0.840187977125827,6.0,4.0,7.0,8.0,0.0,1.0,1280.0,800.0,13.0,0.0,1
35.0,0.0,0.0,0.0,3.0,1.0,1.0,22.0,5.0,0.22727272727272727,3.5724832470682415,0.0,0.0,19.0,12.0,0.0,1.0,0.0,1.0,0.0,0.0,0.0,0.0,208.0,1.0,0.0,7.0,0.0,0.0,2.0,1.0,0.0,5.0,0.0,0.0,1.0,31.0,0.13376345816872867,1.0,5.0,7.0,85.0,4.0,1.0,1280.0,800.0,8.0,0.0,1
69.0,1.0,0.0,0.0,4.0,1.0,1.0,22.0,0.0,0.0,3.0437500268646884,0.0,2.0,17.0,37.0,0.0,1.0,0.0,1.0,1.0,0.0,0.0,1.0,188.0,1.0,1.0,8.0,1.0,1.0,1.0,2.0,3.0,4.0,1.0,0.0,1.0,30.0,0.8996756871373255,5.0,2.0,8.0,95.0,13.0,1.0,1280.0,800.0,8.0,0.0,1
70.0,1.0,1.0,0.0,1.0,2.0,0.0,14.0,10.0,0.7142857142857143,3.715663321782266,0.0,1.0,51.0,3.0,1.0,1.0,0.0,1.0,1.0,0.0,0.0,1.0,56.0,1.0,1.0,10.0,1.0,1.0,0.0,0.0,1.0,3.0,1.0,0.0,1.0,25.0,0.9973370911936661,6.0,5.0,10.0,25.0,5.0,1.0,1280.0,800.0,7.0,1.0,1
82.0,1.0,0.0,0.0,4.0,1.0,0.0,21.0,5.0,0.23809523809523808,3.401798092949387,0.0,1.0,41.0,36.0,0.0,1.0,0.0,1.0,1.0,0.0,0.0,1.0,236.0,1.0,0.0,1.0,1.0,0.0,0.0,1.0,12.0,1.0,0.0,0.0,1.0,42.0,0.7153863290781773,2.0,1.0,1.0,64.0,1.0,1.0,1280.0,800.0,7.0,0.0,1
82.0,1.0,3.0,0.0,4.0,4.0,1.0,22.0,0.0,0.0,3.88051616420055,0.0,1.0,42.0,12.0,1.0,1.0,0.0,1.0,0.0,0.0,0.0,0.0,52.0,1.0,0.0,5.0,1.0,1.0,0.0,0.0,3.0,2.0,1.0,0.0,1.0,33.0,0.7127217868762922,4.0,2.0,5.0,58.0,3.0,1.0,1280.0,800.0,9.0,0.0,1
82.0,1.0,0.0,1.0,0.0,1.0,0.0,15.0,3.0,0.7500077521714067,2.6676231610365164,0.0,1.0,26.0,42.0,0.0,1.0,0.0,1.0,1.0,0.0,0.0,1.0,205.0,1.0,1.0,6.0,1.0,1.0,0.0,0.0,4.0,2.0,1.0,0.0,1.0,17.0,0.6422894379020094,7.0,5.0,6.0,113.0,4.0,1.0,1280.0,800.0,0.0,0.0,1
87.0,1.0,0.0,0.0,3.0,1.0,0.0,16.0,6.0,0.5162768922793225,3.610022653004419,0.0,1.0,56.0,31.0,0.0,0.0,0.0,0.0,1.0,0.0,0.0,1.0,212.0,1.0,0.0,8.0,1.0,0.0,0.0,0.0,3.0,3.0,0.0,0.0,1.0,14.0,0.7341534830277725,5.0,2.0,8.0,53.0,1.0,1.0,1280.0,800.0,5.0,0.0,1
81.0,1.0,3.0,0.0,2.0,4.0,0.0,14.0,2.0,0.14285714285714285,3.8610516247441655,0.0,0.0,17.0,1.0,0.0,0.0,0.0,0.0,1.0,0.0,0.0,1.0,196.0,1.0,0.0,7.0,1.0,1.0,0.0,0.0,8.0,3.0,1.0,0.0,1.0,41.0,0.6907369615576309,7.0,5.0,7.0,73.0,9.0,1.0,1280.0,800.0,13.0,0.0,1
87.0,1.0,1.0,0.0,2.0,2.0,0.0,21.0,0.0,0.0,3.311672123044063,1.0,0.0,41.0,5.0,0.0,1.0,0.0,1.0,1.0,0.0,0.0,1.0,83.0,1.0,6.0,7.0,1.0,1.0,0.0,0.0,4.0,2.0,1.0,0.0,1.0,42.0,0.6608976285254847,3.0,4.0,7.0,104.0,9.0,0.0,1280.0,800.0,13.0,0.0,1
48.0,1.0,2.0,0.0,3.0,3.0,0.0,25.0,6.0,0.5284225464614365,3.7601356293934094,0.0,0.0,20.0,27.0,0.0,1.0,0.0,1.0,1.0,0.0,0.0,1.0,292.0,1.0,1.0,2.0,1.0,1.0,0.0,1.0,1.0,1.0,0.0,0.0,1.0,43.0,0.6251974836710504,4.0,1.0,2.0,116.0,4.0,0.0,1280.0,800.0,0.0,0.0,1
85.0,1.0,1.0,0.0,2.0,2.0,1.0,15.0,8.0,0.5333333333333333,3.0389558671815564,0.0,1.0,24.0,3.0,0.0,1.0,0.0,1.0,1.0,0.0,0.0,1.0,174.0,1.0,0.0,4.0,1.0,1.0,0.0,0.0,1.0,1.0,1.0,0.0,1.0,41.0,0.8154024508722525,6.0,5.0,4.0,29.0,13.0,1.0,1280.0,800.0,6.0,1.0,1
40.0,1.0,3.0,0.0,1.0,4.0,0.0,22.0,0.0,0.0,3.3825661086673047,0.0,0.0,53.0,26.0,0.0,0.0,0.0,0.0,1.0,0.0,0.0,1.0,126.0,1.0,1.0,1.0,0.0,0.0,0.0,0.0,1.0,1.0,1.0,1.0,0.0,34.0,0.7118512190968075,3.0,3.0,1.0,94.0,12.0,1.0,1280.0,800.0,2.0,0.0,1
50.0,1.0,2.0,0.0,2.0,3.0,0.0,15.0,0.0,0.0,3.2589610046951103,0.0,1.0,5.0,32.0,1.0,0.0,0.0,0.0,1.0,0.0,0.0,1.0,246.0,2.0,0.0,9.0,1.0,1.0,1.0,1.0,2.0,5.0,1.0,0.0,1.0,26.0,0.9039025337768128,5.0,2.0,9.0,17.0,1.0,0.0,1280.0,800.0,14.0,0.0,1
44.0,1.0,0.0,0.0,2.0,1.0,0.0,17.0,0.0,0.0,3.476575623980817,1.0,0.0,53.0,42.0,0.0,1.0,0.0,1.0,1.0,0.0,0.0,1.0,275.0,1.0,6.0,8.0,1.0,1.0,1.0,0.0,1.0,2.0,1.0,1.0,1.0,6.0,0.726279389409021,2.0,4.0,8.0,113.0,11.0,1.0,1280.0,800.0,6.0,0.0,1
51.0,1.0,1.0,0.0,2.0,2.0,0.0,10.0,8.0,0.8,3.054015333840399,0.0,0.0,22.0,15.0,1.0,0.0,0.0,0.0,1.0,0.0,0.0,1.0,70.0,1.0,0.0,4.0,1.0,1.0,1.0,0.0,1.0,1.0,1.0,1.0,1.0,12.0,0.9279730995777152,4.0,2.0,4.0,34.0,0.0,1.0,1280.0,800.0,0.0,0.0,1
56.0,1.0,2.0,0.0,2.0,3.0,0.0,25.0,8.0,0.32,3.478677227425359,0.0,0.0,12.0,5.0,1.0,1.0,0.0,1.0,1.0,0.0,0.0,1.0,41.0,1.0,0.0,5.0,1.0,1.0,0.0,0.0,1.0,2.0,1.0,0.0,1.0,12.0,0.9291474215509233,3.0,4.0,5.0,49.0,3.0,1.0,1280.0,800.0,0.0,0.0,1
55.0,0.0,3.0,0.0,1.0,4.0,0.0,25.0,2.0,0.08,2.8137946779645735,0.0,0.0,14.0,42.0,0.0,1.0,0.0,1.0,0.0,0.0,0.0,0.0,333.0,1.0,0.0,4.0,1.0,1.0,0.0,0.0,0.0,1.0,1.0,0.0,1.0,19.0,0.18395111963680574,5.0,5.0,4.0,12.0,14.0,1.0,1280.0,800.0,14.0,0.0,1
55.0,0.0,2.0,0.0,3.0,3.0,1.0,22.0,0.0,0.0,3.872611424601697,0.0,0.0,18.0,3.0,0.0,1.0,0.0,1.0,0.0,0.0,0.0,0.0,308.0,1.0,6.0,10.0,1.0,1.0,0.0,1.0,0.0,1.0,1.0,1.0,1.0,18.0,0.011974016065643356,4.0,3.0,10.0,98.0,7.0,1.0,1280.0,800.0,3.0,0.0,1
74.0,1.0,0.0,0.0,3.0,1.0,1.0,23.0,5.0,0.21739130434782608,3.391395245195503,0.0,0.0,6.0,8.0,0.0,0.0,0.0,0.0,0.0,0.0,1.0,0.0,74.0,1.0,6.0,5.0,1.0,1.0,1.0,0.0,1.0,3.0,0.0,1.0,1.0,39.0,0.6843734395835216,6.0,2.0,5.0,21.0,9.0,1.0,1280.0,800.0,10.0,0.0,1
72.0,1.0,0.0,0.0,2.0,1.0,0.0,18.0,0.0,0.0,3.7163864772189545,1.0,0.0,28.0,17.0,0.0,1.0,0.0,1.0,1.0,0.0,0.0,1.0,180.0,1.0,0.0,10.0,1.0,1.0,1.0,0.0,0.0,1.0,0.0,0.0,1.0,36.0,0.9172851163567255,3.0,2.0,10.0,64.0,12.0,1.0,1280.0,800.0,3.0,0.0,1
53.0,0.0,3.0,0.0,2.0,4.0,0.0,25.0,5.0,0.2,3.679044830707855,0.0,0.0,11.0,11.0,1.0,1.0,0.0,1.0,0.0,0.0,0.0,0.0,171.0,1.0,0.0,2.0,1.0,0.0,1.0,0.0,0.0,1.0,1.0,0.0,1.0,5.0,0.040346595721974444,6.0,3.0,2.0,16.0,11.0,0.0,1280.0,800.0,14.0,0.0,1
49.0,1.0,2.0,0.0,2.0,3.0,1.0,14.0,2.0,0.14285714285714285,2.829328906988808,0.0,1.0,21.0,17.0,0.0,0.0,0.0,0.0,1.0,0.0,0.0,1.0,57.0,1.0,0.0,1.0,1.0,1.0,0.0,1.0,3.0,3.0,1.0,1.0,1.0,18.0,0.8304443642939994,7.0,2.0,1.0,15.0,2.0,1.0,1280.0,800.0,11.0,0.0,1
88.0,1.0,0.0,0.0,1.0,1.0,0.0,18.0,0.0,0.0,3.735477983403618,1.0,1.0,46.0,6.0,0.0,1.0,0.0,1.0,0.0,0.0,1.0,0.0,317.0,1.0,1.0,8.0,1.0,0.0,1.0,0.0,4.0,3.0,0.0,0.0,1.0,8.0,0.8677571105957991,2.0,5.0,8.0,43.0,13.0,0.0,1280.0,800.0,14.0,0.0,1
71.0,1.0,3.0,0.0,4.0,4.0,0.0,11.0,8.0,0.7272727272727273,3.168696306272253,0.0,1.0,29.0,4.0,0.0,1.0,0.0,1.0,1.0,0.0,0.0,1.0,348.0,1.0,0.0,2.0,0.0,1.0,0.0,0.0,15.0,1.0,1.0,1.0,1.0,7.0,0.8906137855029621,1.0,1.0,2.0,20.0,14.0,1.0,1280.0,800.0,6.0,0.0,1
90.0,1.0,1.0,0.0,2.0,2.0,0.0,15.0,0.0,0.0,3.569647083825272,0.0,1.0,22.0,1.0,0.0,1.0,0.0,1.0,1.0,0.0,0.0,1.0,337.0,1.0,0.0,11.0,0.0,0.0,1.0,2.0,2.0,5.0,0.0,0.0,1.0,28.0,0.7815696863446183,2.0,5.0,11.0,28.0,8.0,0.0,1280.0,800.0,7.0,0.0,1
76.0,1.0,0.0,0.0,1.0,1.0,1.0,27.0,6.0,0.5034387532000082,4.012774904484478,0.0,0.0,32.0,22.0,0.0,1.0,0.0,1.0,1.0,0.0,0.0,1.0,62.0,1.0,0.0,2.0,1.0,0.0,0.0,0.0,2.0,2.0,0.0,1.0,1.0,11.0,0.8771750186667553,5.0,1.0,2.0,44.0,13.0,1.0,1280.0,800.0,0.0,0.0,1
86.0,1.0,0.0,1.0,0.0,1.0,0.0,15.0,3.0,0.6625850526799995,2.763904431842292,0.0,0.0,57.0,27.0,0.0,0.0,0.0,0.0,1.0,0.0,0.0,1.0,229.0,2.0,6.0,7.0,0.0,1.0,0.0,0.0,1.0,1.0,0.0,0.0,1.0,9.0,0.7975376009365607,4.0,5.0,7.0,7.0,9.0,1.0,1280.0,800.0,9.0,0.0,1
58.0,1.0,1.0,0.0,1.0,2.0,0.0,13.0,8.0,0.6153846153846154,3.2280622469623905,0.0,0.0,39.0,11.0,0.0,0.0,0.0,0.0,1.0,0.0,0.0,1.0,18.0,1.0,0.0,8.0,1.0,0.0,1.0,2.0,1.0,4.0,1.0,1.0,1.0,37.0,0.7659877831537634,2.0,2.0,8.0,61.0,7.0,1.0,1280.0,800.0,4.0,0.0,1
65.0,1.0,1.0,0.0,1.0,2.0,1.0,12.0,5.0,0.4166666666666667,3.527850520693992,0.0,2.0,6.0,44.0,0.0,1.0,0.0,1.0,1.0,0.0,0.0,1.0,56.0,1.0,0.0,3.0,0.0,1.0,2.0,2.0,3.0,4.0,0.0,1.0,1.0,42.0,0.642304227289882,1.0,2.0,3.0,82.0,11.0,1.0,1280.0,800.0,14.0,0.0,1
59.0,0.0,1.0,0.0,1.0,2.0,0.0,21.0,0.0,0.0,3.3286626889966024,1.0,1.0,53.0,44.0,0.0,1.0,0.0,1.0,0.0,0.0,0.0,0.0,197.0,1.0,0.0,6.0,0.0,1.0,0.0,0.0,3.0,2.0,0.0,1.0,1.0,41.0,0.17231256324127933,1.0,3.0,6.0,6.0,12.0,1.0,1280.0,800.0,1.0,1.0,1
39.0,1.0,2.0,0.0,1.0,3.0,0.0,15.0,0.0,0.0,3.8024789161204486,0.0,1.0,59.0,10.0,0.0,1.0,0.0,1.0,1.0,0.0,0.0,1.0,48.0,1.0,0.0,3.0,1.0,1.0,0.0,1.0,4.0,2.0,0.0,0.0,1.0,31.0,0.751947028755745,4.0,2.0,3.0,32.0,13.0,1.0,1280.0,800.0,5.0,0.0,1
47.0,1.0,1.0,0.0,3.0,2.0,1.0,11.0,5.0,0.45454545454545453,3.462791978642969,0.0,0.0,54.0,31.0,0.0,1.0,0.0,1.0,1.0,0.0,0.0,1.0,191.0,1.0,0.0,10.0,1.0,1.0,1.0,1.0,1.0,5.0,0.0,0.0,1.0,32.0,0.9370641294025287,3.0,2.0,10.0,33.0,1.0,1.0,1280.0,800.0,1.0,0.0,1
90.0,1.0,1.0,0.0,3.0,2.0,1.0,21.0,0.0,0.0,3.800223659221917,0.0,2.0,10.0,25.0,0.0,1.0,0.0,1.0,0.0,0.0,0.0,0.0,75.0,1.0,0.0,5.0,0.0,0.0,0.0,0.0,10.0,3.0,1.0,1.0,0.0,24.0,0.9103204795547332,3.0,2.0,5.0,53.0,10.0,1.0,1280.0,800.0,7.0,0.0,1
79.0,1.0,2.0,0.0,1.0,3.0,1.0,27.0,8.0,0.2962962962962963,3.432330735393092,0.0,2.0,17.0,32.0,0.0,1.0,0.0,1.0,1.0,0.0,0.0,1.0,174.0,1.0,6.0,10.0,1.0,1.0,0.0,1.0,3.0,4.0,0.0,1.0,1.0,40.0,0.9893668362390692,2.0,1.0,10.0,90.0,6.0,1.0,1280.0,800.0,8.0,0.0,1
52.0,1.0,1.0,0.0,4.0,2.0,1.0,16.0,5.0,0.3125,3.464125927706915,0.0,0.0,44.0,6.0,1.0,1.0,0.0,1.0,0.0,0.0,1.0,0.0,56.0,2.0,0.0,9.0,0.0,1.0,0.0,0.0,6.0,1.0,1.0,0.0,1.0,39.0,0.7251893748833613,2.0,4.0,9.0,68.0,14.0,1.0,1280.0,800.0,12.0,0.0,1
71.0,1.0,0.0,0.0,3.0,1.0,1.0,24.0,2.0,0.08333333333333333,3.492630882323645,0.0,2.0,23.0,13.0,0.0,1.0,0.0,1.0,1.0,0.0,0.0,1.0,314.0,1.0,1.0,10.0,1.0,1.0,1.0,1.0,1.0,4.0,1.0,0.0,1.0,23.0,0.758350920660183,5.0,1.0,10.0,1.0,14.0,1.0,1280.0,800.0,4.0,0.0,1
51.0,1.0,1.0,0.0,2.0,2.0,0.0,10.0,0.0,0.0,3.788824150783415,0.0,0.0,50.0,35.0,0.0,0.0,0.0,0.0,1.0,0.0,0.0,1.0,234.0,2.0,1.0,1.0,1.0,1.0,0.0,0.0,1.0,4.0,1.0,0.0,1.0,33.0,0.6162124504761756,6.0,1.0,1.0,97.0,6.0,1.0,1280.0,800.0,1.0,0.0,1
39.0,1.0,1.0,0.0,1.0,2.0,1.0,20.0,5.0,0.25,3.421849782149441,0.0,0.0,28.0,4.0,0.0,0.0,0.0,0.0,1.0,0.0,0.0,1.0,184.0,1.0,1.0,10.0,1.0,1.0,0.0,0.0,1.0,3.0,0.0,0.0,1.0,29.0,0.7919570465469643,3.0,5.0,10.0,73.0,11.0,1.0,1280.0,800.0,6.0,0.0,1
36.0,1.0,1.0,0.0,2.0,2.0,1.0,11.0,2.0,0.18181818181818182,3.635094103002114,0.0,2.0,11.0,36.0,0.0,1.0,0.0,1.0,0.0,0.0,1.0,0.0,208.0,2.0,0.0,5.0,1.0,1.0,0.0,1.0,4.0,2.0,1.0,0.0,1.0,44.0,0.6660211182367741,7.0,4.0,5.0,110.0,2.0,1.0,1280.0,800.0,10.0,0.0,1
81.0,0.0,2.0,0.0,1.0,3.0,0.0,24.0,14.0,0.5768966290844396,3.2575507722465114,0.0,0.0,32.0,35.0,0.0,1.0,0.0,1.0,0.0,0.0,0.0,0.0,96.0,1.0,0.0,11.0,0.0,0.0,0.0,0.0,3.0,3.0,1.0,0.0,0.0,20.0,0.09672588531394449,6.0,2.0,11.0,27.0,9.0,1.0,1280.0,800.0,12.0,1.0,1
76.0,0.0,0.0,1.0,0.0,1.0,0.0,15.0,3.0,0.6180966643407745,2.6165819553562706,0.0,1.0,25.0,10.0,0.0,1.0,0.0,1.0,0.0,0.0,0.0,0.0,302.0,1.0,1.0,4.0,0.0,0.0,0.0,0.0,0.0,1.0,0.0,0.0,0.0,10.0,0.11085960609451911,6.0,2.0,4.0,61.0,5.0,1.0,1280.0,800.0,3.0,0.0,1
52.0,1.0,2.0,0.0,3.0,3.0,0.0,21.0,5.0,0.23809523809523808,3.6083893034002044,0.0,3.0,41.0,25.0,0.0,1.0,0.0,1.0,1.0,0.0,0.0,1.0,294.0,1.0,1.0,4.0,1.0,0.0,0.0,0.0,4.0,3.0,1.0,1.0,1.0,29.0,0.6774258788116075,7.0,4.0,4.0,4.0,5.0,1.0,1280.0,800.0,5.0,0.0,1
52.0,1.0,0.0,0.0,2.0,1.0,1.0,17.0,2.0,0.11764705882352941,2.8547310243629904,0.0,0.0,49.0,17.0,0.0,0.0,0.0,0.0,1.0,0.0,0.0,1.0,341.0,1.0,1.0,9.0,1.0,0.0,1.0,0.0,0.0,3.0,0.0,0.0,1.0,17.0,0.8525717610203258,1.0,5.0,9.0,3.0,14.0,1.0,1280.0,800.0,9.0,0.0,1
61.0,0.0,2.0,0.0,1.0,3.0,1.0,20.0,10.0,0.5,3.342671226201498,0.0,0.0,54.0,35.0,0.0,1.0,0.0,1.0,0.0,0.0,0.0,0.0,302.0,1.0,0.0,5.0,1.0,1.0,0.0,0.0,3.0,3.0,0.0,1.0,1.0,29.0,0.138859926074747,6.0,5.0,5.0,11.0,3.0,1.0,1280.0,800.0,2.0,0.0,1
70.0,0.0,0.0,1.0,0.0,1.0,0.0,15.0,3.0,0.7975460804654271,2.8069892734575945,0.0,0.0,58.0,8.0,0.0,0.0,0.0,0.0,0.0,0.0,0.0,0.0,295.0,1.0,0.0,10.0,0.0,1.0,0.0,0.0,4.0,2.0,0.0,0.0,1.0,25.0,0.22610034111355704,2.0,2.0,10.0,54.0,0.0,1.0,1280.0,800.0,3.0,1.0,1
58.0,1.0,1.0,0.0,3.0,2.0,1.0,22.0,0.0,0.0,3.87497069343097,0.0,0.0,40.0,32.0,0.0,1.0,0.0,1.0,1.0,0.0,0.0,1.0,61.0,1.0,0.0,11.0,1.0,1.0,0.0,0.0,1.0,3.0,0.0,1.0,1.0,44.0,0.6055704103856366,5.0,1.0,11.0,28.0,11.0,1.0,1280.0,800.0,6.0,0.0,1
79.0,1.0,0.0,0.0,2.0,1.0,0.0,15.0,0.0,0.0,3.1210507881264835,1.0,0.0,58.0,14.0,0.0,1.0,0.0,1.0,1.0,0.0,0.0,1.0,36.0,1.0,1.0,4.0,1.0,1.0,0.0,0.0,2.0,3.0,0.0,0.0,1.0,28.0,0.7875985873683131,6.0,2.0,4.0,52.0,9.0,0.0,1280.0,800.0,1.0,0.0,1
52.0,1.0,0.0,1.0,0.0,1.0,0.0,15.0,3.0,0.7938321527820346,2.609997352974947,0.0,0.0,35.0,0.0,1.0,1.0,0.0,1.0,1.0,0.0,0.0,1.0,249.0,2.0,0.0,8.0,1.0,1.0,0.0,0.0,1.0,1.0,0.0,0.0,1.0,17.0,0.7658028388859502,3.0,5.0,8.0,100.0,13.0,1.0,1280.0,800.0,5.0,0.0,1
49.0,1.0,1.0,0.0,1.0,2.0,1.0,20.0,10.0,0.36984960325494093,4.031238883614234,0.0,1.0,17.0,6.0,0.0,0.0,0.0,0.0,1.0,0.0,0.0,1.0,182.0,1.0,1.0,3.0,1.0,0.0,0.0,0.0,4.0,3.0,0.0,0.0,1.0,10.0,0.7809201583701204,7.0,1.0,3.0,112.0,2.0,1.0,1280.0,800.0,12.0,0.0,1
41.0,1.0,1.0,0.0,2.0,2.0,0.0,13.0,5.0,0.38461538461538464,3.3195215794229,0.0,2.0,44.0,20.0,0.0,0.0,0.0,0.0,1.0,0.0,0.0,1.0,89.0,1.0,1.0,11.0,0.0,0.0,2.0,1.0,4.0,5.0,1.0,1.0,1.0,5.0,0.6746419349373958,3.0,3.0,11.0,81.0,8.0,1.0,1280.0,800.0,12.0,0.0,1
64.0,1.0,0.0,1.0,0.0,1.0,0.0,15.0,3.0,0.6436960880665191,2.527539322832775,0.0,2.0,30.0,15.0,0.0,0.0,0.0,0.0,1.0,0.0,0.0,1.0,65.0,2.0,0.0,7.0,1.0,1.0,0.0,0.0,3.0,2.0,1.0,0.0,1.0,35.0,0.9295000965209819,4.0,1.0,7.0,116.0,10.0,1.0,1280.0,800.0,10.0,0.0,1
46.0,1.0,1.0,0.0,1.0,2.0,0.0,11.0,0.0,0.0,3.2855045682131747,0.0,0.0,56.0,14.0,0.0,0.0,0.0,0.0,0.0,0.0,0.0,0.0,227.0,1.0,6.0,8.0,1.0,0.0,2.0,2.0,0.0,3.0,1.0,1.0,1.0,5.0,0.9783886065074743,5.0,5.0,8.0,90.0,10.0,1.0,1280.0,800.0,13.0,0.0,1
41.0,1.0,2.0,0.0,3.0,3.0,1.0,20.0,0.0,0.0,2.8615557985861377,0.0,2.0,17.0,24.0,0.0,1.0,0.0,1.0,0.0,1.0,1.0,0.0,170.0,2.0,0.0,11.0,1.0,0.0,0.0,0.0,14.0,2.0,0.0,0.0,1.0,17.0,0.981318976582366,5.0,3.0,11.0,81.0,4.0,1.0,1280.0,800.0,0.0,0.0,1
58.0,1.0,0.0,0.0,1.0,1.0,0.0,15.0,0.0,0.0,3.630869905088789,1.0,0.0,50.0,25.0,0.0,1.0,0.0,1.0,1.0,0.0,0.0,1.0,181.0,1.0,1.0,2.0,0.0,1.0,0.0,0.0,4.0,1.0,0.0,0.0,1.0,42.0,0.6954501775559672,7.0,4.0,2.0,11.0,1.0,1.0,1280.0,800.0,8.0,0.0,1
42.0,1.0,0.0,1.0,0.0,1.0,0.0,15.0,3.0,0.6066413318517805,3.075144528073842,0.0,0.0,31.0,14.0,0.0,1.0,0.0,1.0,1.0,0.0,0.0,1.0,176.0,1.0,1.0,3.0,1.0,1.0,0.0,0.0,3.0,1.0,0.0,0.0,1.0,34.0,0.9248214823643957,6.0,3.0,3.0,15.0,1.0,1.0,1280.0,800.0,10.0,0.0,1
67.0,0.0,2.0,0.0,1.0,3.0,0.0,13.0,10.0,0.7692307692307693,3.22212893988414,0.0,0.0,26.0,15.0,1.0,1.0,0.0,1.0,0.0,0.0,0.0,0.0,275.0,1.0,0.0,3.0,1.0,1.0,0.0,0.0,3.0,2.0,1.0,1.0,1.0,26.0,0.15761709081243,2.0,4.0,3.0,41.0,3.0,1.0,1280.0,800.0,3.0,0.0,1
75.0,1.0,1.0,0.0,4.0,2.0,0.0,12.0,5.0,0.4166666666666667,3.273977738397523,0.0,1.0,51.0,21.0,0.0,0.0,0.0,0.0,1.0,0.0,0.0,1.0,88.0,1.0,0.0,11.0,1.0,0.0,0.0,0.0,3.0,3.0,1.0,1.0,1.0,11.0,0.9374032026682851,5.0,2.0,11.0,100.0,3.0,0.0,1280.0,800.0,0.0,0.0,1
86.0,1.0,0.0,1.0,0.0,1.0,0.0,15.0,3.0,0.6462221879287987,2.8466181310295617,0.0,0.0,41.0,35.0,0.0,0.0,0.0,0.0,1.0,0.0,0.0,1.0,155.0,1.0,1.0,7.0,1.0,0.0,0.0,0.0,0.0,2.0,1.0,0.0,1.0,18.0,0.7534291541976178,6.0,4.0,7.0,60.0,1.0,1.0,1280.0,800.0,11.0,1.0,1
56.0,1.0,1.0,0.0,4.0,2.0,1.0,13.0,8.0,0.6153846153846154,3.672752225256978,0.0,1.0,19.0,17.0,0.0,0.0,0.0,0.0,1.0,0.0,0.0,1.0,339.0,1.0,0.0,4.0,0.0,1.0,0.0,0.0,3.0,1.0,1.0,1.0,1.0,17.0,0.9432713684709175,2.0,5.0,4.0,36.0,1.0,1.0,1280.0,800.0,13.0,0.0,1
44.0,1.0,1.0,0.0,4.0,2.0,1.0,22.0,0.0,0.0,3.015145492249081,0.0,1.0,9.0,18.0,0.0,1.0,0.0,1.0,1.0,0.0,0.0,1.0,82.0,1.0,1.0,11.0,1.0,1.0,0.0,0.0,8.0,3.0,0.0,1.0,1.0,43.0,0.8815144584619277,1.0,1.0,11.0,72.0,3.0,1.0,1280.0,800.0,0.0,0.0,1
80.0,1.0,2.0,0.0,1.0,3.0,0.0,20.0,0.0,0.0,3.7480541127247933,0.0,2.0,34.0,30.0,0.0,1.0,0.0,1.0,0.0,0.0,0.0,0.0,200.0,1.0,0.0,4.0,1.0,1.0,0.0,1.0,0.0,2.0,1.0,1.0,1.0,30.0,0.9101058703482141,7.0,2.0,4.0,15.0,8.0,1.0,1280.0,800.0,0.0,0.0,1
60.0,1.0,2.0,0.0,1.0,3.0,0.0,25.0,12.0,0.48,3.7131051814665947,0.0,0.0,10.0,12.0,0.0,1.0,0.0,1.0,1.0,0.0,0.0,1.0,89.0,1.0,0.0,4.0,1.0,0.0,1.0,0.0,2.0,4.0,0.0,0.0,1.0,34.0,0.9568901736139933,1.0,1.0,4.0,51.0,5.0,1.0,1280.0,800.0,10.0,0.0,1
60.0,0.0,3.0,0.0,1.0,4.0,1.0,16.0,2.0,0.125,3.0690839802952796,0.0,0.0,48.0,21.0,0.0,0.0,0.0,0.0,0.0,0.0,0.0,0.0,258.0,1.0,0.0,8.0,1.0,1.0,0.0,1.0,0.0,3.0,0.0,0.0,1.0,36.0,0.24248952582088462,2.0,1.0,8.0,94.0,12.0,1.0,1280.0,800.0,3.0,0.0,1
94.0,1.0,0.0,0.0,1.0,1.0,1.0,25.0,2.0,0.08,3.254636155564494,0.0,1.0,33.0,32.0,1.0,1.0,0.0,1.0,1.0,0.0,0.0,1.0,302.0,1.0,0.0,7.0,0.0,1.0,1.0,0.0,1.0,1.0,0.0,0.0,1.0,42.0,0.8922726396469853,2.0,5.0,7.0,51.0,0.0,1.0,1280.0,800.0,13.0,0.0,1
72.0,1.0,1.0,0.0,1.0,2.0,0.0,23.0,5.0,0.21739130434782608,3.052151317609251,0.0,0.0,42.0,13.0,0.0,1.0,0.0,1.0,1.0,0.0,0.0,1.0,204.0,1.0,1.0,10.0,1.0,1.0,2.0,1.0,4.0,4.0,0.0,1.0,1.0,20.0,0.7457042317643442,7.0,2.0,10.0,31.0,14.0,1.0,1280.0,800.0,8.0,0.0,1
90.0,1.0,0.0,1.0,0.0,1.0,0.0,15.0,3.0,0.7425903628409112,2.7186086890699945,0.0,0.0,5.0,5.0,0.0,1.0,0.0,1.0,1.0,0.0,0.0,1.0,80.0,1.0,6.0,11.0,1.0,0.0,0.0,0.0,1.0,1.0,1.0,1.0,1.0,30.0,0.7131937144430316,4.0,1.0,11.0,110.0,2.0,1.0,1280.0,800.0,8.0,1.0,1
63.0,0.0,1.0,0.0,1.0,2.0,1.0,24.0,2.0,0.08333333333333333,3.6079237786205485,0.0,0.0,59.0,25.0,0.0,1.0,0.0,1.0,0.0,0.0,0.0,0.0,331.0,1.0,6.0,10.0,1.0,1.0,0.0,0.0,1.0,2.0,0.0,1.0,1.0,20.0,0.2556060197971134,4.0,4.0,10.0,68.0,12.0,1.0,1280.0,800.0,6.0,0.0,1
60.0,1.0,0.0,0.0,1.0,1.0,0.0,21.0,0.0,0.0,3.17615449274573,1.0,0.0,28.0,28.0,0.0,1.0,0.0,1.0,1.0,0.0,0.0,1.0,153.0,1.0,0.0,8.0,1.0,1.0,0.0,0.0,0.0,2.0,0.0,0.0,1.0,15.0,0.8429173454721859,3.0,5.0,8.0,115.0,9.0,1.0,1280.0,800.0,7.0,0.0,1
76.0,1.0,1.0,0.0,2.0,2.0,0.0,13.0,0.0,0.0,3.3300950742057838,1.0,0.0,13.0,8.0,0.0,1.0,0.0,1.0,1.0,0.0,0.0,1.0,216.0,1.0,1.0,2.0,1.0,0.0,0.0,1.0,4.0,1.0,0.0,0.0,1.0,39.0,0.7794942426430245,3.0,2.0,2.0,92.0,8.0,1.0,1280.0,800.0,8.0,0.0,1
76.0,1.0,1.0,0.0,4.0,2.0,0.0,23.0,2.0,0.08695652173913043,3.099226801671411,0.0,2.0,42.0,40.0,0.0,0.0,0.0,0.0,1.0,0.0,0.0,1.0,189.0,1.0,0.0,2.0,0.0,1.0,2.0,2.0,2.0,3.0,0.0,0.0,1.0,14.0,0.9022388202137469,5.0,2.0,2.0,99.0,6.0,1.0,1280.0,800.0,9.0,0.0,1
78.0,1.0,0.0,1.0,0.0,1.0,0.0,15.0,3.0,0.7178612593511751,2.5399692568904233,0.0,1.0,23.0,21.0,0.0,0.0,0.0,0.0,1.0,0.0,0.0,1.0,44.0,1.0,0.0,2.0,1.0,0.0,0.0,0.0,3.0,1.0,0.0,0.0,1.0,41.0,0.6903903173986137,3.0,3.0,2.0,84.0,11.0,1.0,1280.0,800.0,4.0,1.0,1
92.0,1.0,1.0,0.0,0.0,2.0,0.0,20.0,10.0,0.5,3.3357279856062867,0.0,0.0,50.0,28.0,0.0,1.0,0.0,1.0,1.0,0.0,0.0,1.0,55.0,1.0,0.0,2.0,1.0,1.0,1.0,0.0,4.0,2.0,0.0,1.0,1.0,15.0,0.8078529364810468,3.0,2.0,2.0,77.0,6.0,1.0,1280.0,800.0,1.0,0.0,1
77.0,1.0,1.0,0.0,4.0,2.0,0.0,24.0,2.0,0.08333333333333333,3.0460599104796127,0.0,0.0,26.0,15.0,0.0,1.0,0.0,1.0,1.0,0.0,0.0,1.0,133.0,1.0,1.0,7.0,0.0,1.0,0.0,0.0,1.0,1.0,1.0,1.0,1.0,31.0,0.8504493318991473,1.0,4.0,7.0,1.0,8.0,1.0,1280.0,800.0,13.0,0.0,1
54.0,1.0,2.0,0.0,2.0,3.0,0.0,24.0,2.0,0.08333333333333333,3.4973704315166314,0.0,0.0,56.0,17.0,0.0,0.0,0.0,0.0,1.0,0.0,0.0,1.0,275.0,1.0,0.0,2.0,1.0,1.0,0.0,0.0,4.0,1.0,1.0,0.0,1.0,7.0,0.659433684407312,7.0,1.0,2.0,111.0,1.0,1.0,1280.0,800.0,3.0,1.0,1
94.0,1.0,1.0,0.0,4.0,2.0,1.0,14.0,0.0,0.0,3.5801367244772524,0.0,3.0,20.0,2.0,0.0,1.0,0.0,1.0,1.0,0.0,0.0,1.0,121.0,1.0,0.0,2.0,1.0,0.0,0.0,0.0,2.0,3.0,1.0,1.0,1.0,9.0,0.9087630388537628,6.0,3.0,2.0,19.0,7.0,1.0,1280.0,800.0,13.0,0.0,1
84.0,1.0,2.0,0.0,0.0,3.0,1.0,12.0,0.0,0.0,3.532038345734673,0.0,1.0,53.0,13.0,0.0,1.0,0.0,1.0,1.0,0.0,0.0,1.0,65.0,1.0,0.0,9.0,1.0,1.0,1.0,0.0,3.0,4.0,0.0,0.0,1.0,8.0,0.6200689383712518,3.0,5.0,9.0,68.0,14.0,1.0,1280.0,800.0,6.0,1.0,1
65.0,1.0,1.0,0.0,1.0,2.0,0.0,19.0,0.0,0.0,3.868539097320281,1.0,0.0,7.0,24.0,0.0,1.0,0.0,1.0,0.0,1.0,0.0,0.0,274.0,2.0,0.0,7.0,0.0,0.0,1.0,0.0,2.0,3.0,0.0,0.0,1.0,7.0,0.6846393841530453,1.0,3.0,7.0,37.0,13.0,0.0,1280.0,800.0,3.0,0.0,1
68.0,1.0,1.0,0.0,3.0,2.0,0.0,16.0,5.0,0.3125,3.8448215028720005,0.0,0.0,36.0,36.0,0.0,0.0,0.0,0.0,1.0,0.0,0.0,1.0,85.0,1.0,0.0,6.0,0.0,1.0,0.0,0.0,3.0,1.0,1.0,1.0,1.0,12.0,0.7422878028408711,4.0,3.0,6.0,75.0,8.0,1.0,1280.0,800.0,5.0,0.0,1
59.0,1.0,2.0,0.0,1.0,3.0,0.0,14.0,2.0,0.14285714285714285,3.520689611505098,0.0,0.0,27.0,0.0,0.0,0.0,0.0,0.0,1.0,0.0,0.0,1.0,133.0,1.0,1.0,11.0,0.0,1.0,0.0,0.0,7.0,2.0,1.0,0.0,1.0,30.0,0.6255530829368677,6.0,1.0,11.0,111.0,5.0,1.0,1280.0,800.0,3.0,1.0,1
81.0,1.0,2.0,0.0,1.0,3.0,1.0,10.0,5.0,0.5,2.958974153436416,0.0,0.0,10.0,13.0,0.0,1.0,0.0,1.0,1.0,0.0,0.0,1.0,147.0,1.0,1.0,11.0,1.0,1.0,0.0,1.0,1.0,4.0,0.0,1.0,1.0,18.0,0.7739894371367803,7.0,4.0,11.0,16.0,4.0,1.0,1280.0,800.0,2.0,0.0,1
42.0,1.0,1.0,0.0,3.0,2.0,1.0,10.0,0.0,0.0,3.336664166571102,0.0,1.0,59.0,34.0,0.0,0.0,0.0,0.0,0.0,0.0,1.0,0.0,209.0,1.0,6.0,4.0,1.0,0.0,0.0,0.0,2.0,3.0,1.0,0.0,1.0,39.0,0.6458100210995694,2.0,4.0,4.0,19.0,9.0,1.0,1280.0,800.0,5.0,0.0,1
58.0,1.0,0.0,0.0,1.0,1.0,1.0,16.0,0.0,0.0,2.911236917592616,0.0,0.0,54.0,9.0,0.0,1.0,0.0,1.0,1.0,0.0,0.0,1.0,74.0,1.0,6.0,11.0,1.0,0.0,0.0,0.0,4.0,2.0,0.0,0.0,1.0,14.0,0.6003766554219759,6.0,4.0,11.0,95.0,0.0,1.0,1280.0,800.0,10.0,0.0,1
92.0,1.0,1.0,0.0,3.0,2.0,0.0,21.0,2.0,0.09523809523809523,3.0078279576893205,0.0,2.0,8.0,4.0,0.0,1.0,0.0,1.0,1.0,0.0,0.0,1.0,212.0,1.0,1.0,10.0,0.0,0.0,0.0,1.0,0.0,2.0,1.0,0.0,1.0,33.0,0.6374167242474001,3.0,1.0,10.0,96.0,2.0,1.0,1280.0,800.0,10.0,0.0,1
63.0,1.0,1.0,0.0,3.0,2.0,1.0,17.0,8.0,0.47058823529411764,3.619195439669783,0.0,3.0,31.0,2.0,0.0,1.0,0.0,1.0,0.0,0.0,0.0,0.0,75.0,1.0,0.0,7.0,0.0,1.0,0.0,0.0,4.0,1.0,1.0,1.0,1.0,37.0,0.7587559212515059,4.0,4.0,7.0,16.0,6.0,1.0,1280.0,800.0,2.0,0.0,1
90.0,0.0,3.0,0.0,2.0,4.0,1.0,27.0,12.0,0.4444444444444444,3.6002922633976153,0.0,0.0,46.0,43.0,0.0,1.0,0.0,1.0,0.0,0.0,0.0,0.0,294.0,1.0,0.0,7.0,1.0,1.0,1.0,0.0,3.0,3.0,0.0,0.0,1.0,7.0,0.26390620133117826,2.0,5.0,7.0,110.0,10.0,1.0,1280.0,800.0,13.0,1.0,1
36.0,0.0,0.0,0.0,2.0,1.0,0.0,13.0,0.0,0.0,3.531223360604739,1.0,0.0,29.0,27.0,0.0,1.0,0.0,1.0,0.0,0.0,0.0,0.0,161.0,1.0,0.0,5.0,1.0,1.0,1.0,0.0,2.0,2.0,0.0,1.0,1.0,42.0,0.06236782035955499,1.0,3.0,5.0,53.0,6.0,1.0,1280.0,800.0,7.0,1.0,1
53.0,1.0,3.0,0.0,1.0,4.0,1.0,25.0,8.0,0.32,3.1208800817436515,0.0,0.0,33.0,14.0,1.0,1.0,0.0,1.0,1.0,0.0,0.0,1.0,115.0,2.0,0.0,7.0,1.0,1.0,0.0,1.0,2.0,3.0,1.0,0.0,1.0,6.0,0.7410472891036675,2.0,5.0,7.0,42.0,13.0,1.0,1280.0,800.0,9.0,0.0,1
39.0,1.0,1.0,0.0,2.0,2.0,1.0,13.0,5.0,0.38461538461538464,3.1213783220999383,0.0,3.0,10.0,6.0,1.0,1.0,0.0,1.0,1.0,0.0,0.0,1.0,151.0,1.0,0.0,10.0,1.0,1.0,0.0,0.0,4.0,1.0,1.0,1.0,1.0,19.0,0.7254265010149308,2.0,3.0,10.0,37.0,3.0,1.0,1280.0,800.0,1.0,0.0,1
46.0,1.0,3.0,0.0,3.0,4.0,0.0,16.0,5.0,0.3125,3.4378975394041,0.0,0.0,29.0,10.0,0.0,0.0,0.0,0.0,1.0,0.0,0.0,1.0,133.0,1.0,1.0,2.0,0.0,0.0,0.0,1.0,3.0,1.0,0.0,1.0,1.0,44.0,0.9298180756355625,1.0,5.0,2.0,84.0,4.0,1.0,1280.0,800.0,2.0,0.0,1
78.0,1.0,1.0,0.0,4.0,2.0,0.0,24.0,2.0,0.08333333333333333,3.0590886317170645,0.0,0.0,10.0,2.0,0.0,0.0,0.0,0.0,0.0,0.0,1.0,0.0,145.0,1.0,1.0,2.0,0.0,1.0,1.0,0.0,1.0,1.0,1.0,1.0,1.0,38.0,0.8953611156146997,6.0,1.0,2.0,97.0,9.0,1.0,1280.0,800.0,9.0,0.0,1
40.0,1.0,2.0,0.0,2.0,3.0,0.0,19.0,5.0,0.2631578947368421,2.9371027494460105,0.0,1.0,22.0,35.0,0.0,1.0,0.0,1.0,1.0,0.0,0.0,1.0,81.0,1.0,0.0,9.0,1.0,1.0,0.0,0.0,4.0,3.0,1.0,1.0,1.0,22.0,0.8122193289704903,7.0,3.0,9.0,43.0,3.0,1.0,1280.0,800.0,2.0,0.0,1
78.0,1.0,2.0,0.0,2.0,3.0,1.0,17.0,2.0,0.11764705882352941,3.2151960199477174,0.0,0.0,34.0,26.0,0.0,0.0,0.0,0.0,1.0,0.0,0.0,1.0,323.0,1.0,0.0,10.0,1.0,1.0,0.0,1.0,1.0,3.0,1.0,1.0,1.0,43.0,0.6814151175098879,3.0,1.0,10.0,84.0,9.0,1.0,1280.0,800.0,14.0,0.0,1
89.0,1.0,2.0,0.0,1.0,3.0,1.0,13.0,2.0,0.15384615384615385,3.0291251400347523,0.0,0.0,7.0,36.0,0.0,1.0,0.0,1.0,1.0,0.0,0.0,1.0,252.0,1.0,0.0,8.0,1.0,0.0,0.0,0.0,13.0,2.0,0.0,1.0,1.0,22.0,0.9710855671905174,4.0,4.0,8.0,55.0,11.0,1.0,1280.0,800.0,1.0,0.0,1
77.0,1.0,2.0,0.0,2.0,3.0,1.0,28.0,7.0,0.5386896936286516,3.8978152282836462,0.0,1.0,56.0,35.0,0.0,1.0,0.0,1.0,1.0,0.0,0.0,1.0,244.0,1.0,1.0,9.0,1.0,0.0,0.0,0.0,2.0,3.0,0.0,0.0,1.0,43.0,0.6650112164573767,6.0,3.0,9.0,68.0,3.0,1.0,1280.0,800.0,3.0,0.0,1
63.0,0.0,1.0,0.0,2.0,2.0,1.0,21.0,5.0,0.23809523809523808,2.9270772983141136,0.0,0.0,13.0,17.0,0.0,1.0,0.0,1.0,0.0,0.0,0.0,0.0,139.0,1.0,1.0,2.0,1.0,1.0,0.0,0.0,2.0,2.0,0.0,0.0,1.0,16.0,0.1712312369933769,2.0,2.0,2.0,114.0,10.0,1.0,1280.0,800.0,1.0,0.0,1
86.0,1.0,3.0,0.0,1.0,4.0,0.0,15.0,0.0,0.0,3.45903301903196,0.0,0.0,13.0,9.0,1.0,1.0,0.0,1.0,1.0,0.0,0.0,1.0,218.0,2.0,0.0,1.0,1.0,1.0,0.0,0.0,1.0,1.0,0.0,1.0,1.0,18.0,0.6935262267018463,4.0,3.0,1.0,75.0,0.0,1.0,1280.0,800.0,2.0,0.0,1
72.0,1.0,0.0,0.0,2.0,1.0,0.0,18.0,0.0,0.0,3.6501170845272797,1.0,0.0,39.0,17.0,0.0,1.0,0.0,1.0,1.0,0.0,0.0,1.0,114.0,1.0,1.0,4.0,1.0,0.0,0.0,1.0,3.0,3.0,0.0,0.0,1.0,37.0,0.7606664299560364,7.0,2.0,4.0,117.0,13.0,1.0,1280.0,800.0,1.0,0.0,1
68.0,1.0,0.0,0.0,4.0,1.0,1.0,14.0,2.0,0.14285714285714285,2.8326126706378973,0.0,0.0,18.0,11.0,0.0,0.0,0.0,0.0,0.0,0.0,1.0,0.0,199.0,1.0,1.0,2.0,0.0,1.0,0.0,0.0,9.0,3.0,0.0,0.0,1.0,18.0,0.7620729464108299,4.0,1.0,2.0,3.0,8.0,0.0,1280.0,800.0,14.0,0.0,1
66.0,1.0,0.0,1.0,0.0,1.0,0.0,15.0,3.0,0.6267839962700623,3.050857434468126,0.0,0.0,45.0,14.0,0.0,0.0,0.0,0.0,1.0,0.0,0.0,1.0,131.0,1.0,1.0,3.0,1.0,1.0,0.0,0.0,4.0,1.0,0.0,1.0,1.0,27.0,0.8860234361663928,2.0,4.0,3.0,17.0,12.0,1.0,1280.0,800.0,1.0,0.0,1
53.0,1.0,2.0,0.0,4.0,3.0,1.0,11.0,0.0,0.0,2.9088314780617623,0.0,3.0,54.0,20.0,0.0,1.0,0.0,1.0,1.0,0.0,0.0,1.0,19.0,1.0,0.0,2.0,1.0,1.0,0.0,0.0,2.0,3.0,1.0,1.0,1.0,20.0,0.6237206142810006,5.0,4.0,2.0,91.0,3.0,1.0,1280.0,800.0,2.0,0.0,1
35.0,1.0,2.0,0.0,1.0,3.0,0.0,22.0,0.0,0.0,3.318506884908533,0.0,0.0,10.0,8.0,0.0,1.0,0.0,1.0,1.0,0.0,0.0,1.0,300.0,1.0,0.0,6.0,1.0,1.0,0.0,0.0,1.0,4.0,0.0,0.0,1.0,34.0,0.9893206705771284,3.0,1.0,6.0,43.0,8.0,1.0,1280.0,800.0,3.0,0.0,1
55.0,1.0,1.0,0.0,1.0,2.0,1.0,22.0,0.0,0.0,3.488547185593699,0.0,0.0,47.0,14.0,0.0,1.0,0.0,1.0,0.0,0.0,0.0,0.0,270.0,1.0,0.0,2.0,1.0,0.0,1.0,0.0,1.0,3.0,1.0,0.0,1.0,25.0,0.9627732371486983,4.0,2.0,2.0,8.0,0.0,1.0,1280.0,800.0,13.0,1.0,1
61.0,1.0,0.0,0.0,2.0,1.0,0.0,11.0,8.0,0.7272727272727273,3.426366916010298,0.0,0.0,26.0,13.0,0.0,1.0,0.0,1.0,1.0,0.0,0.0,1.0,25.0,1.0,0.0,3.0,0.0,0.0,0.0,0.0,8.0,1.0,0.0,1.0,0.0,32.0,0.9924708341717243,7.0,3.0,3.0,13.0,12.0,1.0,1280.0,800.0,10.0,0.0,1
46.0,1.0,2.0,0.0,3.0,3.0,1.0,19.0,2.0,0.10526315789473684,3.182806827191069,0.0,1.0,14.0,6.0,0.0,1.0,0.0,1.0,1.0,0.0,0.0,1.0,340.0,1.0,1.0,3.0,1.0,1.0,1.0,1.0,4.0,1.0,1.0,0.0,1.0,23.0,0.8112938831496093,3.0,3.0,3.0,81.0,1.0,0.0,1280.0,800.0,14.0,1.0,1
70.0,0.0,2.0,0.0,3.0,3.0,0.0,15.0,2.0,0.13333333333333333,3.194504322785065,0.0,0.0,33.0,31.0,0.0,1.0,0.0,1.0,0.0,0.0,0.0,0.0,174.0,1.0,0.0,7.0,1.0,0.0,0.0,0.0,2.0,1.0,1.0,0.0,1.0,16.0,0.2502792735734764,3.0,5.0,7.0,41.0,9.0,1.0,1280.0,800.0,5.0,0.0,1
49.0,0.0,2.0,0.0,2.0,3.0,1.0,24.0,2.0,0.08333333333333333,3.7600268410377424,0.0,0.0,43.0,2.0,0.0,0.0,0.0,0.0,0.0,0.0,0.0,0.0,65.0,2.0,0.0,4.0,1.0,1.0,0.0,0.0,3.0,4.0,1.0,1.0,1.0,29.0,0.1964581817740944,4.0,3.0,4.0,77.0,8.0,1.0,1280.0,800.0,0.0,0.0,1
81.0,1.0,2.0,0.0,4.0,3.0,1.0,12.0,2.0,0.16666666666666666,2.971035297899748,0.0,2.0,16.0,17.0,0.0,1.0,0.0,1.0,1.0,0.0,0.0,1.0,87.0,1.0,1.0,7.0,1.0,1.0,1.0,0.0,3.0,2.0,1.0,1.0,1.0,15.0,0.6399887199742874,7.0,5.0,7.0,67.0,3.0,1.0,1280.0,800.0,3.0,0.0,1
80.0,1.0,1.0,0.0,3.0,2.0,1.0,26.0,13.0,0.5726037892656572,3.4889806524152265,0.0,0.0,43.0,35.0,0.0,1.0,0.0,1.0,1.0,0.0,0.0,1.0,105.0,1.0,0.0,6.0,0.0,0.0,0.0,0.0,3.0,2.0,0.0,0.0,0.0,40.0,0.7195566612875568,3.0,4.0,6.0,119.0,10.0,1.0,1280.0,800.0,14.0,0.0,1
80.0,1.0,2.0,0.0,4.0,3.0,1.0,12.0,0.0,0.0,3.410504691520138,0.0,2.0,21.0,28.0,0.0,0.0,0.0,0.0,1.0,0.0,0.0,1.0,227.0,1.0,0.0,3.0,1.0,1.0,0.0,0.0,12.0,3.0,0.0,0.0,1.0,41.0,0.9629218323327847,6.0,3.0,3.0,64.0,0.0,1.0,1280.0,800.0,1.0,0.0,1
66.0,0.0,1.0,0.0,2.0,2.0,0.0,20.0,5.0,0.25,3.078281902555477,0.0,1.0,56.0,10.0,0.0,1.0,0.0,1.0,0.0,0.0,0.0,0.0,96.0,1.0,0.0,4.0,1.0,0.0,0.0,0.0,2.0,3.0,1.0,0.0,1.0,10.0,0.10789234441189073,2.0,4.0,4.0,13.0,1.0,1.0,1280.0,800.0,7.0,0.0,1
53.0,1.0,0.0,0.0,2.0,1.0,0.0,10.0,2.0,0.2,3.333426151093586,0.0,0.0,8.0,7.0,0.0,1.0,0.0,1.0,1.0,0.0,0.0,1.0,335.0,1.0,1.0,6.0,1.0,1.0,0.0,1.0,2.0,3.0,1.0,0.0,1.0,6.0,0.8023382414277611,6.0,1.0,6.0,25.0,10.0,1.0,1280.0,800.0,8.0,0.0,1
51.0,1.0,1.0,0.0,1.0,2.0,0.0,21.0,0.0,0.0,3.5028809802254446,1.0,0.0,37.0,34.0,0.0,1.0,0.0,1.0,1.0,0.0,0.0,1.0,138.0,1.0,0.0,3.0,1.0,0.0,0.0,0.0,4.0,1.0,0.0,1.0,1.0,28.0,0.7390263840960953,5.0,1.0,3.0,89.0,2.0,1.0,1280.0,800.0,7.0,0.0,1
42.0,1.0,1.0,0.0,1.0,2.0,0.0,25.0,8.0,0.32,3.7676947440765884,0.0,3.0,20.0,8.0,0.0,1.0,0.0,1.0,1.0,0.0,0.0,1.0,53.0,1.0,1.0,9.0,1.0,1.0,0.0,0.0,4.0,1.0,1.0,1.0,1.0,23.0,0.9414640193606298,6.0,4.0,9.0,5.0,1.0,1.0,1280.0,800.0,14.0,0.0,1
83.0,1.0,0.0,0.0,4.0,1.0,0.0,14.0,0.0,0.0,2.94369562223872,0.0,0.0,42.0,4.0,0.0,0.0,0.0,0.0,1.0,0.0,0.0,1.0,318.0,2.0,0.0,4.0,0.0,0.0,0.0,0.0,9.0,3.0,0.0,0.0,0.0,41.0,0.9527061615897736,5.0,1.0,4.0,85.0,11.0,1.0,1280.0,800.0,5.0,0.0,1
76.0,1.0,1.0,0.0,0.0,2.0,0.0,16.0,12.0,0.75,3.3414805776300023,0.0,2.0,26.0,36.0,1.0,1.0,0.0,1.0,1.0,0.0,0.0,1.0,285.0,1.0,0.0,1.0,1.0,1.0,1.0,0.0,4.0,4.0,0.0,1.0,1.0,24.0,0.6533007806777983,6.0,2.0,1.0,88.0,7.0,1.0,1280.0,800.0,14.0,0.0,1
38.0,1.0,1.0,0.0,2.0,2.0,0.0,18.0,0.0,0.0,3.482482148406888,1.0,1.0,24.0,1.0,0.0,1.0,0.0,1.0,1.0,0.0,0.0,1.0,79.0,1.0,1.0,5.0,1.0,0.0,1.0,0.0,1.0,3.0,0.0,1.0,1.0,30.0,0.9555941037604752,7.0,5.0,5.0,70.0,13.0,1.0,1280.0,800.0,12.0,0.0,1
45.0,1.0,2.0,0.0,3.0,3.0,0.0,10.0,0.0,0.0,3.5879215583794366,0.0,2.0,59.0,40.0,0.0,1.0,0.0,1.0,1.0,0.0,0.0,1.0,175.0,2.0,0.0,10.0,0.0,1.0,1.0,2.0,2.0,3.0,1.0,1.0,1.0,25.0,0.7934620113042764,3.0,1.0,10.0,107.0,3.0,1.0,1280.0,800.0,0.0,0.0,1
50.0,1.0,3.0,0.0,1.0,4.0,0.0,22.0,8.0,0.36363636363636365,3.127079346645173,0.0,2.0,57.0,25.0,0.0,0.0,0.0,0.0,1.0,0.0,0.0,1.0,138.0,2.0,0.0,8.0,1.0,0.0,2.0,1.0,3.0,2.0,1.0,0.0,1.0,30.0,0.9927162784246346,3.0,1.0,8.0,50.0,8.0,1.0,1280.0,800.0,14.0,0.0,1
59.0,1.0,2.0,0.0,2.0,3.0,1.0,25.0,10.0,0.4,3.3059819585653694,0.0,1.0,19.0,39.0,0.0,1.0,0.0,1.0,1.0,0.0,0.0,1.0,299.0,2.0,0.0,5.0,1.0,1.0,0.0,0.0,1.0,3.0,0.0,0.0,1.0,30.0,0.7295411473580231,4.0,1.0,5.0,30.0,14.0,1.0,1280.0,800.0,5.0,1.0,1
75.0,1.0,2.0,0.0,1.0,3.0,0.0,29.0,13.0,0.6346785101025862,4.1489254939828175,0.0,0.0,23.0,28.0,0.0,1.0,0.0,1.0,1.0,0.0,0.0,1.0,345.0,1.0,1.0,11.0,1.0,0.0,0.0,1.0,4.0,1.0,0.0,0.0,1.0,6.0,0.8753807423608257,2.0,3.0,11.0,1.0,5.0,1.0,1280.0,800.0,5.0,1.0,1
